filename,description,classification_timestamp
fractal_04279.png,Classification failed - no description returned,1766500491.9834163
fractal_00244.png,Classification failed - no description returned,1766500491.9834201
fractal_03755.png,Classification failed - no description returned,1766500491.983421
fractal_03049.png,Classification failed - no description returned,1766500491.9834218
fractal_09696.png,Classification failed - no description returned,1766500491.9834223
fractal_00755.png,Classification failed - no description returned,1766500491.983423
fractal_07241.png,Classification failed - no description returned,1766500491.9834235
fractal_03701.png,Classification failed - no description returned,1766500491.983424
fractal_05289.png,Classification failed - no description returned,1766500491.9834244
fractal_01730.png,Classification failed - no description returned,1766500491.9834254
fractal_00084.png,Classification failed - no description returned,1766500491.983426
fractal_08397.png,Classification failed - no description returned,1766500491.9834268
fractal_00429.png,Classification failed - no description returned,1766500491.9834273
fractal_09601.png,Classification failed - no description returned,1766500491.983428
fractal_00772.png,Classification failed - no description returned,1766500491.9834287
fractal_07817.png,Classification failed - no description returned,1766500491.9834294
fractal_02883.png,Classification failed - no description returned,1766500491.9834297
fractal_05351.png,Classification failed - no description returned,1766500491.9834304
fractal_02170.png,Classification failed - no description returned,1766500491.9834309
fractal_07204.png,Classification failed - no description returned,1766500491.9834313
fractal_07567.png,Classification failed - no description returned,1766500491.983432
fractal_02060.png,Classification failed - no description returned,1766500491.9834325
fractal_00477.png,Classification failed - no description returned,1766500491.983433
fractal_07240.png,Classification failed - no description returned,1766500491.9834337
fractal_05478.png,Classification failed - no description returned,1766500491.9834342
fractal_00945.png,Classification failed - no description returned,1766500491.983435
fractal_03520.png,Classification failed - no description returned,1766500491.983436
fractal_07316.png,Classification failed - no description returned,1766500491.9834366
fractal_01682.png,Classification failed - no description returned,1766500491.9834373
fractal_08091.png,Classification failed - no description returned,1766500491.9834375
fractal_06609.png,Classification failed - no description returned,1766500491.9834383
fractal_09755.png,Classification failed - no description returned,1766500491.9834392
fractal_09590.png,Classification failed - no description returned,1766500491.9834394
fractal_01009.png,Classification failed - no description returned,1766500491.98344
fractal_05572.png,Classification failed - no description returned,1766500491.9834406
fractal_00955.png,Classification failed - no description returned,1766500491.983441
fractal_04874.png,Classification failed - no description returned,1766500491.9834416
fractal_02869.png,Classification failed - no description returned,1766500491.983442
fractal_01640.png,Classification failed - no description returned,1766500491.9834428
fractal_05606.png,Classification failed - no description returned,1766500491.9834433
fractal_09703.png,Classification failed - no description returned,1766500491.9834437
fractal_05577.png,Classification failed - no description returned,1766500491.9834442
fractal_02272.png,Classification failed - no description returned,1766500491.9834452
fractal_01624.png,Classification failed - no description returned,1766500491.9834456
fractal_02996.png,Classification failed - no description returned,1766500491.9834464
fractal_02337.png,Classification failed - no description returned,1766500491.9834468
fractal_05788.png,Classification failed - no description returned,1766500491.9834473
fractal_05320.png,Classification failed - no description returned,1766500491.9834478
fractal_04211.png,Classification failed - no description returned,1766500491.9834483
fractal_06735.png,Classification failed - no description returned,1766500535.9581957
fractal_08204.png,Classification failed - no description returned,1766500535.9581976
fractal_07385.png,Classification failed - no description returned,1766500535.9581983
fractal_02086.png,Classification failed - no description returned,1766500535.9581988
fractal_05203.png,Classification failed - no description returned,1766500535.9581993
fractal_08674.png,Classification failed - no description returned,1766500535.9582007
fractal_04664.png,Classification failed - no description returned,1766500535.9582012
fractal_09666.png,Classification failed - no description returned,1766500535.9582016
fractal_03048.png,Classification failed - no description returned,1766500535.9582024
fractal_01607.png,Classification failed - no description returned,1766500535.958203
fractal_02597.png,Classification failed - no description returned,1766500535.9582036
fractal_05940.png,Classification failed - no description returned,1766500535.958205
fractal_09026.png,Classification failed - no description returned,1766500535.9582057
fractal_03971.png,Classification failed - no description returned,1766500535.9582062
fractal_03686.png,Classification failed - no description returned,1766500535.9582071
fractal_05701.png,Classification failed - no description returned,1766500535.9582083
fractal_03886.png,Classification failed - no description returned,1766500535.958209
fractal_03985.png,Classification failed - no description returned,1766500535.9582098
fractal_09569.png,Classification failed - no description returned,1766500535.9582102
fractal_01455.png,Classification failed - no description returned,1766500535.9582112
fractal_04790.png,Classification failed - no description returned,1766500535.958212
fractal_01010.png,Classification failed - no description returned,1766500535.9582124
fractal_01771.png,Classification failed - no description returned,1766500535.9582136
fractal_06092.png,Classification failed - no description returned,1766500535.958214
fractal_08183.png,Classification failed - no description returned,1766500535.9582148
fractal_06000.png,Classification failed - no description returned,1766500535.958216
fractal_03733.png,Classification failed - no description returned,1766500535.9582167
fractal_07862.png,Classification failed - no description returned,1766500535.9582174
fractal_05568.png,Classification failed - no description returned,1766500535.958218
fractal_07866.png,Classification failed - no description returned,1766500535.9582188
fractal_07981.png,Classification failed - no description returned,1766500535.95822
fractal_05450.png,Classification failed - no description returned,1766500535.958221
fractal_06437.png,Classification failed - no description returned,1766500535.958222
fractal_01529.png,Classification failed - no description returned,1766500535.9582226
fractal_04677.png,Classification failed - no description returned,1766500535.958223
fractal_08345.png,Classification failed - no description returned,1766500535.9582238
fractal_03044.png,Classification failed - no description returned,1766500535.9582245
fractal_01871.png,Classification failed - no description returned,1766500535.9582253
fractal_03740.png,Classification failed - no description returned,1766500535.9582262
fractal_02794.png,Classification failed - no description returned,1766500535.9582272
fractal_09985.png,Classification failed - no description returned,1766500535.9582276
fractal_03593.png,Classification failed - no description returned,1766500535.9582286
fractal_03179.png,Classification failed - no description returned,1766500535.958229
fractal_03215.png,Classification failed - no description returned,1766500535.9582298
fractal_00366.png,Classification failed - no description returned,1766500535.9582303
fractal_03564.png,Classification failed - no description returned,1766500535.958231
fractal_03146.png,Classification failed - no description returned,1766500535.9582322
fractal_07425.png,Classification failed - no description returned,1766500535.958233
fractal_02760.png,Classification failed - no description returned,1766500535.9582336
fractal_02506.png,Classification failed - no description returned,1766500583.734113
fractal_09259.png,Classification failed - no description returned,1766500583.734115
fractal_04031.png,Classification failed - no description returned,1766500583.7341154
fractal_08470.png,Classification failed - no description returned,1766500583.7341158
fractal_02540.png,Classification failed - no description returned,1766500583.7341163
fractal_05679.png,Classification failed - no description returned,1766500583.734117
fractal_07971.png,Classification failed - no description returned,1766500583.7341177
fractal_08350.png,Classification failed - no description returned,1766500583.7341185
fractal_08222.png,Classification failed - no description returned,1766500583.734119
fractal_00357.png,Classification failed - no description returned,1766500583.7341194
fractal_03918.png,Classification failed - no description returned,1766500583.7341201
fractal_04606.png,Classification failed - no description returned,1766500583.7341206
fractal_05280.png,Classification failed - no description returned,1766500583.7341213
fractal_00153.png,Classification failed - no description returned,1766500583.7341223
fractal_08968.png,Classification failed - no description returned,1766500583.7341228
fractal_06673.png,Classification failed - no description returned,1766500583.7341232
fractal_09723.png,Classification failed - no description returned,1766500583.7341237
fractal_03953.png,Classification failed - no description returned,1766500583.7341247
fractal_08043.png,Classification failed - no description returned,1766500583.7341251
fractal_03931.png,Classification failed - no description returned,1766500583.7341256
fractal_08897.png,Classification failed - no description returned,1766500583.7341263
fractal_00512.png,Classification failed - no description returned,1766500583.7341266
fractal_01651.png,Classification failed - no description returned,1766500583.7341273
fractal_04566.png,Classification failed - no description returned,1766500583.7341278
fractal_06584.png,Classification failed - no description returned,1766500583.7341285
fractal_05282.png,Classification failed - no description returned,1766500583.734129
fractal_01061.png,Classification failed - no description returned,1766500583.73413
fractal_04498.png,Classification failed - no description returned,1766500583.7341304
fractal_06497.png,Classification failed - no description returned,1766500583.734131
fractal_00223.png,Classification failed - no description returned,1766500583.7341318
fractal_04415.png,Classification failed - no description returned,1766500583.7341325
fractal_00045.png,Classification failed - no description returned,1766500583.734133
fractal_07838.png,Classification failed - no description returned,1766500583.7341337
fractal_02856.png,Classification failed - no description returned,1766500583.7341342
fractal_08458.png,Classification failed - no description returned,1766500583.7341352
fractal_02165.png,Classification failed - no description returned,1766500583.7341356
fractal_09620.png,Classification failed - no description returned,1766500583.734136
fractal_03047.png,Classification failed - no description returned,1766500583.7341366
fractal_02891.png,Classification failed - no description returned,1766500583.7341375
fractal_00586.png,Classification failed - no description returned,1766500583.734138
fractal_09085.png,Classification failed - no description returned,1766500583.7341387
fractal_07036.png,Classification failed - no description returned,1766500583.7341392
fractal_09475.png,Classification failed - no description returned,1766500583.73414
fractal_07233.png,Classification failed - no description returned,1766500583.7341402
fractal_05571.png,Classification failed - no description returned,1766500583.7341406
fractal_01148.png,Classification failed - no description returned,1766500583.734141
fractal_02085.png,Classification failed - no description returned,1766500583.734142
fractal_01694.png,Classification failed - no description returned,1766500583.7341425
fractal_00739.png,Classification failed - no description returned,1766500583.734143
fractal_08413.png,Classification failed - no description returned,1766500629.8236609
fractal_08936.png,Classification failed - no description returned,1766500629.823662
fractal_01706.png,Classification failed - no description returned,1766500629.823663
fractal_03008.png,Classification failed - no description returned,1766500629.8236637
fractal_04364.png,Classification failed - no description returned,1766500629.8236642
fractal_06627.png,Classification failed - no description returned,1766500629.8236647
fractal_05362.png,Classification failed - no description returned,1766500629.8236651
fractal_01555.png,Classification failed - no description returned,1766500629.8236654
fractal_04367.png,Classification failed - no description returned,1766500629.823666
fractal_03498.png,Classification failed - no description returned,1766500629.823667
fractal_09870.png,Classification failed - no description returned,1766500629.823668
fractal_06498.png,Classification failed - no description returned,1766500629.8236685
fractal_06991.png,Classification failed - no description returned,1766500629.823669
fractal_03133.png,Classification failed - no description returned,1766500629.8236694
fractal_05875.png,Classification failed - no description returned,1766500629.8236704
fractal_07616.png,Classification failed - no description returned,1766500629.8236709
fractal_05770.png,Classification failed - no description returned,1766500629.823672
fractal_04582.png,Classification failed - no description returned,1766500629.8236725
fractal_00518.png,Classification failed - no description returned,1766500629.8236732
fractal_02632.png,Classification failed - no description returned,1766500629.823674
fractal_05594.png,Classification failed - no description returned,1766500629.8236747
fractal_01310.png,Classification failed - no description returned,1766500629.8236752
fractal_08235.png,Classification failed - no description returned,1766500629.8236759
fractal_09220.png,Classification failed - no description returned,1766500629.8236766
fractal_06490.png,Classification failed - no description returned,1766500629.8236775
fractal_06526.png,Classification failed - no description returned,1766500629.8236783
fractal_04507.png,Classification failed - no description returned,1766500629.823679
fractal_07681.png,Classification failed - no description returned,1766500629.8236797
fractal_00095.png,Classification failed - no description returned,1766500629.8236804
fractal_01297.png,Classification failed - no description returned,1766500629.823681
fractal_03001.png,Classification failed - no description returned,1766500629.8236818
fractal_02248.png,Classification failed - no description returned,1766500629.8236823
fractal_07188.png,Classification failed - no description returned,1766500629.8236833
fractal_04819.png,Classification failed - no description returned,1766500629.8236837
fractal_05703.png,Classification failed - no description returned,1766500629.823685
fractal_04475.png,Classification failed - no description returned,1766500629.8236856
fractal_09386.png,Classification failed - no description returned,1766500629.8236861
fractal_08331.png,Classification failed - no description returned,1766500629.8236866
fractal_00305.png,Classification failed - no description returned,1766500629.823687
fractal_02922.png,Classification failed - no description returned,1766500629.823688
fractal_05743.png,Classification failed - no description returned,1766500629.8236885
fractal_04230.png,Classification failed - no description returned,1766500629.823689
fractal_06654.png,Classification failed - no description returned,1766500629.8236897
fractal_09004.png,Classification failed - no description returned,1766500629.8236902
fractal_02961.png,Classification failed - no description returned,1766500629.8236914
fractal_00947.png,Classification failed - no description returned,1766500629.8236918
fractal_09958.png,Classification failed - no description returned,1766500629.8236926
fractal_07576.png,Classification failed - no description returned,1766500629.8236933
fractal_04694.png,Classification failed - no description returned,1766500629.8236935
fractal_05756.png,Classification failed - no description returned,1766500673.3026197
fractal_00347.png,Classification failed - no description returned,1766500673.3026214
fractal_09326.png,Classification failed - no description returned,1766500673.3026223
fractal_01303.png,Classification failed - no description returned,1766500673.3026228
fractal_09231.png,Classification failed - no description returned,1766500673.3026235
fractal_01562.png,Classification failed - no description returned,1766500673.3026242
fractal_07662.png,Classification failed - no description returned,1766500673.3026247
fractal_07982.png,Classification failed - no description returned,1766500673.3026252
fractal_02796.png,Classification failed - no description returned,1766500673.3026261
fractal_09528.png,Classification failed - no description returned,1766500673.3026266
fractal_06905.png,Classification failed - no description returned,1766500673.302628
fractal_03861.png,Classification failed - no description returned,1766500673.3026288
fractal_07690.png,Classification failed - no description returned,1766500673.3026297
fractal_00308.png,Classification failed - no description returned,1766500673.3026302
fractal_08273.png,Classification failed - no description returned,1766500673.3026311
fractal_00202.png,Classification failed - no description returned,1766500673.3026316
fractal_01639.png,Classification failed - no description returned,1766500673.3026323
fractal_09596.png,Classification failed - no description returned,1766500673.302633
fractal_03122.png,Classification failed - no description returned,1766500673.3026345
fractal_09300.png,Classification failed - no description returned,1766500673.3026352
fractal_06234.png,Classification failed - no description returned,1766500673.3026357
fractal_09427.png,Classification failed - no description returned,1766500673.302637
fractal_05180.png,Classification failed - no description returned,1766500673.3026376
fractal_00191.png,Classification failed - no description returned,1766500673.3026385
fractal_03638.png,Classification failed - no description returned,1766500673.3026397
fractal_04269.png,Classification failed - no description returned,1766500673.3026402
fractal_01826.png,Classification failed - no description returned,1766500673.3026412
fractal_04001.png,Classification failed - no description returned,1766500673.3026419
fractal_06640.png,Classification failed - no description returned,1766500673.302643
fractal_06048.png,Classification failed - no description returned,1766500673.3026438
fractal_05321.png,Classification failed - no description returned,1766500673.3026445
fractal_04225.png,Classification failed - no description returned,1766500673.302645
fractal_04214.png,Classification failed - no description returned,1766500673.3026457
fractal_00150.png,Classification failed - no description returned,1766500673.3026466
fractal_04485.png,Classification failed - no description returned,1766500673.3026478
fractal_05859.png,Classification failed - no description returned,1766500673.3026485
fractal_03746.png,Classification failed - no description returned,1766500673.3026493
fractal_03485.png,Classification failed - no description returned,1766500673.30265
fractal_03903.png,Classification failed - no description returned,1766500673.3026512
fractal_01843.png,Classification failed - no description returned,1766500673.302652
fractal_04064.png,Classification failed - no description returned,1766500673.3026526
fractal_01896.png,Classification failed - no description returned,1766500673.3026536
fractal_00294.png,Classification failed - no description returned,1766500673.3026545
fractal_07004.png,Classification failed - no description returned,1766500673.3026552
fractal_08542.png,Classification failed - no description returned,1766500673.3026562
fractal_02729.png,Classification failed - no description returned,1766500673.3026576
fractal_09131.png,Classification failed - no description returned,1766500673.3026583
fractal_05403.png,Classification failed - no description returned,1766500673.3026593
fractal_08676.png,Classification failed - no description returned,1766500673.3026597
fractal_00513.png,Classification failed - no description returned,1766500721.0940485
fractal_05158.png,Classification failed - no description returned,1766500721.09405
fractal_02747.png,Classification failed - no description returned,1766500721.0940514
fractal_05031.png,Classification failed - no description returned,1766500721.0940518
fractal_09473.png,Classification failed - no description returned,1766500721.0940526
fractal_07302.png,Classification failed - no description returned,1766500721.094053
fractal_08122.png,Classification failed - no description returned,1766500721.0940537
fractal_04914.png,Classification failed - no description returned,1766500721.0940542
fractal_08323.png,Classification failed - no description returned,1766500721.0940547
fractal_00418.png,Classification failed - no description returned,1766500721.0940557
fractal_08996.png,Classification failed - no description returned,1766500721.0940561
fractal_08704.png,Classification failed - no description returned,1766500721.0940568
fractal_08196.png,Classification failed - no description returned,1766500721.0940576
fractal_00558.png,Classification failed - no description returned,1766500721.0940583
fractal_05775.png,Classification failed - no description returned,1766500721.0940592
fractal_02572.png,Classification failed - no description returned,1766500721.0940597
fractal_07594.png,Classification failed - no description returned,1766500721.0940607
fractal_08440.png,Classification failed - no description returned,1766500721.0940611
fractal_06783.png,Classification failed - no description returned,1766500721.0940619
fractal_01423.png,Classification failed - no description returned,1766500721.0940623
fractal_01405.png,Classification failed - no description returned,1766500721.094063
fractal_06998.png,Classification failed - no description returned,1766500721.0940635
fractal_09868.png,Classification failed - no description returned,1766500721.0940642
fractal_02328.png,Classification failed - no description returned,1766500721.094065
fractal_01352.png,Classification failed - no description returned,1766500721.0940657
fractal_04714.png,Classification failed - no description returned,1766500721.0940661
fractal_03616.png,Classification failed - no description returned,1766500721.0940676
fractal_01477.png,Classification failed - no description returned,1766500721.0940683
fractal_08514.png,Classification failed - no description returned,1766500721.094069
fractal_02274.png,Classification failed - no description returned,1766500721.0940695
fractal_03024.png,Classification failed - no description returned,1766500721.0940704
fractal_02908.png,Classification failed - no description returned,1766500721.0940716
fractal_04851.png,Classification failed - no description returned,1766500721.094072
fractal_06854.png,Classification failed - no description returned,1766500721.0940726
fractal_08066.png,Classification failed - no description returned,1766500721.094073
fractal_04454.png,Classification failed - no description returned,1766500721.0940735
fractal_05268.png,Classification failed - no description returned,1766500721.094074
fractal_08428.png,Classification failed - no description returned,1766500721.0940752
fractal_03432.png,Classification failed - no description returned,1766500721.094076
fractal_04967.png,Classification failed - no description returned,1766500721.0940764
fractal_01034.png,Classification failed - no description returned,1766500721.0940769
fractal_04697.png,Classification failed - no description returned,1766500721.0940773
fractal_00487.png,Classification failed - no description returned,1766500721.0940783
fractal_02906.png,Classification failed - no description returned,1766500721.0940795
fractal_02273.png,Classification failed - no description returned,1766500721.09408
fractal_01040.png,Classification failed - no description returned,1766500721.0940804
fractal_01753.png,Classification failed - no description returned,1766500721.094081
fractal_06573.png,Classification failed - no description returned,1766500721.0940819
fractal_05146.png,Classification failed - no description returned,1766500721.0940824
fractal_01019.png,Classification failed - no description returned,1766500765.0073965
fractal_03032.png,Classification failed - no description returned,1766500765.0073981
fractal_00303.png,Classification failed - no description returned,1766500765.007399
fractal_04405.png,Classification failed - no description returned,1766500765.0074003
fractal_05681.png,Classification failed - no description returned,1766500765.007401
fractal_06676.png,Classification failed - no description returned,1766500765.0074017
fractal_09261.png,Classification failed - no description returned,1766500765.0074024
fractal_05314.png,Classification failed - no description returned,1766500765.0074034
fractal_07696.png,Classification failed - no description returned,1766500765.0074043
fractal_01488.png,Classification failed - no description returned,1766500765.007405
fractal_04101.png,Classification failed - no description returned,1766500765.007406
fractal_05507.png,Classification failed - no description returned,1766500765.0074065
fractal_08135.png,Classification failed - no description returned,1766500765.0074077
fractal_09859.png,Classification failed - no description returned,1766500765.0074084
fractal_03192.png,Classification failed - no description returned,1766500765.0074093
fractal_05585.png,Classification failed - no description returned,1766500765.0074098
fractal_00963.png,Classification failed - no description returned,1766500765.0074108
fractal_01676.png,Classification failed - no description returned,1766500765.0074117
fractal_05780.png,Classification failed - no description returned,1766500765.0074124
fractal_01713.png,Classification failed - no description returned,1766500765.0074131
fractal_05638.png,Classification failed - no description returned,1766500765.0074139
fractal_05823.png,Classification failed - no description returned,1766500765.0074146
fractal_03950.png,Classification failed - no description returned,1766500765.0074158
fractal_06632.png,Classification failed - no description returned,1766500765.0074165
fractal_01107.png,Classification failed - no description returned,1766500765.0074174
fractal_06070.png,Classification failed - no description returned,1766500765.0074184
fractal_05666.png,Classification failed - no description returned,1766500765.0074196
fractal_08911.png,Classification failed - no description returned,1766500765.0074203
fractal_01510.png,Classification failed - no description returned,1766500765.0074215
fractal_02851.png,Classification failed - no description returned,1766500765.0074222
fractal_00660.png,Classification failed - no description returned,1766500765.0074232
fractal_02633.png,Classification failed - no description returned,1766500765.0074244
fractal_01508.png,Classification failed - no description returned,1766500765.007425
fractal_07531.png,Classification failed - no description returned,1766500765.0074258
fractal_00057.png,Classification failed - no description returned,1766500765.0074272
fractal_02611.png,Classification failed - no description returned,1766500765.0074282
fractal_08703.png,Classification failed - no description returned,1766500765.0074291
fractal_07571.png,Classification failed - no description returned,1766500765.0074298
fractal_05424.png,Classification failed - no description returned,1766500765.0074306
fractal_06733.png,Classification failed - no description returned,1766500765.0074317
fractal_04210.png,Classification failed - no description returned,1766500765.0074325
fractal_05612.png,Classification failed - no description returned,1766500765.0074332
fractal_02028.png,Classification failed - no description returned,1766500765.0074341
fractal_02862.png,Classification failed - no description returned,1766500765.0074353
fractal_05643.png,Classification failed - no description returned,1766500765.007436
fractal_04201.png,Classification failed - no description returned,1766500765.007437
fractal_06176.png,Classification failed - no description returned,1766500765.0074377
fractal_04012.png,Classification failed - no description returned,1766500765.0074391
fractal_01981.png,Classification failed - no description returned,1766500765.0074399
fractal_00790.png,Classification failed - no description returned,1766500815.4629676
fractal_00812.png,Classification failed - no description returned,1766500815.462969
fractal_00103.png,Classification failed - no description returned,1766500815.46297
fractal_01754.png,Classification failed - no description returned,1766500815.4629714
fractal_03531.png,Classification failed - no description returned,1766500815.462972
fractal_02360.png,Classification failed - no description returned,1766500815.4629726
fractal_08599.png,Classification failed - no description returned,1766500815.462973
fractal_08086.png,Classification failed - no description returned,1766500815.4629738
fractal_00497.png,Classification failed - no description returned,1766500815.462975
fractal_04436.png,Classification failed - no description returned,1766500815.462976
fractal_07408.png,Classification failed - no description returned,1766500815.4629767
fractal_02574.png,Classification failed - no description returned,1766500815.4629776
fractal_06633.png,Classification failed - no description returned,1766500815.4629784
fractal_06240.png,Classification failed - no description returned,1766500815.4629793
fractal_08506.png,Classification failed - no description returned,1766500815.46298
fractal_03759.png,Classification failed - no description returned,1766500815.4629807
fractal_09468.png,Classification failed - no description returned,1766500815.4629817
fractal_08002.png,Classification failed - no description returned,1766500815.4629824
fractal_00346.png,Classification failed - no description returned,1766500815.4629831
fractal_01123.png,Classification failed - no description returned,1766500815.4629838
fractal_09397.png,Classification failed - no description returned,1766500815.4629848
fractal_06744.png,Classification failed - no description returned,1766500815.4629855
fractal_03446.png,Classification failed - no description returned,1766500815.4629862
fractal_07881.png,Classification failed - no description returned,1766500815.4629872
fractal_07762.png,Classification failed - no description returned,1766500815.4629881
fractal_07006.png,Classification failed - no description returned,1766500815.4629889
fractal_05027.png,Classification failed - no description returned,1766500815.4629898
fractal_00281.png,Classification failed - no description returned,1766500815.4629908
fractal_04418.png,Classification failed - no description returned,1766500815.462992
fractal_04306.png,Classification failed - no description returned,1766500815.4629927
fractal_02753.png,Classification failed - no description returned,1766500815.4629936
fractal_01250.png,Classification failed - no description returned,1766500815.4629946
fractal_09670.png,Classification failed - no description returned,1766500815.4629958
fractal_07423.png,Classification failed - no description returned,1766500815.4629965
fractal_04944.png,Classification failed - no description returned,1766500815.4629974
fractal_06044.png,Classification failed - no description returned,1766500815.4629984
fractal_09567.png,Classification failed - no description returned,1766500815.4629989
fractal_02562.png,Classification failed - no description returned,1766500815.4629996
fractal_01743.png,Classification failed - no description returned,1766500815.4630003
fractal_09976.png,Classification failed - no description returned,1766500815.4630013
fractal_08042.png,Classification failed - no description returned,1766500815.4630022
fractal_03513.png,Classification failed - no description returned,1766500815.4630032
fractal_08393.png,Classification failed - no description returned,1766500815.463004
fractal_05932.png,Classification failed - no description returned,1766500815.4630048
fractal_04116.png,Classification failed - no description returned,1766500815.4630058
fractal_07680.png,Classification failed - no description returned,1766500815.4630067
fractal_02509.png,Classification failed - no description returned,1766500815.4630075
fractal_06362.png,Classification failed - no description returned,1766500815.4630084
fractal_00759.png,Classification failed - no description returned,1766500815.463009
fractal_01360.png,Classification failed - no description returned,1766500859.0108464
fractal_03429.png,Classification failed - no description returned,1766500859.0108492
fractal_09198.png,Classification failed - no description returned,1766500859.0108519
fractal_04796.png,Classification failed - no description returned,1766500859.0108526
fractal_07641.png,Classification failed - no description returned,1766500859.010853
fractal_09501.png,Classification failed - no description returned,1766500859.010854
fractal_03311.png,Classification failed - no description returned,1766500859.0108545
fractal_06074.png,Classification failed - no description returned,1766500859.0108547
fractal_05369.png,Classification failed - no description returned,1766500859.0108557
fractal_08720.png,Classification failed - no description returned,1766500859.0108564
fractal_05918.png,Classification failed - no description returned,1766500859.010857
fractal_02826.png,Classification failed - no description returned,1766500859.010858
fractal_06003.png,Classification failed - no description returned,1766500859.0108585
fractal_09247.png,Classification failed - no description returned,1766500859.0108593
fractal_04804.png,Classification failed - no description returned,1766500859.0108602
fractal_05628.png,Classification failed - no description returned,1766500859.0108612
fractal_08130.png,Classification failed - no description returned,1766500859.0108619
fractal_02384.png,Classification failed - no description returned,1766500859.0108624
fractal_03826.png,Classification failed - no description returned,1766500859.0108635
fractal_04630.png,Classification failed - no description returned,1766500859.0108645
fractal_09263.png,Classification failed - no description returned,1766500859.010865
fractal_07146.png,Classification failed - no description returned,1766500859.0108657
fractal_04379.png,Classification failed - no description returned,1766500859.0108662
fractal_09440.png,Classification failed - no description returned,1766500859.0108669
fractal_06233.png,Classification failed - no description returned,1766500859.010868
fractal_07013.png,Classification failed - no description returned,1766500859.0108688
fractal_04918.png,Classification failed - no description returned,1766500859.0108705
fractal_09973.png,Classification failed - no description returned,1766500859.0108714
fractal_09292.png,Classification failed - no description returned,1766500859.0108721
fractal_02219.png,Classification failed - no description returned,1766500859.0108728
fractal_01695.png,Classification failed - no description returned,1766500859.0108743
fractal_09334.png,Classification failed - no description returned,1766500859.0108752
fractal_07812.png,Classification failed - no description returned,1766500859.010876
fractal_03561.png,Classification failed - no description returned,1766500859.010877
fractal_09239.png,Classification failed - no description returned,1766500859.0108776
fractal_06097.png,Classification failed - no description returned,1766500859.0108786
fractal_04644.png,Classification failed - no description returned,1766500859.0108795
fractal_01885.png,Classification failed - no description returned,1766500859.0108802
fractal_09408.png,Classification failed - no description returned,1766500859.0108812
fractal_00870.png,Classification failed - no description returned,1766500859.0108821
fractal_05605.png,Classification failed - no description returned,1766500859.010883
fractal_05652.png,Classification failed - no description returned,1766500859.0108838
fractal_00470.png,Classification failed - no description returned,1766500859.0108845
fractal_00889.png,Classification failed - no description returned,1766500859.0108855
fractal_05399.png,Classification failed - no description returned,1766500859.0108862
fractal_09954.png,Classification failed - no description returned,1766500859.010887
fractal_01668.png,Classification failed - no description returned,1766500859.0108874
fractal_01814.png,Classification failed - no description returned,1766500859.0108883
fractal_09387.png,Classification failed - no description returned,1766500859.010889
fractal_01928.png,Classification failed - no description returned,1766500910.3409963
fractal_03665.png,Classification failed - no description returned,1766500910.3409982
fractal_00580.png,Classification failed - no description returned,1766500910.3409986
fractal_09582.png,Classification failed - no description returned,1766500910.3409991
fractal_02073.png,Classification failed - no description returned,1766500910.3409996
fractal_09581.png,Classification failed - no description returned,1766500910.341
fractal_05019.png,Classification failed - no description returned,1766500910.341001
fractal_00365.png,Classification failed - no description returned,1766500910.3410017
fractal_09195.png,Classification failed - no description returned,1766500910.3410022
fractal_05497.png,Classification failed - no description returned,1766500910.341003
fractal_09613.png,Classification failed - no description returned,1766500910.3410034
fractal_04666.png,Classification failed - no description returned,1766500910.3410041
fractal_03315.png,Classification failed - no description returned,1766500910.3410048
fractal_09362.png,Classification failed - no description returned,1766500910.3410056
fractal_03183.png,Classification failed - no description returned,1766500910.341006
fractal_09965.png,Classification failed - no description returned,1766500910.3410065
fractal_02181.png,Classification failed - no description returned,1766500910.3410075
fractal_07778.png,Classification failed - no description returned,1766500910.3410082
fractal_05283.png,Classification failed - no description returned,1766500910.3410094
fractal_06447.png,Classification failed - no description returned,1766500910.3410099
fractal_02838.png,Classification failed - no description returned,1766500910.3410106
fractal_07562.png,Classification failed - no description returned,1766500910.3410113
fractal_03344.png,Classification failed - no description returned,1766500910.341012
fractal_09437.png,Classification failed - no description returned,1766500910.341013
fractal_08023.png,Classification failed - no description returned,1766500910.3410134
fractal_04684.png,Classification failed - no description returned,1766500910.341014
fractal_04182.png,Classification failed - no description returned,1766500910.3410149
fractal_09537.png,Classification failed - no description returned,1766500910.3410153
fractal_09400.png,Classification failed - no description returned,1766500910.3410158
fractal_01646.png,Classification failed - no description returned,1766500910.3410168
fractal_08351.png,Classification failed - no description returned,1766500910.341018
fractal_01810.png,Classification failed - no description returned,1766500910.3410187
fractal_02764.png,Classification failed - no description returned,1766500910.3410192
fractal_03059.png,Classification failed - no description returned,1766500910.3410199
fractal_03374.png,Classification failed - no description returned,1766500910.3410208
fractal_09044.png,Classification failed - no description returned,1766500910.3410213
fractal_04594.png,Classification failed - no description returned,1766500910.3410223
fractal_07886.png,Classification failed - no description returned,1766500910.3410227
fractal_05784.png,Classification failed - no description returned,1766500910.3410232
fractal_05117.png,Classification failed - no description returned,1766500910.3410237
fractal_07377.png,Classification failed - no description returned,1766500910.3410244
fractal_06493.png,Classification failed - no description returned,1766500910.3410254
fractal_06851.png,Classification failed - no description returned,1766500910.3410258
fractal_03018.png,Classification failed - no description returned,1766500910.3410263
fractal_04681.png,Classification failed - no description returned,1766500910.341027
fractal_03932.png,Classification failed - no description returned,1766500910.3410275
fractal_07016.png,Classification failed - no description returned,1766500910.3410285
fractal_08680.png,Classification failed - no description returned,1766500910.3410292
fractal_01115.png,Classification failed - no description returned,1766500910.34103
fractal_01677.png,Classification failed - no description returned,1766500953.6481428
fractal_08884.png,Classification failed - no description returned,1766500953.6481447
fractal_03214.png,Classification failed - no description returned,1766500953.6481462
fractal_06207.png,Classification failed - no description returned,1766500953.6481466
fractal_03680.png,Classification failed - no description returned,1766500953.648147
fractal_02284.png,Classification failed - no description returned,1766500953.6481478
fractal_06988.png,Classification failed - no description returned,1766500953.6481485
fractal_01029.png,Classification failed - no description returned,1766500953.6481495
fractal_05674.png,Classification failed - no description returned,1766500953.6481502
fractal_00961.png,Classification failed - no description returned,1766500953.648151
fractal_07712.png,Classification failed - no description returned,1766500953.6481519
fractal_07506.png,Classification failed - no description returned,1766500953.6481524
fractal_06024.png,Classification failed - no description returned,1766500953.6481535
fractal_03703.png,Classification failed - no description returned,1766500953.6481538
fractal_04748.png,Classification failed - no description returned,1766500953.6481547
fractal_02238.png,Classification failed - no description returned,1766500953.6481552
fractal_05175.png,Classification failed - no description returned,1766500953.648156
fractal_00385.png,Classification failed - no description returned,1766500953.648157
fractal_08739.png,Classification failed - no description returned,1766500953.6481578
fractal_02144.png,Classification failed - no description returned,1766500953.6481586
fractal_00984.png,Classification failed - no description returned,1766500953.6481593
fractal_02797.png,Classification failed - no description returned,1766500953.6481597
fractal_00030.png,Classification failed - no description returned,1766500953.6481605
fractal_09148.png,Classification failed - no description returned,1766500953.6481612
fractal_05987.png,Classification failed - no description returned,1766500953.6481621
fractal_08571.png,Classification failed - no description returned,1766500953.6481628
fractal_01136.png,Classification failed - no description returned,1766500953.6481636
fractal_06077.png,Classification failed - no description returned,1766500953.6481643
fractal_03504.png,Classification failed - no description returned,1766500953.6481652
fractal_01108.png,Classification failed - no description returned,1766500953.6481662
fractal_05953.png,Classification failed - no description returned,1766500953.648167
fractal_04281.png,Classification failed - no description returned,1766500953.6481676
fractal_09978.png,Classification failed - no description returned,1766500953.648168
fractal_08063.png,Classification failed - no description returned,1766500953.6481693
fractal_01000.png,Classification failed - no description returned,1766500953.64817
fractal_04860.png,Classification failed - no description returned,1766500953.6481705
fractal_05539.png,Classification failed - no description returned,1766500953.648171
fractal_08928.png,Classification failed - no description returned,1766500953.6481717
fractal_02082.png,Classification failed - no description returned,1766500953.648173
fractal_00161.png,Classification failed - no description returned,1766500953.6481736
fractal_03330.png,Classification failed - no description returned,1766500953.6481743
fractal_02201.png,Classification failed - no description returned,1766500953.6481748
fractal_02726.png,Classification failed - no description returned,1766500953.6481757
fractal_09821.png,Classification failed - no description returned,1766500953.6481762
fractal_03292.png,Classification failed - no description returned,1766500953.6481767
fractal_08016.png,Classification failed - no description returned,1766500953.6481774
fractal_01683.png,Classification failed - no description returned,1766500953.648178
fractal_08947.png,Classification failed - no description returned,1766500953.6481786
fractal_05526.png,Classification failed - no description returned,1766500953.6481793
fractal_03878.png,Classification failed - no description returned,1766501004.9269218
fractal_04869.png,Classification failed - no description returned,1766501004.9269238
fractal_01109.png,Classification failed - no description returned,1766501004.9269247
fractal_05236.png,Classification failed - no description returned,1766501004.9269257
fractal_07063.png,Classification failed - no description returned,1766501004.9269264
fractal_07689.png,Classification failed - no description returned,1766501004.9269273
fractal_05829.png,Classification failed - no description returned,1766501004.9269283
fractal_01520.png,Classification failed - no description returned,1766501004.9269292
fractal_08447.png,Classification failed - no description returned,1766501004.92693
fractal_07775.png,Classification failed - no description returned,1766501004.9269307
fractal_06930.png,Classification failed - no description returned,1766501004.9269316
fractal_09971.png,Classification failed - no description returned,1766501004.9269326
fractal_03698.png,Classification failed - no description returned,1766501004.9269333
fractal_03872.png,Classification failed - no description returned,1766501004.926934
fractal_07963.png,Classification failed - no description returned,1766501004.9269347
fractal_08993.png,Classification failed - no description returned,1766501004.9269354
fractal_01087.png,Classification failed - no description returned,1766501004.9269366
fractal_04947.png,Classification failed - no description returned,1766501004.9269373
fractal_01924.png,Classification failed - no description returned,1766501004.9269383
fractal_00243.png,Classification failed - no description returned,1766501004.9269392
fractal_00564.png,Classification failed - no description returned,1766501004.9269397
fractal_07579.png,Classification failed - no description returned,1766501004.9269407
fractal_04981.png,Classification failed - no description returned,1766501004.9269414
fractal_02223.png,Classification failed - no description returned,1766501004.9269423
fractal_07072.png,Classification failed - no description returned,1766501004.9269433
fractal_06455.png,Classification failed - no description returned,1766501004.9269445
fractal_07923.png,Classification failed - no description returned,1766501004.9269454
fractal_01911.png,Classification failed - no description returned,1766501004.9269464
fractal_02555.png,Classification failed - no description returned,1766501004.926947
fractal_01768.png,Classification failed - no description returned,1766501004.926948
fractal_07068.png,Classification failed - no description returned,1766501004.926949
fractal_02414.png,Classification failed - no description returned,1766501004.9269502
fractal_05327.png,Classification failed - no description returned,1766501004.926951
fractal_00009.png,Classification failed - no description returned,1766501004.9269516
fractal_05393.png,Classification failed - no description returned,1766501004.9269524
fractal_09208.png,Classification failed - no description returned,1766501004.9269533
fractal_06982.png,Classification failed - no description returned,1766501004.9269538
fractal_02251.png,Classification failed - no description returned,1766501004.9269547
fractal_08488.png,Classification failed - no description returned,1766501004.9269552
fractal_04272.png,Classification failed - no description returned,1766501004.9269567
fractal_04444.png,Classification failed - no description returned,1766501004.9269576
fractal_01217.png,Classification failed - no description returned,1766501004.9269583
fractal_02429.png,Classification failed - no description returned,1766501004.9269593
fractal_07544.png,Classification failed - no description returned,1766501004.9269605
fractal_06202.png,Classification failed - no description returned,1766501004.9269612
fractal_06579.png,Classification failed - no description returned,1766501004.9269621
fractal_04432.png,Classification failed - no description returned,1766501004.9269626
fractal_08054.png,Classification failed - no description returned,1766501004.9269643
fractal_00548.png,Classification failed - no description returned,1766501004.926965
fractal_00798.png,Classification failed - no description returned,1766501046.6153488
fractal_09722.png,Classification failed - no description returned,1766501046.615351
fractal_09633.png,Classification failed - no description returned,1766501046.6153522
fractal_02535.png,Classification failed - no description returned,1766501046.6153529
fractal_06013.png,Classification failed - no description returned,1766501046.6153536
fractal_08088.png,Classification failed - no description returned,1766501046.6153545
fractal_04925.png,Classification failed - no description returned,1766501046.6153555
fractal_05169.png,Classification failed - no description returned,1766501046.6153562
fractal_09290.png,Classification failed - no description returned,1766501046.615357
fractal_07887.png,Classification failed - no description returned,1766501046.615358
fractal_00920.png,Classification failed - no description returned,1766501046.615359
fractal_09243.png,Classification failed - no description returned,1766501046.6153598
fractal_00845.png,Classification failed - no description returned,1766501046.6153607
fractal_03095.png,Classification failed - no description returned,1766501046.6153615
fractal_03527.png,Classification failed - no description returned,1766501046.6153626
fractal_00376.png,Classification failed - no description returned,1766501046.6153631
fractal_06523.png,Classification failed - no description returned,1766501046.6153638
fractal_03012.png,Classification failed - no description returned,1766501046.6153648
fractal_08265.png,Classification failed - no description returned,1766501046.6153657
fractal_05395.png,Classification failed - no description returned,1766501046.6153665
fractal_09347.png,Classification failed - no description returned,1766501046.6153672
fractal_06710.png,Classification failed - no description returned,1766501046.615368
fractal_09888.png,Classification failed - no description returned,1766501046.6153686
fractal_01594.png,Classification failed - no description returned,1766501046.6153698
fractal_01339.png,Classification failed - no description returned,1766501046.6153705
fractal_07784.png,Classification failed - no description returned,1766501046.6153712
fractal_04410.png,Classification failed - no description returned,1766501046.6153722
fractal_09825.png,Classification failed - no description returned,1766501046.6153731
fractal_01468.png,Classification failed - no description returned,1766501046.615374
fractal_00165.png,Classification failed - no description returned,1766501046.6153748
fractal_05807.png,Classification failed - no description returned,1766501046.6153758
fractal_03778.png,Classification failed - no description returned,1766501046.615377
fractal_00761.png,Classification failed - no description returned,1766501046.615378
fractal_05155.png,Classification failed - no description returned,1766501046.6153789
fractal_01571.png,Classification failed - no description returned,1766501046.6153798
fractal_09229.png,Classification failed - no description returned,1766501046.6153808
fractal_00633.png,Classification failed - no description returned,1766501046.6153817
fractal_00991.png,Classification failed - no description returned,1766501046.6153822
fractal_03556.png,Classification failed - no description returned,1766501046.6153831
fractal_01266.png,Classification failed - no description returned,1766501046.615384
fractal_08000.png,Classification failed - no description returned,1766501046.6153848
fractal_09010.png,Classification failed - no description returned,1766501046.615386
fractal_07526.png,Classification failed - no description returned,1766501046.6153874
fractal_09291.png,Classification failed - no description returned,1766501046.6153882
fractal_08776.png,Classification failed - no description returned,1766501046.6153889
fractal_02307.png,Classification failed - no description returned,1766501046.61539
fractal_07374.png,Classification failed - no description returned,1766501046.6153908
fractal_02987.png,Classification failed - no description returned,1766501046.6153915
fractal_03212.png,Classification failed - no description returned,1766501046.6153924
fractal_05111.png,Classification failed - no description returned,1766501111.2698555
fractal_01577.png,Classification failed - no description returned,1766501111.2698576
fractal_06532.png,Classification failed - no description returned,1766501111.2698586
fractal_01855.png,Classification failed - no description returned,1766501111.2698593
fractal_03469.png,Classification failed - no description returned,1766501111.2698603
fractal_08477.png,Classification failed - no description returned,1766501111.2698615
fractal_05566.png,Classification failed - no description returned,1766501111.2698622
fractal_08251.png,Classification failed - no description returned,1766501111.2698631
fractal_05074.png,Classification failed - no description returned,1766501111.2698638
fractal_08193.png,Classification failed - no description returned,1766501111.269865
fractal_04179.png,Classification failed - no description returned,1766501111.2698658
fractal_09660.png,Classification failed - no description returned,1766501111.269867
fractal_00509.png,Classification failed - no description returned,1766501111.2698677
fractal_05234.png,Classification failed - no description returned,1766501111.2698686
fractal_08410.png,Classification failed - no description returned,1766501111.2698693
fractal_01806.png,Classification failed - no description returned,1766501111.26987
fractal_00892.png,Classification failed - no description returned,1766501111.269871
fractal_00767.png,Classification failed - no description returned,1766501111.269872
fractal_03173.png,Classification failed - no description returned,1766501111.2698727
fractal_01652.png,Classification failed - no description returned,1766501111.2698736
fractal_02404.png,Classification failed - no description returned,1766501111.2698743
fractal_02789.png,Classification failed - no description returned,1766501111.2698755
fractal_00496.png,Classification failed - no description returned,1766501111.2698762
fractal_03386.png,Classification failed - no description returned,1766501111.269877
fractal_05207.png,Classification failed - no description returned,1766501111.2698777
fractal_00077.png,Classification failed - no description returned,1766501111.269879
fractal_05011.png,Classification failed - no description returned,1766501111.26988
fractal_03688.png,Classification failed - no description returned,1766501111.2698808
fractal_07220.png,Classification failed - no description returned,1766501111.2698815
fractal_00483.png,Classification failed - no description returned,1766501111.2698827
fractal_04742.png,Classification failed - no description returned,1766501111.2698836
fractal_07250.png,Classification failed - no description returned,1766501111.2698846
fractal_01395.png,Classification failed - no description returned,1766501111.2698858
fractal_00059.png,Classification failed - no description returned,1766501111.269887
fractal_03451.png,Classification failed - no description returned,1766501111.2698877
fractal_08181.png,Classification failed - no description returned,1766501111.2698889
fractal_04024.png,Classification failed - no description returned,1766501111.2698896
fractal_04536.png,Classification failed - no description returned,1766501111.2698905
fractal_05861.png,Classification failed - no description returned,1766501111.2698915
fractal_00731.png,Classification failed - no description returned,1766501111.2698925
fractal_06285.png,Classification failed - no description returned,1766501111.2698932
fractal_09857.png,Classification failed - no description returned,1766501111.269894
fractal_02898.png,Classification failed - no description returned,1766501111.2698948
fractal_09625.png,Classification failed - no description returned,1766501111.2698953
fractal_02937.png,Classification failed - no description returned,1766501111.2698965
fractal_06387.png,Classification failed - no description returned,1766501111.2698972
fractal_03339.png,Classification failed - no description returned,1766501111.2698984
fractal_06122.png,Classification failed - no description returned,1766501111.2698994
fractal_02443.png,Classification failed - no description returned,1766501111.2699
fractal_09028.png,"**Form and structure**: Complex, swirling loops with a central vortex; radial symmetry, dense, overlapping curves. **Color patterns**: Dark background with light green, yellow, and brown tones; soft gradients. **Textural qualities**: Wispy, fluid, almost ethereal. **Abstract resemblances**: A nebula or glowing gas cloud in space.",1766501159.8529298
fractal_01821.png,"**Form and structure**: Tighter spiral, compact circular vortex with smooth edges. **Color patterns**: Green and light blue hues on black; subtle gradient. **Textural qualities**: Smooth, flowing, translucent. **Abstract resemblances**: A small galaxy or a drop of liquid.",1766501159.852931
fractal_01383.png,"**Form and structure**: Jagged, branching lines radiating from a central point; angular, linear composition. **Color patterns**: Yellow and light green on black; high contrast. **Textural qualities**: Sharp, angular, slightly rough. **Abstract resemblances**: A lightning bolt or a tree branch.",1766501159.8529322
fractal_04311.png,"**Form and structure**: Geometric, intersecting lines forming a star-like cross; symmetrical, sharp edges. **Color patterns**: Pink, purple, and light pink on black; vibrant, pastel tones. **Textural qualities**: Sharp, linear, crisp. **Abstract resemblances**: A star-shaped pendant or a geometric jewelry design.",1766501159.8529327
fractal_01648.png,"**Form and structure**: Large, smooth circular pattern with inner swirls; concentric layers. **Color patterns**: Light blue and white on black; glowing, luminous. **Textural qualities**: Smooth, glossy, translucent. **Abstract resemblances**: A planet’s atmosphere or a bubble.",1766501159.8529332
fractal_06481.png,"**Form and structure**: Overlapping circles with a central void; layered, complex circular design. **Color patterns**: Light blue and cyan on black; cool, serene tones. **Textural qualities**: Layered, translucent, slightly fuzzy. **Abstract resemblances**: A target or a lens flare.",1766501159.852934
fractal_05582.png,"**Form and structure**: Sparse, faint lines forming a minimal pattern; delicate, understated. **Color patterns**: Black and white on black; high contrast, low saturation. **Textural qualities**: Sparse, delicate, almost invisible. **Abstract resemblances**: A distant star or a scratch.",1766501159.8529344
fractal_08653.png,"**Form and structure**: Curved, flowing lines forming a crescent shape; smooth, organic curves. **Color patterns**: Purple and white on black; soft, muted tones. **Textural qualities**: Smooth, wispy, translucent. **Abstract resemblances**: A moon’s surface or a ribbon.",1766501159.8529348
fractal_07630.png,"**Form and structure**: Abstract, organic shape resembling a bird or leaf; sharp, defined edges. **Color patterns**: Yellow and white on black; bright, warm",1766501159.852936
fractal_06156.png,Classification failed - no description returned,1766501159.8529367
fractal_01300.png,Classification failed - no description returned,1766501159.8529372
fractal_05786.png,Classification failed - no description returned,1766501159.8529377
fractal_06421.png,Classification failed - no description returned,1766501159.8529382
fractal_05647.png,Classification failed - no description returned,1766501159.8529394
fractal_07015.png,Classification failed - no description returned,1766501159.85294
fractal_00929.png,Classification failed - no description returned,1766501159.8529406
fractal_06730.png,Classification failed - no description returned,1766501159.8529413
fractal_02803.png,Classification failed - no description returned,1766501159.8529418
fractal_01398.png,Classification failed - no description returned,1766501159.8529427
fractal_08649.png,Classification failed - no description returned,1766501159.8529432
fractal_00680.png,Classification failed - no description returned,1766501159.852944
fractal_01373.png,Classification failed - no description returned,1766501159.8529444
fractal_08386.png,Classification failed - no description returned,1766501159.8529449
fractal_07338.png,Classification failed - no description returned,1766501159.8529456
fractal_03346.png,Classification failed - no description returned,1766501159.8529463
fractal_08300.png,Classification failed - no description returned,1766501159.852947
fractal_00549.png,Classification failed - no description returned,1766501159.8529477
fractal_02634.png,Classification failed - no description returned,1766501159.8529482
fractal_07826.png,Classification failed - no description returned,1766501159.8529487
fractal_03660.png,Classification failed - no description returned,1766501159.8529491
fractal_03947.png,Classification failed - no description returned,1766501159.8529499
fractal_02552.png,Classification failed - no description returned,1766501159.8529503
fractal_04616.png,Classification failed - no description returned,1766501159.8529508
fractal_04154.png,Classification failed - no description returned,1766501159.8529513
fractal_09784.png,Classification failed - no description returned,1766501159.852952
fractal_00047.png,Classification failed - no description returned,1766501159.8529525
fractal_02309.png,Classification failed - no description returned,1766501159.8529532
fractal_04109.png,Classification failed - no description returned,1766501159.8529534
fractal_00646.png,Classification failed - no description returned,1766501159.8529541
fractal_05252.png,Classification failed - no description returned,1766501159.8529546
fractal_00754.png,Classification failed - no description returned,1766501159.8529553
fractal_06864.png,Classification failed - no description returned,1766501159.852956
fractal_04954.png,Classification failed - no description returned,1766501159.8529568
fractal_03716.png,Classification failed - no description returned,1766501159.8529572
fractal_00218.png,Classification failed - no description returned,1766501159.8529577
fractal_02205.png,Classification failed - no description returned,1766501159.8529584
fractal_00917.png,Classification failed - no description returned,1766501159.852959
fractal_08107.png,Classification failed - no description returned,1766501159.8529594
fractal_01196.png,Classification failed - no description returned,1766501159.85296
fractal_06058.png,"**fractal_06058.png**: Dense, layered circular loops in soft purples and pinks, with smooth, flowing lines creating a glowing, nebular form. Resembles a cosmic gas cloud or a jellyfish.",1766501229.1174483
fractal_00260.png,"**fractal_00260.png**: A rounded square with thin, crisp internal lines, rendered in pale purples and whites. Evokes an abstract jewelry frame or a stylized geometric box.",1766501229.1174505
fractal_08608.png,"**fractal_08608.png**: Chaotic, overlapping loops in pink and yellow, with thick, dynamic lines suggesting tangled threads or a vibrant flower.",1766501229.1174512
fractal_05105.png,"**fractal_05105.png**: A symmetrical spiral with a central core, in light blues and purples, with smooth gradients. Resembles a galaxy or a whirlpool.",1766501229.1174521
fractal_04875.png,"**fractal_04875.png**: Two nested spirals in green and white, with thin, wispy lines and a translucent quality. Like intertwined ribbons or a dual galaxy.",1766501229.1174526
fractal_01439.png,"**fractal_01439.png**: An organic, curvy loop with a tail, in green and yellow, with smooth, flowing lines. Resembles a single flame or a snake.",1766501229.1174533
fractal_06095.png,"**fractal_06095.png**: Complex, overlapping loops in purple and pink, with thick, dynamic lines and depth. Like a cluster of glowing crystals or a chaotic flower.",1766501229.1174538
fractal_09559.png,"**fractal_09559.png**: A partial circle with a small tail, in stark white on black, with thin, crisp lines. Faint moon phase or a simple brushstroke.",1766501229.117454
fractal_03039.png,"**fractal_03039.png**: Dark, nearly invisible lines forming a subtle shape, in low-saturation black and white. A shadow or a faint signature.",1766501229.1174548
fractal_00954.png,"**fractal_00954.png**: A circular shape with a diagonal line, like a target slice, in high-contrast white on black. A target or pie chart segment.",1766501229.117456
fractal_02016.png,"**fractal_02016.png**: A large, symmetrical spiral in light green and yellow, with thick, flowing lines and gradients. A hurricane or whirlpool.",1766501229.1174564
fractal_00778.png,"**fractal_00778.png**: Complex, overlapping loops in green and white, with thin, wispy, translucent lines. A tangled thread or a complex knot.",1766501229.1174572
fractal_03242.png,"**fractal_03242.png**: Abstract, curvy lines forming a vertical shape, like a stick figure, in minimal white on black. A stick figure or simple line drawing.",1766501229.1174576
fractal_09143.png,**fractal_091,1766501229.1174583
fractal_03184.png,Classification failed - no description returned,1766501229.1174595
fractal_00529.png,Classification failed - no description returned,1766501229.1174603
fractal_06099.png,Classification failed - no description returned,1766501229.117461
fractal_07201.png,Classification failed - no description returned,1766501229.1174614
fractal_03617.png,Classification failed - no description returned,1766501229.1174622
fractal_03422.png,Classification failed - no description returned,1766501229.1174636
fractal_03537.png,Classification failed - no description returned,1766501229.117464
fractal_09279.png,Classification failed - no description returned,1766501229.1174648
fractal_01443.png,Classification failed - no description returned,1766501229.1174653
fractal_00333.png,Classification failed - no description returned,1766501229.117466
fractal_09498.png,Classification failed - no description returned,1766501229.1174667
fractal_04781.png,Classification failed - no description returned,1766501229.1174672
fractal_09448.png,Classification failed - no description returned,1766501229.1174684
fractal_07549.png,Classification failed - no description returned,1766501229.1174688
fractal_02695.png,Classification failed - no description returned,1766501229.1174695
fractal_00644.png,Classification failed - no description returned,1766501229.1174703
fractal_07435.png,Classification failed - no description returned,1766501229.117471
fractal_01870.png,Classification failed - no description returned,1766501229.117472
fractal_06533.png,Classification failed - no description returned,1766501229.1174724
fractal_03594.png,Classification failed - no description returned,1766501229.1174734
fractal_02595.png,Classification failed - no description returned,1766501229.117474
fractal_00069.png,Classification failed - no description returned,1766501229.1174748
fractal_09321.png,Classification failed - no description returned,1766501229.1174757
fractal_06939.png,Classification failed - no description returned,1766501229.1174765
fractal_08749.png,Classification failed - no description returned,1766501229.117477
fractal_04385.png,Classification failed - no description returned,1766501229.117478
fractal_04722.png,Classification failed - no description returned,1766501229.1174784
fractal_02943.png,Classification failed - no description returned,1766501229.1174793
fractal_09394.png,Classification failed - no description returned,1766501229.1174803
fractal_07327.png,Classification failed - no description returned,1766501229.1174808
fractal_05735.png,Classification failed - no description returned,1766501229.1174815
fractal_05925.png,Classification failed - no description returned,1766501229.117482
fractal_04579.png,Classification failed - no description returned,1766501229.1174824
fractal_09702.png,Classification failed - no description returned,1766501229.1174836
fractal_05750.png,Classification failed - no description returned,1766501229.1174843
fractal_09788.png,Classification failed - no description returned,1766501280.4422925
fractal_06486.png,Classification failed - no description returned,1766501280.4422948
fractal_00061.png,Classification failed - no description returned,1766501280.442296
fractal_05525.png,Classification failed - no description returned,1766501280.4422965
fractal_06047.png,Classification failed - no description returned,1766501280.442297
fractal_00748.png,Classification failed - no description returned,1766501280.442298
fractal_09459.png,Classification failed - no description returned,1766501280.442299
fractal_07008.png,Classification failed - no description returned,1766501280.4422991
fractal_02243.png,Classification failed - no description returned,1766501280.4422998
fractal_08549.png,Classification failed - no description returned,1766501280.4423006
fractal_02717.png,Classification failed - no description returned,1766501280.4423015
fractal_01376.png,Classification failed - no description returned,1766501280.4423022
fractal_00983.png,Classification failed - no description returned,1766501280.442303
fractal_02094.png,Classification failed - no description returned,1766501280.4423034
fractal_02176.png,Classification failed - no description returned,1766501280.4423046
fractal_02659.png,Classification failed - no description returned,1766501280.4423058
fractal_07936.png,Classification failed - no description returned,1766501280.4423063
fractal_05284.png,Classification failed - no description returned,1766501280.4423072
fractal_07910.png,Classification failed - no description returned,1766501280.4423082
fractal_06590.png,Classification failed - no description returned,1766501280.4423091
fractal_08913.png,Classification failed - no description returned,1766501280.4423096
fractal_07210.png,Classification failed - no description returned,1766501280.4423103
fractal_05076.png,Classification failed - no description returned,1766501280.4423113
fractal_07740.png,Classification failed - no description returned,1766501280.4423127
fractal_01578.png,Classification failed - no description returned,1766501280.4423132
fractal_03997.png,Classification failed - no description returned,1766501280.442314
fractal_02411.png,Classification failed - no description returned,1766501280.4423149
fractal_04083.png,Classification failed - no description returned,1766501280.4423153
fractal_05919.png,Classification failed - no description returned,1766501280.442316
fractal_01187.png,Classification failed - no description returned,1766501280.4423168
fractal_07029.png,Classification failed - no description returned,1766501280.4423175
fractal_03827.png,Classification failed - no description returned,1766501280.442318
fractal_01714.png,Classification failed - no description returned,1766501280.4423192
fractal_03425.png,Classification failed - no description returned,1766501280.4423208
fractal_03836.png,Classification failed - no description returned,1766501280.4423218
fractal_08564.png,Classification failed - no description returned,1766501280.4423223
fractal_09807.png,Classification failed - no description returned,1766501280.4423227
fractal_09995.png,Classification failed - no description returned,1766501280.4423234
fractal_00370.png,Classification failed - no description returned,1766501280.4423244
fractal_04183.png,Classification failed - no description returned,1766501280.4423254
fractal_03120.png,Classification failed - no description returned,1766501280.4423258
fractal_02505.png,Classification failed - no description returned,1766501280.4423265
fractal_02104.png,Classification failed - no description returned,1766501280.442327
fractal_08062.png,Classification failed - no description returned,1766501280.4423275
fractal_09979.png,Classification failed - no description returned,1766501280.4423282
fractal_01707.png,Classification failed - no description returned,1766501280.4423294
fractal_08900.png,Classification failed - no description returned,1766501280.4423301
fractal_00939.png,Classification failed - no description returned,1766501280.4423308
fractal_04701.png,Classification failed - no description returned,1766501280.4423313
fractal_09504.png,Classification failed - no description returned,1766501322.1174426
fractal_01592.png,Classification failed - no description returned,1766501322.1174445
fractal_01037.png,Classification failed - no description returned,1766501322.1174452
fractal_00269.png,Classification failed - no description returned,1766501322.1174457
fractal_03081.png,Classification failed - no description returned,1766501322.1174467
fractal_05066.png,Classification failed - no description returned,1766501322.1174474
fractal_07707.png,Classification failed - no description returned,1766501322.117448
fractal_09749.png,Classification failed - no description returned,1766501322.1174488
fractal_05123.png,Classification failed - no description returned,1766501322.1174498
fractal_03412.png,Classification failed - no description returned,1766501322.1174505
fractal_00949.png,Classification failed - no description returned,1766501322.1174512
fractal_02672.png,Classification failed - no description returned,1766501322.1174517
fractal_08582.png,Classification failed - no description returned,1766501322.1174524
fractal_05891.png,Classification failed - no description returned,1766501322.117453
fractal_01154.png,Classification failed - no description returned,1766501322.1174543
fractal_01865.png,Classification failed - no description returned,1766501322.1174548
fractal_01129.png,Classification failed - no description returned,1766501322.1174557
fractal_05244.png,Classification failed - no description returned,1766501322.1174562
fractal_05527.png,Classification failed - no description returned,1766501322.1174567
fractal_08568.png,Classification failed - no description returned,1766501322.1174574
fractal_06623.png,Classification failed - no description returned,1766501322.1174579
fractal_06451.png,Classification failed - no description returned,1766501322.1174586
fractal_02739.png,Classification failed - no description returned,1766501322.1174595
fractal_08880.png,Classification failed - no description returned,1766501322.1174603
fractal_07716.png,Classification failed - no description returned,1766501322.1174607
fractal_03773.png,Classification failed - no description returned,1766501322.1174612
fractal_06487.png,Classification failed - no description returned,1766501322.1174626
fractal_04728.png,Classification failed - no description returned,1766501322.117463
fractal_04595.png,Classification failed - no description returned,1766501322.1174636
fractal_06926.png,Classification failed - no description returned,1766501322.1174643
fractal_01176.png,Classification failed - no description returned,1766501322.117465
fractal_04793.png,Classification failed - no description returned,1766501322.1174662
fractal_05137.png,Classification failed - no description returned,1766501322.1174676
fractal_05496.png,Classification failed - no description returned,1766501322.1174684
fractal_02450.png,Classification failed - no description returned,1766501322.1174688
fractal_07086.png,Classification failed - no description returned,1766501322.1174695
fractal_00557.png,Classification failed - no description returned,1766501322.1174703
fractal_02781.png,Classification failed - no description returned,1766501322.1174707
fractal_04845.png,Classification failed - no description returned,1766501322.1174715
fractal_07463.png,Classification failed - no description returned,1766501322.1174724
fractal_02887.png,Classification failed - no description returned,1766501322.1174731
fractal_09610.png,Classification failed - no description returned,1766501322.117474
fractal_07153.png,Classification failed - no description returned,1766501322.1174746
fractal_01145.png,Classification failed - no description returned,1766501322.117475
fractal_04411.png,Classification failed - no description returned,1766501322.1174755
fractal_07184.png,Classification failed - no description returned,1766501322.1174765
fractal_06035.png,Classification failed - no description returned,1766501322.117477
fractal_03888.png,Classification failed - no description returned,1766501322.1174774
fractal_07645.png,Classification failed - no description returned,1766501322.117478
fractal_04785.png,Classification failed - no description returned,1766501364.2245538
fractal_07376.png,Classification failed - no description returned,1766501364.2245557
fractal_04813.png,Classification failed - no description returned,1766501364.2245567
fractal_08497.png,Classification failed - no description returned,1766501364.2245579
fractal_07012.png,Classification failed - no description returned,1766501364.2245584
fractal_08052.png,Classification failed - no description returned,1766501364.224559
fractal_04345.png,Classification failed - no description returned,1766501364.2245598
fractal_03866.png,Classification failed - no description returned,1766501364.2245607
fractal_07757.png,Classification failed - no description returned,1766501364.224562
fractal_02989.png,Classification failed - no description returned,1766501364.2245626
fractal_04316.png,Classification failed - no description returned,1766501364.2245636
fractal_09499.png,Classification failed - no description returned,1766501364.2245646
fractal_04641.png,Classification failed - no description returned,1766501364.2245655
fractal_06665.png,Classification failed - no description returned,1766501364.2245662
fractal_02857.png,Classification failed - no description returned,1766501364.224567
fractal_07224.png,Classification failed - no description returned,1766501364.224568
fractal_01354.png,Classification failed - no description returned,1766501364.2245686
fractal_03727.png,Classification failed - no description returned,1766501364.2245696
fractal_09771.png,Classification failed - no description returned,1766501364.2245705
fractal_07428.png,Classification failed - no description returned,1766501364.2245715
fractal_01661.png,Classification failed - no description returned,1766501364.2245722
fractal_00573.png,Classification failed - no description returned,1766501364.224573
fractal_02940.png,Classification failed - no description returned,1766501364.2245736
fractal_03125.png,Classification failed - no description returned,1766501364.2245746
fractal_07947.png,Classification failed - no description returned,1766501364.2245753
fractal_01509.png,Classification failed - no description returned,1766501364.224576
fractal_00199.png,Classification failed - no description returned,1766501364.2245772
fractal_02078.png,Classification failed - no description returned,1766501364.2245781
fractal_00728.png,Classification failed - no description returned,1766501364.2245789
fractal_06910.png,Classification failed - no description returned,1766501364.2245798
fractal_09593.png,Classification failed - no description returned,1766501364.2245808
fractal_05559.png,Classification failed - no description returned,1766501364.224582
fractal_01218.png,Classification failed - no description returned,1766501364.224583
fractal_08687.png,Classification failed - no description returned,1766501364.2245839
fractal_01597.png,Classification failed - no description returned,1766501364.224585
fractal_06205.png,Classification failed - no description returned,1766501364.224586
fractal_07955.png,Classification failed - no description returned,1766501364.2245867
fractal_08233.png,Classification failed - no description returned,1766501364.2245874
fractal_05441.png,Classification failed - no description returned,1766501364.224589
fractal_07606.png,Classification failed - no description returned,1766501364.2245898
fractal_08007.png,Classification failed - no description returned,1766501364.2245905
fractal_01940.png,Classification failed - no description returned,1766501364.2245913
fractal_06197.png,Classification failed - no description returned,1766501364.2245927
fractal_00799.png,Classification failed - no description returned,1766501364.2245934
fractal_04705.png,Classification failed - no description returned,1766501364.224594
fractal_02613.png,Classification failed - no description returned,1766501364.2245948
fractal_09983.png,Classification failed - no description returned,1766501364.2245958
fractal_04333.png,Classification failed - no description returned,1766501364.224597
fractal_03141.png,Classification failed - no description returned,1766501364.224598
fractal_01404.png,Classification failed - no description returned,1766501421.634022
fractal_04455.png,Classification failed - no description returned,1766501421.6340232
fractal_06043.png,Classification failed - no description returned,1766501421.6340241
fractal_01454.png,Classification failed - no description returned,1766501421.6340249
fractal_05826.png,Classification failed - no description returned,1766501421.6340256
fractal_09133.png,Classification failed - no description returned,1766501421.6340263
fractal_02917.png,Classification failed - no description returned,1766501421.6340268
fractal_06018.png,Classification failed - no description returned,1766501421.6340272
fractal_07127.png,Classification failed - no description returned,1766501421.634028
fractal_02686.png,Classification failed - no description returned,1766501421.634029
fractal_00918.png,Classification failed - no description returned,1766501421.6340296
fractal_05946.png,Classification failed - no description returned,1766501421.63403
fractal_00626.png,Classification failed - no description returned,1766501421.6340306
fractal_03544.png,Classification failed - no description returned,1766501421.634031
fractal_05097.png,Classification failed - no description returned,1766501421.6340318
fractal_04067.png,Classification failed - no description returned,1766501421.6340325
fractal_09510.png,Classification failed - no description returned,1766501421.6340332
fractal_04762.png,Classification failed - no description returned,1766501421.6340337
fractal_01013.png,Classification failed - no description returned,1766501421.6340344
fractal_05092.png,Classification failed - no description returned,1766501421.6340349
fractal_04483.png,Classification failed - no description returned,1766501421.634036
fractal_00291.png,Classification failed - no description returned,1766501421.6340365
fractal_04136.png,Classification failed - no description returned,1766501421.6340373
fractal_09189.png,Classification failed - no description returned,1766501421.6340377
fractal_01326.png,Classification failed - no description returned,1766501421.6340382
fractal_06653.png,Classification failed - no description returned,1766501421.634039
fractal_00800.png,Classification failed - no description returned,1766501421.6340404
fractal_02642.png,Classification failed - no description returned,1766501421.634041
fractal_07878.png,Classification failed - no description returned,1766501421.6340415
fractal_00631.png,Classification failed - no description returned,1766501421.634042
fractal_09847.png,Classification failed - no description returned,1766501421.634043
fractal_02956.png,Classification failed - no description returned,1766501421.6340437
fractal_03380.png,Classification failed - no description returned,1766501421.6340442
fractal_04013.png,Classification failed - no description returned,1766501421.6340446
fractal_02703.png,Classification failed - no description returned,1766501421.6340454
fractal_06443.png,Classification failed - no description returned,1766501421.6340458
fractal_03264.png,Classification failed - no description returned,1766501421.6340466
fractal_05465.png,Classification failed - no description returned,1766501421.634047
fractal_03942.png,Classification failed - no description returned,1766501421.634048
fractal_01733.png,Classification failed - no description returned,1766501421.6340485
fractal_08612.png,Classification failed - no description returned,1766501421.634049
fractal_06223.png,Classification failed - no description returned,1766501421.6340497
fractal_07553.png,Classification failed - no description returned,1766501421.6340504
fractal_09124.png,Classification failed - no description returned,1766501421.6340508
fractal_06170.png,Classification failed - no description returned,1766501421.6340516
fractal_03406.png,Classification failed - no description returned,1766501421.6340523
fractal_00781.png,Classification failed - no description returned,1766501421.6340528
fractal_03300.png,Classification failed - no description returned,1766501421.6340537
fractal_04510.png,Classification failed - no description returned,1766501421.6340542
fractal_06179.png,"**fractal_06179.png**: Intricate, overlapping swirling curves in a dark background, with dominant purple and pink hues, creating a chaotic yet symmetrical structure. The color palette blends deep purples with soft pinks, accented by faint green highlights. Texture is wispy and fluid, resembling smoke or nebular clouds. Abstractly, it evokes a cosmic nebula, with its tangled, luminous filaments.",1766501473.7170172
fractal_08770.png,"**fractal_08770.png**: Concentric, looped circular patterns in a dark background, with a dominant purple glow. The form is symmetrical and smooth, with thin, glowing lines forming a ring-like structure. Color palette is monochromatic purple, with subtle variations in brightness. Texture is smooth and luminous, like a glowing pendant or ring. Abstractly, it resembles a piece of jewelry, such as a circular brooch.",1766501473.717019
fractal_05269.png,"**fractal_05269.png**: Tangled, chaotic lines in a dark background, with green and purple accents. The form is asymmetrical and fragmented, with overlapping, jagged edges. Color palette includes muted greens, purples, and dark brown tones. Texture is rough and fragmented, like abstracted rock or bark. Abstractly, it resembles a burst of abstract smoke or a fragmented organic form.",1766501473.7170203
fractal_08072.png,"**fractal_08072.png**: Dynamic, swirling spiral in a dark background",1766501473.717021
fractal_01673.png,Classification failed - no description returned,1766501473.7170217
fractal_08825.png,Classification failed - no description returned,1766501473.7170224
fractal_07665.png,Classification failed - no description returned,1766501473.7170234
fractal_08815.png,Classification failed - no description returned,1766501473.7170243
fractal_00556.png,Classification failed - no description returned,1766501473.717025
fractal_02445.png,Classification failed - no description returned,1766501473.7170255
fractal_07978.png,Classification failed - no description returned,1766501473.7170262
fractal_03637.png,Classification failed - no description returned,1766501473.7170272
fractal_05595.png,Classification failed - no description returned,1766501473.7170277
fractal_00941.png,Classification failed - no description returned,1766501473.7170281
fractal_08155.png,Classification failed - no description returned,1766501473.7170289
fractal_05301.png,Classification failed - no description returned,1766501473.7170293
fractal_01050.png,Classification failed - no description returned,1766501473.71703
fractal_08166.png,Classification failed - no description returned,1766501473.7170312
fractal_01815.png,Classification failed - no description returned,1766501473.717032
fractal_02680.png,Classification failed - no description returned,1766501473.7170324
fractal_02578.png,Classification failed - no description returned,1766501473.717033
fractal_09822.png,Classification failed - no description returned,1766501473.7170334
fractal_05570.png,Classification failed - no description returned,1766501473.7170346
fractal_04527.png,Classification failed - no description returned,1766501473.7170355
fractal_09244.png,Classification failed - no description returned,1766501473.717036
fractal_04443.png,Classification failed - no description returned,1766501473.7170365
fractal_09924.png,Classification failed - no description returned,1766501473.7170372
fractal_09894.png,Classification failed - no description returned,1766501473.7170382
fractal_06935.png,Classification failed - no description returned,1766501473.7170389
fractal_07851.png,Classification failed - no description returned,1766501473.7170405
fractal_06427.png,Classification failed - no description returned,1766501473.7170413
fractal_08232.png,Classification failed - no description returned,1766501473.7170424
fractal_05530.png,Classification failed - no description returned,1766501473.717043
fractal_07023.png,Classification failed - no description returned,1766501473.7170436
fractal_04090.png,Classification failed - no description returned,1766501473.7170446
fractal_04633.png,Classification failed - no description returned,1766501473.717045
fractal_08187.png,Classification failed - no description returned,1766501473.7170458
fractal_09172.png,Classification failed - no description returned,1766501473.7170465
fractal_02993.png,Classification failed - no description returned,1766501473.7170477
fractal_05828.png,Classification failed - no description returned,1766501473.7170486
fractal_09681.png,Classification failed - no description returned,1766501473.7170494
fractal_00992.png,Classification failed - no description returned,1766501473.7170503
fractal_02171.png,Classification failed - no description returned,1766501473.717051
fractal_09680.png,Classification failed - no description returned,1766501473.7170522
fractal_04718.png,Classification failed - no description returned,1766501473.7170527
fractal_09632.png,Classification failed - no description returned,1766501473.7170537
fractal_03000.png,Classification failed - no description returned,1766501473.7170544
fractal_07884.png,Classification failed - no description returned,1766501473.7170553
fractal_07528.png,Classification failed - no description returned,1766501473.7170558
fractal_04462.png,Classification failed - no description returned,1766501534.478933
fractal_06795.png,Classification failed - no description returned,1766501534.4789352
fractal_05513.png,Classification failed - no description returned,1766501534.478936
fractal_05957.png,Classification failed - no description returned,1766501534.4789367
fractal_05915.png,Classification failed - no description returned,1766501534.4789374
fractal_07451.png,Classification failed - no description returned,1766501534.4789379
fractal_01479.png,Classification failed - no description returned,1766501534.4789388
fractal_08994.png,Classification failed - no description returned,1766501534.4789393
fractal_09663.png,Classification failed - no description returned,1766501534.4789402
fractal_07230.png,Classification failed - no description returned,1766501534.4789407
fractal_03702.png,Classification failed - no description returned,1766501534.4789412
fractal_00235.png,Classification failed - no description returned,1766501534.478942
fractal_03316.png,Classification failed - no description returned,1766501534.4789424
fractal_02029.png,Classification failed - no description returned,1766501534.4789433
fractal_04758.png,Classification failed - no description returned,1766501534.4789443
fractal_02365.png,Classification failed - no description returned,1766501534.478945
fractal_03424.png,Classification failed - no description returned,1766501534.4789455
fractal_04625.png,Classification failed - no description returned,1766501534.4789464
fractal_02090.png,Classification failed - no description returned,1766501534.4789476
fractal_01240.png,Classification failed - no description returned,1766501534.4789479
fractal_06734.png,Classification failed - no description returned,1766501534.4789486
fractal_08262.png,Classification failed - no description returned,1766501534.4789493
fractal_07944.png,Classification failed - no description returned,1766501534.4789505
fractal_05803.png,Classification failed - no description returned,1766501534.4789512
fractal_07413.png,Classification failed - no description returned,1766501534.4789517
fractal_00643.png,Classification failed - no description returned,1766501534.4789524
fractal_06689.png,Classification failed - no description returned,1766501534.478953
fractal_03308.png,Classification failed - no description returned,1766501534.4789534
fractal_01882.png,Classification failed - no description returned,1766501534.4789546
fractal_00404.png,Classification failed - no description returned,1766501534.478955
fractal_03041.png,Classification failed - no description returned,1766501534.4789557
fractal_07858.png,Classification failed - no description returned,1766501534.4789565
fractal_09164.png,Classification failed - no description returned,1766501534.478957
fractal_01845.png,Classification failed - no description returned,1766501534.4789577
fractal_07687.png,Classification failed - no description returned,1766501534.4789586
fractal_09901.png,Classification failed - no description returned,1766501534.478959
fractal_00865.png,Classification failed - no description returned,1766501534.4789598
fractal_04780.png,Classification failed - no description returned,1766501534.4789603
fractal_00228.png,Classification failed - no description returned,1766501534.478961
fractal_02636.png,Classification failed - no description returned,1766501534.4789622
fractal_09190.png,Classification failed - no description returned,1766501534.4789627
fractal_07751.png,Classification failed - no description returned,1766501534.4789634
fractal_03624.png,Classification failed - no description returned,1766501534.4789643
fractal_03117.png,Classification failed - no description returned,1766501534.478965
fractal_00201.png,Classification failed - no description returned,1766501534.4789655
fractal_03687.png,Classification failed - no description returned,1766501534.4789662
fractal_05858.png,Classification failed - no description returned,1766501534.478967
fractal_05224.png,Classification failed - no description returned,1766501534.478968
fractal_00922.png,Classification failed - no description returned,1766501534.4789684
fractal_08057.png,Classification failed - no description returned,1766501582.1069305
fractal_02816.png,Classification failed - no description returned,1766501582.1069324
fractal_08555.png,Classification failed - no description returned,1766501582.1069334
fractal_05646.png,Classification failed - no description returned,1766501582.1069348
fractal_08580.png,Classification failed - no description returned,1766501582.106936
fractal_06200.png,Classification failed - no description returned,1766501582.106937
fractal_03119.png,Classification failed - no description returned,1766501582.1069376
fractal_05904.png,Classification failed - no description returned,1766501582.1069381
fractal_00714.png,Classification failed - no description returned,1766501582.1069388
fractal_04913.png,Classification failed - no description returned,1766501582.1069393
fractal_01093.png,Classification failed - no description returned,1766501582.1069403
fractal_09486.png,Classification failed - no description returned,1766501582.1069407
fractal_04446.png,Classification failed - no description returned,1766501582.1069415
fractal_07215.png,Classification failed - no description returned,1766501582.1069427
fractal_07280.png,Classification failed - no description returned,1766501582.1069438
fractal_06192.png,Classification failed - no description returned,1766501582.1069443
fractal_00779.png,Classification failed - no description returned,1766501582.1069448
fractal_01311.png,Classification failed - no description returned,1766501582.106946
fractal_03791.png,Classification failed - no description returned,1766501582.1069472
fractal_08989.png,Classification failed - no description returned,1766501582.106948
fractal_06694.png,Classification failed - no description returned,1766501582.1069486
fractal_06315.png,Classification failed - no description returned,1766501582.1069493
fractal_09325.png,Classification failed - no description returned,1766501582.10695
fractal_01546.png,Classification failed - no description returned,1766501582.106951
fractal_07371.png,Classification failed - no description returned,1766501582.1069517
fractal_09163.png,Classification failed - no description returned,1766501582.1069524
fractal_00665.png,Classification failed - no description returned,1766501582.106954
fractal_03302.png,Classification failed - no description returned,1766501582.106955
fractal_09668.png,Classification failed - no description returned,1766501582.1069558
fractal_05223.png,Classification failed - no description returned,1766501582.1069567
fractal_01983.png,Classification failed - no description returned,1766501582.1069577
fractal_05356.png,Classification failed - no description returned,1766501582.106959
fractal_02304.png,Classification failed - no description returned,1766501582.1069598
fractal_06713.png,Classification failed - no description returned,1766501582.106961
fractal_07073.png,Classification failed - no description returned,1766501582.106962
fractal_03672.png,Classification failed - no description returned,1766501582.1069632
fractal_04111.png,Classification failed - no description returned,1766501582.106964
fractal_02556.png,Classification failed - no description returned,1766501582.1069658
fractal_05414.png,Classification failed - no description returned,1766501582.1069663
fractal_07134.png,Classification failed - no description returned,1766501582.106967
fractal_02585.png,Classification failed - no description returned,1766501582.1069674
fractal_04750.png,Classification failed - no description returned,1766501582.1069689
fractal_02777.png,Classification failed - no description returned,1766501582.1069698
fractal_05808.png,Classification failed - no description returned,1766501582.1069705
fractal_03762.png,Classification failed - no description returned,1766501582.106971
fractal_06948.png,Classification failed - no description returned,1766501582.1069722
fractal_09389.png,Classification failed - no description returned,1766501582.1069732
fractal_09447.png,Classification failed - no description returned,1766501582.1069736
fractal_02829.png,Classification failed - no description returned,1766501582.106975
fractal_01994.png,Classification failed - no description returned,1766501635.95478
fractal_07666.png,Classification failed - no description returned,1766501635.9547822
fractal_04997.png,Classification failed - no description returned,1766501635.9547832
fractal_06501.png,Classification failed - no description returned,1766501635.9547837
fractal_07017.png,Classification failed - no description returned,1766501635.9547844
fractal_06547.png,Classification failed - no description returned,1766501635.9547853
fractal_01127.png,Classification failed - no description returned,1766501635.954786
fractal_06080.png,Classification failed - no description returned,1766501635.9547868
fractal_04342.png,Classification failed - no description returned,1766501635.9547873
fractal_04144.png,Classification failed - no description returned,1766501635.9547882
fractal_03784.png,Classification failed - no description returned,1766501635.9547892
fractal_09831.png,Classification failed - no description returned,1766501635.9547899
fractal_04482.png,Classification failed - no description returned,1766501635.9547908
fractal_04091.png,Classification failed - no description returned,1766501635.9547918
fractal_00163.png,Classification failed - no description returned,1766501635.9547923
fractal_08266.png,Classification failed - no description returned,1766501635.9547932
fractal_03061.png,Classification failed - no description returned,1766501635.9547942
fractal_08964.png,Classification failed - no description returned,1766501635.9547951
fractal_09826.png,Classification failed - no description returned,1766501635.954796
fractal_07069.png,Classification failed - no description returned,1766501635.9547968
fractal_00132.png,Classification failed - no description returned,1766501635.9547975
fractal_06966.png,Classification failed - no description returned,1766501635.954799
fractal_08886.png,Classification failed - no description returned,1766501635.9548
fractal_00902.png,Classification failed - no description returned,1766501635.9548004
fractal_09166.png,Classification failed - no description returned,1766501635.9548013
fractal_03152.png,Classification failed - no description returned,1766501635.9548025
fractal_05375.png,Classification failed - no description returned,1766501635.9548035
fractal_08212.png,Classification failed - no description returned,1766501635.9548042
fractal_01195.png,Classification failed - no description returned,1766501635.954805
fractal_09322.png,Classification failed - no description returned,1766501635.9548059
fractal_02393.png,Classification failed - no description returned,1766501635.9548066
fractal_08307.png,Classification failed - no description returned,1766501635.9548075
fractal_06054.png,Classification failed - no description returned,1766501635.9548082
fractal_06528.png,Classification failed - no description returned,1766501635.9548092
fractal_09360.png,Classification failed - no description returned,1766501635.95481
fractal_07130.png,Classification failed - no description returned,1766501635.9548106
fractal_07725.png,Classification failed - no description returned,1766501635.9548113
fractal_04716.png,Classification failed - no description returned,1766501635.954812
fractal_08110.png,Classification failed - no description returned,1766501635.954813
fractal_09849.png,Classification failed - no description returned,1766501635.9548142
fractal_02296.png,Classification failed - no description returned,1766501635.954815
fractal_02785.png,Classification failed - no description returned,1766501635.9548156
fractal_00863.png,Classification failed - no description returned,1766501635.9548168
fractal_01287.png,Classification failed - no description returned,1766501635.9548175
fractal_02583.png,Classification failed - no description returned,1766501635.9548185
fractal_01679.png,Classification failed - no description returned,1766501635.9548194
fractal_07060.png,Classification failed - no description returned,1766501635.9548202
fractal_01792.png,Classification failed - no description returned,1766501635.9548209
fractal_09331.png,Classification failed - no description returned,1766501635.9548216
fractal_00986.png,Classification failed - no description returned,1766501694.4796026
fractal_09316.png,Classification failed - no description returned,1766501694.4796045
fractal_02366.png,Classification failed - no description returned,1766501694.479605
fractal_02844.png,Classification failed - no description returned,1766501694.4796052
fractal_04319.png,Classification failed - no description returned,1766501694.4796064
fractal_06453.png,Classification failed - no description returned,1766501694.4796069
fractal_03852.png,Classification failed - no description returned,1766501694.479607
fractal_00407.png,Classification failed - no description returned,1766501694.4796076
fractal_07589.png,Classification failed - no description returned,1766501694.4796083
fractal_00738.png,Classification failed - no description returned,1766501694.4796088
fractal_00398.png,Classification failed - no description returned,1766501694.4796095
fractal_09867.png,Classification failed - no description returned,1766501694.4796107
fractal_08378.png,Classification failed - no description returned,1766501694.4796112
fractal_01015.png,Classification failed - no description returned,1766501694.4796116
fractal_01656.png,Classification failed - no description returned,1766501694.479612
fractal_04220.png,Classification failed - no description returned,1766501694.4796126
fractal_08787.png,Classification failed - no description returned,1766501694.4796135
fractal_01720.png,Classification failed - no description returned,1766501694.4796138
fractal_09948.png,Classification failed - no description returned,1766501694.4796145
fractal_04049.png,Classification failed - no description returned,1766501694.4796152
fractal_02183.png,Classification failed - no description returned,1766501694.4796157
fractal_00999.png,Classification failed - no description returned,1766501694.4796162
fractal_04962.png,Classification failed - no description returned,1766501694.4796169
fractal_03877.png,Classification failed - no description returned,1766501694.4796174
fractal_02911.png,Classification failed - no description returned,1766501694.4796183
fractal_05157.png,Classification failed - no description returned,1766501694.479619
fractal_04978.png,Classification failed - no description returned,1766501694.4796197
fractal_02473.png,Classification failed - no description returned,1766501694.4796205
fractal_05279.png,Classification failed - no description returned,1766501694.4796212
fractal_01894.png,Classification failed - no description returned,1766501694.479622
fractal_02004.png,Classification failed - no description returned,1766501694.4796226
fractal_05711.png,Classification failed - no description returned,1766501694.4796233
fractal_04030.png,Classification failed - no description returned,1766501694.4796238
fractal_04848.png,Classification failed - no description returned,1766501694.4796243
fractal_02023.png,Classification failed - no description returned,1766501694.4796252
fractal_07254.png,Classification failed - no description returned,1766501694.4796255
fractal_09381.png,Classification failed - no description returned,1766501694.4796264
fractal_08755.png,Classification failed - no description returned,1766501694.4796267
fractal_03357.png,Classification failed - no description returned,1766501694.4796276
fractal_04597.png,Classification failed - no description returned,1766501694.479628
fractal_06098.png,Classification failed - no description returned,1766501694.4796286
fractal_09272.png,Classification failed - no description returned,1766501694.479629
fractal_00733.png,Classification failed - no description returned,1766501694.4796298
fractal_02513.png,Classification failed - no description returned,1766501694.4796307
fractal_07470.png,Classification failed - no description returned,1766501694.4796314
fractal_09764.png,Classification failed - no description returned,1766501694.479632
fractal_09733.png,Classification failed - no description returned,1766501694.4796326
fractal_07596.png,Classification failed - no description returned,1766501694.4796336
fractal_02123.png,Classification failed - no description returned,1766501694.4796345
fractal_08050.png,Classification failed - no description returned,1766501761.8699589
fractal_01523.png,Classification failed - no description returned,1766501761.8699615
fractal_01328.png,Classification failed - no description returned,1766501761.869962
fractal_06845.png,Classification failed - no description returned,1766501761.8699625
fractal_08945.png,Classification failed - no description returned,1766501761.869963
fractal_07209.png,Classification failed - no description returned,1766501761.8699634
fractal_09000.png,Classification failed - no description returned,1766501761.8699646
fractal_03657.png,Classification failed - no description returned,1766501761.869965
fractal_08953.png,Classification failed - no description returned,1766501761.8699656
fractal_06510.png,Classification failed - no description returned,1766501761.869966
fractal_05150.png,Classification failed - no description returned,1766501761.8699667
fractal_08101.png,Classification failed - no description returned,1766501761.8699675
fractal_02688.png,Classification failed - no description returned,1766501761.8699682
fractal_05873.png,Classification failed - no description returned,1766501761.8699691
fractal_05402.png,Classification failed - no description returned,1766501761.8699698
fractal_08715.png,Classification failed - no description returned,1766501761.8699708
fractal_00082.png,Classification failed - no description returned,1766501761.8699715
fractal_05892.png,Classification failed - no description returned,1766501761.8699722
fractal_02519.png,Classification failed - no description returned,1766501761.8699727
fractal_02751.png,Classification failed - no description returned,1766501761.8699744
fractal_02817.png,Classification failed - no description returned,1766501761.869975
fractal_09019.png,Classification failed - no description returned,1766501761.8699756
fractal_09497.png,Classification failed - no description returned,1766501761.8699765
fractal_06400.png,Classification failed - no description returned,1766501761.8699772
fractal_05814.png,Classification failed - no description returned,1766501761.869978
fractal_03383.png,Classification failed - no description returned,1766501761.8699784
fractal_08160.png,Classification failed - no description returned,1766501761.8699791
fractal_06917.png,Classification failed - no description returned,1766501761.8699799
fractal_09141.png,Classification failed - no description returned,1766501761.8699806
fractal_06747.png,Classification failed - no description returned,1766501761.8699815
fractal_04121.png,Classification failed - no description returned,1766501761.8699822
fractal_02620.png,Classification failed - no description returned,1766501761.869983
fractal_02239.png,Classification failed - no description returned,1766501761.8699832
fractal_08938.png,Classification failed - no description returned,1766501761.8699841
fractal_02050.png,Classification failed - no description returned,1766501761.869985
fractal_01635.png,Classification failed - no description returned,1766501761.8699856
fractal_08059.png,Classification failed - no description returned,1766501761.869986
fractal_02178.png,Classification failed - no description returned,1766501761.8699868
fractal_08650.png,Classification failed - no description returned,1766501761.8699875
fractal_02522.png,Classification failed - no description returned,1766501761.8699884
fractal_09182.png,Classification failed - no description returned,1766501761.869989
fractal_08476.png,Classification failed - no description returned,1766501761.8699896
fractal_08145.png,Classification failed - no description returned,1766501761.8699903
fractal_07244.png,Classification failed - no description returned,1766501761.8699908
fractal_08295.png,Classification failed - no description returned,1766501761.8699918
fractal_00527.png,Classification failed - no description returned,1766501761.8699927
fractal_02298.png,Classification failed - no description returned,1766501761.8699932
fractal_08747.png,Classification failed - no description returned,1766501761.869994
fractal_04837.png,Classification failed - no description returned,1766501761.8699944
fractal_03988.png,Classification failed - no description returned,1766501821.1578162
fractal_04824.png,Classification failed - no description returned,1766501821.1578183
fractal_00452.png,Classification failed - no description returned,1766501821.1578197
fractal_05690.png,Classification failed - no description returned,1766501821.1578205
fractal_02947.png,Classification failed - no description returned,1766501821.157821
fractal_01163.png,Classification failed - no description returned,1766501821.1578217
fractal_05382.png,Classification failed - no description returned,1766501821.157822
fractal_09082.png,Classification failed - no description returned,1766501821.1578224
fractal_04806.png,Classification failed - no description returned,1766501821.1578233
fractal_00219.png,Classification failed - no description returned,1766501821.157824
fractal_07277.png,Classification failed - no description returned,1766501821.157825
fractal_03639.png,Classification failed - no description returned,1766501821.1578257
fractal_05753.png,Classification failed - no description returned,1766501821.1578262
fractal_01177.png,Classification failed - no description returned,1766501821.157827
fractal_01243.png,Classification failed - no description returned,1766501821.1578276
fractal_07960.png,Classification failed - no description returned,1766501821.157828
fractal_00403.png,Classification failed - no description returned,1766501821.1578286
fractal_09580.png,Classification failed - no description returned,1766501821.15783
fractal_03174.png,Classification failed - no description returned,1766501821.1578307
fractal_06802.png,Classification failed - no description returned,1766501821.1578321
fractal_01563.png,Classification failed - no description returned,1766501821.1578329
fractal_06150.png,Classification failed - no description returned,1766501821.1578336
fractal_01524.png,Classification failed - no description returned,1766501821.1578343
fractal_03532.png,Classification failed - no description returned,1766501821.1578348
fractal_07025.png,Classification failed - no description returned,1766501821.1578352
fractal_05350.png,Classification failed - no description returned,1766501821.157836
fractal_03254.png,Classification failed - no description returned,1766501821.157837
fractal_02769.png,Classification failed - no description returned,1766501821.1578376
fractal_01101.png,Classification failed - no description returned,1766501821.157838
fractal_03855.png,Classification failed - no description returned,1766501821.1578386
fractal_08363.png,Classification failed - no description returned,1766501821.157839
fractal_08681.png,Classification failed - no description returned,1766501821.1578398
fractal_08741.png,Classification failed - no description returned,1766501821.1578407
fractal_07247.png,Classification failed - no description returned,1766501821.1578417
fractal_08391.png,Classification failed - no description returned,1766501821.1578424
fractal_04662.png,Classification failed - no description returned,1766501821.1578429
fractal_02930.png,Classification failed - no description returned,1766501821.1578434
fractal_05165.png,Classification failed - no description returned,1766501821.157844
fractal_02612.png,Classification failed - no description returned,1766501821.1578453
fractal_03511.png,Classification failed - no description returned,1766501821.1578457
fractal_07968.png,Classification failed - no description returned,1766501821.1578462
fractal_01977.png,Classification failed - no description returned,1766501821.157847
fractal_06920.png,Classification failed - no description returned,1766501821.157848
fractal_07837.png,Classification failed - no description returned,1766501821.157849
fractal_02362.png,Classification failed - no description returned,1766501821.1578498
fractal_09653.png,Classification failed - no description returned,1766501821.1578503
fractal_09415.png,Classification failed - no description returned,1766501821.157851
fractal_06218.png,Classification failed - no description returned,1766501821.157852
fractal_03021.png,Classification failed - no description returned,1766501821.1578526
fractal_01166.png,Classification failed - no description returned,1766501865.112443
fractal_02036.png,Classification failed - no description returned,1766501865.1124444
fractal_04567.png,Classification failed - no description returned,1766501865.1124454
fractal_08453.png,Classification failed - no description returned,1766501865.112446
fractal_02299.png,Classification failed - no description returned,1766501865.1124465
fractal_06912.png,Classification failed - no description returned,1766501865.112447
fractal_02916.png,Classification failed - no description returned,1766501865.1124475
fractal_00374.png,Classification failed - no description returned,1766501865.112448
fractal_04847.png,Classification failed - no description returned,1766501865.1124485
fractal_04643.png,Classification failed - no description returned,1766501865.1124492
fractal_09275.png,Classification failed - no description returned,1766501865.1124501
fractal_04526.png,Classification failed - no description returned,1766501865.1124506
fractal_08965.png,Classification failed - no description returned,1766501865.112451
fractal_05852.png,Classification failed - no description returned,1766501865.1124518
fractal_08369.png,Classification failed - no description returned,1766501865.1124523
fractal_09720.png,Classification failed - no description returned,1766501865.1124535
fractal_04205.png,Classification failed - no description returned,1766501865.112454
fractal_04381.png,Classification failed - no description returned,1766501865.1124544
fractal_00280.png,Classification failed - no description returned,1766501865.1124551
fractal_07115.png,Classification failed - no description returned,1766501865.1124556
fractal_08729.png,Classification failed - no description returned,1766501865.112456
fractal_01757.png,Classification failed - no description returned,1766501865.1124573
fractal_00399.png,Classification failed - no description returned,1766501865.1124578
fractal_03476.png,Classification failed - no description returned,1766501865.1124582
fractal_07604.png,Classification failed - no description returned,1766501865.112459
fractal_04554.png,Classification failed - no description returned,1766501865.1124594
fractal_07637.png,Classification failed - no description returned,1766501865.1124601
fractal_07243.png,Classification failed - no description returned,1766501865.112461
fractal_06265.png,Classification failed - no description returned,1766501865.1124618
fractal_02242.png,Classification failed - no description returned,1766501865.1124623
fractal_05455.png,Classification failed - no description returned,1766501865.1124635
fractal_07007.png,Classification failed - no description returned,1766501865.1124642
fractal_06812.png,Classification failed - no description returned,1766501865.1124651
fractal_05471.png,Classification failed - no description returned,1766501865.1124656
fractal_07648.png,Classification failed - no description returned,1766501865.1124663
fractal_00063.png,Classification failed - no description returned,1766501865.1124673
fractal_01393.png,Classification failed - no description returned,1766501865.1124678
fractal_03243.png,Classification failed - no description returned,1766501865.1124682
fractal_01755.png,Classification failed - no description returned,1766501865.112469
fractal_09994.png,Classification failed - no description returned,1766501865.1124697
fractal_04497.png,Classification failed - no description returned,1766501865.1124706
fractal_00895.png,Classification failed - no description returned,1766501865.112471
fractal_08832.png,Classification failed - no description returned,1766501865.1124718
fractal_02124.png,Classification failed - no description returned,1766501865.1124723
fractal_07343.png,Classification failed - no description returned,1766501865.112473
fractal_06076.png,Classification failed - no description returned,1766501865.112474
fractal_04943.png,Classification failed - no description returned,1766501865.1124744
fractal_01362.png,Classification failed - no description returned,1766501865.1124752
fractal_02746.png,Classification failed - no description returned,1766501865.1124759
fractal_00578.png,Classification failed - no description returned,1766501909.4923127
fractal_03407.png,Classification failed - no description returned,1766501909.4923143
fractal_00726.png,Classification failed - no description returned,1766501909.492315
fractal_02951.png,Classification failed - no description returned,1766501909.4923155
fractal_04921.png,Classification failed - no description returned,1766501909.4923165
fractal_08839.png,Classification failed - no description returned,1766501909.492317
fractal_09588.png,Classification failed - no description returned,1766501909.4923174
fractal_03845.png,Classification failed - no description returned,1766501909.4923182
fractal_08713.png,Classification failed - no description returned,1766501909.4923189
fractal_05943.png,Classification failed - no description returned,1766501909.4923196
fractal_03322.png,Classification failed - no description returned,1766501909.4923203
fractal_03796.png,Classification failed - no description returned,1766501909.4923208
fractal_06157.png,Classification failed - no description returned,1766501909.4923213
fractal_09716.png,Classification failed - no description returned,1766501909.4923222
fractal_09185.png,Classification failed - no description returned,1766501909.492323
fractal_09598.png,Classification failed - no description returned,1766501909.4923236
fractal_08089.png,Classification failed - no description returned,1766501909.492324
fractal_04463.png,Classification failed - no description returned,1766501909.4923248
fractal_01448.png,Classification failed - no description returned,1766501909.4923258
fractal_00145.png,Classification failed - no description returned,1766501909.4923267
fractal_01783.png,Classification failed - no description returned,1766501909.4923272
fractal_08677.png,Classification failed - no description returned,1766501909.4923277
fractal_01442.png,Classification failed - no description returned,1766501909.4923282
fractal_01800.png,Classification failed - no description returned,1766501909.492329
fractal_07683.png,Classification failed - no description returned,1766501909.49233
fractal_02236.png,Classification failed - no description returned,1766501909.4923308
fractal_08498.png,Classification failed - no description returned,1766501909.4923317
fractal_05461.png,Classification failed - no description returned,1766501909.4923322
fractal_05420.png,Classification failed - no description returned,1766501909.4923327
fractal_01608.png,Classification failed - no description returned,1766501909.492334
fractal_07635.png,Classification failed - no description returned,1766501909.4923346
fractal_02398.png,Classification failed - no description returned,1766501909.492335
fractal_05867.png,Classification failed - no description returned,1766501909.4923358
fractal_04170.png,Classification failed - no description returned,1766501909.4923363
fractal_01674.png,Classification failed - no description returned,1766501909.4923377
fractal_02936.png,Classification failed - no description returned,1766501909.4923384
fractal_04700.png,Classification failed - no description returned,1766501909.4923391
fractal_05529.png,Classification failed - no description returned,1766501909.4923396
fractal_01516.png,Classification failed - no description returned,1766501909.4923403
fractal_00320.png,Classification failed - no description returned,1766501909.4923413
fractal_07873.png,Classification failed - no description returned,1766501909.492342
fractal_07533.png,Classification failed - no description returned,1766501909.4923427
fractal_06025.png,Classification failed - no description returned,1766501909.4923432
fractal_07780.png,Classification failed - no description returned,1766501909.4923441
fractal_02933.png,Classification failed - no description returned,1766501909.4923446
fractal_05558.png,Classification failed - no description returned,1766501909.4923456
fractal_08452.png,Classification failed - no description returned,1766501909.492346
fractal_00052.png,Classification failed - no description returned,1766501909.4923468
fractal_07804.png,Classification failed - no description returned,1766501909.4923475
fractal_09543.png,Classification failed - no description returned,1766501957.2320087
fractal_09683.png,Classification failed - no description returned,1766501957.232011
fractal_05692.png,Classification failed - no description returned,1766501957.2320118
fractal_05248.png,Classification failed - no description returned,1766501957.2320125
fractal_02271.png,Classification failed - no description returned,1766501957.2320132
fractal_03088.png,Classification failed - no description returned,1766501957.2320142
fractal_08317.png,Classification failed - no description returned,1766501957.232015
fractal_05323.png,Classification failed - no description returned,1766501957.2320156
fractal_03350.png,Classification failed - no description returned,1766501957.2320163
fractal_05912.png,Classification failed - no description returned,1766501957.2320178
fractal_08962.png,Classification failed - no description returned,1766501957.2320185
fractal_05431.png,Classification failed - no description returned,1766501957.2320192
fractal_08817.png,Classification failed - no description returned,1766501957.23202
fractal_01090.png,Classification failed - no description returned,1766501957.2320209
fractal_01402.png,Classification failed - no description returned,1766501957.232022
fractal_07820.png,Classification failed - no description returned,1766501957.232023
fractal_03817.png,Classification failed - no description returned,1766501957.2320237
fractal_04823.png,Classification failed - no description returned,1766501957.232025
fractal_09698.png,Classification failed - no description returned,1766501957.2320259
fractal_03708.png,Classification failed - no description returned,1766501957.2320266
fractal_05516.png,Classification failed - no description returned,1766501957.2320273
fractal_06667.png,Classification failed - no description returned,1766501957.2320282
fractal_01900.png,Classification failed - no description returned,1766501957.2320292
fractal_08494.png,Classification failed - no description returned,1766501957.23203
fractal_06417.png,Classification failed - no description returned,1766501957.2320306
fractal_06094.png,Classification failed - no description returned,1766501957.2320318
fractal_04320.png,Classification failed - no description returned,1766501957.2320325
fractal_01936.png,Classification failed - no description returned,1766501957.2320335
fractal_00848.png,Classification failed - no description returned,1766501957.2320342
fractal_04989.png,Classification failed - no description returned,1766501957.2320354
fractal_02134.png,Classification failed - no description returned,1766501957.2320364
fractal_03016.png,Classification failed - no description returned,1766501957.2320375
fractal_07483.png,Classification failed - no description returned,1766501957.2320385
fractal_02412.png,Classification failed - no description returned,1766501957.2320395
fractal_03749.png,Classification failed - no description returned,1766501957.2320402
fractal_05715.png,Classification failed - no description returned,1766501957.2320406
fractal_00603.png,Classification failed - no description returned,1766501957.2320418
fractal_09315.png,Classification failed - no description returned,1766501957.2320426
fractal_04898.png,Classification failed - no description returned,1766501957.2320435
fractal_08356.png,Classification failed - no description returned,1766501957.2320442
fractal_07293.png,Classification failed - no description returned,1766501957.2320457
fractal_02881.png,Classification failed - no description returned,1766501957.2320464
fractal_05005.png,Classification failed - no description returned,1766501957.2320473
fractal_06860.png,Classification failed - no description returned,1766501957.232048
fractal_02868.png,Classification failed - no description returned,1766501957.2320492
fractal_00093.png,Classification failed - no description returned,1766501957.2320502
fractal_06546.png,Classification failed - no description returned,1766501957.232051
fractal_09869.png,Classification failed - no description returned,1766501957.2320518
fractal_09630.png,Classification failed - no description returned,1766501957.2320528
fractal_07619.png,Classification failed - no description returned,1766502012.863136
fractal_04589.png,Classification failed - no description returned,1766502012.8631387
fractal_03030.png,Classification failed - no description returned,1766502012.8631399
fractal_01117.png,Classification failed - no description returned,1766502012.8631406
fractal_02964.png,Classification failed - no description returned,1766502012.8631415
fractal_04601.png,Classification failed - no description returned,1766502012.8631427
fractal_05799.png,Classification failed - no description returned,1766502012.8631434
fractal_07097.png,Classification failed - no description returned,1766502012.863144
fractal_09115.png,Classification failed - no description returned,1766502012.8631449
fractal_09687.png,Classification failed - no description returned,1766502012.863146
fractal_04409.png,Classification failed - no description returned,1766502012.8631468
fractal_08236.png,Classification failed - no description returned,1766502012.8631477
fractal_05857.png,Classification failed - no description returned,1766502012.8631485
fractal_01275.png,Classification failed - no description returned,1766502012.8631496
fractal_02303.png,Classification failed - no description returned,1766502012.8631506
fractal_02135.png,Classification failed - no description returned,1766502012.8631516
fractal_00117.png,Classification failed - no description returned,1766502012.863153
fractal_08745.png,Classification failed - no description returned,1766502012.863154
fractal_07964.png,Classification failed - no description returned,1766502012.863155
fractal_05060.png,Classification failed - no description returned,1766502012.8631556
fractal_00447.png,Classification failed - no description returned,1766502012.8631568
fractal_07646.png,Classification failed - no description returned,1766502012.8631577
fractal_05517.png,Classification failed - no description returned,1766502012.8631585
fractal_07139.png,Classification failed - no description returned,1766502012.8631592
fractal_07631.png,Classification failed - no description returned,1766502012.8631601
fractal_04058.png,Classification failed - no description returned,1766502012.8631613
fractal_01858.png,Classification failed - no description returned,1766502012.8631623
fractal_00284.png,Classification failed - no description returned,1766502012.8631632
fractal_01338.png,Classification failed - no description returned,1766502012.863164
fractal_00295.png,Classification failed - no description returned,1766502012.8631651
fractal_05214.png,Classification failed - no description returned,1766502012.863166
fractal_05730.png,Classification failed - no description returned,1766502012.8631673
fractal_00238.png,Classification failed - no description returned,1766502012.8631682
fractal_07321.png,Classification failed - no description returned,1766502012.8631692
fractal_00583.png,Classification failed - no description returned,1766502012.8631701
fractal_08227.png,Classification failed - no description returned,1766502012.8631709
fractal_01131.png,Classification failed - no description returned,1766502012.8631716
fractal_02711.png,Classification failed - no description returned,1766502012.8631723
fractal_09988.png,Classification failed - no description returned,1766502012.8631737
fractal_09369.png,Classification failed - no description returned,1766502012.8631747
fractal_06480.png,Classification failed - no description returned,1766502012.8631754
fractal_00860.png,Classification failed - no description returned,1766502012.863176
fractal_04106.png,Classification failed - no description returned,1766502012.8631775
fractal_01272.png,Classification failed - no description returned,1766502012.8631783
fractal_02957.png,Classification failed - no description returned,1766502012.863179
fractal_07736.png,Classification failed - no description returned,1766502012.86318
fractal_08259.png,Classification failed - no description returned,1766502012.863181
fractal_00423.png,Classification failed - no description returned,1766502012.8631818
fractal_02091.png,Classification failed - no description returned,1766502012.8631825
fractal_00878.png,Classification failed - no description returned,1766502063.8182187
fractal_00354.png,Classification failed - no description returned,1766502063.8182201
fractal_04917.png,Classification failed - no description returned,1766502063.8182209
fractal_02776.png,Classification failed - no description returned,1766502063.8182213
fractal_06174.png,Classification failed - no description returned,1766502063.8182218
fractal_03944.png,Classification failed - no description returned,1766502063.8182223
fractal_09100.png,Classification failed - no description returned,1766502063.8182228
fractal_03087.png,Classification failed - no description returned,1766502063.8182235
fractal_01587.png,Classification failed - no description returned,1766502063.818224
fractal_00004.png,Classification failed - no description returned,1766502063.8182247
fractal_09762.png,Classification failed - no description returned,1766502063.8182254
fractal_07083.png,Classification failed - no description returned,1766502063.818226
fractal_05426.png,Classification failed - no description returned,1766502063.8182266
fractal_03807.png,Classification failed - no description returned,1766502063.8182275
fractal_05693.png,Classification failed - no description returned,1766502063.818228
fractal_08905.png,Classification failed - no description returned,1766502063.8182285
fractal_05106.png,Classification failed - no description returned,1766502063.8182292
fractal_07484.png,Classification failed - no description returned,1766502063.81823
fractal_08340.png,Classification failed - no description returned,1766502063.8182306
fractal_05560.png,Classification failed - no description returned,1766502063.8182313
fractal_00976.png,Classification failed - no description returned,1766502063.8182318
fractal_07934.png,Classification failed - no description returned,1766502063.8182323
fractal_09073.png,Classification failed - no description returned,1766502063.8182333
fractal_06381.png,Classification failed - no description returned,1766502063.818234
fractal_04486.png,Classification failed - no description returned,1766502063.8182344
fractal_00990.png,Classification failed - no description returned,1766502063.8182352
fractal_01718.png,Classification failed - no description returned,1766502063.8182359
fractal_05787.png,Classification failed - no description returned,1766502063.8182368
fractal_04338.png,Classification failed - no description returned,1766502063.818238
fractal_03642.png,Classification failed - no description returned,1766502063.8182385
fractal_08037.png,Classification failed - no description returned,1766502063.818239
fractal_05131.png,Classification failed - no description returned,1766502063.81824
fractal_00088.png,Classification failed - no description returned,1766502063.8182411
fractal_05896.png,Classification failed - no description returned,1766502063.8182416
fractal_07005.png,Classification failed - no description returned,1766502063.8182423
fractal_01812.png,Classification failed - no description returned,1766502063.8182428
fractal_07195.png,Classification failed - no description returned,1766502063.8182435
fractal_00721.png,Classification failed - no description returned,1766502063.818244
fractal_00390.png,Classification failed - no description returned,1766502063.8182452
fractal_00462.png,Classification failed - no description returned,1766502063.818246
fractal_04099.png,Classification failed - no description returned,1766502063.8182466
fractal_09187.png,Classification failed - no description returned,1766502063.8182473
fractal_08079.png,Classification failed - no description returned,1766502063.8182483
fractal_08053.png,Classification failed - no description returned,1766502063.818249
fractal_06643.png,Classification failed - no description returned,1766502063.8182497
fractal_07298.png,Classification failed - no description returned,1766502063.8182504
fractal_07171.png,Classification failed - no description returned,1766502063.818251
fractal_05008.png,Classification failed - no description returned,1766502063.8182518
fractal_07192.png,Classification failed - no description returned,1766502063.8182528
fractal_08771.png,Classification failed - no description returned,1766502115.082988
fractal_06065.png,Classification failed - no description returned,1766502115.0829902
fractal_05562.png,Classification failed - no description returned,1766502115.0829911
fractal_08939.png,Classification failed - no description returned,1766502115.082992
fractal_01923.png,Classification failed - no description returned,1766502115.0829926
fractal_07157.png,Classification failed - no description returned,1766502115.0829935
fractal_05745.png,Classification failed - no description returned,1766502115.0829945
fractal_00850.png,Classification failed - no description returned,1766502115.082995
fractal_05812.png,Classification failed - no description returned,1766502115.082996
fractal_05242.png,Classification failed - no description returned,1766502115.0829968
fractal_02324.png,Classification failed - no description returned,1766502115.0829978
fractal_04841.png,Classification failed - no description returned,1766502115.0829985
fractal_06670.png,Classification failed - no description returned,1766502115.0829992
fractal_06502.png,Classification failed - no description returned,1766502115.0830002
fractal_00111.png,Classification failed - no description returned,1766502115.0830011
fractal_03615.png,Classification failed - no description returned,1766502115.0830019
fractal_01327.png,Classification failed - no description returned,1766502115.0830026
fractal_03522.png,Classification failed - no description returned,1766502115.0830033
fractal_09352.png,Classification failed - no description returned,1766502115.0830045
fractal_00555.png,Classification failed - no description returned,1766502115.0830057
fractal_08534.png,Classification failed - no description returned,1766502115.0830066
fractal_03202.png,Classification failed - no description returned,1766502115.0830076
fractal_00524.png,Classification failed - no description returned,1766502115.0830083
fractal_00821.png,Classification failed - no description returned,1766502115.0830092
fractal_02306.png,Classification failed - no description returned,1766502115.0830102
fractal_09647.png,Classification failed - no description returned,1766502115.0830114
fractal_05104.png,Classification failed - no description returned,1766502115.0830123
fractal_08257.png,Classification failed - no description returned,1766502115.083013
fractal_07396.png,Classification failed - no description returned,1766502115.0830142
fractal_06836.png,Classification failed - no description returned,1766502115.0830152
fractal_03990.png,Classification failed - no description returned,1766502115.083016
fractal_05372.png,Classification failed - no description returned,1766502115.0830169
fractal_06973.png,Classification failed - no description returned,1766502115.0830183
fractal_03461.png,Classification failed - no description returned,1766502115.083019
fractal_06339.png,Classification failed - no description returned,1766502115.08302
fractal_02177.png,Classification failed - no description returned,1766502115.0830212
fractal_03375.png,Classification failed - no description returned,1766502115.083022
fractal_00826.png,Classification failed - no description returned,1766502115.0830228
fractal_07636.png,Classification failed - no description returned,1766502115.0830238
fractal_08655.png,Classification failed - no description returned,1766502115.0830247
fractal_05797.png,Classification failed - no description returned,1766502115.083026
fractal_05680.png,Classification failed - no description returned,1766502115.083027
fractal_02745.png,Classification failed - no description returned,1766502115.0830283
fractal_02197.png,Classification failed - no description returned,1766502115.083029
fractal_09552.png,Classification failed - no description returned,1766502115.08303
fractal_01288.png,Classification failed - no description returned,1766502115.0830312
fractal_06992.png,Classification failed - no description returned,1766502115.0830321
fractal_08951.png,Classification failed - no description returned,1766502115.0830338
fractal_03274.png,Classification failed - no description returned,1766502115.0830345
fractal_03159.png,Classification failed - no description returned,1766502161.1523113
fractal_03834.png,Classification failed - no description returned,1766502161.1523137
fractal_03494.png,Classification failed - no description returned,1766502161.1523147
fractal_08697.png,Classification failed - no description returned,1766502161.1523151
fractal_05687.png,Classification failed - no description returned,1766502161.1523159
fractal_06110.png,Classification failed - no description returned,1766502161.152317
fractal_07259.png,Classification failed - no description returned,1766502161.1523178
fractal_07087.png,Classification failed - no description returned,1766502161.1523185
fractal_07583.png,Classification failed - no description returned,1766502161.1523192
fractal_06390.png,Classification failed - no description returned,1766502161.1523206
fractal_06328.png,Classification failed - no description returned,1766502161.1523213
fractal_06348.png,Classification failed - no description returned,1766502161.152322
fractal_09655.png,Classification failed - no description returned,1766502161.152323
fractal_05410.png,Classification failed - no description returned,1766502161.1523237
fractal_03426.png,Classification failed - no description returned,1766502161.1523252
fractal_06878.png,Classification failed - no description returned,1766502161.1523259
fractal_03305.png,Classification failed - no description returned,1766502161.1523268
fractal_09999.png,Classification failed - no description returned,1766502161.1523278
fractal_03559.png,Classification failed - no description returned,1766502161.1523287
fractal_04161.png,Classification failed - no description returned,1766502161.1523294
fractal_04248.png,Classification failed - no description returned,1766502161.1523302
fractal_04009.png,Classification failed - no description returned,1766502161.152331
fractal_02801.png,Classification failed - no description returned,1766502161.1523325
fractal_07844.png,Classification failed - no description returned,1766502161.1523333
fractal_01522.png,Classification failed - no description returned,1766502161.152334
fractal_08748.png,Classification failed - no description returned,1766502161.152335
fractal_06817.png,Classification failed - no description returned,1766502161.152336
fractal_07516.png,Classification failed - no description returned,1766502161.1523366
fractal_06832.png,Classification failed - no description returned,1766502161.1523376
fractal_03748.png,Classification failed - no description returned,1766502161.1523385
fractal_07898.png,Classification failed - no description returned,1766502161.1523395
fractal_07682.png,Classification failed - no description returned,1766502161.1523404
fractal_06965.png,Classification failed - no description returned,1766502161.1523414
fractal_00329.png,Classification failed - no description returned,1766502161.152342
fractal_01294.png,Classification failed - no description returned,1766502161.1523428
fractal_05747.png,Classification failed - no description returned,1766502161.1523435
fractal_04788.png,Classification failed - no description returned,1766502161.152345
fractal_02230.png,Classification failed - no description returned,1766502161.1523457
fractal_03608.png,Classification failed - no description returned,1766502161.1523466
fractal_09891.png,Classification failed - no description returned,1766502161.1523476
fractal_02155.png,Classification failed - no description returned,1766502161.1523485
fractal_04950.png,Classification failed - no description returned,1766502161.1523495
fractal_07699.png,Classification failed - no description returned,1766502161.1523504
fractal_04843.png,Classification failed - no description returned,1766502161.1523514
fractal_03994.png,Classification failed - no description returned,1766502161.152352
fractal_02599.png,Classification failed - no description returned,1766502161.1523528
fractal_04920.png,Classification failed - no description returned,1766502161.1523535
fractal_09949.png,Classification failed - no description returned,1766502161.1523547
fractal_09929.png,Classification failed - no description returned,1766502161.152356
fractal_04029.png,Classification failed - no description returned,1766502207.6281073
fractal_01322.png,Classification failed - no description returned,1766502207.6281092
fractal_08515.png,Classification failed - no description returned,1766502207.6281102
fractal_03858.png,Classification failed - no description returned,1766502207.6281106
fractal_02689.png,Classification failed - no description returned,1766502207.6281111
fractal_00444.png,Classification failed - no description returned,1766502207.6281118
fractal_02528.png,Classification failed - no description returned,1766502207.6281123
fractal_01444.png,Classification failed - no description returned,1766502207.6281128
fractal_04670.png,Classification failed - no description returned,1766502207.6281137
fractal_05427.png,Classification failed - no description returned,1766502207.6281142
fractal_08887.png,Classification failed - no description returned,1766502207.628115
fractal_02390.png,Classification failed - no description returned,1766502207.6281157
fractal_07196.png,Classification failed - no description returned,1766502207.6281164
fractal_07824.png,Classification failed - no description returned,1766502207.628117
fractal_00786.png,Classification failed - no description returned,1766502207.6281176
fractal_03682.png,Classification failed - no description returned,1766502207.628118
fractal_01893.png,Classification failed - no description returned,1766502207.6281188
fractal_01313.png,Classification failed - no description returned,1766502207.6281197
fractal_00034.png,Classification failed - no description returned,1766502207.6281204
fractal_04720.png,Classification failed - no description returned,1766502207.6281211
fractal_05154.png,Classification failed - no description returned,1766502207.6281216
fractal_01003.png,Classification failed - no description returned,1766502207.628122
fractal_06876.png,Classification failed - no description returned,1766502207.6281228
fractal_08927.png,Classification failed - no description returned,1766502207.628124
fractal_02627.png,Classification failed - no description returned,1766502207.6281247
fractal_08252.png,Classification failed - no description returned,1766502207.6281252
fractal_04637.png,Classification failed - no description returned,1766502207.6281261
fractal_06725.png,Classification failed - no description returned,1766502207.6281273
fractal_03306.png,Classification failed - no description returned,1766502207.628128
fractal_09708.png,Classification failed - no description returned,1766502207.628129
fractal_04292.png,Classification failed - no description returned,1766502207.6281297
fractal_09391.png,Classification failed - no description returned,1766502207.6281302
fractal_00215.png,Classification failed - no description returned,1766502207.628131
fractal_03107.png,Classification failed - no description returned,1766502207.6281319
fractal_07340.png,Classification failed - no description returned,1766502207.6281326
fractal_05075.png,Classification failed - no description returned,1766502207.6281333
fractal_02972.png,Classification failed - no description returned,1766502207.6281343
fractal_08576.png,Classification failed - no description returned,1766502207.6281347
fractal_00162.png,Classification failed - no description returned,1766502207.628136
fractal_03959.png,Classification failed - no description returned,1766502207.6281364
fractal_09835.png,Classification failed - no description returned,1766502207.6281369
fractal_08811.png,Classification failed - no description returned,1766502207.6281376
fractal_08597.png,Classification failed - no description returned,1766502207.6281383
fractal_02563.png,Classification failed - no description returned,1766502207.6281388
fractal_05540.png,Classification failed - no description returned,1766502207.6281395
fractal_03921.png,Classification failed - no description returned,1766502207.6281402
fractal_03419.png,Classification failed - no description returned,1766502207.6281414
fractal_09372.png,Classification failed - no description returned,1766502207.6281419
fractal_02024.png,Classification failed - no description returned,1766502207.6281426
fractal_09041.png,Classification failed - no description returned,1766502251.9293962
fractal_02847.png,Classification failed - no description returned,1766502251.929398
fractal_04402.png,Classification failed - no description returned,1766502251.929399
fractal_00948.png,Classification failed - no description returned,1766502251.9294
fractal_06228.png,Classification failed - no description returned,1766502251.929401
fractal_05965.png,Classification failed - no description returned,1766502251.9294016
fractal_06874.png,Classification failed - no description returned,1766502251.929402
fractal_04353.png,Classification failed - no description returned,1766502251.9294028
fractal_09539.png,Classification failed - no description returned,1766502251.929404
fractal_08976.png,Classification failed - no description returned,1766502251.929405
fractal_09446.png,Classification failed - no description returned,1766502251.929406
fractal_09470.png,Classification failed - no description returned,1766502251.9294066
fractal_09521.png,Classification failed - no description returned,1766502251.9294076
fractal_03017.png,Classification failed - no description returned,1766502251.9294086
fractal_00058.png,Classification failed - no description returned,1766502251.929409
fractal_09238.png,Classification failed - no description returned,1766502251.92941
fractal_05716.png,Classification failed - no description returned,1766502251.929411
fractal_09546.png,Classification failed - no description returned,1766502251.9294116
fractal_00809.png,Classification failed - no description returned,1766502251.9294124
fractal_01259.png,Classification failed - no description returned,1766502251.929413
fractal_03256.png,Classification failed - no description returned,1766502251.9294136
fractal_02402.png,Classification failed - no description returned,1766502251.9294145
fractal_08961.png,Classification failed - no description returned,1766502251.9294155
fractal_01622.png,Classification failed - no description returned,1766502251.9294164
fractal_05851.png,Classification failed - no description returned,1766502251.9294171
fractal_08175.png,Classification failed - no description returned,1766502251.9294183
fractal_04047.png,Classification failed - no description returned,1766502251.9294195
fractal_00382.png,Classification failed - no description returned,1766502251.9294202
fractal_05850.png,Classification failed - no description returned,1766502251.9294214
fractal_07984.png,Classification failed - no description returned,1766502251.929422
fractal_01764.png,Classification failed - no description returned,1766502251.929423
fractal_05440.png,Classification failed - no description returned,1766502251.929424
fractal_08454.png,Classification failed - no description returned,1766502251.9294245
fractal_06411.png,Classification failed - no description returned,1766502251.9294257
fractal_03792.png,Classification failed - no description returned,1766502251.929427
fractal_00674.png,Classification failed - no description returned,1766502251.9294276
fractal_00387.png,Classification failed - no description returned,1766502251.9294286
fractal_03752.png,Classification failed - no description returned,1766502251.9294293
fractal_07513.png,Classification failed - no description returned,1766502251.92943
fractal_07128.png,Classification failed - no description returned,1766502251.9294314
fractal_08513.png,Classification failed - no description returned,1766502251.9294322
fractal_04023.png,Classification failed - no description returned,1766502251.929433
fractal_03912.png,Classification failed - no description returned,1766502251.929434
fractal_00389.png,Classification failed - no description returned,1766502251.9294353
fractal_03145.png,Classification failed - no description returned,1766502251.929436
fractal_06408.png,Classification failed - no description returned,1766502251.9294367
fractal_02811.png,Classification failed - no description returned,1766502251.9294374
fractal_09221.png,Classification failed - no description returned,1766502251.9294388
fractal_03271.png,Classification failed - no description returned,1766502251.9294395
fractal_07262.png,Classification failed - no description returned,1766502294.0798924
fractal_01321.png,Classification failed - no description returned,1766502294.0798943
fractal_03991.png,Classification failed - no description returned,1766502294.0798953
fractal_06259.png,Classification failed - no description returned,1766502294.079896
fractal_00192.png,Classification failed - no description returned,1766502294.0798967
fractal_07870.png,Classification failed - no description returned,1766502294.0798974
fractal_01225.png,Classification failed - no description returned,1766502294.0798979
fractal_03533.png,Classification failed - no description returned,1766502294.0798984
fractal_00645.png,Classification failed - no description returned,1766502294.079899
fractal_09889.png,Classification failed - no description returned,1766502294.0799003
fractal_06512.png,Classification failed - no description returned,1766502294.0799007
fractal_08186.png,Classification failed - no description returned,1766502294.0799015
fractal_06319.png,Classification failed - no description returned,1766502294.079902
fractal_06543.png,Classification failed - no description returned,1766502294.0799026
fractal_08056.png,Classification failed - no description returned,1766502294.0799036
fractal_09530.png,Classification failed - no description returned,1766502294.079904
fractal_04732.png,Classification failed - no description returned,1766502294.0799046
fractal_06974.png,Classification failed - no description returned,1766502294.0799053
fractal_01416.png,Classification failed - no description returned,1766502294.0799062
fractal_04473.png,Classification failed - no description returned,1766502294.0799067
fractal_00339.png,Classification failed - no description returned,1766502294.0799074
fractal_03258.png,Classification failed - no description returned,1766502294.079908
fractal_05430.png,Classification failed - no description returned,1766502294.0799086
fractal_07737.png,Classification failed - no description returned,1766502294.079909
fractal_03713.png,Classification failed - no description returned,1766502294.0799098
fractal_04708.png,Classification failed - no description returned,1766502294.079911
fractal_05041.png,Classification failed - no description returned,1766502294.0799117
fractal_01756.png,Classification failed - no description returned,1766502294.0799122
fractal_08492.png,Classification failed - no description returned,1766502294.0799127
fractal_01024.png,Classification failed - no description returned,1766502294.0799134
fractal_00011.png,Classification failed - no description returned,1766502294.0799146
fractal_03800.png,Classification failed - no description returned,1766502294.0799155
fractal_04388.png,Classification failed - no description returned,1766502294.079916
fractal_02457.png,Classification failed - no description returned,1766502294.0799167
fractal_09969.png,Classification failed - no description returned,1766502294.0799177
fractal_08636.png,Classification failed - no description returned,1766502294.0799186
fractal_07787.png,Classification failed - no description returned,1766502294.0799193
fractal_08950.png,Classification failed - no description returned,1766502294.0799198
fractal_02173.png,Classification failed - no description returned,1766502294.0799205
fractal_02031.png,Classification failed - no description returned,1766502294.0799215
fractal_03352.png,Classification failed - no description returned,1766502294.0799222
fractal_04413.png,Classification failed - no description returned,1766502294.079923
fractal_09295.png,Classification failed - no description returned,1766502294.0799234
fractal_02684.png,Classification failed - no description returned,1766502294.0799239
fractal_04422.png,Classification failed - no description returned,1766502294.0799246
fractal_02892.png,Classification failed - no description returned,1766502294.079925
fractal_03756.png,Classification failed - no description returned,1766502294.079926
fractal_06159.png,Classification failed - no description returned,1766502294.0799267
fractal_01103.png,Classification failed - no description returned,1766502294.0799272
fractal_04765.png,Classification failed - no description returned,1766502376.7918653
fractal_04474.png,Classification failed - no description returned,1766502376.79187
fractal_00884.png,Classification failed - no description returned,1766502376.7918732
fractal_01022.png,Classification failed - no description returned,1766502376.7918744
fractal_01535.png,Classification failed - no description returned,1766502376.7918756
fractal_07599.png,Classification failed - no description returned,1766502376.7918763
fractal_07466.png,Classification failed - no description returned,1766502376.7918777
fractal_04468.png,Classification failed - no description returned,1766502376.7918785
fractal_02808.png,Classification failed - no description returned,1766502376.7918813
fractal_02382.png,Classification failed - no description returned,1766502376.7918825
fractal_08963.png,Classification failed - no description returned,1766502376.7918835
fractal_00682.png,Classification failed - no description returned,1766502376.791885
fractal_06923.png,Classification failed - no description returned,1766502376.7918854
fractal_06349.png,Classification failed - no description returned,1766502376.791887
fractal_07138.png,Classification failed - no description returned,1766502376.7918892
fractal_01903.png,Classification failed - no description returned,1766502376.79189
fractal_02403.png,Classification failed - no description returned,1766502376.7918916
fractal_08657.png,Classification failed - no description returned,1766502376.791892
fractal_02946.png,Classification failed - no description returned,1766502376.7918935
fractal_05688.png,Classification failed - no description returned,1766502376.7918947
fractal_06292.png,Classification failed - no description returned,1766502376.7918963
fractal_03922.png,Classification failed - no description returned,1766502376.7918997
fractal_04521.png,Classification failed - no description returned,1766502376.7919014
fractal_09778.png,Classification failed - no description returned,1766502376.7919037
fractal_05250.png,Classification failed - no description returned,1766502376.7919042
fractal_06369.png,Classification failed - no description returned,1766502376.7919052
fractal_00105.png,Classification failed - no description returned,1766502376.7919064
fractal_07969.png,Classification failed - no description returned,1766502376.7919083
fractal_02017.png,Classification failed - no description returned,1766502376.791909
fractal_01265.png,Classification failed - no description returned,1766502376.7919114
fractal_00725.png,Classification failed - no description returned,1766502376.7919142
fractal_06012.png,Classification failed - no description returned,1766502376.7919166
fractal_09093.png,Classification failed - no description returned,1766502376.7919188
fractal_01151.png,Classification failed - no description returned,1766502376.7919195
fractal_02286.png,Classification failed - no description returned,1766502376.791921
fractal_07642.png,Classification failed - no description returned,1766502376.791923
fractal_02396.png,Classification failed - no description returned,1766502376.7919252
fractal_06482.png,Classification failed - no description returned,1766502376.7919269
fractal_09423.png,Classification failed - no description returned,1766502376.791928
fractal_02731.png,Classification failed - no description returned,1766502376.7919295
fractal_07406.png,Classification failed - no description returned,1766502376.7919314
fractal_01787.png,Classification failed - no description returned,1766502376.7919335
fractal_05347.png,Classification failed - no description returned,1766502376.791934
fractal_07752.png,Classification failed - no description returned,1766502376.791935
fractal_03473.png,Classification failed - no description returned,1766502376.791936
fractal_07935.png,Classification failed - no description returned,1766502376.7919376
fractal_09401.png,Classification failed - no description returned,1766502376.7919388
fractal_05239.png,Classification failed - no description returned,1766502376.7919407
fractal_00822.png,Classification failed - no description returned,1766502376.7919416
fractal_09645.png,Classification failed - no description returned,1766502430.6057482
fractal_06666.png,Classification failed - no description returned,1766502430.6057503
fractal_08269.png,Classification failed - no description returned,1766502430.6057515
fractal_00531.png,Classification failed - no description returned,1766502430.6057522
fractal_08301.png,Classification failed - no description returned,1766502430.6057532
fractal_06343.png,Classification failed - no description returned,1766502430.605754
fractal_02083.png,Classification failed - no description returned,1766502430.6057549
fractal_06354.png,Classification failed - no description returned,1766502430.6057553
fractal_01857.png,Classification failed - no description returned,1766502430.6057558
fractal_09281.png,Classification failed - no description returned,1766502430.6057568
fractal_08474.png,Classification failed - no description returned,1766502430.6057575
fractal_06756.png,Classification failed - no description returned,1766502430.6057584
fractal_07021.png,Classification failed - no description returned,1766502430.6057591
fractal_00492.png,Classification failed - no description returned,1766502430.6057599
fractal_01220.png,Classification failed - no description returned,1766502430.6057603
fractal_08408.png,Classification failed - no description returned,1766502430.6057615
fractal_08113.png,Classification failed - no description returned,1766502430.605762
fractal_08750.png,Classification failed - no description returned,1766502430.6057627
fractal_04892.png,Classification failed - no description returned,1766502430.6057646
fractal_07750.png,Classification failed - no description returned,1766502430.6057653
fractal_07454.png,Classification failed - no description returned,1766502430.605766
fractal_07431.png,Classification failed - no description returned,1766502430.6057668
fractal_00751.png,Classification failed - no description returned,1766502430.6057677
fractal_05947.png,Classification failed - no description returned,1766502430.6057684
fractal_00266.png,Classification failed - no description returned,1766502430.6057696
fractal_02313.png,Classification failed - no description returned,1766502430.6057708
fractal_06332.png,Classification failed - no description returned,1766502430.6057718
fractal_01644.png,Classification failed - no description returned,1766502430.6057725
fractal_09324.png,Classification failed - no description returned,1766502430.6057732
fractal_08010.png,Classification failed - no description returned,1766502430.6057744
fractal_02790.png,Classification failed - no description returned,1766502430.605775
fractal_07700.png,Classification failed - no description returned,1766502430.6057758
fractal_04973.png,Classification failed - no description returned,1766502430.6057765
fractal_06238.png,Classification failed - no description returned,1766502430.6057775
fractal_08185.png,Classification failed - no description returned,1766502430.6057787
fractal_06131.png,Classification failed - no description returned,1766502430.6057792
fractal_05448.png,Classification failed - no description returned,1766502430.60578
fractal_02232.png,Classification failed - no description returned,1766502430.6057808
fractal_04033.png,Classification failed - no description returned,1766502430.6057816
fractal_00102.png,Classification failed - no description returned,1766502430.6057825
fractal_00313.png,Classification failed - no description returned,1766502430.6057832
fractal_08533.png,Classification failed - no description returned,1766502430.6057842
fractal_05370.png,Classification failed - no description returned,1766502430.605785
fractal_03618.png,Classification failed - no description returned,1766502430.6057854
fractal_02835.png,Classification failed - no description returned,1766502430.6057858
fractal_06426.png,Classification failed - no description returned,1766502430.6057863
fractal_01134.png,Classification failed - no description returned,1766502430.605787
fractal_08810.png,Classification failed - no description returned,1766502430.6057882
fractal_00019.png,Classification failed - no description returned,1766502430.605789
fractal_00685.png,Classification failed - no description returned,1766502471.8017402
fractal_09739.png,Classification failed - no description returned,1766502471.8017416
fractal_07394.png,Classification failed - no description returned,1766502471.8017426
fractal_04941.png,Classification failed - no description returned,1766502471.8017433
fractal_01623.png,Classification failed - no description returned,1766502471.801744
fractal_02318.png,Classification failed - no description returned,1766502471.8017445
fractal_08615.png,Classification failed - no description returned,1766502471.801745
fractal_09652.png,Classification failed - no description returned,1766502471.8017454
fractal_06525.png,Classification failed - no description returned,1766502471.801746
fractal_09225.png,Classification failed - no description returned,1766502471.8017466
fractal_04329.png,Classification failed - no description returned,1766502471.8017476
fractal_05650.png,Classification failed - no description returned,1766502471.801748
fractal_09083.png,Classification failed - no description returned,1766502471.8017485
fractal_04663.png,Classification failed - no description returned,1766502471.801749
fractal_09556.png,Classification failed - no description returned,1766502471.8017495
fractal_00388.png,Classification failed - no description returned,1766502471.80175
fractal_02149.png,Classification failed - no description returned,1766502471.8017504
fractal_04120.png,Classification failed - no description returned,1766502471.8017516
fractal_04580.png,Classification failed - no description returned,1766502471.8017523
fractal_07995.png,Classification failed - no description returned,1766502471.8017526
fractal_02728.png,Classification failed - no description returned,1766502471.801753
fractal_09396.png,Classification failed - no description returned,1766502471.8017535
fractal_07649.png,Classification failed - no description returned,1766502471.801754
fractal_09940.png,Classification failed - no description returned,1766502471.8017547
fractal_08841.png,Classification failed - no description returned,1766502471.8017554
fractal_07432.png,Classification failed - no description returned,1766502471.801756
fractal_02259.png,Classification failed - no description returned,1766502471.8017566
fractal_01282.png,Classification failed - no description returned,1766502471.801757
fractal_04007.png,Classification failed - no description returned,1766502471.8017578
fractal_02032.png,Classification failed - no description returned,1766502471.8017583
fractal_08777.png,Classification failed - no description returned,1766502471.8017592
fractal_03213.png,Classification failed - no description returned,1766502471.8017597
fractal_09477.png,Classification failed - no description returned,1766502471.8017602
fractal_09674.png,Classification failed - no description returned,1766502471.8017607
fractal_07909.png,Classification failed - no description returned,1766502471.8017616
fractal_00765.png,Classification failed - no description returned,1766502471.801762
fractal_07657.png,Classification failed - no description returned,1766502471.8017628
fractal_01472.png,Classification failed - no description returned,1766502471.8017635
fractal_08426.png,Classification failed - no description returned,1766502471.8017638
fractal_02447.png,Classification failed - no description returned,1766502471.8017642
fractal_00298.png,Classification failed - no description returned,1766502471.801765
fractal_04702.png,Classification failed - no description returned,1766502471.8017654
fractal_05096.png,Classification failed - no description returned,1766502471.801766
fractal_09036.png,Classification failed - no description returned,1766502471.8017664
fractal_07022.png,Classification failed - no description returned,1766502471.801767
fractal_05821.png,Classification failed - no description returned,1766502471.8017676
fractal_03689.png,Classification failed - no description returned,1766502471.8017683
fractal_00711.png,Classification failed - no description returned,1766502471.801769
fractal_04344.png,Classification failed - no description returned,1766502471.8017695
fractal_00252.png,Classification failed - no description returned,1766502521.8997645
fractal_01909.png,Classification failed - no description returned,1766502521.8997662
fractal_02608.png,Classification failed - no description returned,1766502521.8997676
fractal_02763.png,Classification failed - no description returned,1766502521.899768
fractal_06023.png,Classification failed - no description returned,1766502521.8997686
fractal_09047.png,Classification failed - no description returned,1766502521.899769
fractal_09094.png,Classification failed - no description returned,1766502521.8997698
fractal_03131.png,Classification failed - no description returned,1766502521.8997703
fractal_05663.png,Classification failed - no description returned,1766502521.8997715
fractal_01329.png,Classification failed - no description returned,1766502521.899772
fractal_04020.png,Classification failed - no description returned,1766502521.8997726
fractal_03589.png,Classification failed - no description returned,1766502521.8997736
fractal_05933.png,Classification failed - no description returned,1766502521.8997743
fractal_07673.png,Classification failed - no description returned,1766502521.8997753
fractal_08966.png,Classification failed - no description returned,1766502521.899776
fractal_01686.png,Classification failed - no description returned,1766502521.8997762
fractal_04078.png,Classification failed - no description returned,1766502521.899777
fractal_02437.png,Classification failed - no description returned,1766502521.899778
fractal_01569.png,Classification failed - no description returned,1766502521.8997786
fractal_08918.png,Classification failed - no description returned,1766502521.8997793
fractal_00001.png,Classification failed - no description returned,1766502521.8997798
fractal_02831.png,Classification failed - no description returned,1766502521.89978
fractal_00035.png,Classification failed - no description returned,1766502521.8997808
fractal_01859.png,Classification failed - no description returned,1766502521.8997815
fractal_04575.png,Classification failed - no description returned,1766502521.899782
fractal_09937.png,Classification failed - no description returned,1766502521.8997824
fractal_02748.png,Classification failed - no description returned,1766502521.8997831
fractal_08118.png,Classification failed - no description returned,1766502521.8997838
fractal_08093.png,Classification failed - no description returned,1766502521.8997848
fractal_04974.png,Classification failed - no description returned,1766502521.8997855
fractal_00684.png,Classification failed - no description returned,1766502521.899786
fractal_06314.png,Classification failed - no description returned,1766502521.8997867
fractal_05601.png,Classification failed - no description returned,1766502521.8997874
fractal_05710.png,Classification failed - no description returned,1766502521.8997884
fractal_06271.png,Classification failed - no description returned,1766502521.899789
fractal_01262.png,Classification failed - no description returned,1766502521.8997898
fractal_00581.png,Classification failed - no description returned,1766502521.8997903
fractal_07773.png,Classification failed - no description returned,1766502521.8997917
fractal_00121.png,Classification failed - no description returned,1766502521.8997922
fractal_01323.png,Classification failed - no description returned,1766502521.8997927
fractal_04990.png,Classification failed - no description returned,1766502521.8997934
fractal_09963.png,Classification failed - no description returned,1766502521.899794
fractal_04032.png,Classification failed - no description returned,1766502521.8997953
fractal_08419.png,Classification failed - no description returned,1766502521.8997958
fractal_08550.png,Classification failed - no description returned,1766502521.8997962
fractal_07744.png,Classification failed - no description returned,1766502521.899797
fractal_02020.png,Classification failed - no description returned,1766502521.8997974
fractal_02420.png,Classification failed - no description returned,1766502521.8997982
fractal_04282.png,Classification failed - no description returned,1766502521.8997989
fractal_05247.png,Classification failed - no description returned,1766502562.0630162
fractal_03928.png,Classification failed - no description returned,1766502562.06302
fractal_03908.png,Classification failed - no description returned,1766502562.063023
fractal_02480.png,Classification failed - no description returned,1766502562.063024
fractal_00933.png,Classification failed - no description returned,1766502562.063026
fractal_08417.png,Classification failed - no description returned,1766502562.0630279
fractal_06741.png,Classification failed - no description returned,1766502562.0630312
fractal_06388.png,Classification failed - no description returned,1766502562.0630322
fractal_09662.png,Classification failed - no description returned,1766502562.0630338
fractal_09526.png,Classification failed - no description returned,1766502562.0630357
fractal_02800.png,Classification failed - no description returned,1766502562.0630374
fractal_05033.png,Classification failed - no description returned,1766502562.0630422
fractal_04902.png,Classification failed - no description returned,1766502562.0630436
fractal_03545.png,Classification failed - no description returned,1766502562.0630462
fractal_00599.png,Classification failed - no description returned,1766502562.0630484
fractal_08305.png,Classification failed - no description returned,1766502562.063051
fractal_02619.png,Classification failed - no description returned,1766502562.0630538
fractal_04153.png,Classification failed - no description returned,1766502562.0630555
fractal_00258.png,Classification failed - no description returned,1766502562.063058
fractal_03269.png,Classification failed - no description returned,1766502562.0630608
fractal_08714.png,Classification failed - no description returned,1766502562.0630622
fractal_07874.png,Classification failed - no description returned,1766502562.0630636
fractal_01413.png,Classification failed - no description returned,1766502562.0630658
fractal_03324.png,Classification failed - no description returned,1766502562.0630682
fractal_04276.png,Classification failed - no description returned,1766502562.0630748
fractal_07232.png,Classification failed - no description returned,1766502562.0630765
fractal_02169.png,Classification failed - no description returned,1766502562.0630782
fractal_09525.png,Classification failed - no description returned,1766502562.0630794
fractal_04255.png,Classification failed - no description returned,1766502562.0630827
fractal_02694.png,Classification failed - no description returned,1766502562.0630844
fractal_07509.png,Classification failed - no description returned,1766502562.063087
fractal_05199.png,Classification failed - no description returned,1766502562.0630903
fractal_08081.png,Classification failed - no description returned,1766502562.0630927
fractal_08806.png,Classification failed - no description returned,1766502562.0630949
fractal_09184.png,Classification failed - no description returned,1766502562.063096
fractal_09605.png,Classification failed - no description returned,1766502562.0630972
fractal_07530.png,Classification failed - no description returned,1766502562.0630996
fractal_07461.png,Classification failed - no description returned,1766502562.0631037
fractal_08291.png,Classification failed - no description returned,1766502562.063107
fractal_01774.png,Classification failed - no description returned,1766502562.0631092
fractal_01284.png,Classification failed - no description returned,1766502562.063111
fractal_03408.png,Classification failed - no description returned,1766502562.0631127
fractal_09752.png,Classification failed - no description returned,1766502562.0631158
fractal_09899.png,Classification failed - no description returned,1766502562.0631173
fractal_00727.png,Classification failed - no description returned,1766502562.0631182
fractal_01227.png,Classification failed - no description returned,1766502562.06312
fractal_07629.png,Classification failed - no description returned,1766502562.0631227
fractal_06816.png,Classification failed - no description returned,1766502562.0631244
fractal_06968.png,Classification failed - no description returned,1766502562.0631263
fractal_07203.png,Classification failed - no description returned,1766502610.7074523
fractal_00763.png,Classification failed - no description returned,1766502610.7074544
fractal_09998.png,Classification failed - no description returned,1766502610.7074552
fractal_04322.png,Classification failed - no description returned,1766502610.707456
fractal_04097.png,Classification failed - no description returned,1766502610.7074566
fractal_00029.png,Classification failed - no description returned,1766502610.707457
fractal_06997.png,Classification failed - no description returned,1766502610.7074575
fractal_01725.png,Classification failed - no description returned,1766502610.707458
fractal_00168.png,Classification failed - no description returned,1766502610.7074587
fractal_02433.png,Classification failed - no description returned,1766502610.7074597
fractal_04615.png,Classification failed - no description returned,1766502610.7074604
fractal_05553.png,Classification failed - no description returned,1766502610.707461
fractal_02492.png,Classification failed - no description returned,1766502610.7074616
fractal_07357.png,Classification failed - no description returned,1766502610.707462
fractal_05759.png,Classification failed - no description returned,1766502610.7074625
fractal_04103.png,Classification failed - no description returned,1766502610.7074635
fractal_08318.png,Classification failed - no description returned,1766502610.7074645
fractal_04509.png,Classification failed - no description returned,1766502610.7074652
fractal_00768.png,Classification failed - no description returned,1766502610.707466
fractal_07297.png,Classification failed - no description returned,1766502610.7074668
fractal_00331.png,Classification failed - no description returned,1766502610.707467
fractal_04586.png,Classification failed - no description returned,1766502610.7074676
fractal_01869.png,Classification failed - no description returned,1766502610.7074683
fractal_09812.png,Classification failed - no description returned,1766502610.7074692
fractal_00938.png,Classification failed - no description returned,1766502610.70747
fractal_04004.png,Classification failed - no description returned,1766502610.7074707
fractal_07249.png,Classification failed - no description returned,1766502610.7074714
fractal_06078.png,Classification failed - no description returned,1766502610.707472
fractal_09465.png,Classification failed - no description returned,1766502610.7074728
fractal_09635.png,Classification failed - no description returned,1766502610.7074735
fractal_05849.png,Classification failed - no description returned,1766502610.707474
fractal_06729.png,Classification failed - no description returned,1766502610.7074747
fractal_09500.png,Classification failed - no description returned,1766502610.7074757
fractal_00106.png,Classification failed - no description returned,1766502610.7074764
fractal_07735.png,Classification failed - no description returned,1766502610.7074773
fractal_09880.png,Classification failed - no description returned,1766502610.707478
fractal_00851.png,Classification failed - no description returned,1766502610.7074785
fractal_06843.png,Classification failed - no description returned,1766502610.707479
fractal_08335.png,Classification failed - no description returned,1766502610.7074797
fractal_00587.png,Classification failed - no description returned,1766502610.7074807
fractal_05024.png,Classification failed - no description returned,1766502610.7074811
fractal_04370.png,Classification failed - no description returned,1766502610.7074819
fractal_03863.png,Classification failed - no description returned,1766502610.7074826
fractal_06793.png,Classification failed - no description returned,1766502610.707483
fractal_01271.png,Classification failed - no description returned,1766502610.7074835
fractal_09013.png,Classification failed - no description returned,1766502610.7074845
fractal_08240.png,Classification failed - no description returned,1766502610.7074852
fractal_08128.png,Classification failed - no description returned,1766502610.7074857
fractal_04452.png,Classification failed - no description returned,1766502610.7074864
fractal_01434.png,Classification failed - no description returned,1766502653.7318344
fractal_06037.png,Classification failed - no description returned,1766502653.7318358
fractal_04175.png,Classification failed - no description returned,1766502653.7318366
fractal_09830.png,Classification failed - no description returned,1766502653.7318377
fractal_02958.png,Classification failed - no description returned,1766502653.7318385
fractal_00204.png,Classification failed - no description returned,1766502653.731839
fractal_00681.png,Classification failed - no description returned,1766502653.7318397
fractal_09770.png,Classification failed - no description returned,1766502653.7318404
fractal_01561.png,Classification failed - no description returned,1766502653.7318416
fractal_08656.png,Classification failed - no description returned,1766502653.7318423
fractal_00453.png,Classification failed - no description returned,1766502653.7318432
fractal_06841.png,Classification failed - no description returned,1766502653.7318442
fractal_07677.png,Classification failed - no description returned,1766502653.7318459
fractal_01670.png,Classification failed - no description returned,1766502653.7318468
fractal_06244.png,Classification failed - no description returned,1766502653.7318478
fractal_00469.png,Classification failed - no description returned,1766502653.7318482
fractal_02099.png,Classification failed - no description returned,1766502653.7318494
fractal_09818.png,Classification failed - no description returned,1766502653.7318509
fractal_09765.png,Classification failed - no description returned,1766502653.731852
fractal_09827.png,Classification failed - no description returned,1766502653.7318528
fractal_06375.png,Classification failed - no description returned,1766502653.7318537
fractal_06752.png,Classification failed - no description returned,1766502653.7318547
fractal_07893.png,Classification failed - no description returned,1766502653.7318552
fractal_05551.png,Classification failed - no description returned,1766502653.731856
fractal_09040.png,Classification failed - no description returned,1766502653.731857
fractal_03849.png,Classification failed - no description returned,1766502653.731858
fractal_01280.png,Classification failed - no description returned,1766502653.7318587
fractal_02222.png,Classification failed - no description returned,1766502653.7318594
fractal_08763.png,Classification failed - no description returned,1766502653.7318602
fractal_01633.png,Classification failed - no description returned,1766502653.7318614
fractal_01925.png,Classification failed - no description returned,1766502653.731862
fractal_08332.png,Classification failed - no description returned,1766502653.731863
fractal_06804.png,Classification failed - no description returned,1766502653.7318635
fractal_07521.png,Classification failed - no description returned,1766502653.7318642
fractal_03986.png,Classification failed - no description returned,1766502653.7318654
fractal_04726.png,Classification failed - no description returned,1766502653.7318661
fractal_03885.png,Classification failed - no description returned,1766502653.7318668
fractal_06552.png,Classification failed - no description returned,1766502653.7318673
fractal_03464.png,Classification failed - no description returned,1766502653.7318683
fractal_05959.png,Classification failed - no description returned,1766502653.731869
fractal_08048.png,Classification failed - no description returned,1766502653.7318697
fractal_07027.png,Classification failed - no description returned,1766502653.7318702
fractal_00866.png,Classification failed - no description returned,1766502653.731871
fractal_02229.png,Classification failed - no description returned,1766502653.7318716
fractal_08359.png,Classification failed - no description returned,1766502653.7318723
fractal_07489.png,Classification failed - no description returned,1766502653.7318733
fractal_05683.png,Classification failed - no description returned,1766502653.7318738
fractal_08469.png,Classification failed - no description returned,1766502653.7318745
fractal_06141.png,Classification failed - no description returned,1766502653.7318752
fractal_02266.png,Classification failed - no description returned,1766502695.839365
fractal_08375.png,Classification failed - no description returned,1766502695.8393676
fractal_05569.png,Classification failed - no description returned,1766502695.8393688
fractal_05211.png,Classification failed - no description returned,1766502695.8393693
fractal_04417.png,Classification failed - no description returned,1766502695.8393698
fractal_09342.png,Classification failed - no description returned,1766502695.8393703
fractal_09005.png,Classification failed - no description returned,1766502695.8393712
fractal_08151.png,Classification failed - no description returned,1766502695.8393717
fractal_04503.png,Classification failed - no description returned,1766502695.8393726
fractal_05298.png,Classification failed - no description returned,1766502695.8393734
fractal_05966.png,Classification failed - no description returned,1766502695.8393738
fractal_04946.png,Classification failed - no description returned,1766502695.8393748
fractal_08448.png,Classification failed - no description returned,1766502695.8393753
fractal_08400.png,Classification failed - no description returned,1766502695.839376
fractal_09236.png,Classification failed - no description returned,1766502695.8393767
fractal_02926.png,Classification failed - no description returned,1766502695.8393774
fractal_09450.png,Classification failed - no description returned,1766502695.8393779
fractal_03447.png,Classification failed - no description returned,1766502695.8393788
fractal_02928.png,Classification failed - no description returned,1766502695.8393798
fractal_02660.png,Classification failed - no description returned,1766502695.8393803
fractal_03603.png,Classification failed - no description returned,1766502695.839381
fractal_02654.png,Classification failed - no description returned,1766502695.8393817
fractal_00075.png,Classification failed - no description returned,1766502695.8393824
fractal_00820.png,Classification failed - no description returned,1766502695.8393834
fractal_03591.png,Classification failed - no description returned,1766502695.8393838
fractal_00064.png,Classification failed - no description returned,1766502695.8393846
fractal_04911.png,Classification failed - no description returned,1766502695.8393853
fractal_08709.png,Classification failed - no description returned,1766502695.8393862
fractal_01795.png,Classification failed - no description returned,1766502695.8393867
fractal_06209.png,Classification failed - no description returned,1766502695.8393874
fractal_09538.png,Classification failed - no description returned,1766502695.839388
fractal_03914.png,Classification failed - no description returned,1766502695.8393886
fractal_04324.png,Classification failed - no description returned,1766502695.8393888
fractal_01937.png,Classification failed - no description returned,1766502695.8393898
fractal_09750.png,Classification failed - no description returned,1766502695.8393908
fractal_08271.png,Classification failed - no description returned,1766502695.8393912
fractal_02261.png,Classification failed - no description returned,1766502695.839392
fractal_04232.png,Classification failed - no description returned,1766502695.8393927
fractal_09694.png,Classification failed - no description returned,1766502695.8393934
fractal_03794.png,Classification failed - no description returned,1766502695.8393939
fractal_03553.png,Classification failed - no description returned,1766502695.8393948
fractal_06612.png,Classification failed - no description returned,1766502695.8393953
fractal_08031.png,Classification failed - no description returned,1766502695.839396
fractal_01075.png,Classification failed - no description returned,1766502695.8393967
fractal_08170.png,Classification failed - no description returned,1766502695.8393972
fractal_07360.png,Classification failed - no description returned,1766502695.8393977
fractal_08652.png,Classification failed - no description returned,1766502695.8393984
fractal_02551.png,Classification failed - no description returned,1766502695.839399
fractal_00769.png,Classification failed - no description returned,1766502695.8393996
fractal_03712.png,Classification failed - no description returned,1766502746.7603295
fractal_05869.png,Classification failed - no description returned,1766502746.7603316
fractal_07745.png,Classification failed - no description returned,1766502746.7603326
fractal_01955.png,Classification failed - no description returned,1766502746.7603333
fractal_04167.png,Classification failed - no description returned,1766502746.760334
fractal_04445.png,Classification failed - no description returned,1766502746.7603347
fractal_02199.png,Classification failed - no description returned,1766502746.7603362
fractal_01182.png,Classification failed - no description returned,1766502746.7603366
fractal_04821.png,Classification failed - no description returned,1766502746.7603374
fractal_04494.png,Classification failed - no description returned,1766502746.7603385
fractal_01959.png,Classification failed - no description returned,1766502746.7603393
fractal_07822.png,Classification failed - no description returned,1766502746.7603402
fractal_05422.png,Classification failed - no description returned,1766502746.7603407
fractal_04139.png,Classification failed - no description returned,1766502746.7603414
fractal_01841.png,Classification failed - no description returned,1766502746.7603426
fractal_05179.png,Classification failed - no description returned,1766502746.7603436
fractal_02873.png,Classification failed - no description returned,1766502746.7603447
fractal_08074.png,Classification failed - no description returned,1766502746.7603457
fractal_08517.png,Classification failed - no description returned,1766502746.760347
fractal_01261.png,Classification failed - no description returned,1766502746.7603476
fractal_08626.png,Classification failed - no description returned,1766502746.7603486
fractal_02706.png,Classification failed - no description returned,1766502746.7603493
fractal_00980.png,Classification failed - no description returned,1766502746.7603502
fractal_05109.png,Classification failed - no description returned,1766502746.7603514
fractal_00151.png,Classification failed - no description returned,1766502746.7603524
fractal_00692.png,Classification failed - no description returned,1766502746.760353
fractal_00629.png,Classification failed - no description returned,1766502746.7603538
fractal_07668.png,Classification failed - no description returned,1766502746.7603548
fractal_00574.png,Classification failed - no description returned,1766502746.760356
fractal_00770.png,Classification failed - no description returned,1766502746.7603567
fractal_00301.png,Classification failed - no description returned,1766502746.7603576
fractal_02063.png,Classification failed - no description returned,1766502746.7603586
fractal_08039.png,Classification failed - no description returned,1766502746.7603598
fractal_06940.png,Classification failed - no description returned,1766502746.7603607
fractal_04359.png,Classification failed - no description returned,1766502746.7603614
fractal_02656.png,Classification failed - no description returned,1766502746.7603621
fractal_08706.png,Classification failed - no description returned,1766502746.7603633
fractal_03354.png,Classification failed - no description returned,1766502746.760364
fractal_00443.png,Classification failed - no description returned,1766502746.760365
fractal_07310.png,Classification failed - no description returned,1766502746.760366
fractal_04162.png,Classification failed - no description returned,1766502746.7603672
fractal_04656.png,Classification failed - no description returned,1766502746.760368
fractal_04953.png,Classification failed - no description returned,1766502746.7603688
fractal_07928.png,Classification failed - no description returned,1766502746.76037
fractal_07415.png,Classification failed - no description returned,1766502746.760371
fractal_06286.png,Classification failed - no description returned,1766502746.760372
fractal_03806.png,Classification failed - no description returned,1766502746.7603724
fractal_03724.png,Classification failed - no description returned,1766502746.7603734
fractal_07375.png,Classification failed - no description returned,1766502746.7603743
fractal_03450.png,Classification failed - no description returned,1766502787.9030666
fractal_06346.png,Classification failed - no description returned,1766502787.9030683
fractal_05479.png,Classification failed - no description returned,1766502787.9030695
fractal_01001.png,Classification failed - no description returned,1766502787.90307
fractal_00511.png,Classification failed - no description returned,1766502787.9030704
fractal_07988.png,Classification failed - no description returned,1766502787.903071
fractal_00498.png,Classification failed - no description returned,1766502787.903072
fractal_09606.png,Classification failed - no description returned,1766502787.9030724
fractal_06021.png,Classification failed - no description returned,1766502787.903073
fractal_05222.png,Classification failed - no description returned,1766502787.9030735
fractal_06105.png,Classification failed - no description returned,1766502787.9030743
fractal_05906.png,Classification failed - no description returned,1766502787.903075
fractal_01431.png,Classification failed - no description returned,1766502787.903076
fractal_03156.png,Classification failed - no description returned,1766502787.9030764
fractal_09747.png,Classification failed - no description returned,1766502787.9030771
fractal_02899.png,Classification failed - no description returned,1766502787.9030776
fractal_02355.png,Classification failed - no description returned,1766502787.9030783
fractal_02137.png,Classification failed - no description returned,1766502787.9030788
fractal_01450.png,Classification failed - no description returned,1766502787.90308
fractal_04202.png,Classification failed - no description returned,1766502787.9030805
fractal_06810.png,Classification failed - no description returned,1766502787.903081
fractal_03769.png,Classification failed - no description returned,1766502787.9030812
fractal_01433.png,Classification failed - no description returned,1766502787.903082
fractal_07347.png,Classification failed - no description returned,1766502787.9030821
fractal_08161.png,Classification failed - no description returned,1766502787.903083
fractal_04287.png,Classification failed - no description returned,1766502787.903084
fractal_08218.png,Classification failed - no description returned,1766502787.9030848
fractal_02841.png,Classification failed - no description returned,1766502787.9030852
fractal_03819.png,Classification failed - no description returned,1766502787.9030857
fractal_02467.png,Classification failed - no description returned,1766502787.9030864
fractal_02431.png,Classification failed - no description returned,1766502787.903087
fractal_05765.png,Classification failed - no description returned,1766502787.903088
fractal_01057.png,Classification failed - no description returned,1766502787.9030886
fractal_06154.png,Classification failed - no description returned,1766502787.903089
fractal_08699.png,Classification failed - no description returned,1766502787.9030898
fractal_05771.png,Classification failed - no description returned,1766502787.9030902
fractal_08136.png,Classification failed - no description returned,1766502787.9030907
fractal_07905.png,Classification failed - no description returned,1766502787.9030914
fractal_05087.png,Classification failed - no description returned,1766502787.903092
fractal_05254.png,Classification failed - no description returned,1766502787.903093
fractal_08624.png,Classification failed - no description returned,1766502787.9030936
fractal_05156.png,Classification failed - no description returned,1766502787.903094
fractal_07370.png,Classification failed - no description returned,1766502787.903095
fractal_01094.png,Classification failed - no description returned,1766502787.9030955
fractal_02187.png,Classification failed - no description returned,1766502787.9030964
fractal_09125.png,Classification failed - no description returned,1766502787.903097
fractal_04148.png,Classification failed - no description returned,1766502787.9030974
fractal_00135.png,Classification failed - no description returned,1766502787.9030979
fractal_03860.png,Classification failed - no description returned,1766502787.9030986
fractal_04719.png,Classification failed - no description returned,1766502832.1195912
fractal_09461.png,Classification failed - no description returned,1766502832.1195924
fractal_04283.png,Classification failed - no description returned,1766502832.1195931
fractal_02859.png,Classification failed - no description returned,1766502832.1195936
fractal_04963.png,Classification failed - no description returned,1766502832.1195943
fractal_01589.png,Classification failed - no description returned,1766502832.119595
fractal_03397.png,Classification failed - no description returned,1766502832.1195958
fractal_04218.png,Classification failed - no description returned,1766502832.119596
fractal_07686.png,Classification failed - no description returned,1766502832.1195967
fractal_08349.png,Classification failed - no description returned,1766502832.1195972
fractal_01361.png,Classification failed - no description returned,1766502832.1195984
fractal_09351.png,Classification failed - no description returned,1766502832.1195989
fractal_03889.png,Classification failed - no description returned,1766502832.1195993
fractal_05521.png,Classification failed - no description returned,1766502832.1196
fractal_07611.png,Classification failed - no description returned,1766502832.1196005
fractal_04971.png,Classification failed - no description returned,1766502832.1196012
fractal_00379.png,Classification failed - no description returned,1766502832.119602
fractal_03880.png,Classification failed - no description returned,1766502832.1196024
fractal_01235.png,Classification failed - no description returned,1766502832.1196032
fractal_02569.png,Classification failed - no description returned,1766502832.1196036
fractal_04380.png,Classification failed - no description returned,1766502832.119604
fractal_02903.png,Classification failed - no description returned,1766502832.1196048
fractal_06825.png,Classification failed - no description returned,1766502832.1196055
fractal_06090.png,Classification failed - no description returned,1766502832.1196063
fractal_07271.png,Classification failed - no description returned,1766502832.119607
fractal_02397.png,Classification failed - no description returned,1766502832.119608
fractal_01876.png,Classification failed - no description returned,1766502832.1196084
fractal_00395.png,Classification failed - no description returned,1766502832.119609
fractal_04237.png,Classification failed - no description returned,1766502832.1196096
fractal_09508.png,Classification failed - no description returned,1766502832.11961
fractal_02600.png,Classification failed - no description returned,1766502832.1196108
fractal_07590.png,Classification failed - no description returned,1766502832.1196117
fractal_04970.png,Classification failed - no description returned,1766502832.1196122
fractal_06422.png,Classification failed - no description returned,1766502832.119613
fractal_09622.png,Classification failed - no description returned,1766502832.1196134
fractal_08742.png,Classification failed - no description returned,1766502832.1196141
fractal_01445.png,Classification failed - no description returned,1766502832.1196146
fractal_09253.png,Classification failed - no description returned,1766502832.1196156
fractal_00959.png,Classification failed - no description returned,1766502832.119616
fractal_00113.png,Classification failed - no description returned,1766502832.1196167
fractal_05317.png,Classification failed - no description returned,1766502832.1196172
fractal_09991.png,Classification failed - no description returned,1766502832.119618
fractal_02330.png,Classification failed - no description returned,1766502832.1196191
fractal_07409.png,Classification failed - no description returned,1766502832.1196198
fractal_03831.png,Classification failed - no description returned,1766502832.1196206
fractal_01840.png,Classification failed - no description returned,1766502832.119621
fractal_04636.png,Classification failed - no description returned,1766502832.119622
fractal_03334.png,Classification failed - no description returned,1766502832.1196227
fractal_01424.png,Classification failed - no description returned,1766502832.1196234
fractal_05989.png,Classification failed - no description returned,1766502872.0783317
fractal_06906.png,Classification failed - no description returned,1766502872.0783336
fractal_00369.png,Classification failed - no description returned,1766502872.0783353
fractal_01763.png,Classification failed - no description returned,1766502872.078336
fractal_08324.png,Classification failed - no description returned,1766502872.0783367
fractal_03331.png,Classification failed - no description returned,1766502872.0783374
fractal_09875.png,Classification failed - no description returned,1766502872.0783384
fractal_08553.png,Classification failed - no description returned,1766502872.0783393
fractal_05042.png,Classification failed - no description returned,1766502872.07834
fractal_06296.png,Classification failed - no description returned,1766502872.078341
fractal_04986.png,Classification failed - no description returned,1766502872.0783422
fractal_08548.png,Classification failed - no description returned,1766502872.0783434
fractal_03082.png,Classification failed - no description returned,1766502872.078344
fractal_07779.png,Classification failed - no description returned,1766502872.078345
fractal_01938.png,Classification failed - no description returned,1766502872.078346
fractal_07555.png,Classification failed - no description returned,1766502872.078347
fractal_05634.png,Classification failed - no description returned,1766502872.0783477
fractal_04194.png,Classification failed - no description returned,1766502872.0783489
fractal_09513.png,Classification failed - no description returned,1766502872.0783498
fractal_07852.png,Classification failed - no description returned,1766502872.0783505
fractal_00744.png,Classification failed - no description returned,1766502872.0783522
fractal_02491.png,Classification failed - no description returned,1766502872.078353
fractal_06513.png,Classification failed - no description returned,1766502872.0783536
fractal_08163.png,Classification failed - no description returned,1766502872.0783548
fractal_01729.png,Classification failed - no description returned,1766502872.078356
fractal_04325.png,Classification failed - no description returned,1766502872.078357
fractal_03736.png,Classification failed - no description returned,1766502872.0783577
fractal_06175.png,Classification failed - no description returned,1766502872.0783591
fractal_02913.png,Classification failed - no description returned,1766502872.0783598
fractal_00381.png,Classification failed - no description returned,1766502872.0783606
fractal_07592.png,Classification failed - no description returned,1766502872.0783615
fractal_06002.png,Classification failed - no description returned,1766502872.0783627
fractal_07117.png,Classification failed - no description returned,1766502872.0783634
fractal_09828.png,Classification failed - no description returned,1766502872.0783644
fractal_07538.png,Classification failed - no description returned,1766502872.0783653
fractal_02231.png,Classification failed - no description returned,1766502872.078367
fractal_05736.png,Classification failed - no description returned,1766502872.0783677
fractal_03865.png,Classification failed - no description returned,1766502872.0783687
fractal_04638.png,Classification failed - no description returned,1766502872.0783696
fractal_04484.png,Classification failed - no description returned,1766502872.078371
fractal_00245.png,Classification failed - no description returned,1766502872.0783718
fractal_03240.png,Classification failed - no description returned,1766502872.0783727
fractal_03717.png,Classification failed - no description returned,1766502872.078374
fractal_01988.png,Classification failed - no description returned,1766502872.0783749
fractal_02547.png,Classification failed - no description returned,1766502872.0783756
fractal_08909.png,Classification failed - no description returned,1766502872.0783765
fractal_00951.png,Classification failed - no description returned,1766502872.0783775
fractal_00501.png,Classification failed - no description returned,1766502872.0783784
fractal_01483.png,Classification failed - no description returned,1766502872.0783792
fractal_01655.png,Classification failed - no description returned,1766502920.8258858
fractal_03224.png,Classification failed - no description returned,1766502920.8258882
fractal_05580.png,Classification failed - no description returned,1766502920.825889
fractal_02225.png,Classification failed - no description returned,1766502920.8258898
fractal_04461.png,Classification failed - no description returned,1766502920.8258903
fractal_00032.png,Classification failed - no description returned,1766502920.8258913
fractal_05773.png,Classification failed - no description returned,1766502920.8258924
fractal_07913.png,Classification failed - no description returned,1766502920.8258932
fractal_01028.png,Classification failed - no description returned,1766502920.8258939
fractal_03760.png,Classification failed - no description returned,1766502920.825895
fractal_08519.png,Classification failed - no description returned,1766502920.825896
fractal_01749.png,Classification failed - no description returned,1766502920.825897
fractal_04801.png,Classification failed - no description returned,1766502920.8258977
fractal_04940.png,Classification failed - no description returned,1766502920.8258984
fractal_02302.png,Classification failed - no description returned,1766502920.8258996
fractal_02960.png,Classification failed - no description returned,1766502920.8259003
fractal_00855.png,Classification failed - no description returned,1766502920.8259015
fractal_03465.png,Classification failed - no description returned,1766502920.8259027
fractal_04390.png,Classification failed - no description returned,1766502920.8259037
fractal_04442.png,Classification failed - no description returned,1766502920.8259044
fractal_02221.png,Classification failed - no description returned,1766502920.8259048
fractal_03286.png,Classification failed - no description returned,1766502920.8259056
fractal_06301.png,Classification failed - no description returned,1766502920.8259072
fractal_05993.png,Classification failed - no description returned,1766502920.825908
fractal_02311.png,Classification failed - no description returned,1766502920.8259087
fractal_07914.png,Classification failed - no description returned,1766502920.8259099
fractal_08661.png,Classification failed - no description returned,1766502920.8259108
fractal_02949.png,Classification failed - no description returned,1766502920.8259115
fractal_00450.png,Classification failed - no description returned,1766502920.8259122
fractal_00307.png,Classification failed - no description returned,1766502920.8259132
fractal_09685.png,Classification failed - no description returned,1766502920.8259141
fractal_04888.png,Classification failed - no description returned,1766502920.8259153
fractal_08784.png,Classification failed - no description returned,1766502920.825916
fractal_01365.png,Classification failed - no description returned,1766502920.8259172
fractal_01051.png,Classification failed - no description returned,1766502920.825918
fractal_02383.png,Classification failed - no description returned,1766502920.825919
fractal_03741.png,Classification failed - no description returned,1766502920.8259196
fractal_08370.png,Classification failed - no description returned,1766502920.8259206
fractal_08746.png,Classification failed - no description returned,1766502920.8259215
fractal_00756.png,Classification failed - no description returned,1766502920.825923
fractal_07306.png,Classification failed - no description returned,1766502920.8259237
fractal_02319.png,Classification failed - no description returned,1766502920.8259246
fractal_06146.png,Classification failed - no description returned,1766502920.8259256
fractal_04238.png,Classification failed - no description returned,1766502920.8259265
fractal_02235.png,Classification failed - no description returned,1766502920.825928
fractal_09129.png,Classification failed - no description returned,1766502920.8259287
fractal_01932.png,Classification failed - no description returned,1766502920.8259294
fractal_08462.png,Classification failed - no description returned,1766502920.8259308
fractal_01602.png,Classification failed - no description returned,1766502920.8259315
fractal_05333.png,Classification failed - no description returned,1766502975.1100738
fractal_03448.png,Classification failed - no description returned,1766502975.1100755
fractal_06454.png,Classification failed - no description returned,1766502975.110076
fractal_06833.png,Classification failed - no description returned,1766502975.1100764
fractal_04905.png,Classification failed - no description returned,1766502975.110077
fractal_03276.png,Classification failed - no description returned,1766502975.1100774
fractal_01953.png,Classification failed - no description returned,1766502975.1100779
fractal_08647.png,Classification failed - no description returned,1766502975.1100788
fractal_02736.png,Classification failed - no description returned,1766502975.1100795
fractal_04180.png,Classification failed - no description returned,1766502975.11008
fractal_01716.png,Classification failed - no description returned,1766502975.110081
fractal_02331.png,Classification failed - no description returned,1766502975.1100814
fractal_06268.png,Classification failed - no description returned,1766502975.1100824
fractal_03221.png,Classification failed - no description returned,1766502975.1100829
fractal_07078.png,Classification failed - no description returned,1766502975.1100836
fractal_09267.png,Classification failed - no description returned,1766502975.110084
fractal_01391.png,Classification failed - no description returned,1766502975.1100848
fractal_00083.png,Classification failed - no description returned,1766502975.1100855
fractal_02131.png,Classification failed - no description returned,1766502975.1100862
fractal_08633.png,Classification failed - no description returned,1766502975.1100867
fractal_02389.png,Classification failed - no description returned,1766502975.1100874
fractal_06404.png,Classification failed - no description returned,1766502975.1100879
fractal_06760.png,Classification failed - no description returned,1766502975.110089
fractal_01737.png,Classification failed - no description returned,1766502975.11009
fractal_06212.png,Classification failed - no description returned,1766502975.1100903
fractal_03728.png,Classification failed - no description returned,1766502975.110091
fractal_09105.png,Classification failed - no description returned,1766502975.1100917
fractal_08082.png,Classification failed - no description returned,1766502975.1100924
fractal_05986.png,Classification failed - no description returned,1766502975.1100929
fractal_09076.png,Classification failed - no description returned,1766502975.1100934
fractal_06862.png,Classification failed - no description returned,1766502975.1100938
fractal_01160.png,Classification failed - no description returned,1766502975.1100948
fractal_04187.png,Classification failed - no description returned,1766502975.1100955
fractal_06775.png,Classification failed - no description returned,1766502975.1100965
fractal_03245.png,Classification failed - no description returned,1766502975.1100974
fractal_02768.png,Classification failed - no description returned,1766502975.110098
fractal_04022.png,Classification failed - no description returned,1766502975.1100986
fractal_00595.png,Classification failed - no description returned,1766502975.1100996
fractal_03003.png,Classification failed - no description returned,1766502975.1101
fractal_04129.png,Classification failed - no description returned,1766502975.110101
fractal_09914.png,Classification failed - no description returned,1766502975.1101015
fractal_05649.png,Classification failed - no description returned,1766502975.110102
fractal_03409.png,Classification failed - no description returned,1766502975.1101031
fractal_06531.png,Classification failed - no description returned,1766502975.1101034
fractal_00231.png,Classification failed - no description returned,1766502975.1101043
fractal_06606.png,Classification failed - no description returned,1766502975.1101048
fractal_08312.png,Classification failed - no description returned,1766502975.110105
fractal_01388.png,Classification failed - no description returned,1766502975.1101058
fractal_04746.png,Classification failed - no description returned,1766502975.1101062
fractal_00270.png,"**fractal_00270.png**: Delicate, sparse white curves on black; thin, wispy form with scattered, short loops; monochromatic light tone; very fine texture; resembles distant cosmic dust trails.",1766503021.171512
fractal_06108.png,"**fractal_06108.png**: A single, smooth, looped shape in light purple/white; flowing, curved form with a central void; smooth, glossy texture; evokes a solitary flame or bird in flight.",1766503021.1715138
fractal_07711.png,"**fractal_07711.png**: Dense, overlapping yellow-green loops; tangled, layered structure with high complexity; medium-thick, vibrant texture; resembles a chaotic star cluster.",1766503021.1715152
fractal_04069.png,"**fractal_04069.png**: Swirling, spread-out loops in light green; medium-density, layered form; medium-thick, luminous texture; akin to a spiral galaxy.",1766503021.171516
fractal_01162.png,"**fractal_01162.png**: Sparse, thin white lines; scattered, short curves; ultra-fine, delicate texture; like distant stars in a dark sky.",1766503021.1715167
fractal_02705.png,"**fractal_02705.png**: Complex, overlapping light green loops; dense, layered structure; medium-thick, glowing texture; reminiscent of a nebula.",1766503021.1715183
fractal_02532.png,"**fractal_02532.png**: Swirling, overlapping light green loops; medium-density, layered form; medium-thick, luminous texture; similar to a galaxy with arms.",1766503021.1715188
fractal_09523.png,"**fractal_09523.png**: Large, swirling purple and white vortex; smooth, flowing form with a central void; glossy, smooth texture; evokes a purple nebula.",1766503021.1715198
fractal_07734.png,"**fractal_07734.png**: Circular, layered light blue and white; concentric, glowing rings; smooth, ethereal texture; resembles a blue galaxy or planet.",1766503021.1715205
fractal_08188.png,"**fractal_08188.png**: Overlapping purple and light blue loops; medium-density, layered structure; medium-thick, vibrant texture; akin to a dual-colored nebula.",1766503021.1715212
fractal_02188.png,"**fractal_02188.png**: Sparse, thin white lines; scattered, short curves; ultra-fine, delicate texture; like distant stars.",1766503021.1715221
fractal_07189.png,"**fractal_07189.png**: Concentric light blue circles with a glowing center; smooth, layered form; smooth, luminous texture; reminiscent of a blue sun or planet.",1766503021.171523
fractal_02127.png,"**fractal_02127.png**: Swirling, overlapping purple and white loops; medium-density, layered structure; medium-thick, vibrant texture; resembles a purple flower.",1766503021.1715238
fractal_07412.png,"**fractal_07412.png**: Overlapping light blue and purple loops; medium-density, layered structure; medium-thick, vibrant texture; akin to a blue-purple nebula.",1766503021.1715245
fractal_06675.png,"**fractal_06675.png**: Swirling, layered light green and yellow loops; medium-density, layered structure; medium-thick, warm texture; evokes a green-yellow galaxy.",1766503021.1715255
fractal_01703.png,"**fractal_01703.png**: Sparse, thin white lines; scattered, short curves; ultra-fine, delicate texture; like distant stars.",1766503021.1715264
fractal_08334.png,"**fractal_08334.png**: Large, swirling purple and white vortex; smooth, flowing form with a central void; glossy, smooth texture; resembles a purple storm cloud.",1766503021.1715271
fractal_02502.png,"**fractal_02502.png**: Swirling, overlapping light purple and white loops; medium-density, layered structure; medium-thick, vibrant texture; like a purple flower.",1766503021.171528
fractal_04679.png,"**fractal_04679.png**: Swirling, overlapping light yellow and white loops; medium-density, layered structure; medium-thick, warm texture; akin to a golden nebula.",1766503021.1715293
fractal_02991.png,"**fractal_02991.png**: Overlapping purple and light blue loops; medium-density, layered structure; medium-thick, vibrant texture; resembles a purple-blue nebula.",1766503021.17153
fractal_02279.png,"**fractal_02279.png**: Swirling, overlapping light purple and white loops; medium-density, layered structure; medium-thick, vibrant texture; like a purple flower.",1766503021.171531
fractal_06696.png,"**fractal_06696.png**: Swirling, overlapping light purple and yellow loops; medium-density, layered structure; medium-thick, warm texture; reminiscent of a purple-yellow nebula.",1766503021.1715314
fractal_01207.png,"**fractal_01207.png**: Circular, layered light blue and white; concentric, glowing rings; smooth, ethereal texture; similar to a blue sun.",1766503021.1715326
fractal_07664.png,"**fractal_07664.png**: Large, swirling purple and white vortex; smooth, flowing form with a central void; glossy, smooth texture; evokes a purple nebula.",1766503021.1715333
fractal_04341.png,"**fractal_04341.png**: Swirling, layered light green and white loops; medium-density, layered structure; medium-thick, luminous texture; akin to a green galaxy.",1766503021.1715343
fractal_00837.png,"**fractal_00837.png**: Sparse, thin white lines; scattered, short curves; ultra-fine, delicate texture; like distant",1766503021.171535
fractal_01992.png,Classification failed - no description returned,1766503021.1715362
fractal_02678.png,Classification failed - no description returned,1766503021.171537
fractal_09395.png,Classification failed - no description returned,1766503021.1715374
fractal_03613.png,Classification failed - no description returned,1766503021.1715384
fractal_07389.png,Classification failed - no description returned,1766503021.1715393
fractal_08731.png,Classification failed - no description returned,1766503021.1715403
fractal_01481.png,Classification failed - no description returned,1766503021.1715407
fractal_00594.png,Classification failed - no description returned,1766503021.1715417
fractal_08824.png,Classification failed - no description returned,1766503021.171543
fractal_01396.png,Classification failed - no description returned,1766503021.1715438
fractal_02113.png,Classification failed - no description returned,1766503021.1715446
fractal_04799.png,Classification failed - no description returned,1766503021.1715453
fractal_01747.png,Classification failed - no description returned,1766503021.1715462
fractal_01842.png,Classification failed - no description returned,1766503021.1715472
fractal_07952.png,Classification failed - no description returned,1766503021.171548
fractal_08654.png,Classification failed - no description returned,1766503021.1715486
fractal_03835.png,Classification failed - no description returned,1766503021.17155
fractal_08757.png,Classification failed - no description returned,1766503021.1715508
fractal_09451.png,Classification failed - no description returned,1766503021.1715517
fractal_08061.png,Classification failed - no description returned,1766503021.1715522
fractal_06970.png,Classification failed - no description returned,1766503021.1715531
fractal_03899.png,Classification failed - no description returned,1766503021.171554
fractal_08277.png,Classification failed - no description returned,1766503021.1715548
fractal_04690.png,Classification failed - no description returned,1766503071.6360135
fractal_01317.png,Classification failed - no description returned,1766503071.6360161
fractal_01700.png,Classification failed - no description returned,1766503071.636019
fractal_03295.png,Classification failed - no description returned,1766503071.6360204
fractal_02472.png,Classification failed - no description returned,1766503071.636021
fractal_05363.png,Classification failed - no description returned,1766503071.6360216
fractal_07618.png,Classification failed - no description returned,1766503071.636022
fractal_01245.png,Classification failed - no description returned,1766503071.636023
fractal_05034.png,Classification failed - no description returned,1766503071.6360252
fractal_07956.png,Classification failed - no description returned,1766503071.6360266
fractal_07912.png,Classification failed - no description returned,1766503071.6360278
fractal_05264.png,Classification failed - no description returned,1766503071.6360288
fractal_07471.png,Classification failed - no description returned,1766503071.6360295
fractal_08421.png,Classification failed - no description returned,1766503071.6360302
fractal_06262.png,Classification failed - no description returned,1766503071.636031
fractal_02264.png,Classification failed - no description returned,1766503071.6360328
fractal_05376.png,Classification failed - no description returned,1766503071.6360338
fractal_00993.png,Classification failed - no description returned,1766503071.6360347
fractal_08148.png,Classification failed - no description returned,1766503071.6360357
fractal_09646.png,Classification failed - no description returned,1766503071.6360376
fractal_05281.png,Classification failed - no description returned,1766503071.6360383
fractal_09145.png,Classification failed - no description returned,1766503071.6360395
fractal_00998.png,Classification failed - no description returned,1766503071.6360402
fractal_07973.png,Classification failed - no description returned,1766503071.6360416
fractal_01772.png,Classification failed - no description returned,1766503071.6360428
fractal_08357.png,Classification failed - no description returned,1766503071.6360438
fractal_04147.png,Classification failed - no description returned,1766503071.6360447
fractal_04215.png,Classification failed - no description returned,1766503071.6360462
fractal_08483.png,Classification failed - no description returned,1766503071.636047
fractal_09453.png,Classification failed - no description returned,1766503071.6360476
fractal_04426.png,Classification failed - no description returned,1766503071.6360493
fractal_02825.png,Classification failed - no description returned,1766503071.6360514
fractal_07276.png,Classification failed - no description returned,1766503071.6360524
fractal_03167.png,Classification failed - no description returned,1766503071.6360536
fractal_02415.png,Classification failed - no description returned,1766503071.6360552
fractal_03661.png,Classification failed - no description returned,1766503071.636056
fractal_08717.png,Classification failed - no description returned,1766503071.6360571
fractal_00386.png,Classification failed - no description returned,1766503071.6360586
fractal_04928.png,Classification failed - no description returned,1766503071.6360598
fractal_06509.png,Classification failed - no description returned,1766503071.6360607
fractal_08191.png,Classification failed - no description returned,1766503071.6360621
fractal_04262.png,Classification failed - no description returned,1766503071.6360636
fractal_05411.png,Classification failed - no description returned,1766503071.6360645
fractal_05015.png,Classification failed - no description returned,1766503071.6360655
fractal_07495.png,Classification failed - no description returned,1766503071.636067
fractal_05344.png,Classification failed - no description returned,1766503071.6360683
fractal_06327.png,Classification failed - no description returned,1766503071.636071
fractal_04327.png,Classification failed - no description returned,1766503071.636073
fractal_05816.png,Classification failed - no description returned,1766503071.6360743
fractal_05073.png,Classification failed - no description returned,1766503115.8693461
fractal_03398.png,Classification failed - no description returned,1766503115.8693476
fractal_01945.png,Classification failed - no description returned,1766503115.8693485
fractal_05506.png,Classification failed - no description returned,1766503115.8693488
fractal_06828.png,Classification failed - no description returned,1766503115.8693495
fractal_05631.png,Classification failed - no description returned,1766503115.8693502
fractal_03229.png,Classification failed - no description returned,1766503115.8693507
fractal_03037.png,Classification failed - no description returned,1766503115.8693511
fractal_00099.png,Classification failed - no description returned,1766503115.8693516
fractal_04157.png,Classification failed - no description returned,1766503115.8693528
fractal_03844.png,Classification failed - no description returned,1766503115.8693533
fractal_03798.png,Classification failed - no description returned,1766503115.869354
fractal_08754.png,Classification failed - no description returned,1766503115.8693545
fractal_04361.png,Classification failed - no description returned,1766503115.869355
fractal_06279.png,Classification failed - no description returned,1766503115.8693554
fractal_08194.png,Classification failed - no description returned,1766503115.8693564
fractal_08598.png,Classification failed - no description returned,1766503115.869357
fractal_00749.png,Classification failed - no description returned,1766503115.8693576
fractal_06511.png,Classification failed - no description returned,1766503115.869358
fractal_04466.png,Classification failed - no description returned,1766503115.8693585
fractal_09651.png,Classification failed - no description returned,1766503115.8693593
fractal_00757.png,Classification failed - no description returned,1766503115.86936
fractal_01758.png,Classification failed - no description returned,1766503115.8693607
fractal_06428.png,Classification failed - no description returned,1766503115.8693616
fractal_09130.png,Classification failed - no description returned,1766503115.869362
fractal_05387.png,Classification failed - no description returned,1766503115.8693628
fractal_07543.png,Classification failed - no description returned,1766503115.8693635
fractal_08276.png,Classification failed - no description returned,1766503115.8693643
fractal_04532.png,Classification failed - no description returned,1766503115.869365
fractal_01765.png,Classification failed - no description returned,1766503115.8693655
fractal_05428.png,Classification failed - no description returned,1766503115.8693662
fractal_06799.png,Classification failed - no description returned,1766503115.8693674
fractal_00666.png,Classification failed - no description returned,1766503115.8693676
fractal_09842.png,Classification failed - no description returned,1766503115.8693686
fractal_08986.png,Classification failed - no description returned,1766503115.8693693
fractal_08933.png,Classification failed - no description returned,1766503115.8693697
fractal_05378.png,Classification failed - no description returned,1766503115.8693705
fractal_08603.png,Classification failed - no description returned,1766503115.8693712
fractal_07582.png,Classification failed - no description returned,1766503115.8693721
fractal_08879.png,Classification failed - no description returned,1766503115.8693728
fractal_06138.png,Classification failed - no description returned,1766503115.8693733
fractal_01966.png,Classification failed - no description returned,1766503115.869374
fractal_05836.png,Classification failed - no description returned,1766503115.8693748
fractal_02567.png,Classification failed - no description returned,1766503115.8693752
fractal_08604.png,Classification failed - no description returned,1766503115.869376
fractal_02766.png,Classification failed - no description returned,1766503115.8693764
fractal_07791.png,Classification failed - no description returned,1766503115.8693771
fractal_09514.png,Classification failed - no description returned,1766503115.8693779
fractal_07386.png,Classification failed - no description returned,1766503115.8693783
fractal_03270.png,Classification failed - no description returned,1766503154.2838714
fractal_02037.png,Classification failed - no description returned,1766503154.2838728
fractal_03580.png,Classification failed - no description returned,1766503154.283874
fractal_06921.png,Classification failed - no description returned,1766503154.2838745
fractal_05290.png,Classification failed - no description returned,1766503154.283875
fractal_06596.png,Classification failed - no description returned,1766503154.2838755
fractal_02002.png,Classification failed - no description returned,1766503154.2838762
fractal_01068.png,Classification failed - no description returned,1766503154.2838767
fractal_00882.png,Classification failed - no description returned,1766503154.2838776
fractal_01382.png,Classification failed - no description returned,1766503154.283878
fractal_00981.png,Classification failed - no description returned,1766503154.2838788
fractal_01745.png,Classification failed - no description returned,1766503154.2838795
fractal_00868.png,Classification failed - no description returned,1766503154.28388
fractal_06535.png,Classification failed - no description returned,1766503154.2838805
fractal_00807.png,Classification failed - no description returned,1766503154.283881
fractal_09711.png,Classification failed - no description returned,1766503154.2838817
fractal_01179.png,Classification failed - no description returned,1766503154.2838821
fractal_03162.png,Classification failed - no description returned,1766503154.2838829
fractal_05644.png,Classification failed - no description returned,1766503154.2838836
fractal_09490.png,Classification failed - no description returned,1766503154.283884
fractal_02700.png,Classification failed - no description returned,1766503154.2838848
fractal_09779.png,Classification failed - no description returned,1766503154.2838855
fractal_09090.png,Classification failed - no description returned,1766503154.2838857
fractal_08902.png,Classification failed - no description returned,1766503154.2838867
fractal_04303.png,Classification failed - no description returned,1766503154.2838871
fractal_05070.png,Classification failed - no description returned,1766503154.2838879
fractal_03501.png,Classification failed - no description returned,1766503154.2838886
fractal_05555.png,Classification failed - no description returned,1766503154.2838898
fractal_04347.png,Classification failed - no description returned,1766503154.2838905
fractal_05625.png,Classification failed - no description returned,1766503154.283891
fractal_02377.png,Classification failed - no description returned,1766503154.2838914
fractal_02944.png,Classification failed - no description returned,1766503154.2838922
fractal_09658.png,Classification failed - no description returned,1766503154.2838926
fractal_02280.png,Classification failed - no description returned,1766503154.2838933
fractal_03518.png,Classification failed - no description returned,1766503154.2838943
fractal_03635.png,Classification failed - no description returned,1766503154.2838948
fractal_00630.png,Classification failed - no description returned,1766503154.2838955
fractal_07896.png,Classification failed - no description returned,1766503154.283896
fractal_04707.png,Classification failed - no description returned,1766503154.2838967
fractal_01671.png,Classification failed - no description returned,1766503154.2838976
fractal_01244.png,Classification failed - no description returned,1766503154.283898
fractal_02387.png,Classification failed - no description returned,1766503154.2838988
fractal_05719.png,Classification failed - no description returned,1766503154.2838995
fractal_05237.png,Classification failed - no description returned,1766503154.2839
fractal_04291.png,Classification failed - no description returned,1766503154.2839007
fractal_08206.png,Classification failed - no description returned,1766503154.2839015
fractal_06263.png,Classification failed - no description returned,1766503154.2839022
fractal_03790.png,Classification failed - no description returned,1766503154.2839026
fractal_09758.png,Classification failed - no description returned,1766503154.2839031
fractal_07499.png,Classification failed - no description returned,1766503212.9713247
fractal_08367.png,Classification failed - no description returned,1766503212.9713259
fractal_08906.png,Classification failed - no description returned,1766503212.9713273
fractal_05509.png,Classification failed - no description returned,1766503212.971328
fractal_03562.png,Classification failed - no description returned,1766503212.9713285
fractal_08881.png,Classification failed - no description returned,1766503212.971329
fractal_00247.png,Classification failed - no description returned,1766503212.9713297
fractal_07211.png,Classification failed - no description returned,1766503212.9713304
fractal_03719.png,Classification failed - no description returned,1766503212.9713311
fractal_05695.png,Classification failed - no description returned,1766503212.9713316
fractal_03108.png,Classification failed - no description returned,1766503212.9713323
fractal_02100.png,Classification failed - no description returned,1766503212.9713328
fractal_09885.png,Classification failed - no description returned,1766503212.9713337
fractal_01698.png,Classification failed - no description returned,1766503212.9713342
fractal_07279.png,Classification failed - no description returned,1766503212.9713347
fractal_02905.png,Classification failed - no description returned,1766503212.9713354
fractal_06350.png,Classification failed - no description returned,1766503212.9713361
fractal_06264.png,Classification failed - no description returned,1766503212.9713366
fractal_09896.png,Classification failed - no description returned,1766503212.9713376
fractal_02347.png,Classification failed - no description returned,1766503212.9713383
fractal_08499.png,Classification failed - no description returned,1766503212.9713387
fractal_01006.png,Classification failed - no description returned,1766503212.9713392
fractal_04271.png,Classification failed - no description returned,1766503212.97134
fractal_06347.png,Classification failed - no description returned,1766503212.971341
fractal_00912.png,Classification failed - no description returned,1766503212.9713416
fractal_03571.png,Classification failed - no description returned,1766503212.971342
fractal_02973.png,Classification failed - no description returned,1766503212.9713433
fractal_00883.png,Classification failed - no description returned,1766503212.9713438
fractal_07994.png,Classification failed - no description returned,1766503212.9713445
fractal_05952.png,Classification failed - no description returned,1766503212.9713452
fractal_08758.png,Classification failed - no description returned,1766503212.971346
fractal_09713.png,Classification failed - no description returned,1766503212.9713469
fractal_06414.png,Classification failed - no description returned,1766503212.9713476
fractal_04639.png,Classification failed - no description returned,1766503212.9713483
fractal_07261.png,Classification failed - no description returned,1766503212.9713492
fractal_01461.png,Classification failed - no description returned,1766503212.9713495
fractal_03612.png,Classification failed - no description returned,1766503212.9713502
fractal_01579.png,Classification failed - no description returned,1766503212.9713507
fractal_05228.png,Classification failed - no description returned,1766503212.9713514
fractal_00689.png,Classification failed - no description returned,1766503212.9713519
fractal_09854.png,Classification failed - no description returned,1766503212.9713526
fractal_04551.png,Classification failed - no description returned,1766503212.9713533
fractal_05221.png,Classification failed - no description returned,1766503212.971354
fractal_00079.png,Classification failed - no description returned,1766503212.971355
fractal_04135.png,Classification failed - no description returned,1766503212.9713554
fractal_08867.png,Classification failed - no description returned,1766503212.971356
fractal_04979.png,Classification failed - no description returned,1766503212.9713564
fractal_01102.png,Classification failed - no description returned,1766503212.9713573
fractal_05815.png,Classification failed - no description returned,1766503212.971358
fractal_02121.png,Classification failed - no description returned,1766503257.1144724
fractal_02106.png,Classification failed - no description returned,1766503257.1144738
fractal_08848.png,Classification failed - no description returned,1766503257.1144748
fractal_00005.png,Classification failed - no description returned,1766503257.1144753
fractal_07407.png,Classification failed - no description returned,1766503257.1144757
fractal_00709.png,Classification failed - no description returned,1766503257.1144764
fractal_03771.png,Classification failed - no description returned,1766503257.1144772
fractal_02665.png,Classification failed - no description returned,1766503257.1144774
fractal_02647.png,Classification failed - no description returned,1766503257.114478
fractal_03284.png,Classification failed - no description returned,1766503257.114479
fractal_03351.png,Classification failed - no description returned,1766503257.1144795
fractal_01620.png,Classification failed - no description returned,1766503257.1144805
fractal_05176.png,Classification failed - no description returned,1766503257.114481
fractal_02312.png,Classification failed - no description returned,1766503257.1144817
fractal_04864.png,Classification failed - no description returned,1766503257.1144824
fractal_04458.png,Classification failed - no description returned,1766503257.114483
fractal_04062.png,Classification failed - no description returned,1766503257.114484
fractal_05893.png,Classification failed - no description returned,1766503257.1144845
fractal_05924.png,Classification failed - no description returned,1766503257.1144853
fractal_09217.png,Classification failed - no description returned,1766503257.1144857
fractal_05476.png,Classification failed - no description returned,1766503257.1144867
fractal_06815.png,Classification failed - no description returned,1766503257.114488
fractal_08179.png,Classification failed - no description returned,1766503257.1144886
fractal_03789.png,Classification failed - no description returned,1766503257.1144896
fractal_01877.png,Classification failed - no description returned,1766503257.1144903
fractal_02321.png,Classification failed - no description returned,1766503257.1144912
fractal_05958.png,Classification failed - no description returned,1766503257.114492
fractal_02521.png,Classification failed - no description returned,1766503257.1144924
fractal_08508.png,Classification failed - no description returned,1766503257.114493
fractal_00832.png,Classification failed - no description returned,1766503257.1144934
fractal_06586.png,Classification failed - no description returned,1766503257.1144946
fractal_06360.png,Classification failed - no description returned,1766503257.1144953
fractal_02772.png,Classification failed - no description returned,1766503257.1144955
fractal_06468.png,Classification failed - no description returned,1766503257.1144962
fractal_06743.png,Classification failed - no description returned,1766503257.114497
fractal_07090.png,Classification failed - no description returned,1766503257.114498
fractal_03649.png,Classification failed - no description returned,1766503257.1144989
fractal_00433.png,Classification failed - no description returned,1766503257.1144993
fractal_07351.png,Classification failed - no description returned,1766503257.1144998
fractal_05686.png,Classification failed - no description returned,1766503257.1145005
fractal_07490.png,Classification failed - no description returned,1766503257.1145012
fractal_06987.png,Classification failed - no description returned,1766503257.1145017
fractal_06649.png,Classification failed - no description returned,1766503257.1145027
fractal_01173.png,Classification failed - no description returned,1766503257.1145031
fractal_05459.png,Classification failed - no description returned,1766503257.1145034
fractal_08030.png,Classification failed - no description returned,1766503257.1145039
fractal_05436.png,Classification failed - no description returned,1766503257.1145048
fractal_03068.png,Classification failed - no description returned,1766503257.1145053
fractal_02577.png,Classification failed - no description returned,1766503257.1145058
fractal_07426.png,Classification failed - no description returned,1766503315.4591403
fractal_05141.png,Classification failed - no description returned,1766503315.4591432
fractal_08067.png,Classification failed - no description returned,1766503315.459144
fractal_04138.png,Classification failed - no description returned,1766503315.4591453
fractal_01537.png,Classification failed - no description returned,1766503315.459146
fractal_00021.png,Classification failed - no description returned,1766503315.4591467
fractal_04254.png,Classification failed - no description returned,1766503315.4591475
fractal_04453.png,Classification failed - no description returned,1766503315.4591484
fractal_04740.png,Classification failed - no description returned,1766503315.4591496
fractal_05381.png,Classification failed - no description returned,1766503315.4591503
fractal_08354.png,Classification failed - no description returned,1766503315.4591513
fractal_06980.png,Classification failed - no description returned,1766503315.4591522
fractal_04369.png,Classification failed - no description returned,1766503315.4591534
fractal_01178.png,Classification failed - no description returned,1766503315.4591541
fractal_00446.png,Classification failed - no description returned,1766503315.459155
fractal_00344.png,Classification failed - no description returned,1766503315.459156
fractal_01054.png,Classification failed - no description returned,1766503315.459157
fractal_04293.png,Classification failed - no description returned,1766503315.4591577
fractal_01595.png,Classification failed - no description returned,1766503315.459159
fractal_09815.png,Classification failed - no description returned,1766503315.4591596
fractal_03530.png,Classification failed - no description returned,1766503315.4591603
fractal_05398.png,Classification failed - no description returned,1766503315.4591615
fractal_09906.png,Classification failed - no description returned,1766503315.4591627
fractal_08861.png,Classification failed - no description returned,1766503315.4591634
fractal_05534.png,Classification failed - no description returned,1766503315.4591644
fractal_07442.png,Classification failed - no description returned,1766503315.4591653
fractal_02035.png,Classification failed - no description returned,1766503315.4591665
fractal_00023.png,Classification failed - no description returned,1766503315.4591672
fractal_08799.png,Classification failed - no description returned,1766503315.459168
fractal_04427.png,Classification failed - no description returned,1766503315.4591696
fractal_03540.png,Classification failed - no description returned,1766503315.4591706
fractal_02109.png,Classification failed - no description returned,1766503315.4591715
fractal_02658.png,Classification failed - no description returned,1766503315.4591722
fractal_06508.png,Classification failed - no description returned,1766503315.4591732
fractal_04838.png,Classification failed - no description returned,1766503315.459174
fractal_06015.png,Classification failed - no description returned,1766503315.4591749
fractal_03379.png,Classification failed - no description returned,1766503315.4591756
fractal_01837.png,Classification failed - no description returned,1766503315.4591765
fractal_04534.png,Classification failed - no description returned,1766503315.4591775
fractal_08103.png,Classification failed - no description returned,1766503315.4591784
fractal_09328.png,Classification failed - no description returned,1766503315.4591792
fractal_09154.png,Classification failed - no description returned,1766503315.4591806
fractal_03795.png,Classification failed - no description returned,1766503315.4591813
fractal_06821.png,Classification failed - no description returned,1766503315.4591818
fractal_00607.png,Classification failed - no description returned,1766503315.4591825
fractal_04266.png,Classification failed - no description returned,1766503315.4591835
fractal_07245.png,Classification failed - no description returned,1766503315.4591842
fractal_04245.png,Classification failed - no description returned,1766503315.4591851
fractal_08531.png,Classification failed - no description returned,1766503315.4591858
fractal_04302.png,Classification failed - no description returned,1766503362.675817
fractal_09926.png,Classification failed - no description returned,1766503362.6758187
fractal_00642.png,Classification failed - no description returned,1766503362.6758204
fractal_08898.png,Classification failed - no description returned,1766503362.675821
fractal_07105.png,Classification failed - no description returned,1766503362.6758218
fractal_06488.png,Classification failed - no description returned,1766503362.6758225
fractal_01591.png,Classification failed - no description returned,1766503362.6758237
fractal_01141.png,Classification failed - no description returned,1766503362.6758244
fractal_00124.png,Classification failed - no description returned,1766503362.675825
fractal_07503.png,Classification failed - no description returned,1766503362.675826
fractal_00197.png,Classification failed - no description returned,1766503362.675827
fractal_08149.png,Classification failed - no description returned,1766503362.675828
fractal_06252.png,Classification failed - no description returned,1766503362.6758285
fractal_04407.png,Classification failed - no description returned,1766503362.6758292
fractal_06219.png,Classification failed - no description returned,1766503362.6758304
fractal_03541.png,Classification failed - no description returned,1766503362.675831
fractal_06180.png,Classification failed - no description returned,1766503362.6758318
fractal_06331.png,Classification failed - no description returned,1766503362.6758325
fractal_05088.png,Classification failed - no description returned,1766503362.6758332
fractal_09024.png,Classification failed - no description returned,1766503362.6758342
fractal_01531.png,Classification failed - no description returned,1766503362.6758347
fractal_00486.png,Classification failed - no description returned,1766503362.6758356
fractal_02164.png,Classification failed - no description returned,1766503362.6758363
fractal_08213.png,Classification failed - no description returned,1766503362.6758373
fractal_06776.png,Classification failed - no description returned,1766503362.6758382
fractal_05446.png,Classification failed - no description returned,1766503362.6758394
fractal_07034.png,Classification failed - no description returned,1766503362.6758401
fractal_00716.png,Classification failed - no description returned,1766503362.675841
fractal_08055.png,Classification failed - no description returned,1766503362.675842
fractal_02376.png,Classification failed - no description returned,1766503362.6758428
fractal_04982.png,Classification failed - no description returned,1766503362.6758435
fractal_00869.png,Classification failed - no description returned,1766503362.6758444
fractal_09568.png,Classification failed - no description returned,1766503362.6758451
fractal_01692.png,Classification failed - no description returned,1766503362.6758459
fractal_01593.png,Classification failed - no description returned,1766503362.6758466
fractal_06235.png,Classification failed - no description returned,1766503362.6758475
fractal_04258.png,Classification failed - no description returned,1766503362.6758485
fractal_08803.png,Classification failed - no description returned,1766503362.6758492
fractal_07067.png,Classification failed - no description returned,1766503362.67585
fractal_03403.png,Classification failed - no description returned,1766503362.6758513
fractal_07465.png,Classification failed - no description returned,1766503362.6758518
fractal_01615.png,Classification failed - no description returned,1766503362.6758525
fractal_08106.png,Classification failed - no description returned,1766503362.6758535
fractal_07167.png,Classification failed - no description returned,1766503362.6758544
fractal_02212.png,Classification failed - no description returned,1766503362.6758552
fractal_01989.png,Classification failed - no description returned,1766503362.6758559
fractal_00671.png,Classification failed - no description returned,1766503362.6758564
fractal_09804.png,Classification failed - no description returned,1766503362.675857
fractal_03394.png,Classification failed - no description returned,1766503362.6758583
fractal_07986.png,Classification failed - no description returned,1766503415.1405835
fractal_06919.png,Classification failed - no description returned,1766503415.1405857
fractal_08258.png,Classification failed - no description returned,1766503415.1405869
fractal_01212.png,Classification failed - no description returned,1766503415.1405876
fractal_01899.png,Classification failed - no description returned,1766503415.1405883
fractal_06258.png,Classification failed - no description returned,1766503415.1405892
fractal_03692.png,Classification failed - no description returned,1766503415.1405902
fractal_01525.png,Classification failed - no description returned,1766503415.140591
fractal_09314.png,Classification failed - no description returned,1766503415.1405919
fractal_02518.png,Classification failed - no description returned,1766503415.140593
fractal_08904.png,Classification failed - no description returned,1766503415.140594
fractal_01161.png,Classification failed - no description returned,1766503415.140595
fractal_03026.png,Classification failed - no description returned,1766503415.1405957
fractal_03763.png,Classification failed - no description returned,1766503415.1405966
fractal_06217.png,Classification failed - no description returned,1766503415.1405976
fractal_00552.png,Classification failed - no description returned,1766503415.1405985
fractal_03050.png,Classification failed - no description returned,1766503415.1405995
fractal_07701.png,Classification failed - no description returned,1766503415.1406007
fractal_00577.png,Classification failed - no description returned,1766503415.140602
fractal_09371.png,Classification failed - no description returned,1766503415.140603
fractal_05533.png,Classification failed - no description returned,1766503415.140604
fractal_08402.png,Classification failed - no description returned,1766503415.140605
fractal_04158.png,Classification failed - no description returned,1766503415.1406057
fractal_04540.png,Classification failed - no description returned,1766503415.1406066
fractal_00480.png,Classification failed - no description returned,1766503415.1406076
fractal_04545.png,Classification failed - no description returned,1766503415.1406088
fractal_07552.png,Classification failed - no description returned,1766503415.1406095
fractal_07182.png,Classification failed - no description returned,1766503415.1406102
fractal_09048.png,Classification failed - no description returned,1766503415.140611
fractal_02641.png,Classification failed - no description returned,1766503415.1406116
fractal_06359.png,Classification failed - no description returned,1766503415.1406128
fractal_09980.png,Classification failed - no description returned,1766503415.1406138
fractal_06634.png,Classification failed - no description returned,1766503415.1406147
fractal_05722.png,Classification failed - no description returned,1766503415.1406155
fractal_00249.png,Classification failed - no description returned,1766503415.1406167
fractal_03482.png,Classification failed - no description returned,1766503415.1406174
fractal_01554.png,Classification failed - no description returned,1766503415.1406183
fractal_00969.png,Classification failed - no description returned,1766503415.1406193
fractal_06758.png,Classification failed - no description returned,1766503415.1406202
fractal_02586.png,Classification failed - no description returned,1766503415.1406214
fractal_05449.png,Classification failed - no description returned,1766503415.1406221
fractal_06210.png,Classification failed - no description returned,1766503415.1406229
fractal_03663.png,Classification failed - no description returned,1766503415.1406243
fractal_02880.png,Classification failed - no description returned,1766503415.1406252
fractal_09614.png,Classification failed - no description returned,1766503415.1406257
fractal_04571.png,Classification failed - no description returned,1766503415.1406267
fractal_01519.png,Classification failed - no description returned,1766503415.1406271
fractal_08505.png,Classification failed - no description returned,1766503415.1406286
fractal_03934.png,Classification failed - no description returned,1766503415.1406293
fractal_06704.png,Classification failed - no description returned,1766503459.5629094
fractal_02339.png,Classification failed - no description returned,1766503459.5629117
fractal_06376.png,Classification failed - no description returned,1766503459.5629125
fractal_08346.png,Classification failed - no description returned,1766503459.5629134
fractal_01462.png,Classification failed - no description returned,1766503459.5629141
fractal_03472.png,Classification failed - no description returned,1766503459.5629146
fractal_08956.png,Classification failed - no description returned,1766503459.5629156
fractal_09886.png,Classification failed - no description returned,1766503459.5629158
fractal_04060.png,Classification failed - no description returned,1766503459.5629165
fractal_07369.png,Classification failed - no description returned,1766503459.5629177
fractal_09011.png,Classification failed - no description returned,1766503459.5629182
fractal_06664.png,Classification failed - no description returned,1766503459.562919
fractal_04755.png,Classification failed - no description returned,1766503459.5629194
fractal_02018.png,Classification failed - no description returned,1766503459.56292
fractal_03926.png,Classification failed - no description returned,1766503459.5629215
fractal_06038.png,Classification failed - no description returned,1766503459.562922
fractal_06491.png,Classification failed - no description returned,1766503459.5629225
fractal_00695.png,Classification failed - no description returned,1766503459.5629232
fractal_08999.png,Classification failed - no description returned,1766503459.5629241
fractal_03868.png,Classification failed - no description returned,1766503459.5629246
fractal_03804.png,Classification failed - no description returned,1766503459.5629253
fractal_01147.png,Classification failed - no description returned,1766503459.5629263
fractal_09791.png,Classification failed - no description returned,1766503459.5629277
fractal_07620.png,Classification failed - no description returned,1766503459.5629282
fractal_01222.png,Classification failed - no description returned,1766503459.5629287
fractal_01223.png,Classification failed - no description returned,1766503459.5629296
fractal_08407.png,Classification failed - no description returned,1766503459.56293
fractal_03815.png,Classification failed - no description returned,1766503459.562931
fractal_06340.png,Classification failed - no description returned,1766503459.5629318
fractal_02477.png,Classification failed - no description returned,1766503459.5629323
fractal_00080.png,Classification failed - no description returned,1766503459.5629332
fractal_04572.png,Classification failed - no description returned,1766503459.562934
fractal_08487.png,Classification failed - no description returned,1766503459.5629346
fractal_01342.png,Classification failed - no description returned,1766503459.5629354
fractal_03645.png,Classification failed - no description returned,1766503459.562936
fractal_09413.png,Classification failed - no description returned,1766503459.5629368
fractal_07739.png,Classification failed - no description returned,1766503459.5629373
fractal_05270.png,Classification failed - no description returned,1766503459.5629382
fractal_07954.png,Classification failed - no description returned,1766503459.5629392
fractal_09531.png,Classification failed - no description returned,1766503459.56294
fractal_05253.png,Classification failed - no description returned,1766503459.5629406
fractal_06109.png,Classification failed - no description returned,1766503459.5629418
fractal_07819.png,Classification failed - no description returned,1766503459.5629425
fractal_09283.png,Classification failed - no description returned,1766503459.5629432
fractal_02544.png,Classification failed - no description returned,1766503459.5629437
fractal_09691.png,Classification failed - no description returned,1766503459.5629444
fractal_07172.png,Classification failed - no description returned,1766503459.5629451
fractal_08785.png,Classification failed - no description returned,1766503459.5629458
fractal_08541.png,Classification failed - no description returned,1766503459.5629468
fractal_07948.png,Classification failed - no description returned,1766503504.4122236
fractal_07326.png,Classification failed - no description returned,1766503504.4122255
fractal_02409.png,Classification failed - no description returned,1766503504.412226
fractal_03538.png,Classification failed - no description returned,1766503504.4122267
fractal_05961.png,Classification failed - no description returned,1766503504.4122272
fractal_04930.png,Classification failed - no description returned,1766503504.4122279
fractal_00852.png,Classification failed - no description returned,1766503504.4122288
fractal_00988.png,Classification failed - no description returned,1766503504.412229
fractal_08874.png,Classification failed - no description returned,1766503504.4122298
fractal_09165.png,Classification failed - no description returned,1766503504.4122307
fractal_00622.png,Classification failed - no description returned,1766503504.4122314
fractal_01830.png,Classification failed - no description returned,1766503504.412232
fractal_04059.png,Classification failed - no description returned,1766503504.412233
fractal_05929.png,Classification failed - no description returned,1766503504.412234
fractal_04584.png,Classification failed - no description returned,1766503504.412235
fractal_00519.png,Classification failed - no description returned,1766503504.4122355
fractal_00110.png,Classification failed - no description returned,1766503504.4122362
fractal_00762.png,Classification failed - no description returned,1766503504.4122372
fractal_06891.png,Classification failed - no description returned,1766503504.412238
fractal_05723.png,Classification failed - no description returned,1766503504.4122384
fractal_01663.png,Classification failed - no description returned,1766503504.4122388
fractal_06607.png,Classification failed - no description returned,1766503504.4122393
fractal_02030.png,Classification failed - no description returned,1766503504.4122407
fractal_05772.png,Classification failed - no description returned,1766503504.4122415
fractal_00322.png,Classification failed - no description returned,1766503504.412242
fractal_04730.png,Classification failed - no description returned,1766503504.4122427
fractal_02623.png,Classification failed - no description returned,1766503504.4122431
fractal_02503.png,Classification failed - no description returned,1766503504.4122436
fractal_00221.png,Classification failed - no description returned,1766503504.4122446
fractal_02541.png,Classification failed - no description returned,1766503504.4122455
fractal_06519.png,Classification failed - no description returned,1766503504.4122462
fractal_06557.png,Classification failed - no description returned,1766503504.4122467
fractal_04858.png,Classification failed - no description returned,1766503504.4122472
fractal_09512.png,Classification failed - no description returned,1766503504.412248
fractal_04725.png,Classification failed - no description returned,1766503504.4122488
fractal_07363.png,Classification failed - no description returned,1766503504.4122493
fractal_09191.png,Classification failed - no description returned,1766503504.4122498
fractal_01939.png,Classification failed - no description returned,1766503504.4122503
fractal_09882.png,Classification failed - no description returned,1766503504.4122512
fractal_03598.png,Classification failed - no description returned,1766503504.4122517
fractal_08942.png,Classification failed - no description returned,1766503504.4122524
fractal_00505.png,Classification failed - no description returned,1766503504.4122531
fractal_06750.png,Classification failed - no description returned,1766503504.4122536
fractal_04530.png,Classification failed - no description returned,1766503504.412254
fractal_01330.png,Classification failed - no description returned,1766503504.412255
fractal_06515.png,Classification failed - no description returned,1766503504.4122555
fractal_09866.png,Classification failed - no description returned,1766503504.4122562
fractal_02986.png,Classification failed - no description returned,1766503504.412257
fractal_05213.png,Classification failed - no description returned,1766503504.4122574
fractal_07998.png,Classification failed - no description returned,1766503548.2508934
fractal_08660.png,Classification failed - no description returned,1766503548.250895
fractal_08903.png,Classification failed - no description returned,1766503548.250896
fractal_09350.png,Classification failed - no description returned,1766503548.2508965
fractal_04150.png,Classification failed - no description returned,1766503548.250897
fractal_07946.png,Classification failed - no description returned,1766503548.250898
fractal_07401.png,Classification failed - no description returned,1766503548.2508986
fractal_07361.png,Classification failed - no description returned,1766503548.2508988
fractal_02154.png,Classification failed - no description returned,1766503548.2508996
fractal_07879.png,Classification failed - no description returned,1766503548.2509003
fractal_07729.png,Classification failed - no description returned,1766503548.2509007
fractal_06610.png,Classification failed - no description returned,1766503548.2509015
fractal_05128.png,Classification failed - no description returned,1766503548.2509022
fractal_01949.png,Classification failed - no description returned,1766503548.250903
fractal_06145.png,Classification failed - no description returned,1766503548.2509034
fractal_03604.png,Classification failed - no description returned,1766503548.250904
fractal_05630.png,Classification failed - no description returned,1766503548.2509043
fractal_05296.png,Classification failed - no description returned,1766503548.250905
fractal_02607.png,Classification failed - no description returned,1766503548.2509062
fractal_01610.png,Classification failed - no description returned,1766503548.2509067
fractal_05124.png,Classification failed - no description returned,1766503548.2509074
fractal_06126.png,Classification failed - no description returned,1766503548.250908
fractal_08280.png,Classification failed - no description returned,1766503548.2509086
fractal_03587.png,Classification failed - no description returned,1766503548.2509098
fractal_06199.png,Classification failed - no description returned,1766503548.250911
fractal_06448.png,Classification failed - no description returned,1766503548.2509117
fractal_04270.png,Classification failed - no description returned,1766503548.2509124
fractal_08995.png,Classification failed - no description returned,1766503548.2509131
fractal_06446.png,Classification failed - no description returned,1766503548.2509136
fractal_02938.png,Classification failed - no description returned,1766503548.2509148
fractal_05335.png,Classification failed - no description returned,1766503548.2509155
fractal_00285.png,Classification failed - no description returned,1766503548.250916
fractal_00415.png,Classification failed - no description returned,1766503548.2509167
fractal_02588.png,Classification failed - no description returned,1766503548.2509177
fractal_06181.png,Classification failed - no description returned,1766503548.2509181
fractal_02185.png,Classification failed - no description returned,1766503548.2509186
fractal_09745.png,Classification failed - no description returned,1766503548.250919
fractal_02875.png,Classification failed - no description returned,1766503548.2509196
fractal_09566.png,Classification failed - no description returned,1766503548.2509205
fractal_00484.png,Classification failed - no description returned,1766503548.2509217
fractal_00430.png,Classification failed - no description returned,1766503548.2509222
fractal_03579.png,Classification failed - no description returned,1766503548.250923
fractal_08794.png,Classification failed - no description returned,1766503548.2509239
fractal_05407.png,Classification failed - no description returned,1766503548.2509243
fractal_06269.png,Classification failed - no description returned,1766503548.2509248
fractal_02378.png,Classification failed - no description returned,1766503548.2509258
fractal_02125.png,Classification failed - no description returned,1766503548.2509265
fractal_03285.png,Classification failed - no description returned,1766503548.2509272
fractal_09944.png,Classification failed - no description returned,1766503548.250928
fractal_01942.png,Classification failed - no description returned,1766503593.0458803
fractal_01721.png,Classification failed - no description returned,1766503593.0458844
fractal_08178.png,Classification failed - no description returned,1766503593.0458858
fractal_06113.png,Classification failed - no description returned,1766503593.0458868
fractal_03765.png,Classification failed - no description returned,1766503593.0458877
fractal_02483.png,Classification failed - no description returned,1766503593.0458887
fractal_08131.png,Classification failed - no description returned,1766503593.0458891
fractal_00659.png,Classification failed - no description returned,1766503593.0458896
fractal_01618.png,Classification failed - no description returned,1766503593.0458903
fractal_04242.png,Classification failed - no description returned,1766503593.045891
fractal_06356.png,Classification failed - no description returned,1766503593.0458922
fractal_00286.png,Classification failed - no description returned,1766503593.0458975
fractal_02344.png,Classification failed - no description returned,1766503593.0458984
fractal_03941.png,Classification failed - no description returned,1766503593.0458992
fractal_07003.png,Classification failed - no description returned,1766503593.0459003
fractal_05057.png,Classification failed - no description returned,1766503593.0459015
fractal_04791.png,Classification failed - no description returned,1766503593.0459037
fractal_01251.png,Classification failed - no description returned,1766503593.0459049
fractal_05178.png,Classification failed - no description returned,1766503593.045906
fractal_03602.png,Classification failed - no description returned,1766503593.0459073
fractal_06267.png,Classification failed - no description returned,1766503593.0459082
fractal_07731.png,Classification failed - no description returned,1766503593.045909
fractal_07903.png,Classification failed - no description returned,1766503593.0459101
fractal_02814.png,Classification failed - no description returned,1766503593.0459113
fractal_05477.png,Classification failed - no description returned,1766503593.0459127
fractal_00402.png,Classification failed - no description returned,1766503593.045914
fractal_04547.png,Classification failed - no description returned,1766503593.0459156
fractal_07957.png,Classification failed - no description returned,1766503593.0459163
fractal_06801.png,Classification failed - no description returned,1766503593.0459173
fractal_03471.png,Classification failed - no description returned,1766503593.0459208
fractal_05510.png,Classification failed - no description returned,1766503593.0459218
fractal_07104.png,Classification failed - no description returned,1766503593.0459225
fractal_09861.png,Classification failed - no description returned,1766503593.0459235
fractal_06432.png,Classification failed - no description returned,1766503593.0459244
fractal_06530.png,Classification failed - no description returned,1766503593.0459254
fractal_03309.png,Classification failed - no description returned,1766503593.0459266
fractal_03700.png,Classification failed - no description returned,1766503593.0459278
fractal_03074.png,Classification failed - no description returned,1766503593.0459285
fractal_04680.png,Classification failed - no description returned,1766503593.0459292
fractal_05466.png,Classification failed - no description returned,1766503593.0459301
fractal_06229.png,Classification failed - no description returned,1766503593.0459316
fractal_09060.png,Classification failed - no description returned,1766503593.0459337
fractal_07071.png,Classification failed - no description returned,1766503593.0459354
fractal_00591.png,Classification failed - no description returned,1766503593.0459363
fractal_03848.png,Classification failed - no description returned,1766503593.045937
fractal_02932.png,Classification failed - no description returned,1766503593.0459378
fractal_02497.png,Classification failed - no description returned,1766503593.0459387
fractal_08618.png,Classification failed - no description returned,1766503593.0459394
fractal_02444.png,Classification failed - no description returned,1766503593.04594
fractal_03751.png,Classification failed - no description returned,1766503640.485371
fractal_07252.png,Classification failed - no description returned,1766503640.4853723
fractal_09794.png,Classification failed - no description returned,1766503640.4853733
fractal_02322.png,Classification failed - no description returned,1766503640.4853737
fractal_03293.png,Classification failed - no description returned,1766503640.4853742
fractal_06719.png,Classification failed - no description returned,1766503640.485375
fractal_09616.png,Classification failed - no description returned,1766503640.4853754
fractal_06679.png,Classification failed - no description returned,1766503640.4853756
fractal_01544.png,Classification failed - no description returned,1766503640.4853766
fractal_00282.png,Classification failed - no description returned,1766503640.4853773
fractal_01403.png,Classification failed - no description returned,1766503640.4853778
fractal_03823.png,Classification failed - no description returned,1766503640.4853787
fractal_06901.png,Classification failed - no description returned,1766503640.4853792
fractal_06757.png,Classification failed - no description returned,1766503640.48538
fractal_02234.png,Classification failed - no description returned,1766503640.4853806
fractal_07613.png,Classification failed - no description returned,1766503640.4853811
fractal_07358.png,Classification failed - no description returned,1766503640.4853818
fractal_03747.png,Classification failed - no description returned,1766503640.4853823
fractal_08368.png,Classification failed - no description returned,1766503640.4853833
fractal_01165.png,Classification failed - no description returned,1766503640.485384
fractal_00211.png,Classification failed - no description returned,1766503640.4853845
fractal_02166.png,Classification failed - no description returned,1766503640.4853852
fractal_01913.png,Classification failed - no description returned,1766503640.485386
fractal_08162.png,Classification failed - no description returned,1766503640.4853868
fractal_09661.png,Classification failed - no description returned,1766503640.4853873
fractal_08325.png,Classification failed - no description returned,1766503640.485388
fractal_04315.png,Classification failed - no description returned,1766503640.4853888
fractal_03168.png,Classification failed - no description returned,1766503640.4853892
fractal_03987.png,Classification failed - no description returned,1766503640.4853904
fractal_00152.png,Classification failed - no description returned,1766503640.4853911
fractal_08009.png,Classification failed - no description returned,1766503640.4853919
fractal_00090.png,Classification failed - no description returned,1766503640.4853926
fractal_04975.png,Classification failed - no description returned,1766503640.485393
fractal_01948.png,Classification failed - no description returned,1766503640.485394
fractal_09855.png,Classification failed - no description returned,1766503640.485395
fractal_03948.png,Classification failed - no description returned,1766503640.4853954
fractal_06628.png,Classification failed - no description returned,1766503640.485396
fractal_01453.png,Classification failed - no description returned,1766503640.4853964
fractal_05390.png,Classification failed - no description returned,1766503640.4853973
fractal_06009.png,Classification failed - no description returned,1766503640.485398
fractal_05371.png,Classification failed - no description returned,1766503640.4853985
fractal_04618.png,Classification failed - no description returned,1766503640.485399
fractal_05262.png,Classification failed - no description returned,1766503640.4853997
fractal_08605.png,Classification failed - no description returned,1766503640.4854007
fractal_06561.png,Classification failed - no description returned,1766503640.4854012
fractal_00795.png,Classification failed - no description returned,1766503640.4854016
fractal_09009.png,Classification failed - no description returned,1766503640.4854028
fractal_06503.png,Classification failed - no description returned,1766503640.4854035
fractal_07091.png,Classification failed - no description returned,1766503640.4854043
fractal_09357.png,Classification failed - no description returned,1766503684.2997947
fractal_01315.png,Classification failed - no description returned,1766503684.299797
fractal_01784.png,Classification failed - no description returned,1766503684.2997978
fractal_07644.png,Classification failed - no description returned,1766503684.2997985
fractal_07715.png,Classification failed - no description returned,1766503684.299799
fractal_05899.png,Classification failed - no description returned,1766503684.2998
fractal_04667.png,Classification failed - no description returned,1766503684.2998009
fractal_01017.png,Classification failed - no description returned,1766503684.2998013
fractal_03310.png,Classification failed - no description returned,1766503684.2998023
fractal_01528.png,Classification failed - no description returned,1766503684.2998037
fractal_01041.png,Classification failed - no description returned,1766503684.2998044
fractal_04164.png,Classification failed - no description returned,1766503684.2998052
fractal_09742.png,Classification failed - no description returned,1766503684.2998059
fractal_06196.png,Classification failed - no description returned,1766503684.2998068
fractal_06738.png,Classification failed - no description returned,1766503684.2998078
fractal_03250.png,Classification failed - no description returned,1766503684.2998087
fractal_09814.png,Classification failed - no description returned,1766503684.2998104
fractal_07364.png,Classification failed - no description returned,1766503684.2998118
fractal_01797.png,Classification failed - no description returned,1766503684.2998126
fractal_04076.png,Classification failed - no description returned,1766503684.2998133
fractal_01947.png,Classification failed - no description returned,1766503684.2998142
fractal_05364.png,Classification failed - no description returned,1766503684.299815
fractal_01963.png,Classification failed - no description returned,1766503684.299816
fractal_04659.png,Classification failed - no description returned,1766503684.2998168
fractal_02701.png,Classification failed - no description returned,1766503684.2998178
fractal_09197.png,Classification failed - no description returned,1766503684.299819
fractal_03873.png,Classification failed - no description returned,1766503684.2998197
fractal_01312.png,Classification failed - no description returned,1766503684.299821
fractal_01084.png,Classification failed - no description returned,1766503684.2998216
fractal_01960.png,Classification failed - no description returned,1766503684.2998226
fractal_04493.png,Classification failed - no description returned,1766503684.2998235
fractal_04128.png,Classification failed - no description returned,1766503684.2998247
fractal_07783.png,Classification failed - no description returned,1766503684.2998257
fractal_04744.png,Classification failed - no description returned,1766503684.2998269
fractal_02395.png,Classification failed - no description returned,1766503684.299828
fractal_03479.png,Classification failed - no description returned,1766503684.299829
fractal_02626.png,Classification failed - no description returned,1766503684.2998297
fractal_05830.png,Classification failed - no description returned,1766503684.2998304
fractal_00792.png,Classification failed - no description returned,1766503684.2998319
fractal_05802.png,Classification failed - no description returned,1766503684.2998328
fractal_09227.png,Classification failed - no description returned,1766503684.2998338
fractal_02743.png,Classification failed - no description returned,1766503684.299835
fractal_05874.png,Classification failed - no description returned,1766503684.2998357
fractal_01874.png,Classification failed - no description returned,1766503684.2998364
fractal_04465.png,Classification failed - no description returned,1766503684.299837
fractal_04553.png,Classification failed - no description returned,1766503684.2998383
fractal_05216.png,Classification failed - no description returned,1766503684.299839
fractal_02270.png,Classification failed - no description returned,1766503684.29984
fractal_09317.png,Classification failed - no description returned,1766503684.2998407
fractal_01864.png,Classification failed - no description returned,1766503728.0374813
fractal_03916.png,Classification failed - no description returned,1766503728.0374825
fractal_02180.png,Classification failed - no description returned,1766503728.0374835
fractal_04608.png,Classification failed - no description returned,1766503728.037484
fractal_06712.png,Classification failed - no description returned,1766503728.0374846
fractal_09584.png,Classification failed - no description returned,1766503728.0374851
fractal_08005.png,Classification failed - no description returned,1766503728.0374856
fractal_09058.png,Classification failed - no description returned,1766503728.037486
fractal_03976.png,Classification failed - no description returned,1766503728.0374866
fractal_09464.png,Classification failed - no description returned,1766503728.0374873
fractal_00306.png,Classification failed - no description returned,1766503728.037488
fractal_09046.png,Classification failed - no description returned,1766503728.0374887
fractal_05487.png,Classification failed - no description returned,1766503728.037489
fractal_09964.png,Classification failed - no description returned,1766503728.0374894
fractal_08292.png,Classification failed - no description returned,1766503728.03749
fractal_05835.png,Classification failed - no description returned,1766503728.0374906
fractal_08281.png,Classification failed - no description returned,1766503728.0374916
fractal_08172.png,Classification failed - no description returned,1766503728.037492
fractal_06593.png,Classification failed - no description returned,1766503728.0374928
fractal_09572.png,Classification failed - no description returned,1766503728.037493
fractal_00785.png,Classification failed - no description returned,1766503728.0374937
fractal_02923.png,Classification failed - no description returned,1766503728.0374942
fractal_04038.png,Classification failed - no description returned,1766503728.037495
fractal_05714.png,Classification failed - no description returned,1766503728.0374956
fractal_01926.png,Classification failed - no description returned,1766503728.037496
fractal_09169.png,Classification failed - no description returned,1766503728.0374968
fractal_05613.png,Classification failed - no description returned,1766503728.0374973
fractal_01530.png,Classification failed - no description returned,1766503728.0374978
fractal_01473.png,Classification failed - no description returned,1766503728.0374987
fractal_01337.png,Classification failed - no description returned,1766503728.0374994
fractal_00617.png,Classification failed - no description returned,1766503728.0375
fractal_06572.png,Classification failed - no description returned,1766503728.037501
fractal_07418.png,Classification failed - no description returned,1766503728.0375018
fractal_05760.png,Classification failed - no description returned,1766503728.0375023
fractal_09820.png,Classification failed - no description returned,1766503728.037503
fractal_00425.png,Classification failed - no description returned,1766503728.0375035
fractal_07420.png,Classification failed - no description returned,1766503728.0375037
fractal_04371.png,Classification failed - no description returned,1766503728.0375044
fractal_01902.png,Classification failed - no description returned,1766503728.037505
fractal_06844.png,Classification failed - no description returned,1766503728.0375056
fractal_06829.png,Classification failed - no description returned,1766503728.037506
fractal_06245.png,Classification failed - no description returned,1766503728.037507
fractal_02285.png,Classification failed - no description returned,1766503728.0375078
fractal_07179.png,Classification failed - no description returned,1766503728.0375082
fractal_03627.png,Classification failed - no description returned,1766503728.037509
fractal_00783.png,Classification failed - no description returned,1766503728.0375094
fractal_05489.png,Classification failed - no description returned,1766503728.03751
fractal_01973.png,Classification failed - no description returned,1766503728.0375106
fractal_07587.png,Classification failed - no description returned,1766503728.037511
fractal_04786.png,Classification failed - no description returned,1766503800.265123
fractal_05438.png,Classification failed - no description returned,1766503800.2651248
fractal_06687.png,Classification failed - no description returned,1766503800.265126
fractal_03338.png,Classification failed - no description returned,1766503800.2651272
fractal_07979.png,Classification failed - no description returned,1766503800.265128
fractal_07299.png,Classification failed - no description returned,1766503800.2651286
fractal_03013.png,Classification failed - no description returned,1766503800.2651293
fractal_08316.png,Classification failed - no description returned,1766503800.26513
fractal_05311.png,Classification failed - no description returned,1766503800.265131
fractal_03233.png,Classification failed - no description returned,1766503800.265132
fractal_00039.png,Classification failed - no description returned,1766503800.265133
fractal_07217.png,Classification failed - no description returned,1766503800.2651336
fractal_06418.png,Classification failed - no description returned,1766503800.2651343
fractal_08192.png,Classification failed - no description returned,1766503800.265135
fractal_02565.png,Classification failed - no description returned,1766503800.2651358
fractal_02008.png,Classification failed - no description returned,1766503800.265137
fractal_08751.png,Classification failed - no description returned,1766503800.2651377
fractal_04045.png,Classification failed - no description returned,1766503800.2651389
fractal_03399.png,Classification failed - no description returned,1766503800.2651398
fractal_05936.png,Classification failed - no description returned,1766503800.2651405
fractal_04777.png,Classification failed - no description returned,1766503800.2651412
fractal_08146.png,Classification failed - no description returned,1766503800.265142
fractal_02291.png,Classification failed - no description returned,1766503800.2651432
fractal_01206.png,Classification failed - no description returned,1766503800.2651443
fractal_02677.png,Classification failed - no description returned,1766503800.265145
fractal_00072.png,Classification failed - no description returned,1766503800.2651458
fractal_02196.png,Classification failed - no description returned,1766503800.2651472
fractal_08311.png,Classification failed - no description returned,1766503800.265148
fractal_01023.png,Classification failed - no description returned,1766503800.2651486
fractal_09297.png,Classification failed - no description returned,1766503800.2651494
fractal_01532.png,Classification failed - no description returned,1766503800.2651503
fractal_05769.png,Classification failed - no description returned,1766503800.2651513
fractal_02667.png,Classification failed - no description returned,1766503800.265152
fractal_01534.png,Classification failed - no description returned,1766503800.265153
fractal_04808.png,Classification failed - no description returned,1766503800.2651541
fractal_08315.png,Classification failed - no description returned,1766503800.2651548
fractal_08064.png,Classification failed - no description returned,1766503800.2651556
fractal_00194.png,Classification failed - no description returned,1766503800.2651563
fractal_09706.png,Classification failed - no description returned,1766503800.2651575
fractal_04159.png,Classification failed - no description returned,1766503800.2651587
fractal_02237.png,Classification failed - no description returned,1766503800.2651594
fractal_03654.png,Classification failed - no description returned,1766503800.26516
fractal_04231.png,Classification failed - no description returned,1766503800.2651613
fractal_04190.png,Classification failed - no description returned,1766503800.265162
fractal_04351.png,Classification failed - no description returned,1766503800.2651627
fractal_05153.png,Classification failed - no description returned,1766503800.2651637
fractal_08365.png,Classification failed - no description returned,1766503800.2651646
fractal_09248.png,Classification failed - no description returned,1766503800.2651653
fractal_02603.png,Classification failed - no description returned,1766503800.265166
fractal_06364.png,"**fractal_06364.png**: Delicate, wispy lines in pale pink and yellow swirl against a black backdrop, forming an organic, asymmetrical cluster with no rigid symmetry. Colors blend softly, creating a glowing, ethereal texture. Resembles drifting smoke or cosmic dust.",1766503862.309118
fractal_01985.png,"**fractal_01985.png**: Pale green and purple wisps create a dense, cloud-like shape with subtle gradients, lacking defined edges. The texture is soft",1766503862.3091207
fractal_05312.png,Classification failed - no description returned,1766503862.309122
fractal_08970.png,Classification failed - no description returned,1766503862.309123
fractal_05013.png,Classification failed - no description returned,1766503862.309124
fractal_07501.png,Classification failed - no description returned,1766503862.309125
fractal_03684.png,Classification failed - no description returned,1766503862.3091257
fractal_02025.png,Classification failed - no description returned,1766503862.3091264
fractal_08283.png,Classification failed - no description returned,1766503862.3091273
fractal_08035.png,Classification failed - no description returned,1766503862.3091285
fractal_00835.png,Classification failed - no description returned,1766503862.3091295
fractal_09411.png,Classification failed - no description returned,1766503862.3091302
fractal_09027.png,Classification failed - no description returned,1766503862.3091311
fractal_09684.png,Classification failed - no description returned,1766503862.309132
fractal_06951.png,Classification failed - no description returned,1766503862.3091328
fractal_07595.png,Classification failed - no description returned,1766503862.3091335
fractal_07308.png,Classification failed - no description returned,1766503862.3091342
fractal_04265.png,Classification failed - no description returned,1766503862.3091357
fractal_07897.png,Classification failed - no description returned,1766503862.3091366
fractal_02507.png,Classification failed - no description returned,1766503862.3091376
fractal_01183.png,Classification failed - no description returned,1766503862.3091388
fractal_03280.png,Classification failed - no description returned,1766503862.3091395
fractal_05662.png,Classification failed - no description returned,1766503862.3091404
fractal_09168.png,Classification failed - no description returned,1766503862.3091412
fractal_09374.png,Classification failed - no description returned,1766503862.3091424
fractal_08590.png,Classification failed - no description returned,1766503862.3091433
fractal_05733.png,Classification failed - no description returned,1766503862.309144
fractal_07899.png,Classification failed - no description returned,1766503862.309145
fractal_09203.png,Classification failed - no description returned,1766503862.3091462
fractal_09848.png,Classification failed - no description returned,1766503862.3091471
fractal_04196.png,Classification failed - no description returned,1766503862.309148
fractal_02663.png,Classification failed - no description returned,1766503862.3091493
fractal_01174.png,Classification failed - no description returned,1766503862.30915
fractal_06549.png,Classification failed - no description returned,1766503862.309151
fractal_06334.png,Classification failed - no description returned,1766503862.3091516
fractal_02744.png,Classification failed - no description returned,1766503862.3091528
fractal_08390.png,Classification failed - no description returned,1766503862.3091536
fractal_04872.png,Classification failed - no description returned,1766503862.3091547
fractal_04546.png,Classification failed - no description returned,1766503862.3091557
fractal_00038.png,Classification failed - no description returned,1766503862.3091564
fractal_07578.png,Classification failed - no description returned,1766503862.3091571
fractal_07330.png,Classification failed - no description returned,1766503862.3091583
fractal_04243.png,Classification failed - no description returned,1766503862.3091595
fractal_02635.png,Classification failed - no description returned,1766503862.3091602
fractal_09354.png,Classification failed - no description returned,1766503862.309161
fractal_04096.png,Classification failed - no description returned,1766503862.3091617
fractal_03437.png,Classification failed - no description returned,1766503862.3091624
fractal_03542.png,Classification failed - no description returned,1766503862.3091633
fractal_00144.png,Classification failed - no description returned,1766503862.3091643
fractal_06022.png,Classification failed - no description returned,1766503902.6890855
fractal_08383.png,Classification failed - no description returned,1766503902.6890874
fractal_07640.png,Classification failed - no description returned,1766503902.689088
fractal_01982.png,Classification failed - no description returned,1766503902.6890886
fractal_00502.png,Classification failed - no description returned,1766503902.689089
fractal_01155.png,Classification failed - no description returned,1766503902.6890895
fractal_09591.png,Classification failed - no description returned,1766503902.6890903
fractal_08025.png,Classification failed - no description returned,1766503902.6890905
fractal_02345.png,Classification failed - no description returned,1766503902.689091
fractal_09740.png,Classification failed - no description returned,1766503902.6890917
fractal_00427.png,Classification failed - no description returned,1766503902.6890922
fractal_04736.png,Classification failed - no description returned,1766503902.6890926
fractal_03550.png,Classification failed - no description returned,1766503902.6890934
fractal_02879.png,Classification failed - no description returned,1766503902.6890938
fractal_04360.png,Classification failed - no description returned,1766503902.6890945
fractal_02919.png,Classification failed - no description returned,1766503902.6890953
fractal_01504.png,Classification failed - no description returned,1766503902.689096
fractal_08230.png,Classification failed - no description returned,1766503902.6890965
fractal_01886.png,Classification failed - no description returned,1766503902.689097
fractal_00317.png,Classification failed - no description returned,1766503902.6890976
fractal_04544.png,Classification failed - no description returned,1766503902.6890986
fractal_07450.png,Classification failed - no description returned,1766503902.6890988
fractal_02217.png,Classification failed - no description returned,1766503902.6890996
fractal_08275.png,Classification failed - no description returned,1766503902.6891
fractal_04294.png,Classification failed - no description returned,1766503902.6891005
fractal_05974.png,Classification failed - no description returned,1766503902.6891015
fractal_08284.png,Classification failed - no description returned,1766503902.6891022
fractal_05037.png,Classification failed - no description returned,1766503902.6891026
fractal_05464.png,Classification failed - no description returned,1766503902.6891031
fractal_03369.png,Classification failed - no description returned,1766503902.6891038
fractal_00341.png,Classification failed - no description returned,1766503902.6891043
fractal_05522.png,Classification failed - no description returned,1766503902.6891057
fractal_01636.png,Classification failed - no description returned,1766503902.6891062
fractal_07519.png,Classification failed - no description returned,1766503902.6891067
fractal_07830.png,Classification failed - no description returned,1766503902.6891072
fractal_00504.png,Classification failed - no description returned,1766503902.6891077
fractal_07962.png,Classification failed - no description returned,1766503902.6891081
fractal_07834.png,Classification failed - no description returned,1766503902.6891088
fractal_05653.png,Classification failed - no description returned,1766503902.6891098
fractal_00662.png,Classification failed - no description returned,1766503902.6891103
fractal_08589.png,Classification failed - no description returned,1766503902.6891105
fractal_05354.png,Classification failed - no description returned,1766503902.6891112
fractal_02568.png,Classification failed - no description returned,1766503902.689112
fractal_06436.png,Classification failed - no description returned,1766503902.6891127
fractal_07353.png,Classification failed - no description returned,1766503902.689114
fractal_07922.png,Classification failed - no description returned,1766503902.6891148
fractal_09104.png,Classification failed - no description returned,1766503902.6891153
fractal_01506.png,Classification failed - no description returned,1766503902.6891162
fractal_09772.png,Classification failed - no description returned,1766503902.6891165
fractal_05804.png,"Concentric, lavender and light blue spirals create a soft, glowing nebula-like form. The color palette blends pastel purples and cyan hues, with a translucent, wispy texture. Resembles a luminous amethyst gem suspended in space.",1766503981.6000874
fractal_03625.png,"Open, flowing loops of cyan and white evoke ethereal smoke. The smooth, fluid texture and cool color scheme suggest a frozen water droplet or a delicate mist.",1766503981.6000896
fractal_02410.png,"A heart-shaped swirl of pink and mint green with delicate, feathery edges. The soft, glowing texture and pastel palette resemble a blooming flower or a rose-cut gemstone.",1766503981.600091
fractal_01904.png,"Angular, intersecting lines in deep purple and white form a sharp, geometric structure. The crisp, metallic texture evokes modern art or a geometric brooch.",1766503981.6000915
fractal_00536.png,"Fine, thread-like lines in sky blue and pale yellow create a linear, branching pattern. The clean, minimalist texture resembles a constellation or a spider web.",1766503981.6000922
fractal_03349.png,"Circular, layered swirls of teal and lime green with a smooth, glossy finish. The vibrant, cohesive palette suggests a planet’s atmospheric bands or a jade pendant.",1766503981.600093
fractal_07507.png,"Dense, overlapping loops of magenta and lavender form a rich, velvety cluster. The deep, saturated colors evoke a rose or a gemstone arrangement.",1766503981.6000938
fractal_07774.png,"Chaotic, swirling ribbons of peach and yellow glow with vibrancy. The fluid, organic texture resembles a flame or a sunset.",1766503981.6000948
fractal_03084.png,"Flowing, ribbon-like patterns in mint green and cyan with a soft, fluid texture. The cool, pastel palette suggests water currents or a silk scarf.",1766503981.6000955
fractal_02752.png,"Organic, curvy forms in plum and white with delicate, lace-like edges. The light, airy texture evokes a butterfly wing or a lace doily.",1766503981.6000965
fractal_01941.png,"Geometric, angular shapes in chartreuse",1766503981.600098
fractal_00234.png,Classification failed - no description returned,1766503981.6000988
fractal_00729.png,Classification failed - no description returned,1766503981.6000996
fractal_08293.png,Classification failed - no description returned,1766503981.6001003
fractal_08104.png,Classification failed - no description returned,1766503981.6001015
fractal_06591.png,Classification failed - no description returned,1766503981.6001022
fractal_05053.png,Classification failed - no description returned,1766503981.600103
fractal_05259.png,Classification failed - no description returned,1766503981.6001036
fractal_07084.png,Classification failed - no description returned,1766503981.6001048
fractal_05618.png,Classification failed - no description returned,1766503981.6001058
fractal_02912.png,Classification failed - no description returned,1766503981.6001065
fractal_08759.png,Classification failed - no description returned,1766503981.6001072
fractal_06107.png,Classification failed - no description returned,1766503981.6001077
fractal_07850.png,Classification failed - no description returned,1766503981.6001086
fractal_03484.png,Classification failed - no description returned,1766503981.6001093
fractal_05404.png,Classification failed - no description returned,1766503981.60011
fractal_00780.png,Classification failed - no description returned,1766503981.6001108
fractal_04313.png,Classification failed - no description returned,1766503981.6001117
fractal_00833.png,Classification failed - no description returned,1766503981.6001122
fractal_08853.png,Classification failed - no description returned,1766503981.600113
fractal_01055.png,Classification failed - no description returned,1766503981.6001136
fractal_01796.png,Classification failed - no description returned,1766503981.6001146
fractal_06863.png,Classification failed - no description returned,1766503981.6001155
fractal_07843.png,Classification failed - no description returned,1766503981.600116
fractal_05257.png,Classification failed - no description returned,1766503981.6001172
fractal_01515.png,Classification failed - no description returned,1766503981.600118
fractal_01584.png,Classification failed - no description returned,1766503981.6001186
fractal_05619.png,Classification failed - no description returned,1766503981.6001194
fractal_09585.png,Classification failed - no description returned,1766503981.60012
fractal_09913.png,Classification failed - no description returned,1766503981.6001213
fractal_04611.png,Classification failed - no description returned,1766503981.600122
fractal_06363.png,Classification failed - no description returned,1766503981.6001227
fractal_01110.png,Classification failed - no description returned,1766503981.6001234
fractal_04803.png,Classification failed - no description returned,1766503981.6001241
fractal_06124.png,Classification failed - no description returned,1766503981.600125
fractal_07399.png,Classification failed - no description returned,1766503981.600126
fractal_06545.png,Classification failed - no description returned,1766503981.6001267
fractal_02604.png,Classification failed - no description returned,1766503981.600128
fractal_08637.png,Classification failed - no description returned,1766503981.6001294
fractal_01685.png,"Concentric, soft pink and purple rings with wispy edges, smooth and translucent texture, resembles delicate jewelry like a ring.",1766504050.6357682
fractal_02914.png,"Flowing curvy shapes with a central loop, light yellow and white palette, ethereal and wispy texture, like a twisted ribbon.",1766504050.63577
fractal_05300.png,"Angular, pyramid-like shape with a pointed top, light blue/teal color, soft and cloud-like texture, reminiscent of a crystal.",1766504050.635771
fractal_09213.png,"Thin, intersecting white lines on black, sharp and crisp texture, like a lightning bolt.",1766504050.635772
fractal_07033.png,"Swirling spiral with a central core, light blue color, smooth and flowing texture, resembles a galaxy.",1766504050.6357732
fractal_05984.png,"Overlapping loops in purple and blue, slightly grainy texture, like a flower with multiple petals.",1766504050.6357741
fractal_06241.png,"Irregular, fluffy shape, light green color, soft and diffused texture, like a cloud or cotton candy.",1766504050.635775
fractal_01348.png,"Spiral with a trailing edge, light blue and pink palette, wispy texture, like a comet or bird in flight.",1766504050.6357758
fractal_04340.png,"Tight purple vortex, smooth texture, resembles a tornado.",1766504050.6357768
fractal_05774.png,"Circular with a hollow center, purple and blue palette, slightly rough texture, like a donut.",1766504050.6357777
fractal_05949.png,"Complex, flower-like loops, purple and white palette, wispy texture, like a starburst.",1766504050.6357787
fractal_08721.png,"Curved yellow-green lines, smooth texture, resembles a wave.",1766504050.6357794
fractal_03859.png,"Incomplete light green circle, smooth texture, like a ring or halo.",1766504050.6357806
fractal_00705.png,"Radiating white lines, sharp texture, like a star or spark.",1766504050.6357813
fractal_06709.png,"Tight purple spiral, smooth texture, like a hurricane.",1766504050.6357822
fractal_03937.png,"Concentric light yellow rings, smooth texture, like a bullseye.",1766504050.635783
fractal_09429.png,"Multiple overlapping loops, purple and yellow palette, wispy texture, like a flower or mandala.",1766504050.6357837
fractal_04429.png,"Loose light green spiral, smooth texture, like a spiral galaxy.",1766504050.6357846
fractal_03658.png,"Incomplete purple circle, smooth texture, like a ring or halo.",1766504050.6357858
fractal_07478.png,"Tight purple spiral with a central core, smooth texture, like a tornado.",1766504050.6357865
fractal_00353.png,Irregular,1766504050.6357872
fractal_09114.png,Classification failed - no description returned,1766504050.6357884
fractal_01962.png,Classification failed - no description returned,1766504050.6357892
fractal_02527.png,Classification failed - no description returned,1766504050.6357899
fractal_07643.png,Classification failed - no description returned,1766504050.6357908
fractal_09142.png,Classification failed - no description returned,1766504050.6357915
fractal_00190.png,Classification failed - no description returned,1766504050.6357925
fractal_08930.png,Classification failed - no description returned,1766504050.6357932
fractal_03154.png,Classification failed - no description returned,1766504050.6357942
fractal_04288.png,Classification failed - no description returned,1766504050.6357949
fractal_08801.png,Classification failed - no description returned,1766504050.6357956
fractal_03139.png,Classification failed - no description returned,1766504050.6357968
fractal_08399.png,Classification failed - no description returned,1766504050.6357975
fractal_04828.png,Classification failed - no description returned,1766504050.6357982
fractal_09741.png,Classification failed - no description returned,1766504050.6357994
fractal_00449.png,Classification failed - no description returned,1766504050.6358004
fractal_02352.png,Classification failed - no description returned,1766504050.635801
fractal_05813.png,Classification failed - no description returned,1766504050.6358018
fractal_04937.png,Classification failed - no description returned,1766504050.6358025
fractal_06680.png,Classification failed - no description returned,1766504050.6358035
fractal_07872.png,Classification failed - no description returned,1766504050.6358047
fractal_06100.png,Classification failed - no description returned,1766504050.6358054
fractal_01990.png,Classification failed - no description returned,1766504050.6358066
fractal_02737.png,Classification failed - no description returned,1766504050.6358073
fractal_02874.png,Classification failed - no description returned,1766504050.635808
fractal_07336.png,Classification failed - no description returned,1766504050.6358087
fractal_09385.png,Classification failed - no description returned,1766504050.63581
fractal_02323.png,Classification failed - no description returned,1766504050.6358106
fractal_08558.png,Classification failed - no description returned,1766504050.6358113
fractal_00657.png,Classification failed - no description returned,1766504132.6767473
fractal_02839.png,Classification failed - no description returned,1766504132.676749
fractal_04604.png,Classification failed - no description returned,1766504132.6767502
fractal_03803.png,Classification failed - no description returned,1766504132.6767507
fractal_09345.png,Classification failed - no description returned,1766504132.6767511
fractal_09871.png,Classification failed - no description returned,1766504132.6767516
fractal_00897.png,Classification failed - no description returned,1766504132.676752
fractal_06489.png,Classification failed - no description returned,1766504132.6767526
fractal_03558.png,Classification failed - no description returned,1766504132.6767538
fractal_08164.png,Classification failed - no description returned,1766504132.6767542
fractal_01898.png,Classification failed - no description returned,1766504132.676755
fractal_04699.png,Classification failed - no description returned,1766504132.6767554
fractal_08780.png,Classification failed - no description returned,1766504132.676756
fractal_07285.png,Classification failed - no description returned,1766504132.6767564
fractal_06479.png,Classification failed - no description returned,1766504132.6767573
fractal_09800.png,Classification failed - no description returned,1766504132.6767576
fractal_07024.png,Classification failed - no description returned,1766504132.6767583
fractal_09736.png,Classification failed - no description returned,1766504132.6767588
fractal_04907.png,Classification failed - no description returned,1766504132.6767595
fractal_03053.png,Classification failed - no description returned,1766504132.67676
fractal_07911.png,Classification failed - no description returned,1766504132.6767607
fractal_04160.png,Classification failed - no description returned,1766504132.6767616
fractal_09809.png,Classification failed - no description returned,1766504132.676762
fractal_00216.png,Classification failed - no description returned,1766504132.6767628
fractal_06281.png,Classification failed - no description returned,1766504132.6767633
fractal_09276.png,Classification failed - no description returned,1766504132.6767642
fractal_09363.png,Classification failed - no description returned,1766504132.6767647
fractal_09430.png,Classification failed - no description returned,1766504132.6767654
fractal_02363.png,Classification failed - no description returned,1766504132.6767662
fractal_03376.png,Classification failed - no description returned,1766504132.6767666
fractal_01437.png,Classification failed - no description returned,1766504132.6767676
fractal_00229.png,Classification failed - no description returned,1766504132.676768
fractal_02770.png,Classification failed - no description returned,1766504132.6767688
fractal_09183.png,Classification failed - no description returned,1766504132.6767695
fractal_08115.png,Classification failed - no description returned,1766504132.6767702
fractal_07996.png,Classification failed - no description returned,1766504132.6767712
fractal_04437.png,Classification failed - no description returned,1766504132.6767716
fractal_07043.png,Classification failed - no description returned,1766504132.676772
fractal_00416.png,Classification failed - no description returned,1766504132.6767728
fractal_01232.png,Classification failed - no description returned,1766504132.6767735
fractal_06083.png,Classification failed - no description returned,1766504132.6767745
fractal_08892.png,Classification failed - no description returned,1766504132.676775
fractal_02460.png,Classification failed - no description returned,1766504132.6767757
fractal_08775.png,Classification failed - no description returned,1766504132.6767762
fractal_03427.png,Classification failed - no description returned,1766504132.6767774
fractal_00819.png,Classification failed - no description returned,1766504132.676778
fractal_04156.png,Classification failed - no description returned,1766504132.6767786
fractal_06055.png,Classification failed - no description returned,1766504132.6767793
fractal_06924.png,Classification failed - no description returned,1766504132.6767797
fractal_02807.png,Classification failed - no description returned,1766504262.798469
fractal_01157.png,Classification failed - no description returned,1766504262.798471
fractal_00877.png,Classification failed - no description returned,1766504262.7984722
fractal_09693.png,Classification failed - no description returned,1766504262.7984726
fractal_05917.png,Classification failed - no description returned,1766504262.7984731
fractal_04252.png,Classification failed - no description returned,1766504262.798474
fractal_05113.png,Classification failed - no description returned,1766504262.7984746
fractal_01238.png,Classification failed - no description returned,1766504262.798475
fractal_01400.png,Classification failed - no description returned,1766504262.798476
fractal_06705.png,Classification failed - no description returned,1766504262.7984767
fractal_07907.png,Classification failed - no description returned,1766504262.7984774
fractal_05029.png,Classification failed - no description returned,1766504262.7984781
fractal_02153.png,Classification failed - no description returned,1766504262.7984788
fractal_00383.png,Classification failed - no description returned,1766504262.7984798
fractal_04706.png,Classification failed - no description returned,1766504262.798481
fractal_00397.png,Classification failed - no description returned,1766504262.7984817
fractal_08450.png,Classification failed - no description returned,1766504262.7984822
fractal_00616.png,Classification failed - no description returned,1766504262.798483
fractal_05969.png,Classification failed - no description returned,1766504262.7984834
fractal_08299.png,Classification failed - no description returned,1766504262.798484
fractal_01649.png,Classification failed - no description returned,1766504262.7984848
fractal_05777.png,Classification failed - no description returned,1766504262.7984855
fractal_03296.png,Classification failed - no description returned,1766504262.7984865
fractal_09432.png,Classification failed - no description returned,1766504262.7984877
fractal_05968.png,Classification failed - no description returned,1766504262.7984881
fractal_08261.png,Classification failed - no description returned,1766504262.7984886
fractal_04709.png,Classification failed - no description returned,1766504262.798489
fractal_01236.png,Classification failed - no description returned,1766504262.7984896
fractal_07216.png,Classification failed - no description returned,1766504262.7984903
fractal_01027.png,Classification failed - no description returned,1766504262.7984912
fractal_00862.png,Classification failed - no description returned,1766504262.798492
fractal_04354.png,Classification failed - no description returned,1766504262.7984927
fractal_03433.png,Classification failed - no description returned,1766504262.7984934
fractal_02482.png,Classification failed - no description returned,1766504262.798494
fractal_03925.png,Classification failed - no description returned,1766504262.7984948
fractal_00373.png,Classification failed - no description returned,1766504262.7984958
fractal_04622.png,Classification failed - no description returned,1766504262.7984965
fractal_08743.png,Classification failed - no description returned,1766504262.798497
fractal_03970.png,Classification failed - no description returned,1766504262.7984982
fractal_06820.png,Classification failed - no description returned,1766504262.7984996
fractal_01980.png,Classification failed - no description returned,1766504262.7985
fractal_09595.png,Classification failed - no description returned,1766504262.7985005
fractal_06972.png,Classification failed - no description returned,1766504262.7985017
fractal_08574.png,Classification failed - no description returned,1766504262.7985022
fractal_09212.png,Classification failed - no description returned,1766504262.798503
fractal_03754.png,Classification failed - no description returned,1766504262.7985036
fractal_07980.png,Classification failed - no description returned,1766504262.7985046
fractal_09602.png,Classification failed - no description returned,1766504262.7985055
fractal_01627.png,Classification failed - no description returned,1766504262.798506
fractal_04984.png,Classification failed - no description returned,1766504306.8863742
fractal_05032.png,Classification failed - no description returned,1766504306.886376
fractal_02013.png,Classification failed - no description returned,1766504306.8863773
fractal_02267.png,Classification failed - no description returned,1766504306.886378
fractal_06542.png,Classification failed - no description returned,1766504306.8863788
fractal_02263.png,Classification failed - no description returned,1766504306.8863797
fractal_00158.png,Classification failed - no description returned,1766504306.8863804
fractal_02500.png,Classification failed - no description returned,1766504306.8863814
fractal_03516.png,Classification failed - no description returned,1766504306.8863823
fractal_07094.png,Classification failed - no description returned,1766504306.886383
fractal_00700.png,Classification failed - no description returned,1766504306.886384
fractal_03551.png,Classification failed - no description returned,1766504306.886385
fractal_03052.png,Classification failed - no description returned,1766504306.8863857
fractal_08547.png,Classification failed - no description returned,1766504306.8863864
fractal_08169.png,Classification failed - no description returned,1766504306.886387
fractal_01851.png,Classification failed - no description returned,1766504306.8863883
fractal_06721.png,Classification failed - no description returned,1766504306.8863895
fractal_05103.png,Classification failed - no description returned,1766504306.8863904
fractal_09797.png,Classification failed - no description returned,1766504306.8863916
fractal_06306.png,Classification failed - no description returned,1766504306.8863926
fractal_04966.png,Classification failed - no description returned,1766504306.8863933
fractal_03832.png,Classification failed - no description returned,1766504306.886394
fractal_01934.png,Classification failed - no description returned,1766504306.886395
fractal_00952.png,Classification failed - no description returned,1766504306.8863955
fractal_05134.png,Classification failed - no description returned,1766504306.8863964
fractal_08249.png,Classification failed - no description returned,1766504306.8863971
fractal_07058.png,Classification failed - no description returned,1766504306.8863983
fractal_04849.png,Classification failed - no description returned,1766504306.886399
fractal_02832.png,Classification failed - no description returned,1766504306.8863997
fractal_08932.png,Classification failed - no description returned,1766504306.8864007
fractal_09140.png,Classification failed - no description returned,1766504306.886402
fractal_00563.png,Classification failed - no description returned,1766504306.8864028
fractal_05482.png,Classification failed - no description returned,1766504306.8864036
fractal_02533.png,Classification failed - no description returned,1766504306.8864045
fractal_01295.png,Classification failed - no description returned,1766504306.8864057
fractal_03726.png,Classification failed - no description returned,1766504306.8864064
fractal_06373.png,Classification failed - no description returned,1766504306.8864071
fractal_03002.png,Classification failed - no description returned,1766504306.8864076
fractal_01062.png,Classification failed - no description returned,1766504306.8864083
fractal_01336.png,Classification failed - no description returned,1766504306.8864093
fractal_02666.png,Classification failed - no description returned,1766504306.8864102
fractal_03340.png,Classification failed - no description returned,1766504306.886411
fractal_05265.png,Classification failed - no description returned,1766504306.8864126
fractal_03785.png,Classification failed - no description returned,1766504306.8864136
fractal_00087.png,Classification failed - no description returned,1766504306.8864143
fractal_01556.png,Classification failed - no description returned,1766504306.886415
fractal_04931.png,Classification failed - no description returned,1766504306.8864167
fractal_06969.png,Classification failed - no description returned,1766504306.8864176
fractal_08702.png,Classification failed - no description returned,1766504306.8864183
fractal_07515.png,Classification failed - no description returned,1766504352.3728316
fractal_03799.png,Classification failed - no description returned,1766504352.3728333
fractal_09665.png,Classification failed - no description returned,1766504352.372834
fractal_09542.png,Classification failed - no description returned,1766504352.3728344
fractal_09235.png,Classification failed - no description returned,1766504352.3728354
fractal_00096.png,Classification failed - no description returned,1766504352.372836
fractal_07038.png,Classification failed - no description returned,1766504352.3728366
fractal_00796.png,Classification failed - no description returned,1766504352.372837
fractal_05528.png,Classification failed - no description returned,1766504352.3728378
fractal_01451.png,Classification failed - no description returned,1766504352.3728385
fractal_01100.png,Classification failed - no description returned,1766504352.3728392
fractal_02699.png,Classification failed - no description returned,1766504352.37284
fractal_08592.png,Classification failed - no description returned,1766504352.3728406
fractal_03359.png,Classification failed - no description returned,1766504352.3728411
fractal_05085.png,Classification failed - no description returned,1766504352.372842
fractal_05101.png,Classification failed - no description returned,1766504352.3728426
fractal_06389.png,Classification failed - no description returned,1766504352.3728433
fractal_05475.png,Classification failed - no description returned,1766504352.372844
fractal_04395.png,Classification failed - no description returned,1766504352.3728447
fractal_05731.png,Classification failed - no description returned,1766504352.3728454
fractal_01318.png,Classification failed - no description returned,1766504352.3728461
fractal_01002.png,Classification failed - no description returned,1766504352.3728466
fractal_01273.png,Classification failed - no description returned,1766504352.372847
fractal_06647.png,Classification failed - no description returned,1766504352.372848
fractal_05246.png,Classification failed - no description returned,1766504352.3728487
fractal_02655.png,Classification failed - no description returned,1766504352.3728492
fractal_06247.png,Classification failed - no description returned,1766504352.37285
fractal_05990.png,Classification failed - no description returned,1766504352.3728507
fractal_05458.png,Classification failed - no description returned,1766504352.3728514
fractal_01289.png,Classification failed - no description returned,1766504352.3728523
fractal_04818.png,Classification failed - no description returned,1766504352.372853
fractal_07372.png,Classification failed - no description returned,1766504352.3728535
fractal_04309.png,Classification failed - no description returned,1766504352.3728542
fractal_03842.png,Classification failed - no description returned,1766504352.3728547
fractal_01599.png,Classification failed - no description returned,1766504352.3728561
fractal_02959.png,Classification failed - no description returned,1766504352.3728569
fractal_05545.png,Classification failed - no description returned,1766504352.372857
fractal_03401.png,Classification failed - no description returned,1766504352.3728576
fractal_08552.png,Classification failed - no description returned,1766504352.372858
fractal_00472.png,Classification failed - no description returned,1766504352.3728588
fractal_04977.png,Classification failed - no description returned,1766504352.37286
fractal_01465.png,Classification failed - no description returned,1766504352.3728607
fractal_08133.png,Classification failed - no description returned,1766504352.3728616
fractal_04605.png,Classification failed - no description returned,1766504352.372862
fractal_00677.png,Classification failed - no description returned,1766504352.372863
fractal_03023.png,Classification failed - no description returned,1766504352.372864
fractal_09578.png,Classification failed - no description returned,1766504352.3728645
fractal_07221.png,Classification failed - no description returned,1766504352.3728652
fractal_06147.png,Classification failed - no description returned,1766504352.3728657
fractal_05196.png,Classification failed - no description returned,1766504395.1368906
fractal_05421.png,Classification failed - no description returned,1766504395.1368923
fractal_05977.png,Classification failed - no description returned,1766504395.1368935
fractal_02132.png,Classification failed - no description returned,1766504395.1368947
fractal_05039.png,Classification failed - no description returned,1766504395.1368954
fractal_08355.png,Classification failed - no description returned,1766504395.1368964
fractal_03115.png,Classification failed - no description returned,1766504395.1368968
fractal_00706.png,Classification failed - no description returned,1766504395.1368976
fractal_07927.png,Classification failed - no description returned,1766504395.1368985
fractal_01543.png,Classification failed - no description returned,1766504395.1368995
fractal_08566.png,Classification failed - no description returned,1766504395.1369007
fractal_01030.png,Classification failed - no description returned,1766504395.1369014
fractal_06191.png,Classification failed - no description returned,1766504395.1369023
fractal_02385.png,Classification failed - no description returned,1766504395.1369028
fractal_00222.png,Classification failed - no description returned,1766504395.1369038
fractal_08689.png,Classification failed - no description returned,1766504395.1369042
fractal_00962.png,Classification failed - no description returned,1766504395.1369052
fractal_02249.png,Classification failed - no description returned,1766504395.1369069
fractal_04122.png,Classification failed - no description returned,1766504395.1369076
fractal_07557.png,Classification failed - no description returned,1766504395.1369083
fractal_00994.png,Classification failed - no description returned,1766504395.1369095
fractal_00579.png,Classification failed - no description returned,1766504395.1369104
fractal_06158.png,Classification failed - no description returned,1766504395.1369112
fractal_01248.png,Classification failed - no description returned,1766504395.1369119
fractal_02117.png,Classification failed - no description returned,1766504395.1369128
fractal_04562.png,Classification failed - no description returned,1766504395.136914
fractal_00561.png,Classification failed - no description returned,1766504395.136915
fractal_08669.png,Classification failed - no description returned,1766504395.1369157
fractal_03841.png,Classification failed - no description returned,1766504395.1369164
fractal_01372.png,Classification failed - no description returned,1766504395.1369176
fractal_01834.png,Classification failed - no description returned,1766504395.1369185
fractal_01704.png,Classification failed - no description returned,1766504395.1369197
fractal_00598.png,Classification failed - no description returned,1766504395.1369202
fractal_06736.png,Classification failed - no description returned,1766504395.1369214
fractal_02253.png,Classification failed - no description returned,1766504395.1369224
fractal_00746.png,Classification failed - no description returned,1766504395.1369233
fractal_01628.png,Classification failed - no description returned,1766504395.1369243
fractal_09121.png,Classification failed - no description returned,1766504395.136925
fractal_05490.png,Classification failed - no description returned,1766504395.136926
fractal_02683.png,Classification failed - no description returned,1766504395.136927
fractal_06368.png,Classification failed - no description returned,1766504395.1369278
fractal_07202.png,Classification failed - no description returned,1766504395.1369288
fractal_08210.png,Classification failed - no description returned,1766504395.13693
fractal_07439.png,Classification failed - no description returned,1766504395.1369312
fractal_06386.png,Classification failed - no description returned,1766504395.1369321
fractal_05964.png,Classification failed - no description returned,1766504395.1369336
fractal_06555.png,Classification failed - no description returned,1766504395.1369345
fractal_07708.png,Classification failed - no description returned,1766504395.1369355
fractal_06026.png,Classification failed - no description returned,1766504395.136936
fractal_06989.png,Classification failed - no description returned,1766504445.0981646
fractal_09759.png,Classification failed - no description returned,1766504445.0981667
fractal_07493.png,Classification failed - no description returned,1766504445.098168
fractal_06834.png,Classification failed - no description returned,1766504445.0981686
fractal_06208.png,Classification failed - no description returned,1766504445.098169
fractal_09551.png,Classification failed - no description returned,1766504445.0981703
fractal_02168.png,Classification failed - no description returned,1766504445.0981712
fractal_08632.png,Classification failed - no description returned,1766504445.0981717
fractal_06661.png,Classification failed - no description returned,1766504445.0981727
fractal_06171.png,Classification failed - no description returned,1766504445.0981734
fractal_01866.png,Classification failed - no description returned,1766504445.098174
fractal_06106.png,Classification failed - no description returned,1766504445.0981753
fractal_08381.png,Classification failed - no description returned,1766504445.098176
fractal_04550.png,Classification failed - no description returned,1766504445.0981767
fractal_01201.png,Classification failed - no description returned,1766504445.0981781
fractal_03851.png,Classification failed - no description returned,1766504445.0981789
fractal_02963.png,Classification failed - no description returned,1766504445.0981798
fractal_05776.png,Classification failed - no description returned,1766504445.0981805
fractal_06602.png,Classification failed - no description returned,1766504445.0981815
fractal_09761.png,Classification failed - no description returned,1766504445.0981824
fractal_01476.png,Classification failed - no description returned,1766504445.098183
fractal_01906.png,Classification failed - no description returned,1766504445.0981836
fractal_02652.png,Classification failed - no description returned,1766504445.0981846
fractal_07237.png,Classification failed - no description returned,1766504445.098186
fractal_07741.png,Classification failed - no description returned,1766504445.0981865
fractal_00392.png,Classification failed - no description returned,1766504445.0981872
fractal_01291.png,Classification failed - no description returned,1766504445.098188
fractal_02220.png,Classification failed - no description returned,1766504445.0981889
fractal_03020.png,Classification failed - no description returned,1766504445.09819
fractal_05341.png,Classification failed - no description returned,1766504445.0981905
fractal_09864.png,Classification failed - no description returned,1766504445.0981913
fractal_03106.png,Classification failed - no description returned,1766504445.0981925
fractal_05591.png,Classification failed - no description returned,1766504445.098193
fractal_07730.png,Classification failed - no description returned,1766504445.0981941
fractal_03260.png,Classification failed - no description returned,1766504445.0981948
fractal_08418.png,Classification failed - no description returned,1766504445.0981958
fractal_07419.png,Classification failed - no description returned,1766504445.0981965
fractal_03031.png,Classification failed - no description returned,1766504445.0981972
fractal_05824.png,Classification failed - no description returned,1766504445.0981982
fractal_09341.png,Classification failed - no description returned,1766504445.0981991
fractal_01780.png,Classification failed - no description returned,1766504445.0981998
fractal_05888.png,Classification failed - no description returned,1766504445.0982006
fractal_09947.png,Classification failed - no description returned,1766504445.0982015
fractal_05334.png,Classification failed - no description returned,1766504445.0982025
fractal_00460.png,Classification failed - no description returned,1766504445.0982032
fractal_08027.png,Classification failed - no description returned,1766504445.098204
fractal_02316.png,Classification failed - no description returned,1766504445.0982046
fractal_08416.png,Classification failed - no description returned,1766504445.0982058
fractal_02573.png,Classification failed - no description returned,1766504445.0982065
fractal_06942.png,Classification failed - no description returned,1766504496.0460563
fractal_07656.png,Classification failed - no description returned,1766504496.0460615
fractal_04533.png,Classification failed - no description returned,1766504496.0460622
fractal_07888.png,Classification failed - no description returned,1766504496.0460632
fractal_09377.png,Classification failed - no description returned,1766504496.0460637
fractal_01113.png,Classification failed - no description returned,1766504496.0460641
fractal_07119.png,Classification failed - no description returned,1766504496.0460649
fractal_00451.png,Classification failed - no description returned,1766504496.0460656
fractal_03069.png,Classification failed - no description returned,1766504496.0460665
fractal_00797.png,Classification failed - no description returned,1766504496.0460672
fractal_01181.png,Classification failed - no description returned,1766504496.046068
fractal_05610.png,Classification failed - no description returned,1766504496.046069
fractal_02529.png,Classification failed - no description returned,1766504496.0460696
fractal_06780.png,Classification failed - no description returned,1766504496.0460703
fractal_06494.png,Classification failed - no description returned,1766504496.046071
fractal_08518.png,Classification failed - no description returned,1766504496.0460718
fractal_02381.png,Classification failed - no description returned,1766504496.0460727
fractal_06637.png,Classification failed - no description returned,1766504496.0460737
fractal_01407.png,Classification failed - no description returned,1766504496.0460744
fractal_03633.png,Classification failed - no description returned,1766504496.0460749
fractal_05564.png,Classification failed - no description returned,1766504496.0460756
fractal_02995.png,Classification failed - no description returned,1766504496.046077
fractal_06522.png,Classification failed - no description returned,1766504496.046078
fractal_00189.png,Classification failed - no description returned,1766504496.0460787
fractal_04827.png,Classification failed - no description returned,1766504496.0460794
fractal_05004.png,Classification failed - no description returned,1766504496.0460808
fractal_03275.png,Classification failed - no description returned,1766504496.0460815
fractal_04756.png,Classification failed - no description returned,1766504496.0460823
fractal_08489.png,Classification failed - no description returned,1766504496.0460832
fractal_01540.png,Classification failed - no description returned,1766504496.0460842
fractal_04809.png,Classification failed - no description returned,1766504496.0460851
fractal_04516.png,Classification failed - no description returned,1766504496.0460856
fractal_03382.png,Classification failed - no description returned,1766504496.046086
fractal_01135.png,Classification failed - no description returned,1766504496.046087
fractal_07514.png,Classification failed - no description returned,1766504496.0460877
fractal_00900.png,Classification failed - no description returned,1766504496.0460885
fractal_05125.png,Classification failed - no description returned,1766504496.0460892
fractal_02621.png,Classification failed - no description returned,1766504496.0460901
fractal_09618.png,Classification failed - no description returned,1766504496.046091
fractal_05872.png,Classification failed - no description returned,1766504496.0460916
fractal_03034.png,Classification failed - no description returned,1766504496.0460927
fractal_07727.png,Classification failed - no description returned,1766504496.0460932
fractal_09245.png,Classification failed - no description returned,1766504496.0460942
fractal_09890.png,Classification failed - no description returned,1766504496.046095
fractal_03428.png,Classification failed - no description returned,1766504496.0460958
fractal_09156.png,Classification failed - no description returned,1766504496.0460968
fractal_05240.png,Classification failed - no description returned,1766504496.0460975
fractal_01097.png,Classification failed - no description returned,1766504496.046098
fractal_00957.png,Classification failed - no description returned,1766504496.0460987
fractal_00171.png,Classification failed - no description returned,1766504552.5540905
fractal_04253.png,Classification failed - no description returned,1766504552.554093
fractal_04149.png,Classification failed - no description returned,1766504552.5540938
fractal_03897.png,Classification failed - no description returned,1766504552.5540946
fractal_09997.png,Classification failed - no description returned,1766504552.5540953
fractal_04895.png,Classification failed - no description returned,1766504552.5540962
fractal_07974.png,Classification failed - no description returned,1766504552.5540967
fractal_06216.png,Classification failed - no description returned,1766504552.5540974
fractal_06668.png,Classification failed - no description returned,1766504552.5540984
fractal_05079.png,Classification failed - no description returned,1766504552.554099
fractal_00925.png,Classification failed - no description returned,1766504552.5541003
fractal_01658.png,Classification failed - no description returned,1766504552.5541015
fractal_05288.png,Classification failed - no description returned,1766504552.5541024
fractal_09234.png,Classification failed - no description returned,1766504552.5541034
fractal_04717.png,Classification failed - no description returned,1766504552.5541043
fractal_05992.png,Classification failed - no description returned,1766504552.554105
fractal_03057.png,Classification failed - no description returned,1766504552.5541058
fractal_09942.png,Classification failed - no description returned,1766504552.554107
fractal_09756.png,Classification failed - no description returned,1766504552.554108
fractal_00141.png,Classification failed - no description returned,1766504552.554109
fractal_06211.png,Classification failed - no description returned,1766504552.55411
fractal_02425.png,Classification failed - no description returned,1766504552.5541108
fractal_09719.png,Classification failed - no description returned,1766504552.5541115
fractal_04558.png,Classification failed - no description returned,1766504552.5541122
fractal_00314.png,Classification failed - no description returned,1766504552.554113
fractal_01417.png,Classification failed - no description returned,1766504552.5541143
fractal_08827.png,Classification failed - no description returned,1766504552.5541153
fractal_04894.png,Classification failed - no description returned,1766504552.554116
fractal_06830.png,Classification failed - no description returned,1766504552.5541174
fractal_01565.png,Classification failed - no description returned,1766504552.5541184
fractal_05839.png,Classification failed - no description returned,1766504552.554119
fractal_05235.png,Classification failed - no description returned,1766504552.5541203
fractal_06916.png,Classification failed - no description returned,1766504552.554121
fractal_02021.png,Classification failed - no description returned,1766504552.554122
fractal_05447.png,Classification failed - no description returned,1766504552.554123
fractal_02732.png,Classification failed - no description returned,1766504552.554124
fractal_07455.png,Classification failed - no description returned,1766504552.554125
fractal_06702.png,Classification failed - no description returned,1766504552.5541258
fractal_03699.png,Classification failed - no description returned,1766504552.5541265
fractal_00378.png,Classification failed - no description returned,1766504552.5541277
fractal_04912.png,Classification failed - no description returned,1766504552.5541284
fractal_04398.png,Classification failed - no description returned,1766504552.5541296
fractal_01018.png,Classification failed - no description returned,1766504552.5541308
fractal_06630.png,Classification failed - no description returned,1766504552.5541315
fractal_05084.png,Classification failed - no description returned,1766504552.5541322
fractal_08831.png,Classification failed - no description returned,1766504552.5541334
fractal_08619.png,Classification failed - no description returned,1766504552.5541341
fractal_06840.png,Classification failed - no description returned,1766504552.5541348
fractal_00841.png,Classification failed - no description returned,1766504552.5541356
fractal_03972.png,Classification failed - no description returned,1766504601.1897476
fractal_05945.png,Classification failed - no description returned,1766504601.1897497
fractal_03737.png,Classification failed - no description returned,1766504601.1897504
fractal_04995.png,Classification failed - no description returned,1766504601.1897511
fractal_05865.png,Classification failed - no description returned,1766504601.1897516
fractal_03675.png,Classification failed - no description returned,1766504601.1897523
fractal_04027.png,Classification failed - no description returned,1766504601.189753
fractal_09721.png,Classification failed - no description returned,1766504601.1897535
fractal_08388.png,Classification failed - no description returned,1766504601.189754
fractal_07160.png,Classification failed - no description returned,1766504601.1897547
fractal_09731.png,Classification failed - no description returned,1766504601.1897554
fractal_07137.png,Classification failed - no description returned,1766504601.189756
fractal_02985.png,Classification failed - no description returned,1766504601.189757
fractal_01355.png,Classification failed - no description returned,1766504601.1897576
fractal_03171.png,Classification failed - no description returned,1766504601.1897585
fractal_05456.png,Classification failed - no description returned,1766504601.189759
fractal_06277.png,Classification failed - no description returned,1766504601.1897597
fractal_09710.png,Classification failed - no description returned,1766504601.1897607
fractal_02896.png,Classification failed - no description returned,1766504601.1897619
fractal_06625.png,Classification failed - no description returned,1766504601.1897624
fractal_07395.png,Classification failed - no description returned,1766504601.1897635
fractal_05806.png,Classification failed - no description returned,1766504601.1897645
fractal_09265.png,Classification failed - no description returned,1766504601.1897655
fractal_08722.png,Classification failed - no description returned,1766504601.1897662
fractal_07546.png,Classification failed - no description returned,1766504601.189767
fractal_03307.png,Classification failed - no description returned,1766504601.1897676
fractal_09284.png,Classification failed - no description returned,1766504601.189768
fractal_00051.png,Classification failed - no description returned,1766504601.1897693
fractal_03197.png,Classification failed - no description returned,1766504601.1897697
fractal_04050.png,Classification failed - no description returned,1766504601.1897702
fractal_01167.png,Classification failed - no description returned,1766504601.1897707
fractal_03973.png,Classification failed - no description returned,1766504601.1897714
fractal_02065.png,Classification failed - no description returned,1766504601.1897726
fractal_07676.png,Classification failed - no description returned,1766504601.1897733
fractal_07551.png,Classification failed - no description returned,1766504601.1897738
fractal_06715.png,Classification failed - no description returned,1766504601.1897745
fractal_05757.png,Classification failed - no description returned,1766504601.1897755
fractal_02375.png,Classification failed - no description returned,1766504601.189776
fractal_03116.png,Classification failed - no description returned,1766504601.189777
fractal_03404.png,Classification failed - no description returned,1766504601.1897774
fractal_07975.png,Classification failed - no description returned,1766504601.189778
fractal_02812.png,Classification failed - no description returned,1766504601.1897788
fractal_09409.png,Classification failed - no description returned,1766504601.1897795
fractal_01935.png,Classification failed - no description returned,1766504601.1897805
fractal_08701.png,Classification failed - no description returned,1766504601.189781
fractal_04314.png,Classification failed - no description returned,1766504601.1897814
fractal_06600.png,Classification failed - no description returned,1766504601.1897824
fractal_08078.png,Classification failed - no description returned,1766504601.189783
fractal_07458.png,Classification failed - no description returned,1766504601.1897833
fractal_07129.png,Classification failed - no description returned,1766504644.4762526
fractal_04131.png,Classification failed - no description returned,1766504644.4762552
fractal_04163.png,Classification failed - no description returned,1766504644.4762557
fractal_01043.png,Classification failed - no description returned,1766504644.4762566
fractal_04853.png,Classification failed - no description returned,1766504644.4762573
fractal_07044.png,Classification failed - no description returned,1766504644.4762583
fractal_01678.png,Classification failed - no description returned,1766504644.4762588
fractal_00104.png,Classification failed - no description returned,1766504644.4762595
fractal_07107.png,Classification failed - no description returned,1766504644.4762604
fractal_05276.png,Classification failed - no description returned,1766504644.4762611
fractal_08666.png,Classification failed - no description returned,1766504644.4762619
fractal_06986.png,Classification failed - no description returned,1766504644.4762626
fractal_04343.png,Classification failed - no description returned,1766504644.4762635
fractal_06410.png,Classification failed - no description returned,1766504644.4762642
fractal_05273.png,Classification failed - no description returned,1766504644.476265
fractal_04396.png,Classification failed - no description returned,1766504644.4762657
fractal_01169.png,Classification failed - no description returned,1766504644.4762664
fractal_03503.png,Classification failed - no description returned,1766504644.4762673
fractal_08734.png,Classification failed - no description returned,1766504644.476268
fractal_03507.png,Classification failed - no description returned,1766504644.4762688
fractal_03381.png,Classification failed - no description returned,1766504644.4762697
fractal_03196.png,Classification failed - no description returned,1766504644.4762707
fractal_05295.png,Classification failed - no description returned,1766504644.4762714
fractal_06520.png,Classification failed - no description returned,1766504644.476272
fractal_08781.png,Classification failed - no description returned,1766504644.4762728
fractal_08837.png,Classification failed - no description returned,1766504644.4762745
fractal_03673.png,Classification failed - no description returned,1766504644.4762754
fractal_01944.png,Classification failed - no description returned,1766504644.4763072
fractal_04961.png,Classification failed - no description returned,1766504644.4763079
fractal_04431.png,Classification failed - no description returned,1766504644.476309
fractal_00174.png,Classification failed - no description returned,1766504644.4763103
fractal_02681.png,Classification failed - no description returned,1766504644.476311
fractal_00675.png,Classification failed - no description returned,1766504644.476312
fractal_03298.png,Classification failed - no description returned,1766504644.4763129
fractal_07116.png,Classification failed - no description returned,1766504644.4763138
fractal_03371.png,Classification failed - no description returned,1766504644.4763145
fractal_07380.png,Classification failed - no description returned,1766504644.476315
fractal_04980.png,Classification failed - no description returned,1766504644.476316
fractal_06650.png,Classification failed - no description returned,1766504644.4763172
fractal_06169.png,Classification failed - no description returned,1766504644.476318
fractal_03599.png,Classification failed - no description returned,1766504644.4763188
fractal_07536.png,Classification failed - no description returned,1766504644.4763196
fractal_05383.png,Classification failed - no description returned,1766504644.4763203
fractal_04137.png,Classification failed - no description returned,1766504644.4763207
fractal_04844.png,Classification failed - no description returned,1766504644.4763212
fractal_07827.png,Classification failed - no description returned,1766504644.4763224
fractal_01817.png,Classification failed - no description returned,1766504644.476323
fractal_02428.png,Classification failed - no description returned,1766504644.4763238
fractal_03779.png,Classification failed - no description returned,1766504644.4763248
fractal_04299.png,Classification failed - no description returned,1766504687.33238
fractal_05654.png,Classification failed - no description returned,1766504687.332382
fractal_07214.png,Classification failed - no description returned,1766504687.3323824
fractal_02952.png,Classification failed - no description returned,1766504687.332383
fractal_08971.png,Classification failed - no description returned,1766504687.3323836
fractal_02424.png,Classification failed - no description returned,1766504687.3323843
fractal_09456.png,Classification failed - no description returned,1766504687.3323848
fractal_01867.png,Classification failed - no description returned,1766504687.3323853
fractal_08117.png,Classification failed - no description returned,1766504687.3323858
fractal_08011.png,Classification failed - no description returned,1766504687.3323865
fractal_02093.png,Classification failed - no description returned,1766504687.3323872
fractal_05310.png,Classification failed - no description returned,1766504687.3323882
fractal_04672.png,Classification failed - no description returned,1766504687.3323886
fractal_01301.png,Classification failed - no description returned,1766504687.3323889
fractal_01185.png,Classification failed - no description returned,1766504687.3323896
fractal_06459.png,Classification failed - no description returned,1766504687.33239
fractal_08539.png,Classification failed - no description returned,1766504687.332391
fractal_07785.png,Classification failed - no description returned,1766504687.3323917
fractal_06774.png,Classification failed - no description returned,1766504687.3323922
fractal_07290.png,Classification failed - no description returned,1766504687.332393
fractal_08809.png,Classification failed - no description returned,1766504687.3323934
fractal_05133.png,Classification failed - no description returned,1766504687.332394
fractal_09061.png,Classification failed - no description returned,1766504687.3323946
fractal_05972.png,Classification failed - no description returned,1766504687.3323958
fractal_06701.png,Classification failed - no description returned,1766504687.3323965
fractal_04539.png,Classification failed - no description returned,1766504687.332397
fractal_05023.png,Classification failed - no description returned,1766504687.332398
fractal_00049.png,Classification failed - no description returned,1766504687.3323984
fractal_09323.png,Classification failed - no description returned,1766504687.3323996
fractal_05832.png,Classification failed - no description returned,1766504687.3324
fractal_00708.png,Classification failed - no description returned,1766504687.3324008
fractal_09367.png,Classification failed - no description returned,1766504687.332401
fractal_01026.png,Classification failed - no description returned,1766504687.3324018
fractal_03301.png,Classification failed - no description returned,1766504687.3324022
fractal_04373.png,Classification failed - no description returned,1766504687.3324034
fractal_01095.png,Classification failed - no description returned,1766504687.332404
fractal_01625.png,Classification failed - no description returned,1766504687.3324049
fractal_00614.png,Classification failed - no description returned,1766504687.3324053
fractal_03811.png,Classification failed - no description returned,1766504687.3324058
fractal_06470.png,Classification failed - no description returned,1766504687.3324065
fractal_00975.png,Classification failed - no description returned,1766504687.3324077
fractal_05102.png,Classification failed - no description returned,1766504687.3324084
fractal_01660.png,Classification failed - no description returned,1766504687.3324091
fractal_05059.png,Classification failed - no description returned,1766504687.3324096
fractal_06091.png,Classification failed - no description returned,1766504687.33241
fractal_01931.png,Classification failed - no description returned,1766504687.3324108
fractal_01665.png,Classification failed - no description returned,1766504687.3324113
fractal_05208.png,Classification failed - no description returned,1766504687.3324122
fractal_00242.png,Classification failed - no description returned,1766504687.3324127
fractal_08459.png,Classification failed - no description returned,1766504731.1054113
fractal_05997.png,Classification failed - no description returned,1766504731.105413
fractal_04542.png,Classification failed - no description returned,1766504731.105414
fractal_00384.png,Classification failed - no description returned,1766504731.1054144
fractal_02855.png,Classification failed - no description returned,1766504731.1054149
fractal_07721.png,Classification failed - no description returned,1766504731.1054153
fractal_00136.png,Classification failed - no description returned,1766504731.1054158
fractal_04085.png,Classification failed - no description returned,1766504731.1054163
fractal_02293.png,Classification failed - no description returned,1766504731.105417
fractal_04593.png,Classification failed - no description returned,1766504731.1054177
fractal_03155.png,Classification failed - no description returned,1766504731.1054184
fractal_01820.png,Classification failed - no description returned,1766504731.1054192
fractal_00120.png,Classification failed - no description returned,1766504731.1054199
fractal_07861.png,Classification failed - no description returned,1766504731.1054206
fractal_02049.png,Classification failed - no description returned,1766504731.1054223
fractal_01359.png,Classification failed - no description returned,1766504731.1054227
fractal_05537.png,Classification failed - no description returned,1766504731.1054235
fractal_05955.png,Classification failed - no description returned,1766504731.1054242
fractal_05177.png,Classification failed - no description returned,1766504731.105425
fractal_08601.png,Classification failed - no description returned,1766504731.1054256
fractal_05231.png,Classification failed - no description returned,1766504731.1054268
fractal_06183.png,Classification failed - no description returned,1766504731.1054273
fractal_04382.png,Classification failed - no description returned,1766504731.1054282
fractal_06868.png,Classification failed - no description returned,1766504731.1054292
fractal_07722.png,Classification failed - no description returned,1766504731.1054296
fractal_08791.png,Classification failed - no description returned,1766504731.1054306
fractal_09987.png,Classification failed - no description returned,1766504731.1054313
fractal_05837.png,Classification failed - no description returned,1766504731.1054318
fractal_00989.png,Classification failed - no description returned,1766504731.1054323
fractal_07814.png,Classification failed - no description returned,1766504731.1054327
fractal_01460.png,Classification failed - no description returned,1766504731.105434
fractal_04227.png,Classification failed - no description returned,1766504731.1054347
fractal_05668.png,Classification failed - no description returned,1766504731.1054351
fractal_08700.png,Classification failed - no description returned,1766504731.1054358
fractal_03709.png,Classification failed - no description returned,1766504731.1054366
fractal_05871.png,Classification failed - no description returned,1766504731.105438
fractal_07061.png,Classification failed - no description returned,1766504731.1054387
fractal_02157.png,Classification failed - no description returned,1766504731.1054392
fractal_01268.png,Classification failed - no description returned,1766504731.1054397
fractal_05218.png,Classification failed - no description returned,1766504731.1054406
fractal_00335.png,Classification failed - no description returned,1766504731.1054413
fractal_01104.png,Classification failed - no description returned,1766504731.105442
fractal_03490.png,Classification failed - no description returned,1766504731.1054428
fractal_03089.png,Classification failed - no description returned,1766504731.105443
fractal_00236.png,Classification failed - no description returned,1766504731.105444
fractal_00694.png,Classification failed - no description returned,1766504731.1054444
fractal_08352.png,Classification failed - no description returned,1766504731.1054451
fractal_07891.png,Classification failed - no description returned,1766504731.105446
fractal_08490.png,Classification failed - no description returned,1766504731.1054466
fractal_02998.png,Classification failed - no description returned,1766504782.7637062
fractal_03462.png,Classification failed - no description returned,1766504782.763711
fractal_00336.png,Classification failed - no description returned,1766504782.763712
fractal_01230.png,Classification failed - no description returned,1766504782.763713
fractal_09767.png,Classification failed - no description returned,1766504782.7637136
fractal_05810.png,Classification failed - no description returned,1766504782.763714
fractal_09841.png,Classification failed - no description returned,1766504782.7637148
fractal_03894.png,Classification failed - no description returned,1766504782.7637153
fractal_00259.png,Classification failed - no description returned,1766504782.7637167
fractal_07588.png,Classification failed - no description returned,1766504782.763719
fractal_08664.png,Classification failed - no description returned,1766504782.7637203
fractal_02488.png,Classification failed - no description returned,1766504782.763721
fractal_04812.png,Classification failed - no description returned,1766504782.7637224
fractal_05148.png,Classification failed - no description returned,1766504782.7637234
fractal_07985.png,Classification failed - no description returned,1766504782.7637243
fractal_02441.png,Classification failed - no description returned,1766504782.7637253
fractal_01762.png,Classification failed - no description returned,1766504782.7637262
fractal_05488.png,Classification failed - no description returned,1766504782.7637277
fractal_04039.png,Classification failed - no description returned,1766504782.7637298
fractal_07472.png,Classification failed - no description returned,1766504782.7637308
fractal_07634.png,Classification failed - no description returned,1766504782.7637324
fractal_05800.png,Classification failed - no description returned,1766504782.763733
fractal_08737.png,Classification failed - no description returned,1766504782.7637353
fractal_07763.png,Classification failed - no description returned,1766504782.7637367
fractal_02152.png,Classification failed - no description returned,1766504782.7637377
fractal_06353.png,Classification failed - no description returned,1766504782.7637389
fractal_09161.png,Classification failed - no description returned,1766504782.7637403
fractal_02661.png,Classification failed - no description returned,1766504782.763741
fractal_01374.png,Classification failed - no description returned,1766504782.7637417
fractal_07161.png,Classification failed - no description returned,1766504782.7637427
fractal_06005.png,Classification failed - no description returned,1766504782.763744
fractal_07170.png,Classification failed - no description returned,1766504782.7637453
fractal_03110.png,Classification failed - no description returned,1766504782.763746
fractal_01752.png,Classification failed - no description returned,1766504782.7637467
fractal_07940.png,Classification failed - no description returned,1766504782.7637484
fractal_05734.png,Classification failed - no description returned,1766504782.76375
fractal_04535.png,Classification failed - no description returned,1766504782.7637525
fractal_03782.png,Classification failed - no description returned,1766504782.7637534
fractal_03767.png,Classification failed - no description returned,1766504782.7637553
fractal_03185.png,Classification failed - no description returned,1766504782.7637565
fractal_06588.png,Classification failed - no description returned,1766504782.7637572
fractal_04628.png,Classification failed - no description returned,1766504782.7637584
fractal_09064.png,Classification failed - no description returned,1766504782.7637591
fractal_09631.png,Classification failed - no description returned,1766504782.7637599
fractal_08671.png,Classification failed - no description returned,1766504782.7637606
fractal_03581.png,Classification failed - no description returned,1766504782.763761
fractal_03177.png,Classification failed - no description returned,1766504782.763762
fractal_06711.png,Classification failed - no description returned,1766504782.763763
fractal_02349.png,Classification failed - no description returned,1766504782.7637634
fractal_03094.png,Classification failed - no description returned,1766504829.1188152
fractal_05620.png,Classification failed - no description returned,1766504829.1188185
fractal_06896.png,Classification failed - no description returned,1766504829.1188202
fractal_09344.png,Classification failed - no description returned,1766504829.1188214
fractal_07845.png,Classification failed - no description returned,1766504829.118823
fractal_07140.png,Classification failed - no description returned,1766504829.1188245
fractal_08925.png,Classification failed - no description returned,1766504829.1188254
fractal_08098.png,Classification failed - no description returned,1766504829.1188257
fractal_06571.png,Classification failed - no description returned,1766504829.118827
fractal_02463.png,Classification failed - no description returned,1766504829.1188285
fractal_05923.png,Classification failed - no description returned,1766504829.1188297
fractal_07816.png,Classification failed - no description returned,1766504829.1188338
fractal_09174.png,Classification failed - no description returned,1766504829.1188345
fractal_06732.png,Classification failed - no description returned,1766504829.118835
fractal_05709.png,Classification failed - no description returned,1766504829.1188364
fractal_02836.png,Classification failed - no description returned,1766504829.1188374
fractal_02058.png,Classification failed - no description returned,1766504829.1188378
fractal_07037.png,Classification failed - no description returned,1766504829.1188388
fractal_06539.png,Classification failed - no description returned,1766504829.118839
fractal_09421.png,Classification failed - no description returned,1766504829.1188397
fractal_02897.png,Classification failed - no description returned,1766504829.11884
fractal_01708.png,Classification failed - no description returned,1766504829.1188407
fractal_07093.png,Classification failed - no description returned,1766504829.1188414
fractal_08585.png,Classification failed - no description returned,1766504829.118842
fractal_05467.png,Classification failed - no description returned,1766504829.1188428
fractal_05018.png,Classification failed - no description returned,1766504829.1188436
fractal_05574.png,Classification failed - no description returned,1766504829.1188447
fractal_06084.png,Classification failed - no description returned,1766504829.1188452
fractal_04747.png,Classification failed - no description returned,1766504829.118846
fractal_05531.png,Classification failed - no description returned,1766504829.118847
fractal_01106.png,Classification failed - no description returned,1766504829.1188478
fractal_00507.png,Classification failed - no description returned,1766504829.1188483
fractal_04014.png,Classification failed - no description returned,1766504829.1188488
fractal_00978.png,Classification failed - no description returned,1766504829.1188495
fractal_06794.png,Classification failed - no description returned,1766504829.1188505
fractal_07468.png,Classification failed - no description returned,1766504829.1188512
fractal_04046.png,Classification failed - no description returned,1766504829.118852
fractal_00942.png,Classification failed - no description returned,1766504829.1188524
fractal_02720.png,Classification failed - no description returned,1766504829.118853
fractal_01274.png,Classification failed - no description returned,1766504829.1188543
fractal_01080.png,Classification failed - no description returned,1766504829.118855
fractal_08658.png,Classification failed - no description returned,1766504829.1188555
fractal_02545.png,Classification failed - no description returned,1766504829.1188562
fractal_06605.png,Classification failed - no description returned,1766504829.1188567
fractal_06222.png,Classification failed - no description returned,1766504829.1188574
fractal_07469.png,Classification failed - no description returned,1766504829.1188576
fractal_03130.png,Classification failed - no description returned,1766504829.1188586
fractal_04640.png,Classification failed - no description returned,1766504829.118859
fractal_02026.png,Classification failed - no description returned,1766504829.1188598
fractal_08628.png,Classification failed - no description returned,1766504873.9848375
fractal_07447.png,Classification failed - no description returned,1766504873.9848394
fractal_09615.png,Classification failed - no description returned,1766504873.9848404
fractal_05022.png,Classification failed - no description returned,1766504873.9848409
fractal_07079.png,Classification failed - no description returned,1766504873.9848416
fractal_03261.png,Classification failed - no description returned,1766504873.984842
fractal_07229.png,Classification failed - no description returned,1766504873.9848428
fractal_01142.png,Classification failed - no description returned,1766504873.984843
fractal_04541.png,Classification failed - no description returned,1766504873.984844
fractal_01631.png,Classification failed - no description returned,1766504873.9848447
fractal_06087.png,Classification failed - no description returned,1766504873.9848456
fractal_09636.png,Classification failed - no description returned,1766504873.984846
fractal_05217.png,Classification failed - no description returned,1766504873.9848466
fractal_08190.png,Classification failed - no description returned,1766504873.984847
fractal_04893.png,Classification failed - no description returned,1766504873.984848
fractal_03854.png,Classification failed - no description returned,1766504873.9848487
fractal_09441.png,Classification failed - no description returned,1766504873.9848495
fractal_08326.png,Classification failed - no description returned,1766504873.98485
fractal_00178.png,Classification failed - no description returned,1766504873.9848506
fractal_09793.png,Classification failed - no description returned,1766504873.9848514
fractal_02754.png,Classification failed - no description returned,1766504873.9848523
fractal_00683.png,Classification failed - no description returned,1766504873.984853
fractal_06377.png,Classification failed - no description returned,1766504873.9848535
fractal_07487.png,Classification failed - no description returned,1766504873.984854
fractal_09524.png,Classification failed - no description returned,1766504873.9848545
fractal_04488.png,Classification failed - no description returned,1766504873.9848554
fractal_06818.png,Classification failed - no description returned,1766504873.9848564
fractal_03521.png,Classification failed - no description returned,1766504873.9848568
fractal_09462.png,Classification failed - no description returned,1766504873.9848585
fractal_01798.png,Classification failed - no description returned,1766504873.9848592
fractal_09507.png,Classification failed - no description returned,1766504873.9848602
fractal_00114.png,Classification failed - no description returned,1766504873.984861
fractal_04198.png,Classification failed - no description returned,1766504873.9848614
fractal_04496.png,Classification failed - no description returned,1766504873.984862
fractal_01277.png,Classification failed - no description returned,1766504873.984863
fractal_06469.png,Classification failed - no description returned,1766504873.984864
fractal_08314.png,Classification failed - no description returned,1766504873.9848645
fractal_05520.png,Classification failed - no description returned,1766504873.984865
fractal_00776.png,Classification failed - no description returned,1766504873.9848654
fractal_06682.png,Classification failed - no description returned,1766504873.9848661
fractal_06708.png,Classification failed - no description returned,1766504873.9848669
fractal_03077.png,Classification failed - no description returned,1766504873.9848676
fractal_04305.png,Classification failed - no description returned,1766504873.9848683
fractal_01304.png,Classification failed - no description returned,1766504873.984869
fractal_01464.png,Classification failed - no description returned,1766504873.9848702
fractal_09170.png,Classification failed - no description returned,1766504873.9848707
fractal_07121.png,Classification failed - no description returned,1766504873.9848711
fractal_04846.png,Classification failed - no description returned,1766504873.984872
fractal_04169.png,Classification failed - no description returned,1766504873.984873
fractal_08154.png,Classification failed - no description returned,1766504920.8052967
fractal_06562.png,Classification failed - no description returned,1766504920.8052988
fractal_02493.png,Classification failed - no description returned,1766504920.8052998
fractal_07218.png,Classification failed - no description returned,1766504920.8053002
fractal_07275.png,Classification failed - no description returned,1766504920.8053007
fractal_03810.png,Classification failed - no description returned,1766504920.8053012
fractal_02112.png,Classification failed - no description returned,1766504920.8053017
fractal_00823.png,Classification failed - no description returned,1766504920.8053024
fractal_07993.png,Classification failed - no description returned,1766504920.805303
fractal_00702.png,Classification failed - no description returned,1766504920.8053038
fractal_04792.png,Classification failed - no description returned,1766504920.8053045
fractal_02714.png,Classification failed - no description returned,1766504920.805306
fractal_06236.png,Classification failed - no description returned,1766504920.8053067
fractal_00635.png,Classification failed - no description returned,1766504920.8053074
fractal_00537.png,Classification failed - no description returned,1766504920.805308
fractal_04933.png,Classification failed - no description returned,1766504920.8053083
fractal_09898.png,Classification failed - no description returned,1766504920.8053093
fractal_03923.png,Classification failed - no description returned,1766504920.8053102
fractal_04428.png,Classification failed - no description returned,1766504920.805311
fractal_04308.png,Classification failed - no description returned,1766504920.8053114
fractal_05751.png,Classification failed - no description returned,1766504920.805312
fractal_00950.png,Classification failed - no description returned,1766504920.8053129
fractal_03818.png,Classification failed - no description returned,1766504920.8053138
fractal_09018.png,Classification failed - no description returned,1766504920.8053143
fractal_00648.png,Classification failed - no description returned,1766504920.8053148
fractal_08100.png,Classification failed - no description returned,1766504920.8053155
fractal_09467.png,Classification failed - no description returned,1766504920.8053164
fractal_05048.png,Classification failed - no description returned,1766504920.805317
fractal_01299.png,Classification failed - no description returned,1766504920.805318
fractal_00811.png,Classification failed - no description returned,1766504920.8053186
fractal_02644.png,Classification failed - no description returned,1766504920.8053193
fractal_09920.png,Classification failed - no description returned,1766504920.80532
fractal_06764.png,Classification failed - no description returned,1766504920.8053207
fractal_01270.png,Classification failed - no description returned,1766504920.8053217
fractal_05308.png,Classification failed - no description returned,1766504920.8053226
fractal_03040.png,Classification failed - no description returned,1766504920.8053236
fractal_01091.png,Classification failed - no description returned,1766504920.8053238
fractal_09274.png,Classification failed - no description returned,1766504920.8053246
fractal_01052.png,Classification failed - no description returned,1766504920.805325
fractal_00138.png,Classification failed - no description returned,1766504920.805326
fractal_00272.png,Classification failed - no description returned,1766504920.805327
fractal_08041.png,Classification failed - no description returned,1766504920.8053274
fractal_09193.png,Classification failed - no description returned,1766504920.805328
fractal_09299.png,Classification failed - no description returned,1766504920.8053286
fractal_08415.png,Classification failed - no description returned,1766504920.8053296
fractal_08294.png,Classification failed - no description returned,1766504920.8053303
fractal_09757.png,Classification failed - no description returned,1766504920.805331
fractal_05767.png,Classification failed - no description returned,1766504920.8053315
fractal_00760.png,Classification failed - no description returned,1766504920.805332
fractal_01475.png,Classification failed - no description returned,1766504973.2904649
fractal_02343.png,Classification failed - no description returned,1766504973.290467
fractal_09579.png,Classification failed - no description returned,1766504973.290468
fractal_00787.png,Classification failed - no description returned,1766504973.290469
fractal_03230.png,Classification failed - no description returned,1766504973.2904694
fractal_01568.png,Classification failed - no description returned,1766504973.29047
fractal_06474.png,Classification failed - no description returned,1766504973.2904704
fractal_08321.png,Classification failed - no description returned,1766504973.290471
fractal_07990.png,Classification failed - no description returned,1766504973.2904718
fractal_03655.png,Classification failed - no description returned,1766504973.2904727
fractal_01786.png,Classification failed - no description returned,1766504973.2904732
fractal_00808.png,Classification failed - no description returned,1766504973.290474
fractal_08380.png,Classification failed - no description returned,1766504973.2904744
fractal_01596.png,Classification failed - no description returned,1766504973.290475
fractal_07055.png,Classification failed - no description returned,1766504973.290476
fractal_07427.png,Classification failed - no description returned,1766504973.2904766
fractal_01293.png,Classification failed - no description returned,1766504973.2904773
fractal_08322.png,Classification failed - no description returned,1766504973.290478
fractal_00641.png,Classification failed - no description returned,1766504973.2904787
fractal_02372.png,Classification failed - no description returned,1766504973.2904797
fractal_04479.png,Classification failed - no description returned,1766504973.2904801
fractal_09109.png,Classification failed - no description returned,1766504973.2904809
fractal_02948.png,Classification failed - no description returned,1766504973.2904816
fractal_01276.png,Classification failed - no description returned,1766504973.2904825
fractal_06683.png,Classification failed - no description returned,1766504973.290483
fractal_03478.png,Classification failed - no description returned,1766504973.290484
fractal_09900.png,Classification failed - no description returned,1766504973.2904844
fractal_09744.png,Classification failed - no description returned,1766504973.290485
fractal_09494.png,Classification failed - no description returned,1766504973.2904859
fractal_01782.png,Classification failed - no description returned,1766504973.2904863
fractal_09902.png,Classification failed - no description returned,1766504973.2904868
fractal_09443.png,Classification failed - no description returned,1766504973.2904878
fractal_02150.png,Classification failed - no description returned,1766504973.2904885
fractal_06137.png,Classification failed - no description returned,1766504973.2904894
fractal_06956.png,Classification failed - no description returned,1766504973.29049
fractal_08478.png,Classification failed - no description returned,1766504973.2904906
fractal_04596.png,Classification failed - no description returned,1766504973.290491
fractal_07732.png,Classification failed - no description returned,1766504973.2904918
fractal_01384.png,Classification failed - no description returned,1766504973.2904925
fractal_09823.png,Classification failed - no description returned,1766504973.2904932
fractal_04668.png,Classification failed - no description returned,1766504973.290494
fractal_08330.png,Classification failed - no description returned,1766504973.2904944
fractal_03917.png,Classification failed - no description returned,1766504973.2904956
fractal_02560.png,Classification failed - no description returned,1766504973.2904963
fractal_05898.png,Classification failed - no description returned,1766504973.290497
fractal_08435.png,Classification failed - no description returned,1766504973.2904975
fractal_01484.png,Classification failed - no description returned,1766504973.2904983
fractal_02942.png,Classification failed - no description returned,1766504973.2904987
fractal_01883.png,Classification failed - no description returned,1766504973.2904997
fractal_09149.png,Classification failed - no description returned,1766505017.4138732
fractal_02262.png,Classification failed - no description returned,1766505017.413875
fractal_06652.png,Classification failed - no description returned,1766505017.4138758
fractal_03421.png,Classification failed - no description returned,1766505017.4138768
fractal_00148.png,Classification failed - no description returned,1766505017.4138775
fractal_05717.png,Classification failed - no description returned,1766505017.413878
fractal_07765.png,Classification failed - no description returned,1766505017.4138784
fractal_03965.png,Classification failed - no description returned,1766505017.4138792
fractal_05491.png,Classification failed - no description returned,1766505017.4138799
fractal_04543.png,Classification failed - no description returned,1766505017.4138806
fractal_01619.png,Classification failed - no description returned,1766505017.413881
fractal_04384.png,Classification failed - no description returned,1766505017.4138818
fractal_09116.png,Classification failed - no description returned,1766505017.4138823
fractal_05082.png,Classification failed - no description returned,1766505017.4138832
fractal_03856.png,Classification failed - no description returned,1766505017.4138837
fractal_05661.png,Classification failed - no description returned,1766505017.4138846
fractal_09863.png,Classification failed - no description returned,1766505017.413885
fractal_07339.png,Classification failed - no description returned,1766505017.413886
fractal_06953.png,Classification failed - no description returned,1766505017.4138865
fractal_01808.png,Classification failed - no description returned,1766505017.413887
fractal_07166.png,Classification failed - no description returned,1766505017.413888
fractal_08992.png,Classification failed - no description returned,1766505017.4138896
fractal_07806.png,Classification failed - no description returned,1766505017.4138904
fractal_00688.png,Classification failed - no description returned,1766505017.413891
fractal_00006.png,Classification failed - no description returned,1766505017.4138916
fractal_04727.png,Classification failed - no description returned,1766505017.4138927
fractal_01657.png,Classification failed - no description returned,1766505017.4138937
fractal_01918.png,Classification failed - no description returned,1766505017.4138942
fractal_07099.png,Classification failed - no description returned,1766505017.4138947
fractal_07258.png,Classification failed - no description returned,1766505017.413895
fractal_02061.png,Classification failed - no description returned,1766505017.413896
fractal_09176.png,Classification failed - no description returned,1766505017.413897
fractal_07001.png,Classification failed - no description returned,1766505017.4138975
fractal_07983.png,Classification failed - no description returned,1766505017.413898
fractal_00813.png,Classification failed - no description returned,1766505017.4138987
fractal_06635.png,Classification failed - no description returned,1766505017.4138992
fractal_05833.png,Classification failed - no description returned,1766505017.4139004
fractal_06914.png,Classification failed - no description returned,1766505017.4139009
fractal_03766.png,Classification failed - no description returned,1766505017.4139013
fractal_09881.png,Classification failed - no description returned,1766505017.413902
fractal_06907.png,Classification failed - no description returned,1766505017.4139028
fractal_08320.png,Classification failed - no description returned,1766505017.4139035
fractal_03392.png,Classification failed - no description returned,1766505017.4139044
fractal_02136.png,Classification failed - no description returned,1766505017.413905
fractal_03772.png,Classification failed - no description returned,1766505017.4139054
fractal_05724.png,Classification failed - no description returned,1766505017.4139059
fractal_08484.png,Classification failed - no description returned,1766505017.4139063
fractal_05122.png,Classification failed - no description returned,1766505017.4139073
fractal_07278.png,Classification failed - no description returned,1766505017.4139082
fractal_00834.png,Classification failed - no description returned,1766505063.7979145
fractal_08645.png,Classification failed - no description returned,1766505063.7979162
fractal_01122.png,Classification failed - no description returned,1766505063.7979171
fractal_08972.png,Classification failed - no description returned,1766505063.7979178
fractal_07267.png,Classification failed - no description returned,1766505063.7979186
fractal_09072.png,Classification failed - no description returned,1766505063.797919
fractal_08623.png,Classification failed - no description returned,1766505063.7979195
fractal_04017.png,Classification failed - no description returned,1766505063.79792
fractal_03289.png,Classification failed - no description returned,1766505063.7979212
fractal_00876.png,Classification failed - no description returned,1766505063.797922
fractal_02802.png,Classification failed - no description returned,1766505063.7979224
fractal_09608.png,Classification failed - no description returned,1766505063.7979228
fractal_08672.png,Classification failed - no description returned,1766505063.7979236
fractal_01234.png,Classification failed - no description returned,1766505063.797924
fractal_05597.png,Classification failed - no description returned,1766505063.7979252
fractal_04757.png,Classification failed - no description returned,1766505063.7979257
fractal_02757.png,Classification failed - no description returned,1766505063.7979262
fractal_01357.png,Classification failed - no description returned,1766505063.7979267
fractal_04025.png,Classification failed - no description returned,1766505063.7979274
fractal_01958.png,Classification failed - no description returned,1766505063.7979279
fractal_03299.png,Classification failed - no description returned,1766505063.7979283
fractal_09562.png,Classification failed - no description returned,1766505063.7979293
fractal_03952.png,Classification failed - no description returned,1766505063.7979298
fractal_03029.png,Classification failed - no description returned,1766505063.7979305
fractal_06193.png,Classification failed - no description returned,1766505063.797931
fractal_06587.png,Classification failed - no description returned,1766505063.7979317
fractal_00750.png,Classification failed - no description returned,1766505063.7979329
fractal_02575.png,Classification failed - no description returned,1766505063.7979333
fractal_05758.png,Classification failed - no description returned,1766505063.7979336
fractal_07770.png,Classification failed - no description returned,1766505063.797934
fractal_01854.png,Classification failed - no description returned,1766505063.797935
fractal_08683.png,Classification failed - no description returned,1766505063.797936
fractal_01133.png,Classification failed - no description returned,1766505063.7979367
fractal_04290.png,Classification failed - no description returned,1766505063.7979372
fractal_01573.png,Classification failed - no description returned,1766505063.7979379
fractal_06646.png,Classification failed - no description returned,1766505063.7979383
fractal_03753.png,Classification failed - no description returned,1766505063.7979393
fractal_07624.png,Classification failed - no description returned,1766505063.7979398
fractal_08969.png,Classification failed - no description returned,1766505063.7979403
fractal_06276.png,Classification failed - no description returned,1766505063.797941
fractal_03820.png,Classification failed - no description returned,1766505063.7979414
fractal_02774.png,Classification failed - no description returned,1766505063.797942
fractal_08507.png,Classification failed - no description returned,1766505063.7979426
fractal_04403.png,Classification failed - no description returned,1766505063.7979434
fractal_06161.png,Classification failed - no description returned,1766505063.7979436
fractal_00345.png,Classification failed - no description returned,1766505063.7979443
fractal_04693.png,Classification failed - no description returned,1766505063.797945
fractal_06483.png,Classification failed - no description returned,1766505063.7979455
fractal_00575.png,Classification failed - no description returned,1766505063.7979462
fractal_01482.png,Classification failed - no description returned,1766505108.110716
fractal_09222.png,Classification failed - no description returned,1766505108.1107185
fractal_05353.png,Classification failed - no description returned,1766505108.1107192
fractal_08595.png,Classification failed - no description returned,1766505108.1107197
fractal_01804.png,Classification failed - no description returned,1766505108.1107204
fractal_07545.png,Classification failed - no description returned,1766505108.1107213
fractal_08888.png,Classification failed - no description returned,1766505108.1107218
fractal_07654.png,Classification failed - no description returned,1766505108.1107223
fractal_03438.png,Classification failed - no description returned,1766505108.110723
fractal_04374.png,Classification failed - no description returned,1766505108.1107235
fractal_04456.png,Classification failed - no description returned,1766505108.1107247
fractal_01341.png,Classification failed - no description returned,1766505108.1107254
fractal_04770.png,Classification failed - no description returned,1766505108.110726
fractal_04263.png,Classification failed - no description returned,1766505108.1107266
fractal_02048.png,Classification failed - no description returned,1766505108.110727
fractal_00514.png,Classification failed - no description returned,1766505108.110728
fractal_07703.png,Classification failed - no description returned,1766505108.1107287
fractal_02191.png,Classification failed - no description returned,1766505108.1107295
fractal_08768.png,Classification failed - no description returned,1766505108.11073
fractal_03628.png,Classification failed - no description returned,1766505108.1107306
fractal_06104.png,Classification failed - no description returned,1766505108.1107314
fractal_00227.png,Classification failed - no description returned,1766505108.1107318
fractal_08783.png,Classification failed - no description returned,1766505108.1107333
fractal_01735.png,Classification failed - no description returned,1766505108.110734
fractal_01647.png,Classification failed - no description returned,1766505108.1107347
fractal_08099.png,Classification failed - no description returned,1766505108.1107352
fractal_05648.png,Classification failed - no description returned,1766505108.1107361
fractal_04224.png,Classification failed - no description returned,1766505108.1107366
fractal_07658.png,Classification failed - no description returned,1766505108.1107376
fractal_01086.png,Classification failed - no description returned,1766505108.1107385
fractal_03668.png,Classification failed - no description returned,1766505108.110739
fractal_01538.png,Classification failed - no description returned,1766505108.1107402
fractal_03335.png,Classification failed - no description returned,1766505108.1107407
fractal_00203.png,Classification failed - no description returned,1766505108.1107411
fractal_05483.png,Classification failed - no description returned,1766505108.1107423
fractal_04289.png,Classification failed - no description returned,1766505108.110743
fractal_02215.png,Classification failed - no description returned,1766505108.1107435
fractal_08085.png,Classification failed - no description returned,1766505108.1107445
fractal_03314.png,Classification failed - no description returned,1766505108.1107454
fractal_01190.png,Classification failed - no description returned,1766505108.1107461
fractal_06642.png,Classification failed - no description returned,1766505108.1107466
fractal_05535.png,Classification failed - no description returned,1766505108.1107473
fractal_04358.png,Classification failed - no description returned,1766505108.1107485
fractal_06952.png,Classification failed - no description returned,1766505108.110749
fractal_00323.png,Classification failed - no description returned,1766505108.1107497
fractal_02692.png,Classification failed - no description returned,1766505108.1107502
fractal_06338.png,Classification failed - no description returned,1766505108.1107507
fractal_02325.png,Classification failed - no description returned,1766505108.1107523
fractal_08807.png,Classification failed - no description returned,1766505108.110753
fractal_09146.png,Classification failed - no description returned,1766505148.9709215
fractal_00914.png,Classification failed - no description returned,1766505148.970923
fractal_04352.png,Classification failed - no description returned,1766505148.9709241
fractal_09460.png,Classification failed - no description returned,1766505148.9709249
fractal_05794.png,Classification failed - no description returned,1766505148.9709256
fractal_01316.png,Classification failed - no description returned,1766505148.970926
fractal_08427.png,Classification failed - no description returned,1766505148.9709265
fractal_02471.png,Classification failed - no description returned,1766505148.970927
fractal_07437.png,Classification failed - no description returned,1766505148.9709277
fractal_06541.png,Classification failed - no description returned,1766505148.9709284
fractal_08211.png,Classification failed - no description returned,1766505148.9709294
fractal_01418.png,Classification failed - no description returned,1766505148.9709299
fractal_05515.png,Classification failed - no description returned,1766505148.9709303
fractal_09014.png,Classification failed - no description returned,1766505148.9709313
fractal_07051.png,Classification failed - no description returned,1766505148.9709322
fractal_08084.png,Classification failed - no description returned,1766505148.970933
fractal_09522.png,Classification failed - no description returned,1766505148.9709334
fractal_01302.png,Classification failed - no description returned,1766505148.970935
fractal_05685.png,Classification failed - no description returned,1766505148.9709358
fractal_08047.png,Classification failed - no description returned,1766505148.9709365
fractal_02184.png,Classification failed - no description returned,1766505148.9709368
fractal_02011.png,Classification failed - no description returned,1766505148.9709373
fractal_07710.png,Classification failed - no description returned,1766505148.9709382
fractal_04767.png,Classification failed - no description returned,1766505148.9709387
fractal_00475.png,Classification failed - no description returned,1766505148.9709394
fractal_01499.png,Classification failed - no description returned,1766505148.97094
fractal_09455.png,Classification failed - no description returned,1766505148.9709408
fractal_05557.png,Classification failed - no description returned,1766505148.9709415
fractal_02981.png,Classification failed - no description returned,1766505148.970942
fractal_05822.png,Classification failed - no description returned,1766505148.9709425
fractal_01428.png,Classification failed - no description returned,1766505148.9709432
fractal_06036.png,Classification failed - no description returned,1766505148.9709442
fractal_01347.png,Classification failed - no description returned,1766505148.970945
fractal_00200.png,Classification failed - no description returned,1766505148.9709456
fractal_00267.png,Classification failed - no description returned,1766505148.9709463
fractal_06317.png,Classification failed - no description returned,1766505148.970947
fractal_03555.png,Classification failed - no description returned,1766505148.9709477
fractal_00535.png,Classification failed - no description returned,1766505148.9709485
fractal_04114.png,Classification failed - no description returned,1766505148.9709492
fractal_00601.png,Classification failed - no description returned,1766505148.97095
fractal_05409.png,Classification failed - no description returned,1766505148.9709504
fractal_01650.png,Classification failed - no description returned,1766505148.9709513
fractal_06444.png,Classification failed - no description returned,1766505148.9709525
fractal_02195.png,Classification failed - no description returned,1766505148.970953
fractal_08501.png,Classification failed - no description returned,1766505148.9709537
fractal_02391.png,Classification failed - no description returned,1766505148.9709544
fractal_00570.png,Classification failed - no description returned,1766505148.970955
fractal_09417.png,Classification failed - no description returned,1766505148.9709558
fractal_00068.png,Classification failed - no description returned,1766505148.9709566
fractal_09091.png,Classification failed - no description returned,1766505198.5395215
fractal_05463.png,Classification failed - no description returned,1766505198.5395243
fractal_02114.png,Classification failed - no description returned,1766505198.5395253
fractal_00522.png,Classification failed - no description returned,1766505198.5395262
fractal_00206.png,Classification failed - no description returned,1766505198.5395267
fractal_00458.png,Classification failed - no description returned,1766505198.5395277
fractal_03568.png,Classification failed - no description returned,1766505198.5395281
fractal_04508.png,Classification failed - no description returned,1766505198.5395284
fractal_01811.png,Classification failed - no description returned,1766505198.5395296
fractal_00012.png,Classification failed - no description returned,1766505198.539531
fractal_09511.png,Classification failed - no description returned,1766505198.5395315
fractal_03390.png,Classification failed - no description returned,1766505198.5395327
fractal_09201.png,Classification failed - no description returned,1766505198.5395334
fractal_05243.png,Classification failed - no description returned,1766505198.5395339
fractal_00880.png,Classification failed - no description returned,1766505198.539535
fractal_00828.png,Classification failed - no description returned,1766505198.5395362
fractal_09444.png,Classification failed - no description returned,1766505198.5395374
fractal_07151.png,Classification failed - no description returned,1766505198.539538
fractal_08967.png,Classification failed - no description returned,1766505198.5395389
fractal_00909.png,Classification failed - no description returned,1766505198.5395398
fractal_05067.png,Classification failed - no description returned,1766505198.5395405
fractal_09474.png,Classification failed - no description returned,1766505198.5395415
fractal_07930.png,Classification failed - no description returned,1766505198.5395422
fractal_08833.png,Classification failed - no description returned,1766505198.5395434
fractal_06051.png,Classification failed - no description returned,1766505198.539544
fractal_02795.png,Classification failed - no description returned,1766505198.5395453
fractal_03268.png,Classification failed - no description returned,1766505198.5395458
fractal_02326.png,Classification failed - no description returned,1766505198.5395463
fractal_03043.png,Classification failed - no description returned,1766505198.5395474
fractal_08445.png,Classification failed - no description returned,1766505198.539548
fractal_06385.png,Classification failed - no description returned,1766505198.539549
fractal_00312.png,Classification failed - no description returned,1766505198.5395508
fractal_04771.png,Classification failed - no description returned,1766505198.5395515
fractal_00420.png,Classification failed - no description returned,1766505198.5395522
fractal_04660.png,Classification failed - no description returned,1766505198.5395527
fractal_01779.png,Classification failed - no description returned,1766505198.5395536
fractal_06691.png,Classification failed - no description returned,1766505198.539554
fractal_02045.png,Classification failed - no description returned,1766505198.539555
fractal_05437.png,Classification failed - no description returned,1766505198.5395558
fractal_01621.png,Classification failed - no description returned,1766505198.5395565
fractal_00226.png,Classification failed - no description returned,1766505198.5395577
fractal_01335.png,Classification failed - no description returned,1766505198.539559
fractal_03114.png,Classification failed - no description returned,1766505198.5395606
fractal_00673.png,Classification failed - no description returned,1766505198.5395615
fractal_00973.png,Classification failed - no description returned,1766505198.5395627
fractal_08033.png,Classification failed - no description returned,1766505198.5395632
fractal_01527.png,Classification failed - no description returned,1766505198.5395641
fractal_07760.png,Classification failed - no description returned,1766505198.539565
fractal_00606.png,Classification failed - no description returned,1766505198.5395663
fractal_05795.png,Classification failed - no description returned,1766505246.4780653
fractal_09307.png,Classification failed - no description returned,1766505246.478067
fractal_00734.png,Classification failed - no description returned,1766505246.4780679
fractal_00710.png,Classification failed - no description returned,1766505246.4780686
fractal_08774.png,Classification failed - no description returned,1766505246.478069
fractal_02213.png,Classification failed - no description returned,1766505246.4780695
fractal_04424.png,Classification failed - no description returned,1766505246.4780703
fractal_02374.png,Classification failed - no description returned,1766505246.4780707
fractal_00899.png,Classification failed - no description returned,1766505246.4780715
fractal_07152.png,Classification failed - no description returned,1766505246.4780722
fractal_03489.png,Classification failed - no description returned,1766505246.478073
fractal_08931.png,Classification failed - no description returned,1766505246.4780734
fractal_03178.png,Classification failed - no description returned,1766505246.478074
fractal_08496.png,Classification failed - no description returned,1766505246.4780746
fractal_09122.png,Classification failed - no description returned,1766505246.4780755
fractal_08726.png,Classification failed - no description returned,1766505246.478076
fractal_05983.png,Classification failed - no description returned,1766505246.4780765
fractal_00432.png,Classification failed - no description returned,1766505246.4780772
fractal_09160.png,Classification failed - no description returned,1766505246.4780781
fractal_06253.png,Classification failed - no description returned,1766505246.4780786
fractal_06260.png,Classification failed - no description returned,1766505246.478079
fractal_02022.png,Classification failed - no description returned,1766505246.4780798
fractal_09223.png,Classification failed - no description returned,1766505246.4780803
fractal_03142.png,Classification failed - no description returned,1766505246.478081
fractal_08018.png,Classification failed - no description returned,1766505246.478082
fractal_04877.png,Classification failed - no description returned,1766505246.4780831
fractal_02643.png,Classification failed - no description returned,1766505246.4780838
fractal_04665.png,Classification failed - no description returned,1766505246.478084
fractal_09410.png,Classification failed - no description returned,1766505246.4780846
fractal_07705.png,Classification failed - no description returned,1766505246.4780853
fractal_09471.png,Classification failed - no description returned,1766505246.4780865
fractal_00974.png,Classification failed - no description returned,1766505246.4780872
fractal_02909.png,Classification failed - no description returned,1766505246.4780877
fractal_05705.png,Classification failed - no description returned,1766505246.4780881
fractal_00209.png,Classification failed - no description returned,1766505246.4780889
fractal_04331.png,Classification failed - no description returned,1766505246.47809
fractal_05494.png,Classification failed - no description returned,1766505246.4780905
fractal_08821.png,Classification failed - no description returned,1766505246.4780912
fractal_00471.png,Classification failed - no description returned,1766505246.4780917
fractal_05294.png,Classification failed - no description returned,1766505246.4780922
fractal_05538.png,Classification failed - no description returned,1766505246.478093
fractal_00997.png,Classification failed - no description returned,1766505246.4780939
fractal_01363.png,Classification failed - no description returned,1766505246.4780948
fractal_07832.png,Classification failed - no description returned,1766505246.4780955
fractal_07585.png,Classification failed - no description returned,1766505246.4780965
fractal_04987.png,Classification failed - no description returned,1766505246.478097
fractal_03459.png,Classification failed - no description returned,1766505246.4780977
fractal_09066.png,Classification failed - no description returned,1766505246.4780984
fractal_03816.png,Classification failed - no description returned,1766505246.4780989
fractal_00634.png,Classification failed - no description returned,1766505296.9812322
fractal_01915.png,Classification failed - no description returned,1766505296.981234
fractal_02392.png,Classification failed - no description returned,1766505296.981235
fractal_03259.png,Classification failed - no description returned,1766505296.9812353
fractal_05220.png,Classification failed - no description returned,1766505296.9812357
fractal_09318.png,Classification failed - no description returned,1766505296.981236
fractal_08411.png,Classification failed - no description returned,1766505296.9812367
fractal_02305.png,Classification failed - no description returned,1766505296.9812374
fractal_07430.png,Classification failed - no description returned,1766505296.9812384
fractal_08288.png,Classification failed - no description returned,1766505296.9812388
fractal_09111.png,Classification failed - no description returned,1766505296.9812396
fractal_02866.png,Classification failed - no description returned,1766505296.98124
fractal_08219.png,Classification failed - no description returned,1766505296.9812407
fractal_06550.png,Classification failed - no description returned,1766505296.9812417
fractal_03707.png,Classification failed - no description returned,1766505296.9812422
fractal_00905.png,Classification failed - no description returned,1766505296.981243
fractal_06499.png,Classification failed - no description returned,1766505296.9812436
fractal_09359.png,Classification failed - no description returned,1766505296.9812443
fractal_00065.png,Classification failed - no description returned,1766505296.9812458
fractal_02515.png,Classification failed - no description returned,1766505296.9812462
fractal_01581.png,Classification failed - no description returned,1766505296.981247
fractal_07925.png,Classification failed - no description returned,1766505296.9812477
fractal_02087.png,Classification failed - no description returned,1766505296.9812481
fractal_06289.png,Classification failed - no description returned,1766505296.9812493
fractal_06850.png,Classification failed - no description returned,1766505296.9812498
fractal_05472.png,Classification failed - no description returned,1766505296.9812505
fractal_08616.png,Classification failed - no description returned,1766505296.9812512
fractal_04854.png,Classification failed - no description returned,1766505296.981252
fractal_02133.png,Classification failed - no description returned,1766505296.981253
fractal_00818.png,Classification failed - no description returned,1766505296.9812534
fractal_01761.png,Classification failed - no description returned,1766505296.9812539
fractal_06162.png,Classification failed - no description returned,1766505296.9812546
fractal_09878.png,Classification failed - no description returned,1766505296.9812555
fractal_09884.png,Classification failed - no description returned,1766505296.981256
fractal_04782.png,Classification failed - no description returned,1766505296.981257
fractal_02673.png,Classification failed - no description returned,1766505296.9812577
fractal_04738.png,Classification failed - no description returned,1766505296.9812584
fractal_08109.png,Classification failed - no description returned,1766505296.981259
fractal_03696.png,Classification failed - no description returned,1766505296.98126
fractal_08512.png,Classification failed - no description returned,1766505296.981261
fractal_02294.png,Classification failed - no description returned,1766505296.9812617
fractal_09029.png,Classification failed - no description returned,1766505296.9812627
fractal_01066.png,Classification failed - no description returned,1766505296.9812634
fractal_06189.png,Classification failed - no description returned,1766505296.9812639
fractal_06182.png,Classification failed - no description returned,1766505296.9812646
fractal_00965.png,Classification failed - no description returned,1766505296.981265
fractal_07718.png,Classification failed - no description returned,1766505296.981266
fractal_02823.png,Classification failed - no description returned,1766505296.9812667
fractal_09062.png,Classification failed - no description returned,1766505296.9812675
fractal_07283.png,Classification failed - no description returned,1766505341.994348
fractal_09609.png,Classification failed - no description returned,1766505341.9943504
fractal_07346.png,Classification failed - no description returned,1766505341.9943514
fractal_06440.png,Classification failed - no description returned,1766505341.994352
fractal_02968.png,Classification failed - no description returned,1766505341.994353
fractal_06473.png,Classification failed - no description returned,1766505341.994354
fractal_05971.png,Classification failed - no description returned,1766505341.9943547
fractal_07002.png,Classification failed - no description returned,1766505341.9943554
fractal_05480.png,Classification failed - no description returned,1766505341.9943564
fractal_05068.png,Classification failed - no description returned,1766505341.9943576
fractal_09583.png,Classification failed - no description returned,1766505341.9943583
fractal_03641.png,Classification failed - no description returned,1766505341.994359
fractal_09895.png,Classification failed - no description returned,1766505341.99436
fractal_08862.png,Classification failed - no description returned,1766505341.9943612
fractal_09348.png,Classification failed - no description returned,1766505341.994362
fractal_05781.png,Classification failed - no description returned,1766505341.9943628
fractal_07829.png,Classification failed - no description returned,1766505341.9943635
fractal_01421.png,Classification failed - no description returned,1766505341.994365
fractal_09700.png,Classification failed - no description returned,1766505341.994366
fractal_01846.png,Classification failed - no description returned,1766505341.9943666
fractal_07120.png,Classification failed - no description returned,1766505341.9943676
fractal_01441.png,Classification failed - no description returned,1766505341.9943683
fractal_08500.png,Classification failed - no description returned,1766505341.9943695
fractal_06871.png,Classification failed - no description returned,1766505341.9943702
fractal_06464.png,Classification failed - no description returned,1766505341.9943714
fractal_05609.png,Classification failed - no description returned,1766505341.9943721
fractal_03251.png,Classification failed - no description returned,1766505341.994373
fractal_00625.png,Classification failed - no description returned,1766505341.994374
fractal_03436.png,Classification failed - no description returned,1766505341.994375
fractal_06420.png,Classification failed - no description returned,1766505341.9943757
fractal_09177.png,Classification failed - no description returned,1766505341.9943767
fractal_03619.png,Classification failed - no description returned,1766505341.9943776
fractal_01469.png,Classification failed - no description returned,1766505341.9943783
fractal_02115.png,Classification failed - no description returned,1766505341.9943793
fractal_09250.png,Classification failed - no description returned,1766505341.9943805
fractal_07077.png,Classification failed - no description returned,1766505341.9943817
fractal_03187.png,Classification failed - no description returned,1766505341.9943824
fractal_09233.png,Classification failed - no description returned,1766505341.994383
fractal_08516.png,Classification failed - no description returned,1766505341.994384
fractal_01209.png,Classification failed - no description returned,1766505341.9943852
fractal_06963.png,Classification failed - no description returned,1766505341.994386
fractal_03643.png,Classification failed - no description returned,1766505341.994387
fractal_06582.png,Classification failed - no description returned,1766505341.9943876
fractal_03362.png,Classification failed - no description returned,1766505341.9943886
fractal_02408.png,Classification failed - no description returned,1766505341.9943893
fractal_05554.png,Classification failed - no description returned,1766505341.9943902
fractal_08347.png,Classification failed - no description returned,1766505341.994391
fractal_08467.png,Classification failed - no description returned,1766505341.9943922
fractal_03164.png,Classification failed - no description returned,1766505341.9943929
fractal_07628.png,"A soft, pinkish-purple curved loop dominates the black background, with smooth, flowing edges that suggest a nebulous form. Color palette features muted pink and purple hues, creating a delicate contrast against the dark backdrop. Texture is ethereal and translucent, like a faint ribbon of smoke. Abstractly resembles a cosmic nebula or a glowing ribbon in space.",1766505389.4093504
fractal_07481.png,"A light purple triangular shape with intersecting white lines creates a geometric, sketch-like form. The lines are sharp and angular, contrasting with the dark background. Color palette includes pale purple and white, with subtle hints of pink. Texture is crisp and defined, like a hand-drawn sketch. Abstractly resembles an abstract geometric design or a tangled thread.",1766505389.4093525
fractal_08382.png,"A greenish circular form with a central void, resembling a bubble or a ring, sits on a black background. The edges are smooth and glowing, with a soft gradient from light to dark green. Color palette is dominated by light green tones, with a faint yellowish hue. Texture is smooth and luminous, like a glowing orb. Abstractly resembles a planet or a soap bubble.",1766505389.4093535
fractal_07046.png,"A dark background with faint, indistinct lines, evoking the appearance of distant stars or cosmic dust. Form is sparse and minimal, with no distinct shapes. Color palette is near-black with subtle white or gray traces. Texture is grainy and faint, like a night sky. Abstractly resembles a deep-space view or a void.",1766505389.4093544
fractal_09883.png,"A light blue, curvy wave-like shape with a soft, flowing form. The lines are smooth and undulating, creating a sense of movement. Color palette features pale blue and white, with a hint of green. Texture is translucent and fluid, like a stream of water or smoke. Abstractly resembles a gentle ocean wave or a cloud.",1766505389.4093552
fractal_09319.png,"A dark silhouette with a curved line, suggesting a human or animal figure. The outline is thin and white, contrasting with the black background. Color palette is dark with a bright white outline. Texture is smooth and defined, like a minimalist sketch. Abstractly resembles a shadowy figure or a silhouette.",1766505389.409356
fractal_09727.png,"A complex, intersecting shape with purple and green hues, featuring tangled lines and loops. The form is intricate and chaotic, with overlapping edges. Color palette includes deep purple and light green, with subtle pink accents. Texture is rough and detailed, like a tangled thread or a piece of jewelry. Abstractly resembles a tangled necklace or a complex geometric pattern.",1766505389.4093568
fractal_02193.png,"Overlapping green and yellow loops create a swirling, vortex-like form. The lines are smooth and fluid, with a sense of rotation. Color palette is vibrant green and yellow, with a dark background. Texture is luminous and dynamic, like a whirlpool. Abstractly resembles a water vortex or a spiral galaxy.",1766505389.4093575
fractal_01025.png,"Tangled yellow and light green lines form a chaotic, messy shape. The lines are thin and intersecting, creating a sense of disorder. Color palette includes bright yellow and pale green, with a dark background. Texture is rough and fragmented, like a clump of smoke or a tangled thread. Abstractly resembles a messy thread or a storm cloud.",1766505389.4093585
fractal_01114.png,"A dark background with faint green lines, minimal and sparse. The form is almost invisible, with only subtle traces of lines. Color palette is near-black with faint green traces. Texture is grainy and",1766505389.4093595
fractal_00525.png,Classification failed - no description returned,1766505389.4093602
fractal_08711.png,Classification failed - no description returned,1766505389.4093606
fractal_00494.png,Classification failed - no description returned,1766505389.4093616
fractal_00424.png,Classification failed - no description returned,1766505389.4093623
fractal_03063.png,Classification failed - no description returned,1766505389.4093637
fractal_07875.png,Classification failed - no description returned,1766505389.4093647
fractal_08593.png,Classification failed - no description returned,1766505389.4093654
fractal_02329.png,Classification failed - no description returned,1766505389.4093666
fractal_01863.png,Classification failed - no description returned,1766505389.4093676
fractal_03252.png,Classification failed - no description returned,1766505389.4093685
fractal_01350.png,Classification failed - no description returned,1766505389.4093692
fractal_06932.png,Classification failed - no description returned,1766505389.40937
fractal_01816.png,Classification failed - no description returned,1766505389.409371
fractal_00140.png,Classification failed - no description returned,1766505389.409372
fractal_04134.png,Classification failed - no description returned,1766505389.409373
fractal_01654.png,Classification failed - no description returned,1766505389.409374
fractal_09803.png,Classification failed - no description returned,1766505389.4093747
fractal_01203.png,Classification failed - no description returned,1766505389.4093757
fractal_00107.png,Classification failed - no description returned,1766505389.4093766
fractal_04066.png,Classification failed - no description returned,1766505389.4093773
fractal_01368.png,Classification failed - no description returned,1766505389.4093783
fractal_04992.png,Classification failed - no description returned,1766505389.4093795
fractal_06049.png,Classification failed - no description returned,1766505389.4093804
fractal_09517.png,Classification failed - no description returned,1766505389.4093814
fractal_03913.png,Classification failed - no description returned,1766505389.409382
fractal_07320.png,Classification failed - no description returned,1766505389.4093835
fractal_09657.png,Classification failed - no description returned,1766505389.4093843
fractal_02762.png,Classification failed - no description returned,1766505389.409385
fractal_08463.png,Classification failed - no description returned,1766505389.409386
fractal_08957.png,Classification failed - no description returned,1766505389.4093866
fractal_05602.png,Classification failed - no description returned,1766505389.4093878
fractal_01333.png,Classification failed - no description returned,1766505389.4093885
fractal_02079.png,Classification failed - no description returned,1766505389.4093893
fractal_05616.png,Classification failed - no description returned,1766505389.40939
fractal_02265.png,Classification failed - no description returned,1766505389.4093912
fractal_09355.png,Classification failed - no description returned,1766505389.4093919
fractal_06322.png,Classification failed - no description returned,1766505389.4093926
fractal_09639.png,Classification failed - no description returned,1766505389.4093933
fractal_05561.png,Classification failed - no description returned,1766505389.4093943
fractal_07876.png,Classification failed - no description returned,1766505433.1178443
fractal_02308.png,Classification failed - no description returned,1766505433.1178472
fractal_06342.png,Classification failed - no description returned,1766505433.1178484
fractal_04383.png,Classification failed - no description returned,1766505433.117849
fractal_01456.png,Classification failed - no description returned,1766505433.1178498
fractal_05909.png,Classification failed - no description returned,1766505433.1178503
fractal_00488.png,Classification failed - no description returned,1766505433.1178508
fractal_01741.png,Classification failed - no description returned,1766505433.1178515
fractal_07485.png,Classification failed - no description returned,1766505433.1178522
fractal_04936.png,Classification failed - no description returned,1766505433.117853
fractal_07693.png,Classification failed - no description returned,1766505433.1178536
fractal_00930.png,Classification failed - no description returned,1766505433.1178548
fractal_02148.png,Classification failed - no description returned,1766505433.1178558
fractal_03750.png,Classification failed - no description returned,1766505433.117857
fractal_00183.png,Classification failed - no description returned,1766505433.1178577
fractal_01770.png,Classification failed - no description returned,1766505433.117859
fractal_06621.png,Classification failed - no description returned,1766505433.1178598
fractal_04882.png,Classification failed - no description returned,1766505433.1178606
fractal_01255.png,Classification failed - no description returned,1766505433.1178622
fractal_04389.png,Classification failed - no description returned,1766505433.1178658
fractal_07667.png,Classification failed - no description returned,1766505433.117867
fractal_04408.png,Classification failed - no description returned,1766505433.117868
fractal_00086.png,Classification failed - no description returned,1766505433.1178691
fractal_09594.png,Classification failed - no description returned,1766505433.1178699
fractal_07497.png,Classification failed - no description returned,1766505433.1178703
fractal_06977.png,Classification failed - no description returned,1766505433.1178718
fractal_01180.png,Classification failed - no description returned,1766505433.1178732
fractal_02163.png,Classification failed - no description returned,1766505433.117874
fractal_06601.png,Classification failed - no description returned,1766505433.1178749
fractal_03902.png,Classification failed - no description returned,1766505433.1178758
fractal_07208.png,Classification failed - no description returned,1766505433.1178768
fractal_02792.png,Classification failed - no description returned,1766505433.1178775
fractal_02371.png,Classification failed - no description returned,1766505433.117878
fractal_04130.png,Classification failed - no description returned,1766505433.1178792
fractal_03951.png,Classification failed - no description returned,1766505433.1178803
fractal_00916.png,Classification failed - no description returned,1766505433.1178813
fractal_00639.png,Classification failed - no description returned,1766505433.1178818
fractal_05868.png,Classification failed - no description returned,1766505433.1178827
fractal_07163.png,Classification failed - no description returned,1766505433.1178834
fractal_00911.png,Classification failed - no description returned,1766505433.1178846
fractal_08096.png,Classification failed - no description returned,1766505433.1178854
fractal_04861.png,Classification failed - no description returned,1766505433.117886
fractal_09135.png,Classification failed - no description returned,1766505433.117887
fractal_01331.png,Classification failed - no description returned,1766505433.1178882
fractal_06441.png,Classification failed - no description returned,1766505433.117889
fractal_01878.png,Classification failed - no description returned,1766505433.11789
fractal_09712.png,Classification failed - no description returned,1766505433.1178906
fractal_09516.png,Classification failed - no description returned,1766505433.1178913
fractal_05162.png,Classification failed - no description returned,1766505433.1178923
fractal_07633.png,Classification failed - no description returned,1766505476.6228318
fractal_04506.png,Classification failed - no description returned,1766505476.6228342
fractal_04658.png,Classification failed - no description returned,1766505476.622835
fractal_07464.png,Classification failed - no description returned,1766505476.6228354
fractal_09439.png,Classification failed - no description returned,1766505476.6228359
fractal_06335.png,Classification failed - no description returned,1766505476.6228373
fractal_04763.png,Classification failed - no description returned,1766505476.6228378
fractal_05415.png,Classification failed - no description returned,1766505476.622838
fractal_09483.png,Classification failed - no description returned,1766505476.6228387
fractal_06409.png,Classification failed - no description returned,1766505476.6228392
fractal_06904.png,Classification failed - no description returned,1766505476.6228402
fractal_01126.png,Classification failed - no description returned,1766505476.6228406
fractal_09001.png,Classification failed - no description returned,1766505476.6228416
fractal_02102.png,Classification failed - no description returned,1766505476.622842
fractal_03780.png,Classification failed - no description returned,1766505476.6228426
fractal_03027.png,Classification failed - no description returned,1766505476.6228435
fractal_03881.png,Classification failed - no description returned,1766505476.622844
fractal_08174.png,Classification failed - no description returned,1766505476.622845
fractal_07684.png,Classification failed - no description returned,1766505476.6228456
fractal_07039.png,Classification failed - no description returned,1766505476.6228461
fractal_03697.png,Classification failed - no description returned,1766505476.622847
fractal_04399.png,Classification failed - no description returned,1766505476.6228476
fractal_08329.png,Classification failed - no description returned,1766505476.6228485
fractal_00588.png,Classification failed - no description returned,1766505476.6228495
fractal_08617.png,Classification failed - no description returned,1766505476.62285
fractal_07522.png,Classification failed - no description returned,1766505476.622851
fractal_00421.png,Classification failed - no description returned,1766505476.6228516
fractal_07853.png,Classification failed - no description returned,1766505476.622852
fractal_00853.png,Classification failed - no description returned,1766505476.6228533
fractal_06826.png,Classification failed - no description returned,1766505476.622854
fractal_05881.png,Classification failed - no description returned,1766505476.6228547
fractal_08894.png,Classification failed - no description returned,1766505476.6228554
fractal_00013.png,Classification failed - no description returned,1766505476.622856
fractal_01005.png,Classification failed - no description returned,1766505476.6228569
fractal_04651.png,Classification failed - no description returned,1766505476.6228576
fractal_09379.png,Classification failed - no description returned,1766505476.6228583
fractal_06560.png,Classification failed - no description returned,1766505476.6228588
fractal_07422.png,Classification failed - no description returned,1766505476.6228592
fractal_02845.png,Classification failed - no description returned,1766505476.62286
fractal_04520.png,Classification failed - no description returned,1766505476.6228611
fractal_00576.png,Classification failed - no description returned,1766505476.6228619
fractal_03621.png,Classification failed - no description returned,1766505476.6228626
fractal_02067.png,Classification failed - no description returned,1766505476.6228633
fractal_01839.png,Classification failed - no description returned,1766505476.6228645
fractal_08733.png,Classification failed - no description returned,1766505476.6228652
fractal_09951.png,Classification failed - no description returned,1766505476.6228657
fractal_09139.png,Classification failed - no description returned,1766505476.6228664
fractal_02076.png,Classification failed - no description returned,1766505476.622867
fractal_03577.png,Classification failed - no description returned,1766505476.622868
fractal_05996.png,Classification failed - no description returned,1766505525.0097268
fractal_02290.png,Classification failed - no description returned,1766505525.009729
fractal_01213.png,Classification failed - no description returned,1766505525.0097296
fractal_08022.png,Classification failed - no description returned,1766505525.00973
fractal_05791.png,Classification failed - no description returned,1766505525.0097306
fractal_06063.png,Classification failed - no description returned,1766505525.0097313
fractal_01612.png,Classification failed - no description returned,1766505525.0097327
fractal_03583.png,Classification failed - no description returned,1766505525.0097332
fractal_01228.png,Classification failed - no description returned,1766505525.009734
fractal_09053.png,Classification failed - no description returned,1766505525.0097344
fractal_03134.png,Classification failed - no description returned,1766505525.0097349
fractal_04056.png,Classification failed - no description returned,1766505525.0097353
fractal_04438.png,Classification failed - no description returned,1766505525.0097365
fractal_02902.png,Classification failed - no description returned,1766505525.009737
fractal_02888.png,Classification failed - no description returned,1766505525.0097375
fractal_06341.png,Classification failed - no description returned,1766505525.0097382
fractal_06178.png,Classification failed - no description returned,1766505525.0097387
fractal_02771.png,Classification failed - no description returned,1766505525.0097396
fractal_09022.png,Classification failed - no description returned,1766505525.00974
fractal_09293.png,Classification failed - no description returned,1766505525.0097408
fractal_04856.png,Classification failed - no description returned,1766505525.0097418
fractal_00205.png,Classification failed - no description returned,1766505525.0097423
fractal_06121.png,Classification failed - no description returned,1766505525.0097432
fractal_05182.png,Classification failed - no description returned,1766505525.0097442
fractal_08562.png,Classification failed - no description returned,1766505525.009745
fractal_04768.png,Classification failed - no description returned,1766505525.0097456
fractal_03203.png,Classification failed - no description returned,1766505525.009746
fractal_05078.png,Classification failed - no description returned,1766505525.0097468
fractal_06282.png,Classification failed - no description returned,1766505525.0097473
fractal_07176.png,Classification failed - no description returned,1766505525.009748
fractal_05439.png,Classification failed - no description returned,1766505525.0097485
fractal_00411.png,Classification failed - no description returned,1766505525.009749
fractal_09986.png,Classification failed - no description returned,1766505525.0097494
fractal_09695.png,Classification failed - no description returned,1766505525.0097501
fractal_07305.png,Classification failed - no description returned,1766505525.0097508
fractal_02485.png,Classification failed - no description returned,1766505525.0097516
fractal_04772.png,Classification failed - no description returned,1766505525.0097523
fractal_09039.png,Classification failed - no description returned,1766505525.0097528
fractal_00461.png,Classification failed - no description returned,1766505525.0097537
fractal_01848.png,Classification failed - no description returned,1766505525.0097542
fractal_06112.png,Classification failed - no description returned,1766505525.0097547
fractal_05877.png,Classification failed - no description returned,1766505525.0097556
fractal_09034.png,Classification failed - no description returned,1766505525.009756
fractal_01901.png,Classification failed - no description returned,1766505525.0097566
fractal_07781.png,Classification failed - no description returned,1766505525.0097573
fractal_02778.png,Classification failed - no description returned,1766505525.0097578
fractal_02558.png,Classification failed - no description returned,1766505525.0097582
fractal_08422.png,Classification failed - no description returned,1766505525.009759
fractal_04926.png,Classification failed - no description returned,1766505525.0097594
fractal_09173.png,Classification failed - no description returned,1766505578.7010117
fractal_06321.png,Classification failed - no description returned,1766505578.7010133
fractal_08229.png,Classification failed - no description returned,1766505578.7010138
fractal_09404.png,Classification failed - no description returned,1766505578.7010143
fractal_05809.png,Classification failed - no description returned,1766505578.7010148
fractal_04866.png,Classification failed - no description returned,1766505578.701016
fractal_01120.png,Classification failed - no description returned,1766505578.7010167
fractal_06641.png,Classification failed - no description returned,1766505578.7010171
fractal_04337.png,Classification failed - no description returned,1766505578.7010176
fractal_07653.png,Classification failed - no description returned,1766505578.7010183
fractal_03585.png,Classification failed - no description returned,1766505578.7010188
fractal_04968.png,Classification failed - no description returned,1766505578.7010193
fractal_09356.png,Classification failed - no description returned,1766505578.7010202
fractal_02038.png,Classification failed - no description returned,1766505578.7010207
fractal_00214.png,Classification failed - no description returned,1766505578.7010214
fractal_07892.png,Classification failed - no description returned,1766505578.7010221
fractal_08878.png,Classification failed - no description returned,1766505578.7010226
fractal_09186.png,Classification failed - no description returned,1766505578.7010236
fractal_03787.png,Classification failed - no description returned,1766505578.7010243
fractal_08883.png,Classification failed - no description returned,1766505578.7010248
fractal_08216.png,Classification failed - no description returned,1766505578.7010252
fractal_04261.png,Classification failed - no description returned,1766505578.7010257
fractal_05191.png,Classification failed - no description returned,1766505578.7010267
fractal_09603.png,Classification failed - no description returned,1766505578.7010276
fractal_05819.png,Classification failed - no description returned,1766505578.701028
fractal_01420.png,Classification failed - no description returned,1766505578.7010288
fractal_08762.png,Classification failed - no description returned,1766505578.7010293
fractal_01738.png,Classification failed - no description returned,1766505578.7010298
fractal_06849.png,Classification failed - no description returned,1766505578.7010305
fractal_06325.png,Classification failed - no description returned,1766505578.701031
fractal_07697.png,Classification failed - no description returned,1766505578.7010322
fractal_00782.png,Classification failed - no description returned,1766505578.7010329
fractal_09482.png,Classification failed - no description returned,1766505578.701033
fractal_01645.png,Classification failed - no description returned,1766505578.701034
fractal_01570.png,Classification failed - no description returned,1766505578.7010348
fractal_04102.png,Classification failed - no description returned,1766505578.7010355
fractal_05365.png,Classification failed - no description returned,1766505578.701036
fractal_02245.png,Classification failed - no description returned,1766505578.7010365
fractal_02901.png,Classification failed - no description returned,1766505578.7010374
fractal_08744.png,Classification failed - no description returned,1766505578.701038
fractal_06594.png,Classification failed - no description returned,1766505578.7010386
fractal_09103.png,Classification failed - no description returned,1766505578.7010393
fractal_06215.png,Classification failed - no description returned,1766505578.7010398
fractal_00585.png,Classification failed - no description returned,1766505578.7010407
fractal_00553.png,Classification failed - no description returned,1766505578.7010412
fractal_03402.png,Classification failed - no description returned,1766505578.7010415
fractal_00491.png,Classification failed - no description returned,1766505578.701042
fractal_01773.png,Classification failed - no description returned,1766505578.7010427
fractal_09079.png,Classification failed - no description returned,1766505578.7010436
fractal_01829.png,Classification failed - no description returned,1766505636.2110162
fractal_00321.png,Classification failed - no description returned,1766505636.2110183
fractal_09226.png,Classification failed - no description returned,1766505636.2110193
fractal_01604.png,Classification failed - no description returned,1766505636.2110198
fractal_06577.png,Classification failed - no description returned,1766505636.2110205
fractal_02012.png,Classification failed - no description returned,1766505636.211022
fractal_08226.png,Classification failed - no description returned,1766505636.2110224
fractal_01637.png,Classification failed - no description returned,1766505636.211023
fractal_01999.png,Classification failed - no description returned,1766505636.2110238
fractal_00885.png,Classification failed - no description returned,1766505636.211025
fractal_00928.png,Classification failed - no description returned,1766505636.211026
fractal_08304.png,Classification failed - no description returned,1766505636.211027
fractal_00693.png,Classification failed - no description returned,1766505636.2110276
fractal_03109.png,Classification failed - no description returned,1766505636.2110288
fractal_01662.png,Classification failed - no description returned,1766505636.2110298
fractal_05818.png,Classification failed - no description returned,1766505636.2110305
fractal_06475.png,Classification failed - no description returned,1766505636.2110312
fractal_06859.png,Classification failed - no description returned,1766505636.2110322
fractal_05629.png,Classification failed - no description returned,1766505636.211033
fractal_01997.png,Classification failed - no description returned,1766505636.2110338
fractal_07076.png,Classification failed - no description returned,1766505636.2110348
fractal_07122.png,Classification failed - no description returned,1766505636.2110355
fractal_02202.png,Classification failed - no description returned,1766505636.2110362
fractal_01269.png,Classification failed - no description returned,1766505636.2110374
fractal_02828.png,Classification failed - no description returned,1766505636.211038
fractal_08581.png,Classification failed - no description returned,1766505636.211039
fractal_05275.png,Classification failed - no description returned,1766505636.21104
fractal_08873.png,Classification failed - no description returned,1766505636.2110407
fractal_05614.png,Classification failed - no description returned,1766505636.2110417
fractal_07565.png,Classification failed - no description returned,1766505636.2110426
fractal_03693.png,Classification failed - no description returned,1766505636.2110436
fractal_03506.png,Classification failed - no description returned,1766505636.211044
fractal_05495.png,Classification failed - no description returned,1766505636.2110448
fractal_02256.png,Classification failed - no description returned,1766505636.2110457
fractal_04284.png,Classification failed - no description returned,1766505636.2110467
fractal_07540.png,Classification failed - no description returned,1766505636.2110474
fractal_06120.png,Classification failed - no description returned,1766505636.2110481
fractal_09309.png,Classification failed - no description returned,1766505636.2110486
fractal_09472.png,Classification failed - no description returned,1766505636.2110496
fractal_00890.png,Classification failed - no description returned,1766505636.2110503
fractal_02870.png,Classification failed - no description returned,1766505636.211051
fractal_09960.png,Classification failed - no description returned,1766505636.211052
fractal_03569.png,Classification failed - no description returned,1766505636.2110534
fractal_04711.png,Classification failed - no description returned,1766505636.211054
fractal_04192.png,Classification failed - no description returned,1766505636.2110546
fractal_01912.png,Classification failed - no description returned,1766505636.2110553
fractal_09984.png,Classification failed - no description returned,1766505636.2110562
fractal_02512.png,Classification failed - no description returned,1766505636.2110577
fractal_01480.png,Classification failed - no description returned,1766505636.2110581
fractal_00910.png,Classification failed - no description returned,1766505677.9698365
fractal_06034.png,Classification failed - no description returned,1766505677.969839
fractal_07255.png,Classification failed - no description returned,1766505677.9698403
fractal_03325.png,Classification failed - no description returned,1766505677.9698412
fractal_05623.png,Classification failed - no description returned,1766505677.969842
fractal_00495.png,Classification failed - no description returned,1766505677.9698434
fractal_07496.png,Classification failed - no description returned,1766505677.9698439
fractal_09519.png,Classification failed - no description returned,1766505677.9698448
fractal_05950.png,Classification failed - no description returned,1766505677.9698455
fractal_01507.png,Classification failed - no description returned,1766505677.9698465
fractal_07554.png,Classification failed - no description returned,1766505677.9698472
fractal_09717.png,Classification failed - no description returned,1766505677.9698484
fractal_09811.png,Classification failed - no description returned,1766505677.9698498
fractal_05508.png,Classification failed - no description returned,1766505677.9698508
fractal_07756.png,Classification failed - no description returned,1766505677.9698517
fractal_08908.png,Classification failed - no description returned,1766505677.9698527
fractal_07315.png,Classification failed - no description returned,1766505677.9698536
fractal_04776.png,Classification failed - no description returned,1766505677.9698548
fractal_07019.png,Classification failed - no description returned,1766505677.9698558
fractal_04549.png,Classification failed - no description returned,1766505677.9698567
fractal_00500.png,Classification failed - no description returned,1766505677.9698575
fractal_00367.png,Classification failed - no description returned,1766505677.9698584
fractal_03946.png,Classification failed - no description returned,1766505677.9698591
fractal_07626.png,Classification failed - no description returned,1766505677.9698598
fractal_06020.png,Classification failed - no description returned,1766505677.9698606
fractal_08482.png,Classification failed - no description returned,1766505677.9698617
fractal_04346.png,Classification failed - no description returned,1766505677.9698627
fractal_07048.png,Classification failed - no description returned,1766505677.9698634
fractal_08460.png,Classification failed - no description returned,1766505677.9698646
fractal_01118.png,Classification failed - no description returned,1766505677.9698656
fractal_09515.png,Classification failed - no description returned,1766505677.9698663
fractal_04900.png,Classification failed - no description returned,1766505677.969867
fractal_09449.png,Classification failed - no description returned,1766505677.9698677
fractal_04789.png,Classification failed - no description returned,1766505677.969869
fractal_06135.png,Classification failed - no description returned,1766505677.9698696
fractal_02876.png,Classification failed - no description returned,1766505677.9698708
fractal_05278.png,Classification failed - no description returned,1766505677.9698715
fractal_05913.png,Classification failed - no description returned,1766505677.9698725
fractal_03821.png,Classification failed - no description returned,1766505677.9698734
fractal_07547.png,Classification failed - no description returned,1766505677.9698744
fractal_09383.png,Classification failed - no description returned,1766505677.969875
fractal_00193.png,Classification failed - no description returned,1766505677.969876
fractal_02783.png,Classification failed - no description returned,1766505677.9698772
fractal_00438.png,Classification failed - no description returned,1766505677.9698777
fractal_06412.png,Classification failed - no description returned,1766505677.9698787
fractal_04092.png,Classification failed - no description returned,1766505677.9698796
fractal_08241.png,Classification failed - no description returned,1766505677.9698806
fractal_06967.png,Classification failed - no description returned,1766505677.9698815
fractal_06787.png,Classification failed - no description returned,1766505677.9698822
fractal_01552.png,Classification failed - no description returned,1766505722.84153
fractal_02103.png,Classification failed - no description returned,1766505722.8415325
fractal_02900.png,Classification failed - no description returned,1766505722.841533
fractal_03497.png,Classification failed - no description returned,1766505722.8415334
fractal_07429.png,Classification failed - no description returned,1766505722.8415341
fractal_00628.png,Classification failed - no description returned,1766505722.841535
fractal_06257.png,Classification failed - no description returned,1766505722.8415356
fractal_07724.png,Classification failed - no description returned,1766505722.841536
fractal_06589.png,Classification failed - no description returned,1766505722.8415368
fractal_09527.png,Classification failed - no description returned,1766505722.8415372
fractal_07877.png,Classification failed - no description returned,1766505722.8415382
fractal_09916.png,Classification failed - no description returned,1766505722.841539
fractal_02066.png,Classification failed - no description returned,1766505722.8415396
fractal_01548.png,Classification failed - no description returned,1766505722.84154
fractal_08173.png,Classification failed - no description returned,1766505722.8415408
fractal_02107.png,Classification failed - no description returned,1766505722.841542
fractal_09557.png,Classification failed - no description returned,1766505722.8415427
fractal_02174.png,Classification failed - no description returned,1766505722.8415432
fractal_04976.png,Classification failed - no description returned,1766505722.841544
fractal_09180.png,Classification failed - no description returned,1766505722.8415444
fractal_01760.png,Classification failed - no description returned,1766505722.8415449
fractal_01121.png,Classification failed - no description returned,1766505722.841546
fractal_06082.png,Classification failed - no description returned,1766505722.8415468
fractal_03674.png,Classification failed - no description returned,1766505722.8415475
fractal_05292.png,Classification failed - no description returned,1766505722.8415482
fractal_08485.png,Classification failed - no description returned,1766505722.8415492
fractal_00154.png,Classification failed - no description returned,1766505722.8415499
fractal_05274.png,Classification failed - no description returned,1766505722.8415504
fractal_05225.png,Classification failed - no description returned,1766505722.841551
fractal_09488.png,Classification failed - no description returned,1766505722.8415515
fractal_03443.png,Classification failed - no description returned,1766505722.8415527
fractal_03166.png,Classification failed - no description returned,1766505722.8415532
fractal_05544.png,Classification failed - no description returned,1766505722.8415542
fractal_09147.png,Classification failed - no description returned,1766505722.8415549
fractal_07123.png,Classification failed - no description returned,1766505722.8415554
fractal_03400.png,Classification failed - no description returned,1766505722.841556
fractal_00109.png,Classification failed - no description returned,1766505722.8415565
fractal_02850.png,Classification failed - no description returned,1766505722.8415573
fractal_05907.png,Classification failed - no description returned,1766505722.841558
fractal_02200.png,Classification failed - no description returned,1766505722.8415587
fractal_05886.png,Classification failed - no description returned,1766505722.8415596
fractal_00405.png,Classification failed - no description returned,1766505722.8415604
fractal_05493.png,Classification failed - no description returned,1766505722.8415608
fractal_08242.png,Classification failed - no description returned,1766505722.8415618
fractal_01791.png,Classification failed - no description returned,1766505722.8415625
fractal_04901.png,Classification failed - no description returned,1766505722.8415632
fractal_08596.png,Classification failed - no description returned,1766505722.8415642
fractal_08080.png,Classification failed - no description returned,1766505722.841565
fractal_07269.png,Classification failed - no description returned,1766505722.8415654
fractal_08267.png,"Fractal_08267.png: Top-left image displays two overlapping, fluid spiral forms in light green and cyan. The structure is symmetrical with smooth, curving lines that evoke motion. Color palette is soft, pastel-like with cool tones. Texture appears smooth and flowing, resembling smoke or liquid. Abstractly resembles a cosmic nebula with dual swirling arms.",1766505767.082617
fractal_06466.png,"Fractal_06466.png: Adjacent to the first, a single large, cohesive spiral in light green and cyan dominates the frame. The form is a tight, continuous loop with layered curves. Color palette maintains cool, pastel tones. Texture is fluid and dynamic, like a flame vortex. Abstractly resembles an abstract smoke ring.",1766505767.0826197
fractal_07523.png,"Fractal_07523.png: Third in the top row, a single spiral with overlapping loops in purple and cyan. The structure is dense and intricate, with overlapping curves creating depth. Color palette blends cool purples and teals. Texture is smooth and layered, like a galaxy spiral. Abstractly resembles a spiral galaxy core.",1766505767.0826204
fractal_08727.png,"Fractal_08727.png: Fourth in the top row, a sparse arrangement of thin white and light blue lines forming a loose spiral. The form is fragmented and delicate, with scattered, wispy lines. Color palette is cool and minimal. Texture is ethereal and delicate, like star trails. Abstractly resembles a night sky with faint stellar paths.",1766505767.082621
fractal_06284.png,"Fractal_06284.png: Fifth in the top row, small, intricate white and purple lines create a delicate, web-like pattern. The form is tiny and detailed, with fine, overlapping loops. Color palette is cool with subtle purple accents. Texture is fine and detailed, like microscopic particles. Abstractly resembles a microscopic organism or shattered glass.",1766505767.0826223
fractal_08940.png,"Fractal_08940.png: Sixth in the top row, dark background with small, dark shapes outlined in white. The form is fragmented and angular, with sharp, defined edges. Color palette is high-contrast (dark background, white outlines). Texture is sharp and defined, like shattered glass. Abstractly resembles a broken, abstract sculpture.",1766505767.0826228
fractal_09481.png,"Fractal_09481.png: Seventh in the top row, wispy purple and white lines scattered across a dark background. The form is loose and ethereal, with soft, flowing lines. Color palette is cool with purple undertones. Texture is soft and ethereal, like mist or fog. Abstractly resembles a foggy landscape or nebular haze.",1766505767.0826235
fractal_07198.png,"Fractal_07198.png: Second row, first image, a rounded, organic form in teal and purple. The structure is smooth and bulbous, with soft curves. Color palette is cool with teal and purple. Texture is fluid and organic, like a jellyfish or blob. Abstractly resembles an organic blob or jellyfish.",1766505767.082624
fractal_04036.png,"Fractal_04036.png: Second row, second image, a single, thin white spiral on a dark background. The form is simple and minimal, with a clean, continuous loop. Color palette is monochromatic (white). Texture is clean and minimal, like a DNA helix. Abstractly resembles a DNA strand or abstract line art.",1766505767.0826247
fractal_02939.png,"Fractal_02939.png: Second row, third image, small, curved white lines forming a loose, abstract shape",1766505767.0826256
fractal_04915.png,Classification failed - no description returned,1766505767.0826263
fractal_04491.png,Classification failed - no description returned,1766505767.082627
fractal_04939.png,Classification failed - no description returned,1766505767.0826275
fractal_00198.png,Classification failed - no description returned,1766505767.0826283
fractal_06256.png,Classification failed - no description returned,1766505767.0826294
fractal_02593.png,Classification failed - no description returned,1766505767.0826304
fractal_04213.png,Classification failed - no description returned,1766505767.0826309
fractal_04300.png,Classification failed - no description returned,1766505767.0826316
fractal_08860.png,Classification failed - no description returned,1766505767.0826323
fractal_09536.png,Classification failed - no description returned,1766505767.082633
fractal_01343.png,Classification failed - no description returned,1766505767.0826335
fractal_09380.png,Classification failed - no description returned,1766505767.0826344
fractal_05985.png,Classification failed - no description returned,1766505767.0826352
fractal_02734.png,Classification failed - no description returned,1766505767.0826354
fractal_08690.png,Classification failed - no description returned,1766505767.0826364
fractal_07747.png,Classification failed - no description returned,1766505767.0826368
fractal_04752.png,Classification failed - no description returned,1766505767.0826378
fractal_07181.png,Classification failed - no description returned,1766505767.0826383
fractal_02975.png,Classification failed - no description returned,1766505767.0826387
fractal_01149.png,Classification failed - no description returned,1766505767.0826395
fractal_09860.png,Classification failed - no description returned,1766505767.0826402
fractal_07943.png,Classification failed - no description returned,1766505767.082641
fractal_07580.png,Classification failed - no description returned,1766505767.0826418
fractal_05563.png,Classification failed - no description returned,1766505767.0826423
fractal_08366.png,Classification failed - no description returned,1766505767.082643
fractal_05038.png,Classification failed - no description returned,1766505767.0826437
fractal_06902.png,Classification failed - no description returned,1766505767.082644
fractal_01194.png,Classification failed - no description returned,1766505767.0826447
fractal_06695.png,Classification failed - no description returned,1766505767.0826457
fractal_02186.png,Classification failed - no description returned,1766505767.0826466
fractal_01590.png,Classification failed - no description returned,1766505767.0826473
fractal_00177.png,Classification failed - no description returned,1766505767.0826478
fractal_09117.png,Classification failed - no description returned,1766505767.0826483
fractal_09928.png,Classification failed - no description returned,1766505767.0826488
fractal_00908.png,Classification failed - no description returned,1766505767.0826497
fractal_08613.png,Classification failed - no description returned,1766505767.0826504
fractal_02122.png,Classification failed - no description returned,1766505767.082651
fractal_01502.png,Classification failed - no description returned,1766505767.0826514
fractal_03327.png,Classification failed - no description returned,1766505767.082652
fractal_08846.png,Classification failed - no description returned,1766505815.1323223
fractal_04041.png,Classification failed - no description returned,1766505815.1323237
fractal_09970.png,Classification failed - no description returned,1766505815.1323247
fractal_00455.png,Classification failed - no description returned,1766505815.1323252
fractal_04132.png,Classification failed - no description returned,1766505815.1323256
fractal_07441.png,Classification failed - no description returned,1766505815.1323261
fractal_02252.png,Classification failed - no description returned,1766505815.1323266
fractal_08234.png,Classification failed - no description returned,1766505815.132327
fractal_07133.png,Classification failed - no description returned,1766505815.1323283
fractal_06556.png,Classification failed - no description returned,1766505815.1323287
fractal_08237.png,Classification failed - no description returned,1766505815.1323295
fractal_00224.png,Classification failed - no description returned,1766505815.13233
fractal_09215.png,Classification failed - no description returned,1766505815.1323304
fractal_05132.png,Classification failed - no description returned,1766505815.132331
fractal_07918.png,Classification failed - no description returned,1766505815.1323316
fractal_05682.png,Classification failed - no description returned,1766505815.132332
fractal_03273.png,Classification failed - no description returned,1766505815.1323326
fractal_02740.png,Classification failed - no description returned,1766505815.1323333
fractal_05930.png,Classification failed - no description returned,1766505815.1323338
fractal_02364.png,Classification failed - no description returned,1766505815.1323342
fractal_05326.png,Classification failed - no description returned,1766505815.1323352
fractal_04800.png,Classification failed - no description returned,1766505815.1323357
fractal_07738.png,Classification failed - no description returned,1766505815.1323361
fractal_07287.png,Classification failed - no description returned,1766505815.1323369
fractal_05768.png,Classification failed - no description returned,1766505815.1323373
fractal_05790.png,Classification failed - no description returned,1766505815.1323378
fractal_02649.png,Classification failed - no description returned,1766505815.1323388
fractal_05006.png,Classification failed - no description returned,1766505815.1323395
fractal_03904.png,Classification failed - no description returned,1766505815.1323402
fractal_05348.png,Classification failed - no description returned,1766505815.1323411
fractal_09981.png,Classification failed - no description returned,1766505815.1323419
fractal_07301.png,Classification failed - no description returned,1766505815.1323426
fractal_07236.png,Classification failed - no description returned,1766505815.1323433
fractal_04185.png,Classification failed - no description returned,1766505815.132344
fractal_02553.png,Classification failed - no description returned,1766505815.1323445
fractal_05249.png,Classification failed - no description returned,1766505815.1323452
fractal_05139.png,Classification failed - no description returned,1766505815.132346
fractal_07452.png,Classification failed - no description returned,1766505815.1323464
fractal_06767.png,Classification failed - no description returned,1766505815.132347
fractal_03389.png,Classification failed - no description returned,1766505815.1323478
fractal_01253.png,Classification failed - no description returned,1766505815.1323488
fractal_02072.png,Classification failed - no description returned,1766505815.1323495
fractal_06275.png,Classification failed - no description returned,1766505815.1323502
fractal_01150.png,Classification failed - no description returned,1766505815.1323507
fractal_03992.png,Classification failed - no description returned,1766505815.1323514
fractal_05937.png,Classification failed - no description returned,1766505815.132352
fractal_00172.png,Classification failed - no description returned,1766505815.1323526
fractal_07312.png,Classification failed - no description returned,1766505815.1323533
fractal_09059.png,Classification failed - no description returned,1766505815.1323538
fractal_08698.png,Classification failed - no description returned,1766505863.3077176
fractal_00723.png,Classification failed - no description returned,1766505863.3077202
fractal_03725.png,Classification failed - no description returned,1766505863.307721
fractal_09050.png,Classification failed - no description returned,1766505863.3077214
fractal_02438.png,Classification failed - no description returned,1766505863.307722
fractal_00867.png,Classification failed - no description returned,1766505863.3077228
fractal_06858.png,Classification failed - no description returned,1766505863.3077233
fractal_08177.png,Classification failed - no description returned,1766505863.3077238
fractal_04219.png,Classification failed - no description returned,1766505863.3077242
fractal_00672.png,Classification failed - no description returned,1766505863.307725
fractal_06085.png,Classification failed - no description returned,1766505863.307726
fractal_09106.png,Classification failed - no description returned,1766505863.3077264
fractal_06316.png,Classification failed - no description returned,1766505863.3077273
fractal_05432.png,Classification failed - no description returned,1766505863.307728
fractal_00412.png,Classification failed - no description returned,1766505863.3077285
fractal_03829.png,Classification failed - no description returned,1766505863.3077292
fractal_00442.png,Classification failed - no description returned,1766505863.3077297
fractal_05144.png,Classification failed - no description returned,1766505863.3077304
fractal_08816.png,Classification failed - no description returned,1766505863.3077314
fractal_03367.png,Classification failed - no description returned,1766505863.3077319
fractal_06273.png,Classification failed - no description returned,1766505863.3077326
fractal_06984.png,Classification failed - no description returned,1766505863.307733
fractal_06672.png,Classification failed - no description returned,1766505863.3077335
fractal_08358.png,Classification failed - no description returned,1766505863.3077343
fractal_07445.png,Classification failed - no description returned,1766505863.307735
fractal_07219.png,Classification failed - no description returned,1766505863.307736
fractal_06838.png,Classification failed - no description returned,1766505863.3077366
fractal_07608.png,Classification failed - no description returned,1766505863.307737
fractal_01680.png,Classification failed - no description returned,1766505863.3077376
fractal_04960.png,Classification failed - no description returned,1766505863.3077383
fractal_02784.png,Classification failed - no description returned,1766505863.3077395
fractal_04447.png,Classification failed - no description returned,1766505863.3077404
fractal_08430.png,Classification failed - no description returned,1766505863.307741
fractal_04617.png,Classification failed - no description returned,1766505863.3077414
fractal_06749.png,Classification failed - no description returned,1766505863.3077424
fractal_05161.png,Classification failed - no description returned,1766505863.3077435
fractal_05245.png,Classification failed - no description returned,1766505863.3077445
fractal_05897.png,Classification failed - no description returned,1766505863.3077457
fractal_00658.png,Classification failed - no description returned,1766505863.3077471
fractal_06751.png,Classification failed - no description returned,1766505863.3077478
fractal_03495.png,Classification failed - no description returned,1766505863.3077486
fractal_01200.png,Classification failed - no description returned,1766505863.3077493
fractal_00879.png,Classification failed - no description returned,1766505863.3077502
fractal_05061.png,Classification failed - no description returned,1766505863.3077507
fractal_08111.png,Classification failed - no description returned,1766505863.3077517
fractal_09412.png,Classification failed - no description returned,1766505863.3077526
fractal_00901.png,Classification failed - no description returned,1766505863.3077536
fractal_04349.png,Classification failed - no description returned,1766505863.3077538
fractal_01345.png,Classification failed - no description returned,1766505863.307755
fractal_02336.png,"**fractal_02336.png**: Delicate, sparse linear curves in pale yellow and white, forming open, flowing tendrils. Color palette: monochromatic pale yellows/whites. Texture: smooth, ethereal. Resemblance: delicate botanical tendrils or cosmic dust trails.",1766505902.730027
fractal_04563.png,"**fractal_04563.png**: A central loop with a curved extension, creating a soft, organic shape. Color: pale green and white. Texture: thin, wispy. Resemblance: a swirling leaf or a small nebula.",1766505902.7300286
fractal_02596.png,"**fractal_02596.png**: Open, curving lines with minimal closure, evoking wind-blown motion. Color: pale yellow and white. Texture: delicate, translucent. Resemblance: faint aurora or grass in the wind.",1766505902.73003
fractal_05167.png,"**fractal_05167.png**: A spiral with a square geometric frame, combining organic and structured forms. Color: teal and purple. Texture: smooth, glowing. Resemblance: a cosmic vortex within a boundary, like a galaxy in a box.",1766505902.7300308
fractal_00582.png,"**fractal_00582.png**: Concentric circles with a spiral core, creating a layered, luminous effect. Color: teal and purple. Texture: dense, luminous. Resemblance: a planetary orbit with a swirling core, like a star system.",1766505902.7300317
fractal_05879.png,"**fractal_05879.png**: A compact spiral within a circle, dense and focused. Color: teal and purple. Texture: thick, glowing. Resemblance: a tiny nebula or a spiral galaxy core.",1766505902.7300322
fractal_01823.png,"**fractal_01823.png**: A large, complex spiral with overlapping loops, dynamic and expansive. Color: teal, purple, and yellow. Texture: thick, luminous. Resemblance: a large flame or a turbulent storm.",1766505902.730033
fractal_00274.png,"**fractal_00274.png**: A soft, rounded organic shape with internal curves, resembling a blooming flower or cloud. Color: pink and white. Texture: soft, fuzzy. Resemblance: a blooming flower or a cloud.",1766505902.7300336
fractal_05641.png,"**fractal_05641.png**: An open loop with a curved tail, fluid and winding. Color: teal and white. Texture: thin, wispy. Resemblance: a winding river or a snake.",1766505902.7300344
fractal_07772.png,"**fractal_07772.png**: Dense, overlapping spirals in yellow and pink, chaotic yet structured. Color: yellow, pink, white. Texture: thick, luminous. Resemblance: a tangled knot or a chaotic energy field.",1766505902.7300348
fractal_09892.png,"**fractal_09892.png**: A simple circular loop, minimalistic and clean. Color: pink and white. Texture: thin, smooth. Resemblance: a ring or a simple orbit.",1766505902.7300355
fractal_04357.png,"**fractal_04357.png**: A large, open spiral with overlapping loops, expansive and fluid. Color: teal and yellow. Texture: thick, luminous. Resemblance: a large flame or a turbulent ocean.",1766505902.7300363
fractal_00380.png,"**fractal_00380.png**: A twisted, complex shape with a central loop, intricate and tangled. Color: purple and white. Texture: thick, luminous. Resemblance: a tangled rope or a complex organic form.",1766505902.730037
fractal_00044.png,"**fractal_00044.png**: Sparse, thin linear curves, minimal and ethereal. Color: white. Texture: very thin, translucent. Resemblance: distant stars or cosmic dust.",1766505902.7300377
fractal_01059.png,**fractal_01059.png**: A curved,1766505902.7300386
fractal_02000.png,Classification failed - no description returned,1766505902.7300391
fractal_01033.png,Classification failed - no description returned,1766505902.7300398
fractal_05678.png,Classification failed - no description returned,1766505902.7300403
fractal_04927.png,Classification failed - no description returned,1766505902.7300413
fractal_02071.png,Classification failed - no description returned,1766505902.7300422
fractal_03768.png,Classification failed - no description returned,1766505902.7300427
fractal_09968.png,Classification failed - no description returned,1766505902.7300432
fractal_06897.png,Classification failed - no description returned,1766505902.7300436
fractal_06791.png,Classification failed - no description returned,1766505902.7300448
fractal_08578.png,Classification failed - no description returned,1766505902.7300456
fractal_01739.png,Classification failed - no description returned,1766505902.7300463
fractal_00838.png,Classification failed - no description returned,1766505902.730047
fractal_08823.png,Classification failed - no description returned,1766505902.7300475
fractal_07062.png,Classification failed - no description returned,1766505902.730048
fractal_02469.png,Classification failed - no description returned,1766505902.7300491
fractal_07193.png,Classification failed - no description returned,1766505902.7300496
fractal_03332.png,Classification failed - no description returned,1766505902.7300503
fractal_05307.png,Classification failed - no description returned,1766505902.7300508
fractal_06072.png,Classification failed - no description returned,1766505902.7300515
fractal_05611.png,Classification failed - no description returned,1766505902.7300527
fractal_05100.png,Classification failed - no description returned,1766505902.7300534
fractal_00319.png,Classification failed - no description returned,1766505902.730054
fractal_04965.png,Classification failed - no description returned,1766505902.7300544
fractal_03614.png,Classification failed - no description returned,1766505902.7300549
fractal_03978.png,Classification failed - no description returned,1766505902.7300553
fractal_04034.png,Classification failed - no description returned,1766505902.7300563
fractal_09487.png,Classification failed - no description returned,1766505902.730057
fractal_00830.png,Classification failed - no description returned,1766505902.7300577
fractal_02227.png,Classification failed - no description returned,1766505902.7300584
fractal_00523.png,Classification failed - no description returned,1766505902.730059
fractal_01541.png,Classification failed - no description returned,1766505902.7300599
fractal_00437.png,Classification failed - no description returned,1766505902.7300606
fractal_05941.png,Classification failed - no description returned,1766505902.7300613
fractal_04749.png,Classification failed - no description returned,1766505902.7300618
fractal_02419.png,Classification failed - no description returned,1766505944.5611284
fractal_00108.png,Classification failed - no description returned,1766505944.5611305
fractal_04386.png,Classification failed - no description returned,1766505944.5611317
fractal_06537.png,Classification failed - no description returned,1766505944.561133
fractal_05377.png,Classification failed - no description returned,1766505944.5611336
fractal_00169.png,Classification failed - no description returned,1766505944.5611343
fractal_03770.png,Classification failed - no description returned,1766505944.5611353
fractal_01495.png,Classification failed - no description returned,1766505944.5611358
fractal_08573.png,Classification failed - no description returned,1766505944.5611367
fractal_09734.png,Classification failed - no description returned,1766505944.5611377
fractal_05401.png,Classification failed - no description returned,1766505944.5611382
fractal_03882.png,Classification failed - no description returned,1766505944.561139
fractal_02624.png,Classification failed - no description returned,1766505944.5611403
fractal_09306.png,Classification failed - no description returned,1766505944.5611413
fractal_03042.png,Classification failed - no description returned,1766505944.5611422
fractal_07597.png,Classification failed - no description returned,1766505944.561143
fractal_06517.png,Classification failed - no description returned,1766505944.5611439
fractal_04723.png,Classification failed - no description returned,1766505944.5611448
fractal_00874.png,Classification failed - no description returned,1766505944.5611455
fractal_01192.png,Classification failed - no description returned,1766505944.5611467
fractal_02464.png,Classification failed - no description returned,1766505944.5611475
fractal_09268.png,Classification failed - no description returned,1766505944.5611482
fractal_09930.png,Classification failed - no description returned,1766505944.561149
fractal_00310.png,Classification failed - no description returned,1766505944.5611498
fractal_07902.png,Classification failed - no description returned,1766505944.5611508
fractal_01296.png,Classification failed - no description returned,1766505944.5611517
fractal_09587.png,Classification failed - no description returned,1766505944.5611527
fractal_03186.png,Classification failed - no description returned,1766505944.5611532
fractal_04731.png,Classification failed - no description returned,1766505944.5611541
fractal_01385.png,Classification failed - no description returned,1766505944.5611556
fractal_05599.png,Classification failed - no description returned,1766505944.5611565
fractal_09904.png,Classification failed - no description returned,1766505944.5611577
fractal_09393.png,Classification failed - no description returned,1766505944.5611582
fractal_05188.png,Classification failed - no description returned,1766505944.561159
fractal_09624.png,Classification failed - no description returned,1766505944.5611598
fractal_07753.png,Classification failed - no description returned,1766505944.561161
fractal_02095.png,Classification failed - no description returned,1766505944.5611618
fractal_04517.png,Classification failed - no description returned,1766505944.5611625
fractal_09785.png,Classification failed - no description returned,1766505944.5611637
fractal_05200.png,Classification failed - no description returned,1766505944.5611649
fractal_04016.png,Classification failed - no description returned,1766505944.5611656
fractal_03499.png,Classification failed - no description returned,1766505944.5611663
fractal_02833.png,Classification failed - no description returned,1766505944.5611675
fractal_05878.png,Classification failed - no description returned,1766505944.5611682
fractal_02921.png,Classification failed - no description returned,1766505944.561169
fractal_03158.png,Classification failed - no description returned,1766505944.5611696
fractal_04675.png,Classification failed - no description returned,1766505944.5611706
fractal_09196.png,Classification failed - no description returned,1766505944.5611718
fractal_01799.png,Classification failed - no description returned,1766505944.5611727
fractal_00024.png,Classification failed - no description returned,1766505986.6013858
fractal_08719.png,Classification failed - no description returned,1766505986.6013877
fractal_01501.png,Classification failed - no description returned,1766505986.6013882
fractal_07414.png,Classification failed - no description returned,1766505986.6013887
fractal_04368.png,Classification failed - no description returned,1766505986.6013894
fractal_07864.png,Classification failed - no description returned,1766505986.6013904
fractal_05954.png,Classification failed - no description returned,1766505986.6013908
fractal_00250.png,Classification failed - no description returned,1766505986.6013916
fractal_06761.png,Classification failed - no description returned,1766505986.601392
fractal_07185.png,Classification failed - no description returned,1766505986.601393
fractal_08231.png,Classification failed - no description returned,1766505986.6013935
fractal_03163.png,Classification failed - no description returned,1766505986.6013944
fractal_03066.png,Classification failed - no description returned,1766505986.6013951
fractal_02327.png,Classification failed - no description returned,1766505986.6013956
fractal_07743.png,Classification failed - no description returned,1766505986.6013966
fractal_06227.png,Classification failed - no description returned,1766505986.601397
fractal_09438.png,Classification failed - no description returned,1766505986.6013975
fractal_06061.png,Classification failed - no description returned,1766505986.6013985
fractal_01237.png,Classification failed - no description returned,1766505986.6013992
fractal_03099.png,Classification failed - no description returned,1766505986.6014
fractal_03253.png,Classification failed - no description returned,1766505986.6014006
fractal_00074.png,Classification failed - no description returned,1766505986.6014013
fractal_06857.png,Classification failed - no description returned,1766505986.601402
fractal_04256.png,Classification failed - no description returned,1766505986.6014035
fractal_06790.png,Classification failed - no description returned,1766505986.601404
fractal_05080.png,Classification failed - no description returned,1766505986.6014047
fractal_05593.png,Classification failed - no description returned,1766505986.6014054
fractal_04952.png,Classification failed - no description returned,1766505986.6014066
fractal_00775.png,Classification failed - no description returned,1766505986.601407
fractal_00033.png,Classification failed - no description returned,1766505986.6014075
fractal_04760.png,Classification failed - no description returned,1766505986.601408
fractal_09204.png,Classification failed - no description returned,1766505986.6014087
fractal_02413.png,Classification failed - no description returned,1766505986.6014092
fractal_08198.png,Classification failed - no description returned,1766505986.6014102
fractal_06861.png,Classification failed - no description returned,1766505986.601411
fractal_01082.png,Classification failed - no description returned,1766505986.6014116
fractal_07692.png,Classification failed - no description returned,1766505986.6014123
fractal_05396.png,Classification failed - no description returned,1766505986.601413
fractal_05979.png,Classification failed - no description returned,1766505986.6014142
fractal_08935.png,Classification failed - no description returned,1766505986.601415
fractal_09096.png,Classification failed - no description returned,1766505986.6014154
fractal_04620.png,Classification failed - no description returned,1766505986.6014159
fractal_04464.png,Classification failed - no description returned,1766505986.6014166
fractal_09993.png,Classification failed - no description returned,1766505986.6014173
fractal_04355.png,Classification failed - no description returned,1766505986.6014185
fractal_00931.png,Classification failed - no description returned,1766505986.6014192
fractal_01292.png,Classification failed - no description returned,1766505986.60142
fractal_05567.png,Classification failed - no description returned,1766505986.6014206
fractal_02865.png,Classification failed - no description returned,1766505986.6014214
fractal_01308.png,Classification failed - no description returned,1766506038.2672646
fractal_09760.png,Classification failed - no description returned,1766506038.2672665
fractal_01124.png,Classification failed - no description returned,1766506038.267267
fractal_02218.png,Classification failed - no description returned,1766506038.267268
fractal_02941.png,Classification failed - no description returned,1766506038.2672684
fractal_06272.png,Classification failed - no description returned,1766506038.2672691
fractal_05003.png,Classification failed - no description returned,1766506038.2672694
fractal_07510.png,Classification failed - no description returned,1766506038.2672698
fractal_00540.png,Classification failed - no description returned,1766506038.2672703
fractal_07053.png,Classification failed - no description returned,1766506038.2672718
fractal_09628.png,Classification failed - no description returned,1766506038.2672722
fractal_01399.png,Classification failed - no description returned,1766506038.267273
fractal_06578.png,Classification failed - no description returned,1766506038.2672734
fractal_02645.png,Classification failed - no description returned,1766506038.2672741
fractal_05718.png,Classification failed - no description returned,1766506038.2672749
fractal_00842.png,Classification failed - no description returned,1766506038.2672758
fractal_02126.png,Classification failed - no description returned,1766506038.2672856
fractal_06312.png,Classification failed - no description returned,1766506038.267286
fractal_01088.png,Classification failed - no description returned,1766506038.2672873
fractal_08058.png,Classification failed - no description returned,1766506038.2672877
fractal_09876.png,Classification failed - no description returned,1766506038.2672882
fractal_04419.png,Classification failed - no description returned,1766506038.267289
fractal_04470.png,Classification failed - no description returned,1766506038.2672896
fractal_03906.png,Classification failed - no description returned,1766506038.2672904
fractal_07052.png,Classification failed - no description returned,1766506038.2672915
fractal_03366.png,Classification failed - no description returned,1766506038.2672925
fractal_05660.png,Classification failed - no description returned,1766506038.2672932
fractal_06042.png,Classification failed - no description returned,1766506038.2672937
fractal_06177.png,Classification failed - no description returned,1766506038.2672946
fractal_03460.png,Classification failed - no description returned,1766506038.2672956
fractal_05845.png,Classification failed - no description returned,1766506038.267296
fractal_08040.png,Classification failed - no description returned,1766506038.2672968
fractal_08455.png,Classification failed - no description returned,1766506038.2672973
fractal_06763.png,Classification failed - no description returned,1766506038.267298
fractal_08481.png,Classification failed - no description returned,1766506038.2672992
fractal_08871.png,Classification failed - no description returned,1766506038.2672997
fractal_04268.png,Classification failed - no description returned,1766506038.2673004
fractal_02758.png,Classification failed - no description returned,1766506038.2673008
fractal_09056.png,Classification failed - no description returned,1766506038.2673013
fractal_09330.png,Classification failed - no description returned,1766506038.267302
fractal_00143.png,Classification failed - no description returned,1766506038.2673028
fractal_03150.png,Classification failed - no description returned,1766506038.2673037
fractal_07474.png,Classification failed - no description returned,1766506038.2673042
fractal_06662.png,Classification failed - no description returned,1766506038.2673047
fractal_07769.png,Classification failed - no description returned,1766506038.2673054
fractal_00326.png,Classification failed - no description returned,1766506038.2673063
fractal_01072.png,Classification failed - no description returned,1766506038.2673073
fractal_06671.png,Classification failed - no description returned,1766506038.2673078
fractal_07541.png,Classification failed - no description returned,1766506038.2673085
fractal_06839.png,Classification failed - no description returned,1766506077.3822963
fractal_05343.png,Classification failed - no description returned,1766506077.3822985
fractal_09518.png,Classification failed - no description returned,1766506077.3822994
fractal_02465.png,Classification failed - no description returned,1766506077.3823004
fractal_06254.png,Classification failed - no description returned,1766506077.382301
fractal_08556.png,Classification failed - no description returned,1766506077.3823023
fractal_03667.png,Classification failed - no description returned,1766506077.3823028
fractal_04655.png,Classification failed - no description returned,1766506077.3823035
fractal_02830.png,Classification failed - no description returned,1766506077.3823042
fractal_05164.png,Classification failed - no description returned,1766506077.3823054
fractal_01170.png,Classification failed - no description returned,1766506077.3823066
fractal_05419.png,Classification failed - no description returned,1766506077.3823075
fractal_08922.png,Classification failed - no description returned,1766506077.382308
fractal_05206.png,Classification failed - no description returned,1766506077.382309
fractal_00831.png,Classification failed - no description returned,1766506077.3823097
fractal_08189.png,Classification failed - no description returned,1766506077.3823104
fractal_08298.png,Classification failed - no description returned,1766506077.382311
fractal_01868.png,Classification failed - no description returned,1766506077.3823123
fractal_07281.png,Classification failed - no description returned,1766506077.382313
fractal_06190.png,Classification failed - no description returned,1766506077.382314
fractal_03651.png,Classification failed - no description returned,1766506077.3823147
fractal_02204.png,Classification failed - no description returned,1766506077.3823156
fractal_04323.png,Classification failed - no description returned,1766506077.3823164
fractal_01325.png,Classification failed - no description returned,1766506077.3823173
fractal_09544.png,Classification failed - no description returned,1766506077.3823183
fractal_08577.png,Classification failed - no description returned,1766506077.3823192
fractal_02233.png,Classification failed - no description returned,1766506077.3823202
fractal_08826.png,Classification failed - no description returned,1766506077.382321
fractal_09020.png,Classification failed - no description returned,1766506077.3823218
fractal_00906.png,Classification failed - no description returned,1766506077.3823228
fractal_06554.png,Classification failed - no description returned,1766506077.3823237
fractal_02156.png,Classification failed - no description returned,1766506077.3823247
fractal_03265.png,Classification failed - no description returned,1766506077.3823256
fractal_07031.png,Classification failed - no description returned,1766506077.3823266
fractal_00137.png,Classification failed - no description returned,1766506077.3823276
fractal_04471.png,Classification failed - no description returned,1766506077.382328
fractal_05565.png,Classification failed - no description returned,1766506077.382329
fractal_03683.png,Classification failed - no description returned,1766506077.3823297
fractal_02257.png,Classification failed - no description returned,1766506077.3823307
fractal_00605.png,Classification failed - no description returned,1766506077.3823314
fractal_02068.png,Classification failed - no description returned,1766506077.382332
fractal_08256.png,Classification failed - no description returned,1766506077.382333
fractal_06941.png,Classification failed - no description returned,1766506077.382334
fractal_06357.png,Classification failed - no description returned,1766506077.382335
fractal_00987.png,Classification failed - no description returned,1766506077.382336
fractal_05210.png,Classification failed - no description returned,1766506077.382337
fractal_06069.png,Classification failed - no description returned,1766506077.3823378
fractal_03847.png,Classification failed - no description returned,1766506077.3823385
fractal_00459.png,Classification failed - no description returned,1766506077.3823395
fractal_06981.png,Classification failed - no description returned,1766506143.7732112
fractal_02432.png,Classification failed - no description returned,1766506143.773213
fractal_00789.png,Classification failed - no description returned,1766506143.7732134
fractal_01575.png,Classification failed - no description returned,1766506143.7732139
fractal_05046.png,Classification failed - no description returned,1766506143.7732146
fractal_07855.png,Classification failed - no description returned,1766506143.773215
fractal_09554.png,Classification failed - no description returned,1766506143.7732158
fractal_04787.png,Classification failed - no description returned,1766506143.7732162
fractal_03137.png,Classification failed - no description returned,1766506143.7732172
fractal_06367.png,Classification failed - no description returned,1766506143.7732177
fractal_03788.png,Classification failed - no description returned,1766506143.7732184
fractal_09251.png,Classification failed - no description returned,1766506143.7732189
fractal_07263.png,Classification failed - no description returned,1766506143.7732193
fractal_07625.png,Classification failed - no description returned,1766506143.7732198
fractal_00814.png,Classification failed - no description returned,1766506143.7732205
fractal_08979.png,Classification failed - no description returned,1766506143.7732215
fractal_07789.png,Classification failed - no description returned,1766506143.7732222
fractal_02602.png,Classification failed - no description returned,1766506143.773223
fractal_02818.png,Classification failed - no description returned,1766506143.7732234
fractal_04143.png,Classification failed - no description returned,1766506143.7732239
fractal_06688.png,Classification failed - no description returned,1766506143.7732244
fractal_00350.png,Classification failed - no description returned,1766506143.7732253
fractal_03363.png,Classification failed - no description returned,1766506143.7732263
fractal_08602.png,Classification failed - no description returned,1766506143.773227
fractal_09405.png,Classification failed - no description returned,1766506143.7732284
fractal_01334.png,Classification failed - no description returned,1766506143.7732291
fractal_03323.png,Classification failed - no description returned,1766506143.7732296
fractal_02992.png,Classification failed - no description returned,1766506143.77323
fractal_04687.png,Classification failed - no description returned,1766506143.7732308
fractal_07256.png,Classification failed - no description returned,1766506143.7732313
fractal_04401.png,Classification failed - no description returned,1766506143.7732322
fractal_01007.png,Classification failed - no description returned,1766506143.7732332
fractal_06807.png,Classification failed - no description returned,1766506143.7732337
fractal_02340.png,Classification failed - no description returned,1766506143.7732341
fractal_09751.png,Classification failed - no description returned,1766506143.7732346
fractal_06419.png,Classification failed - no description returned,1766506143.773235
fractal_01264.png,Classification failed - no description returned,1766506143.7732358
fractal_06214.png,Classification failed - no description returned,1766506143.7732363
fractal_01626.png,Classification failed - no description returned,1766506143.773237
fractal_05036.png,Classification failed - no description returned,1766506143.7732377
fractal_09699.png,Classification failed - no description returned,1766506143.7732384
fractal_05209.png,Classification failed - no description returned,1766506143.7732391
fractal_07863.png,Classification failed - no description returned,1766506143.77324
fractal_06999.png,Classification failed - no description returned,1766506143.773241
fractal_08176.png,Classification failed - no description returned,1766506143.7732415
fractal_05900.png,Classification failed - no description returned,1766506143.773242
fractal_06133.png,Classification failed - no description returned,1766506143.773243
fractal_06330.png,Classification failed - no description returned,1766506143.7732434
fractal_07846.png,Classification failed - no description returned,1766506143.7732441
fractal_00541.png,Classification failed - no description returned,1766506198.033173
fractal_04123.png,Classification failed - no description returned,1766506198.0331755
fractal_05778.png,Classification failed - no description returned,1766506198.0331767
fractal_05416.png,Classification failed - no description returned,1766506198.0331774
fractal_08978.png,Classification failed - no description returned,1766506198.0331786
fractal_09817.png,Classification failed - no description returned,1766506198.0331793
fractal_05385.png,Classification failed - no description returned,1766506198.0331802
fractal_03857.png,Classification failed - no description returned,1766506198.033181
fractal_08013.png,Classification failed - no description returned,1766506198.0331814
fractal_07786.png,Classification failed - no description returned,1766506198.0331826
fractal_01710.png,Classification failed - no description returned,1766506198.0331836
fractal_03739.png,Classification failed - no description returned,1766506198.0331843
fractal_00960.png,Classification failed - no description returned,1766506198.033185
fractal_07796.png,Classification failed - no description returned,1766506198.0331862
fractal_04375.png,Classification failed - no description returned,1766506198.0331872
fractal_08371.png,Classification failed - no description returned,1766506198.0331879
fractal_00464.png,Classification failed - no description returned,1766506198.0331886
fractal_05215.png,Classification failed - no description returned,1766506198.0331898
fractal_00839.png,Classification failed - no description returned,1766506198.033191
fractal_05587.png,Classification failed - no description returned,1766506198.0331917
fractal_05817.png,Classification failed - no description returned,1766506198.0331924
fractal_07586.png,Classification failed - no description returned,1766506198.033193
fractal_00053.png,Classification failed - no description returned,1766506198.033194
fractal_03578.png,Classification failed - no description returned,1766506198.033195
fractal_04632.png,Classification failed - no description returned,1766506198.0331957
fractal_02761.png,Classification failed - no description returned,1766506198.0331964
fractal_06944.png,Classification failed - no description returned,1766506198.0331979
fractal_08554.png,Classification failed - no description returned,1766506198.0331986
fractal_03079.png,Classification failed - no description returned,1766506198.0331995
fractal_07621.png,Classification failed - no description returned,1766506198.0332005
fractal_03317.png,Classification failed - no description returned,1766506198.0332012
fractal_09479.png,Classification failed - no description returned,1766506198.0332022
fractal_09167.png,Classification failed - no description returned,1766506198.0332031
fractal_04200.png,Classification failed - no description returned,1766506198.033204
fractal_09136.png,Classification failed - no description returned,1766506198.0332053
fractal_09087.png,Classification failed - no description returned,1766506198.0332062
fractal_01728.png,Classification failed - no description returned,1766506198.033207
fractal_01558.png,Classification failed - no description returned,1766506198.0332081
fractal_00131.png,Classification failed - no description returned,1766506198.0332088
fractal_03731.png,Classification failed - no description returned,1766506198.03321
fractal_05230.png,Classification failed - no description returned,1766506198.033211
fractal_09977.png,Classification failed - no description returned,1766506198.033212
fractal_01426.png,Classification failed - no description returned,1766506198.033213
fractal_00703.png,Classification failed - no description returned,1766506198.0332139
fractal_02356.png,Classification failed - no description returned,1766506198.0332148
fractal_02096.png,Classification failed - no description returned,1766506198.0332155
fractal_02301.png,Classification failed - no description returned,1766506198.0332162
fractal_06962.png,Classification failed - no description returned,1766506198.0332174
fractal_06039.png,Classification failed - no description returned,1766506198.0332184
fractal_09137.png,Classification failed - no description returned,1766506247.5777576
fractal_08045.png,Classification failed - no description returned,1766506247.5777595
fractal_00803.png,Classification failed - no description returned,1766506247.5777605
fractal_04794.png,Classification failed - no description returned,1766506247.5777612
fractal_06102.png,Classification failed - no description returned,1766506247.5777621
fractal_07991.png,Classification failed - no description returned,1766506247.5777628
fractal_07675.png,Classification failed - no description returned,1766506247.5777636
fractal_08083.png,Classification failed - no description returned,1766506247.5777643
fractal_06060.png,Classification failed - no description returned,1766506247.5777655
fractal_04084.png,Classification failed - no description returned,1766506247.5777662
fractal_09384.png,Classification failed - no description returned,1766506247.577767
fractal_05098.png,Classification failed - no description returned,1766506247.5777678
fractal_00891.png,Classification failed - no description returned,1766506247.5777688
fractal_04548.png,Classification failed - no description returned,1766506247.5777695
fractal_07949.png,Classification failed - no description returned,1766506247.5777702
fractal_04880.png,Classification failed - no description returned,1766506247.577771
fractal_01664.png,Classification failed - no description returned,1766506247.5777721
fractal_03456.png,Classification failed - no description returned,1766506247.5777729
fractal_09766.png,Classification failed - no description returned,1766506247.5777736
fractal_09915.png,Classification failed - no description returned,1766506247.5777743
fractal_02559.png,Classification failed - no description returned,1766506247.577775
fractal_02824.png,Classification failed - no description returned,1766506247.5777762
fractal_00360.png,Classification failed - no description returned,1766506247.577777
fractal_09373.png,Classification failed - no description returned,1766506247.5777776
fractal_06304.png,Classification failed - no description returned,1766506247.577778
fractal_09796.png,Classification failed - no description returned,1766506247.5777793
fractal_07296.png,Classification failed - no description returned,1766506247.5777802
fractal_06909.png,Classification failed - no description returned,1766506247.577781
fractal_00041.png,Classification failed - no description returned,1766506247.5777817
fractal_00275.png,Classification failed - no description returned,1766506247.5777826
fractal_03983.png,Classification failed - no description returned,1766506247.5777838
fractal_08168.png,Classification failed - no description returned,1766506247.5777848
fractal_04151.png,Classification failed - no description returned,1766506247.5777855
fractal_03093.png,Classification failed - no description returned,1766506247.5777862
fractal_07871.png,Classification failed - no description returned,1766506247.5777876
fractal_04591.png,Classification failed - no description returned,1766506247.5777884
fractal_04906.png,Classification failed - no description returned,1766506247.577789
fractal_08985.png,Classification failed - no description returned,1766506247.57779
fractal_06148.png,Classification failed - no description returned,1766506247.5777907
fractal_05542.png,Classification failed - no description returned,1766506247.5777917
fractal_07286.png,Classification failed - no description returned,1766506247.5777924
fractal_00251.png,Classification failed - no description returned,1766506247.5777934
fractal_02590.png,Classification failed - no description returned,1766506247.577794
fractal_03129.png,Classification failed - no description returned,1766506247.5777948
fractal_07154.png,Classification failed - no description returned,1766506247.5777957
fractal_06201.png,Classification failed - no description returned,1766506247.5777967
fractal_08808.png,Classification failed - no description returned,1766506247.5777974
fractal_08475.png,Classification failed - no description returned,1766506247.5777984
fractal_01387.png,Classification failed - no description returned,1766506247.5777998
fractal_05713.png,Classification failed - no description returned,1766506291.6647916
fractal_09068.png,Classification failed - no description returned,1766506291.664794
fractal_09493.png,Classification failed - no description returned,1766506291.664795
fractal_06822.png,Classification failed - no description returned,1766506291.6647959
fractal_07970.png,Classification failed - no description returned,1766506291.6647964
fractal_07480.png,Classification failed - no description returned,1766506291.6647968
fractal_03416.png,Classification failed - no description returned,1766506291.6647975
fractal_07352.png,Classification failed - no description returned,1766506291.664798
fractal_07041.png,Classification failed - no description returned,1766506291.6647987
fractal_05394.png,Classification failed - no description returned,1766506291.6647992
fractal_01470.png,Classification failed - no description returned,1766506291.6648
fractal_06575.png,Classification failed - no description returned,1766506291.664801
fractal_04006.png,Classification failed - no description returned,1766506291.6648014
fractal_04406.png,Classification failed - no description returned,1766506291.6648018
fractal_01910.png,Classification failed - no description returned,1766506291.6648026
fractal_09049.png,Classification failed - no description returned,1766506291.664803
fractal_03996.png,Classification failed - no description returned,1766506291.664804
fractal_06792.png,Classification failed - no description returned,1766506291.664805
fractal_07593.png,Classification failed - no description returned,1766506291.6648057
fractal_06576.png,Classification failed - no description returned,1766506291.6648064
fractal_07942.png,Classification failed - no description returned,1766506291.6648068
fractal_04518.png,Classification failed - no description returned,1766506291.6648078
fractal_08362.png,Classification failed - no description returned,1766506291.6648085
fractal_03101.png,Classification failed - no description returned,1766506291.664809
fractal_03659.png,Classification failed - no description returned,1766506291.66481
fractal_07118.png,Classification failed - no description returned,1766506291.6648107
fractal_01016.png,Classification failed - no description returned,1766506291.6648116
fractal_06674.png,Classification failed - no description returned,1766506291.6648126
fractal_05160.png,Classification failed - no description returned,1766506291.664813
fractal_04363.png,Classification failed - no description returned,1766506291.6648135
fractal_09232.png,Classification failed - no description returned,1766506291.664814
fractal_04564.png,Classification failed - no description returned,1766506291.664815
fractal_06697.png,Classification failed - no description returned,1766506291.6648157
fractal_01071.png,Classification failed - no description returned,1766506291.6648164
fractal_06808.png,Classification failed - no description returned,1766506291.664817
fractal_09673.png,Classification failed - no description returned,1766506291.6648178
fractal_03869.png,Classification failed - no description returned,1766506291.6648185
fractal_02400.png,Classification failed - no description returned,1766506291.664819
fractal_04430.png,Classification failed - no description returned,1766506291.66482
fractal_00417.png,Classification failed - no description returned,1766506291.664821
fractal_07959.png,Classification failed - no description returned,1766506291.6648214
fractal_02601.png,Classification failed - no description returned,1766506291.6648223
fractal_02696.png,Classification failed - no description returned,1766506291.6648233
fractal_09065.png,Classification failed - no description returned,1766506291.664824
fractal_02715.png,Classification failed - no description returned,1766506291.6648245
fractal_00791.png,Classification failed - no description returned,1766506291.6648257
fractal_01875.png,Classification failed - no description returned,1766506291.6648262
fractal_07678.png,Classification failed - no description returned,1766506291.6648269
fractal_06950.png,Classification failed - no description returned,1766506291.6648276
fractal_02630.png,Classification failed - no description returned,1766506345.065917
fractal_09258.png,Classification failed - no description returned,1766506345.0659192
fractal_09242.png,Classification failed - no description returned,1766506345.06592
fractal_03210.png,Classification failed - no description returned,1766506345.0659208
fractal_04504.png,Classification failed - no description returned,1766506345.0659218
fractal_09262.png,Classification failed - no description returned,1766506345.0659225
fractal_08014.png,Classification failed - no description returned,1766506345.0659232
fractal_08587.png,Classification failed - no description returned,1766506345.0659242
fractal_07173.png,Classification failed - no description returned,1766506345.065925
fractal_04307.png,Classification failed - no description returned,1766506345.0659256
fractal_02440.png,Classification failed - no description returned,1766506345.0659263
fractal_02179.png,Classification failed - no description returned,1766506345.0659275
fractal_03588.png,Classification failed - no description returned,1766506345.065928
fractal_09532.png,Classification failed - no description returned,1766506345.065929
fractal_03313.png,Classification failed - no description returned,1766506345.06593
fractal_09728.png,Classification failed - no description returned,1766506345.0659308
fractal_06484.png,Classification failed - no description returned,1766506345.0659316
fractal_02240.png,Classification failed - no description returned,1766506345.0659325
fractal_03076.png,Classification failed - no description returned,1766506345.0659332
fractal_07614.png,Classification failed - no description returned,1766506345.0659342
fractal_00043.png,Classification failed - no description returned,1766506345.065935
fractal_07767.png,Classification failed - no description returned,1766506345.0659356
fractal_03267.png,Classification failed - no description returned,1766506345.0659366
fractal_01060.png,Classification failed - no description returned,1766506345.065937
fractal_07378.png,Classification failed - no description returned,1766506345.0659385
fractal_01356.png,Classification failed - no description returned,1766506345.0659394
fractal_09339.png,Classification failed - no description returned,1766506345.06594
fractal_05397.png,Classification failed - no description returned,1766506345.0659413
fractal_06898.png,Classification failed - no description returned,1766506345.065942
fractal_07045.png,Classification failed - no description returned,1766506345.0659428
fractal_00771.png,Classification failed - no description returned,1766506345.0659435
fractal_00210.png,Classification failed - no description returned,1766506345.0659444
fractal_09730.png,Classification failed - no description returned,1766506345.0659456
fractal_03014.png,Classification failed - no description returned,1766506345.0659466
fractal_03065.png,Classification failed - no description returned,1766506345.0659473
fractal_04229.png,Classification failed - no description returned,1766506345.0659485
fractal_05368.png,Classification failed - no description returned,1766506345.0659494
fractal_03681.png,Classification failed - no description returned,1766506345.0659504
fractal_02034.png,Classification failed - no description returned,1766506345.0659516
fractal_08975.png,Classification failed - no description returned,1766506345.0659525
fractal_03620.png,Classification failed - no description returned,1766506345.0659535
fractal_07754.png,Classification failed - no description returned,1766506345.0659542
fractal_05065.png,Classification failed - no description returned,1766506345.0659552
fractal_04043.png,Classification failed - no description returned,1766506345.065956
fractal_06287.png,Classification failed - no description returned,1766506345.065957
fractal_04842.png,Classification failed - no description returned,1766506345.0659578
fractal_06583.png,Classification failed - no description returned,1766506345.0659587
fractal_04741.png,Classification failed - no description returned,1766506345.0659595
fractal_06516.png,Classification failed - no description returned,1766506345.0659602
fractal_03573.png,Classification failed - no description returned,1766506389.5614767
fractal_01389.png,Classification failed - no description returned,1766506389.5614781
fractal_09840.png,Classification failed - no description returned,1766506389.561479
fractal_05927.png,Classification failed - no description returned,1766506389.5614796
fractal_01076.png,Classification failed - no description returned,1766506389.5614803
fractal_07113.png,Classification failed - no description returned,1766506389.561482
fractal_02003.png,Classification failed - no description returned,1766506389.5614822
fractal_03979.png,Classification failed - no description returned,1766506389.5614827
fractal_06152.png,Classification failed - no description returned,1766506389.5614836
fractal_02145.png,Classification failed - no description returned,1766506389.5614843
fractal_06753.png,Classification failed - no description returned,1766506389.5614855
fractal_07147.png,Classification failed - no description returned,1766506389.5614862
fractal_01905.png,Classification failed - no description returned,1766506389.5614872
fractal_04010.png,Classification failed - no description returned,1766506389.561488
fractal_03935.png,Classification failed - no description returned,1766506389.561489
fractal_01979.png,Classification failed - no description returned,1766506389.5614896
fractal_06976.png,Classification failed - no description returned,1766506389.5614905
fractal_02159.png,Classification failed - no description returned,1766506389.5614913
fractal_03927.png,Classification failed - no description returned,1766506389.5614924
fractal_04260.png,Classification failed - no description returned,1766506389.5614932
fractal_06872.png,Classification failed - no description returned,1766506389.5614939
fractal_09935.png,Classification failed - no description returned,1766506389.5614946
fractal_03938.png,Classification failed - no description returned,1766506389.5614953
fractal_09074.png,Classification failed - no description returned,1766506389.561496
fractal_07228.png,Classification failed - no description returned,1766506389.5614965
fractal_08772.png,Classification failed - no description returned,1766506389.561498
fractal_03764.png,Classification failed - no description returned,1766506389.5614989
fractal_05831.png,Classification failed - no description returned,1766506389.5614994
fractal_08642.png,Classification failed - no description returned,1766506389.5615
fractal_09422.png,Classification failed - no description returned,1766506389.5615008
fractal_08102.png,Classification failed - no description returned,1766506389.5615017
fractal_09092.png,Classification failed - no description returned,1766506389.5615027
fractal_01789.png,Classification failed - no description returned,1766506389.5615034
fractal_03100.png,Classification failed - no description returned,1766506389.5615044
fractal_00233.png,Classification failed - no description returned,1766506389.561506
fractal_04178.png,Classification failed - no description returned,1766506389.5615067
fractal_07274.png,Classification failed - no description returned,1766506389.561507
fractal_09054.png,Classification failed - no description returned,1766506389.561508
fractal_08008.png,Classification failed - no description returned,1766506389.5615087
fractal_00649.png,Classification failed - no description returned,1766506389.5615094
fractal_06345.png,Classification failed - no description returned,1766506389.5615106
fractal_06250.png,Classification failed - no description returned,1766506389.5615118
fractal_01920.png,Classification failed - no description returned,1766506389.5615122
fractal_02877.png,Classification failed - no description returned,1766506389.5615132
fractal_03960.png,Classification failed - no description returned,1766506389.561514
fractal_05556.png,Classification failed - no description returned,1766506389.5615144
fractal_06895.png,Classification failed - no description returned,1766506389.5615153
fractal_04972.png,Classification failed - no description returned,1766506389.5615165
fractal_00589.png,Classification failed - no description returned,1766506389.5615175
fractal_02210.png,Classification failed - no description returned,1766506447.6131105
fractal_08767.png,Classification failed - no description returned,1766506447.6131117
fractal_01505.png,Classification failed - no description returned,1766506447.6131122
fractal_01164.png,Classification failed - no description returned,1766506447.6131132
fractal_02138.png,Classification failed - no description returned,1766506447.6131139
fractal_06149.png,Classification failed - no description returned,1766506447.6131144
fractal_09769.png,Classification failed - no description returned,1766506447.6131148
fractal_07603.png,Classification failed - no description returned,1766506447.6131155
fractal_05536.png,Classification failed - no description returned,1766506447.6131163
fractal_03113.png,Classification failed - no description returned,1766506447.613117
fractal_08114.png,Classification failed - no description returned,1766506447.613118
fractal_00092.png,Classification failed - no description returned,1766506447.6131184
fractal_01078.png,Classification failed - no description returned,1766506447.613119
fractal_05589.png,Classification failed - no description returned,1766506447.6131198
fractal_09839.png,Classification failed - no description returned,1766506447.6131203
fractal_03896.png,Classification failed - no description returned,1766506447.6131208
fractal_06639.png,Classification failed - no description returned,1766506447.6131217
fractal_09629.png,Classification failed - no description returned,1766506447.6131222
fractal_01474.png,Classification failed - no description returned,1766506447.6131227
fractal_06187.png,Classification failed - no description returned,1766506447.6131234
fractal_08535.png,Classification failed - no description returned,1766506447.613124
fractal_07392.png,Classification failed - no description returned,1766506447.6131244
fractal_08139.png,Classification failed - no description returned,1766506447.613125
fractal_07443.png,Classification failed - no description returned,1766506447.6131258
fractal_05976.png,Classification failed - no description returned,1766506447.6131268
fractal_09577.png,Classification failed - no description returned,1766506447.6131272
fractal_09399.png,Classification failed - no description returned,1766506447.613128
fractal_04556.png,Classification failed - no description returned,1766506447.6131284
fractal_03574.png,Classification failed - no description returned,1766506447.613129
fractal_08600.png,Classification failed - no description returned,1766506447.61313
fractal_04104.png,Classification failed - no description returned,1766506447.6131306
fractal_08442.png,Classification failed - no description returned,1766506447.613131
fractal_03738.png,Classification failed - no description returned,1766506447.6131315
fractal_05727.png,Classification failed - no description returned,1766506447.613132
fractal_01987.png,Classification failed - no description returned,1766506447.6131327
fractal_08012.png,Classification failed - no description returned,1766506447.613134
fractal_03294.png,Classification failed - no description returned,1766506447.6131344
fractal_02707.png,Classification failed - no description returned,1766506447.6131349
fractal_04698.png,Classification failed - no description returned,1766506447.6131356
fractal_01539.png,Classification failed - no description returned,1766506447.613136
fractal_01189.png,Classification failed - no description returned,1766506447.6131365
fractal_07026.png,Classification failed - no description returned,1766506447.6131377
fractal_01586.png,Classification failed - no description returned,1766506447.6131382
fractal_02691.png,Classification failed - no description returned,1766506447.6131387
fractal_03058.png,Classification failed - no description returned,1766506447.6131392
fractal_02040.png,Classification failed - no description returned,1766506447.6131399
fractal_02889.png,Classification failed - no description returned,1766506447.6131406
fractal_03536.png,Classification failed - no description returned,1766506447.6131415
fractal_09194.png,Classification failed - no description returned,1766506447.6131423
fractal_07917.png,Classification failed - no description returned,1766506497.5069308
fractal_04489.png,Classification failed - no description returned,1766506497.506933
fractal_02698.png,Classification failed - no description returned,1766506497.5069337
fractal_03509.png,Classification failed - no description returned,1766506497.5069342
fractal_04377.png,Classification failed - no description returned,1766506497.506935
fractal_06163.png,Classification failed - no description returned,1766506497.5069354
fractal_03853.png,Classification failed - no description returned,1766506497.5069358
fractal_08682.png,Classification failed - no description returned,1766506497.5069368
fractal_05779.png,Classification failed - no description returned,1766506497.5069375
fractal_02342.png,Classification failed - no description returned,1766506497.5069382
fractal_00293.png,Classification failed - no description returned,1766506497.506939
fractal_08328.png,Classification failed - no description returned,1766506497.5069394
fractal_02718.png,Classification failed - no description returned,1766506497.5069401
fractal_02475.png,Classification failed - no description returned,1766506497.5069406
fractal_05928.png,Classification failed - no description returned,1766506497.5069416
fractal_04552.png,Classification failed - no description returned,1766506497.5069423
fractal_01188.png,Classification failed - no description returned,1766506497.5069427
fractal_09337.png,Classification failed - no description returned,1766506497.5069435
fractal_09051.png,Classification failed - no description returned,1766506497.5069444
fractal_06678.png,Classification failed - no description returned,1766506497.5069451
fractal_07433.png,Classification failed - no description returned,1766506497.5069458
fractal_08863.png,Classification failed - no description returned,1766506497.5069463
fractal_06563.png,Classification failed - no description returned,1766506497.5069468
fractal_08716.png,Classification failed - no description returned,1766506497.5069473
fractal_07768.png,Classification failed - no description returned,1766506497.506949
fractal_05931.png,Classification failed - no description returned,1766506497.5069497
fractal_00268.png,Classification failed - no description returned,1766506497.5069504
fractal_06789.png,Classification failed - no description returned,1766506497.5069509
fractal_01358.png,Classification failed - no description returned,1766506497.5069516
fractal_06819.png,Classification failed - no description returned,1766506497.5069528
fractal_07102.png,Classification failed - no description returned,1766506497.5069532
fractal_03560.png,Classification failed - no description returned,1766506497.5069537
fractal_01895.png,Classification failed - no description returned,1766506497.5069542
fractal_02708.png,Classification failed - no description returned,1766506497.506955
fractal_09485.png,Classification failed - no description returned,1766506497.506956
fractal_04649.png,Classification failed - no description returned,1766506497.5069563
fractal_08525.png,Classification failed - no description returned,1766506497.5069568
fractal_06320.png,Classification failed - no description returned,1766506497.5069573
fractal_00958.png,Classification failed - no description returned,1766506497.5069578
fractal_01991.png,Classification failed - no description returned,1766506497.5069585
fractal_06707.png,Classification failed - no description returned,1766506497.5069594
fractal_09707.png,Classification failed - no description returned,1766506497.5069602
fractal_02722.png,Classification failed - no description returned,1766506497.5069609
fractal_02809.png,Classification failed - no description returned,1766506497.5069613
fractal_02984.png,Classification failed - no description returned,1766506497.5069618
fractal_05501.png,Classification failed - no description returned,1766506497.5069625
fractal_00436.png,Classification failed - no description returned,1766506497.506963
fractal_04478.png,Classification failed - no description returned,1766506497.506964
fractal_02357.png,Classification failed - no description returned,1766506497.5069644
fractal_00241.png,Classification failed - no description returned,1766506544.6514692
fractal_04852.png,Classification failed - no description returned,1766506544.651472
fractal_02735.png,Classification failed - no description returned,1766506544.651473
fractal_09021.png,Classification failed - no description returned,1766506544.6514742
fractal_02591.png,Classification failed - no description returned,1766506544.651475
fractal_01598.png,Classification failed - no description returned,1766506544.6514757
fractal_08640.png,Classification failed - no description returned,1766506544.6514764
fractal_05083.png,Classification failed - no description returned,1766506544.6514773
fractal_09480.png,Classification failed - no description returned,1766506544.6514788
fractal_03355.png,Classification failed - no description returned,1766506544.6514795
fractal_08132.png,Classification failed - no description returned,1766506544.6514804
fractal_04969.png,Classification failed - no description returned,1766506544.6514812
fractal_07792.png,Classification failed - no description returned,1766506544.651482
fractal_05504.png,Classification failed - no description returned,1766506544.651483
fractal_09032.png,Classification failed - no description returned,1766506544.6514843
fractal_05908.png,Classification failed - no description returned,1766506544.651485
fractal_06030.png,Classification failed - no description returned,1766506544.6514854
fractal_03246.png,Classification failed - no description returned,1766506544.6514864
fractal_04512.png,Classification failed - no description returned,1766506544.6514869
fractal_09941.png,Classification failed - no description returned,1766506544.6514878
fractal_05313.png,Classification failed - no description returned,1766506544.6514885
fractal_08274.png,Classification failed - no description returned,1766506544.6514893
fractal_08150.png,Classification failed - no description returned,1766506544.6514904
fractal_04613.png,Classification failed - no description returned,1766506544.6514916
fractal_03272.png,Classification failed - no description returned,1766506544.6514924
fractal_03262.png,Classification failed - no description returned,1766506544.6514933
fractal_07141.png,Classification failed - no description returned,1766506544.651494
fractal_09313.png,Classification failed - no description returned,1766506544.651495
fractal_07446.png,Classification failed - no description returned,1766506544.6514957
fractal_06402.png,Classification failed - no description returned,1766506544.6514964
fractal_07387.png,Classification failed - no description returned,1766506544.651498
fractal_03954.png,Classification failed - no description returned,1766506544.651499
fractal_04891.png,Classification failed - no description returned,1766506544.6514997
fractal_06081.png,Classification failed - no description returned,1766506544.6515005
fractal_01831.png,Classification failed - no description returned,1766506544.6515017
fractal_07075.png,Classification failed - no description returned,1766506544.6515026
fractal_08644.png,Classification failed - no description returned,1766506544.6515036
fractal_01844.png,Classification failed - no description returned,1766506544.6515048
fractal_01263.png,Classification failed - no description returned,1766506544.651506
fractal_02019.png,Classification failed - no description returned,1766506544.6515067
fractal_08451.png,Classification failed - no description returned,1766506544.6515076
fractal_05159.png,Classification failed - no description returned,1766506544.6515086
fractal_05360.png,Classification failed - no description returned,1766506544.6515098
fractal_03554.png,Classification failed - no description returned,1766506544.6515105
fractal_01793.png,Classification failed - no description returned,1766506544.6515117
fractal_07158.png,Classification failed - no description returned,1766506544.6515124
fractal_09974.png,Classification failed - no description returned,1766506544.6515133
fractal_05016.png,Classification failed - no description returned,1766506544.6515143
fractal_02211.png,Classification failed - no description returned,1766506544.6515152
fractal_00985.png,Classification failed - no description returned,1766506599.2849114
fractal_09113.png,Classification failed - no description returned,1766506599.284913
fractal_08250.png,Classification failed - no description returned,1766506599.2849138
fractal_04713.png,Classification failed - no description returned,1766506599.2849147
fractal_08685.png,Classification failed - no description returned,1766506599.2849152
fractal_01709.png,Classification failed - no description returned,1766506599.2849157
fractal_08342.png,Classification failed - no description returned,1766506599.2849162
fractal_06994.png,Classification failed - no description returned,1766506599.2849169
fractal_03226.png,Classification failed - no description returned,1766506599.2849176
fractal_03629.png,Classification failed - no description returned,1766506599.2849185
fractal_07534.png,Classification failed - no description returned,1766506599.2849193
fractal_09288.png,Classification failed - no description returned,1766506599.2849197
fractal_00027.png,Classification failed - no description returned,1766506599.2849207
fractal_00265.png,Classification failed - no description returned,1766506599.2849212
fractal_07728.png,Classification failed - no description returned,1766506599.284922
fractal_09273.png,Classification failed - no description returned,1766506599.2849224
fractal_07520.png,Classification failed - no description returned,1766506599.2849233
fractal_01099.png,Classification failed - no description returned,1766506599.2849243
fractal_03025.png,Classification failed - no description returned,1766506599.2849247
fractal_03468.png,Classification failed - no description returned,1766506599.2849255
fractal_09798.png,Classification failed - no description returned,1766506599.2849264
fractal_05324.png,Classification failed - no description returned,1766506599.284927
fractal_09938.png,Classification failed - no description returned,1766506599.2849276
fractal_08822.png,Classification failed - no description returned,1766506599.2849283
fractal_05999.png,Classification failed - no description returned,1766506599.2849288
fractal_05742.png,Classification failed - no description returned,1766506599.2849295
fractal_04191.png,Classification failed - no description returned,1766506599.2849305
fractal_07542.png,Classification failed - no description returned,1766506599.2849312
fractal_04826.png,Classification failed - no description returned,1766506599.284932
fractal_06699.png,Classification failed - no description returned,1766506599.2849324
fractal_05379.png,Classification failed - no description returned,1766506599.284933
fractal_08610.png,Classification failed - no description returned,1766506599.2849336
fractal_06886.png,Classification failed - no description returned,1766506599.2849343
fractal_02487.png,Classification failed - no description returned,1766506599.284935
fractal_04074.png,Classification failed - no description returned,1766506599.2849357
fractal_02033.png,Classification failed - no description returned,1766506599.2849364
fractal_08159.png,Classification failed - no description returned,1766506599.284937
fractal_02557.png,Classification failed - no description returned,1766506599.2849376
fractal_07089.png,Classification failed - no description returned,1766506599.2849388
fractal_03278.png,Classification failed - no description returned,1766506599.2849395
fractal_07383.png,Classification failed - no description returned,1766506599.2849402
fractal_04871.png,Classification failed - no description returned,1766506599.2849407
fractal_08409.png,Classification failed - no description returned,1766506599.2849417
fractal_06052.png,Classification failed - no description returned,1766506599.2849429
fractal_04042.png,Classification failed - no description returned,1766506599.2849433
fractal_05615.png,Classification failed - no description returned,1766506599.2849438
fractal_08379.png,Classification failed - no description returned,1766506599.2849443
fractal_02486.png,Classification failed - no description returned,1766506599.284945
fractal_03143.png,Classification failed - no description returned,1766506599.2849457
fractal_05077.png,Classification failed - no description returned,1766506643.0277712
fractal_00046.png,Classification failed - no description returned,1766506643.027773
fractal_04140.png,Classification failed - no description returned,1766506643.0277736
fractal_09640.png,Classification failed - no description returned,1766506643.027774
fractal_04317.png,Classification failed - no description returned,1766506643.0277748
fractal_09442.png,Classification failed - no description returned,1766506643.0277755
fractal_04603.png,Classification failed - no description returned,1766506643.0277762
fractal_01042.png,Classification failed - no description returned,1766506643.0277767
fractal_01951.png,Classification failed - no description returned,1766506643.0277772
fractal_06803.png,Classification failed - no description returned,1766506643.0277781
fractal_06626.png,Classification failed - no description returned,1766506643.0277786
fractal_00261.png,Classification failed - no description returned,1766506643.0277793
fractal_04472.png,Classification failed - no description returned,1766506643.0277798
fractal_07238.png,Classification failed - no description returned,1766506643.0277803
fractal_09650.png,Classification failed - no description returned,1766506643.0277808
fractal_00134.png,Classification failed - no description returned,1766506643.027781
fractal_04957.png,Classification failed - no description returned,1766506643.027782
fractal_04836.png,Classification failed - no description returned,1766506643.0277827
fractal_09834.png,Classification failed - no description returned,1766506643.0277834
fractal_05575.png,Classification failed - no description returned,1766506643.0277839
fractal_09178.png,Classification failed - no description returned,1766506643.0277843
fractal_03105.png,Classification failed - no description returned,1766506643.027785
fractal_07782.png,Classification failed - no description returned,1766506643.0277855
fractal_04335.png,Classification failed - no description returned,1766506643.027786
fractal_07092.png,Classification failed - no description returned,1766506643.0277865
fractal_02182.png,Classification failed - no description returned,1766506643.0277874
fractal_09754.png,Classification failed - no description returned,1766506643.027788
fractal_06462.png,Classification failed - no description returned,1766506643.0277889
fractal_03075.png,Classification failed - no description returned,1766506643.0277894
fractal_07566.png,Classification failed - no description returned,1766506643.0277898
fractal_08948.png,Classification failed - no description returned,1766506643.0277903
fractal_06220.png,Classification failed - no description returned,1766506643.0277913
fractal_00409.png,Classification failed - no description returned,1766506643.027792
fractal_02671.png,Classification failed - no description returned,1766506643.0277927
fractal_05026.png,Classification failed - no description returned,1766506643.0277934
fractal_05524.png,Classification failed - no description returned,1766506643.0277941
fractal_03347.png,Classification failed - no description returned,1766506643.0277946
fractal_02782.png,Classification failed - no description returned,1766506643.0277956
fractal_08238.png,Classification failed - no description returned,1766506643.027796
fractal_00232.png,Classification failed - no description returned,1766506643.0277965
fractal_00123.png,Classification failed - no description returned,1766506643.0277972
fractal_01766.png,Classification failed - no description returned,1766506643.0277977
fractal_07669.png,Classification failed - no description returned,1766506643.0277984
fractal_09931.png,Classification failed - no description returned,1766506643.0277996
fractal_09649.png,Classification failed - no description returned,1766506643.0278
fractal_00793.png,Classification failed - no description returned,1766506643.0278015
fractal_07096.png,Classification failed - no description returned,1766506643.0278022
fractal_02979.png,Classification failed - no description returned,1766506643.0278034
fractal_03515.png,Classification failed - no description returned,1766506643.027804
fractal_04234.png,Classification failed - no description returned,1766506691.2428958
fractal_03457.png,Classification failed - no description returned,1766506691.242898
fractal_09678.png,Classification failed - no description returned,1766506691.242899
fractal_08051.png,Classification failed - no description returned,1766506691.2428997
fractal_06894.png,Classification failed - no description returned,1766506691.2429004
fractal_08889.png,Classification failed - no description returned,1766506691.2429013
fractal_04949.png,Classification failed - no description returned,1766506691.2429018
fractal_06954.png,Classification failed - no description returned,1766506691.2429023
fractal_02805.png,Classification failed - no description returned,1766506691.2429032
fractal_08627.png,Classification failed - no description returned,1766506691.2429044
fractal_09081.png,Classification failed - no description returned,1766506691.2429056
fractal_07206.png,Classification failed - no description returned,1766506691.2429063
fractal_00340.png,Classification failed - no description returned,1766506691.242907
fractal_00014.png,Classification failed - no description returned,1766506691.242908
fractal_04919.png,Classification failed - no description returned,1766506691.242909
fractal_06714.png,Classification failed - no description returned,1766506691.2429097
fractal_06720.png,Classification failed - no description returned,1766506691.2429106
fractal_07670.png,Classification failed - no description returned,1766506691.2429118
fractal_05579.png,Classification failed - no description returned,1766506691.2429135
fractal_07391.png,Classification failed - no description returned,1766506691.2429142
fractal_08527.png,Classification failed - no description returned,1766506691.2429152
fractal_03373.png,Classification failed - no description returned,1766506691.2429159
fractal_09002.png,Classification failed - no description returned,1766506691.2429166
fractal_05847.png,Classification failed - no description returned,1766506691.2429178
fractal_02338.png,Classification failed - no description returned,1766506691.2429187
fractal_01603.png,Classification failed - no description returned,1766506691.2429194
fractal_07405.png,Classification failed - no description returned,1766506691.2429202
fractal_04774.png,Classification failed - no description returned,1766506691.2429216
fractal_06495.png,Classification failed - no description returned,1766506691.2429223
fractal_08917.png,Classification failed - no description returned,1766506691.242923
fractal_03415.png,Classification failed - no description returned,1766506691.2429237
fractal_09209.png,Classification failed - no description returned,1766506691.2429245
fractal_04671.png,Classification failed - no description returned,1766506691.2429256
fractal_05844.png,Classification failed - no description returned,1766506691.2429266
fractal_02147.png,Classification failed - no description returned,1766506691.2429276
fractal_00690.png,Classification failed - no description returned,1766506691.2429283
fractal_09923.png,Classification failed - no description returned,1766506691.2429297
fractal_06638.png,Classification failed - no description returned,1766506691.2429304
fractal_09909.png,Classification failed - no description returned,1766506691.242931
fractal_09365.png,Classification failed - no description returned,1766506691.242932
fractal_03636.png,Classification failed - no description returned,1766506691.2429333
fractal_09746.png,Classification failed - no description returned,1766506691.2429342
fractal_05304.png,Classification failed - no description returned,1766506691.2429352
fractal_03098.png,Classification failed - no description returned,1766506691.2429361
fractal_04387.png,Classification failed - no description returned,1766506691.2429368
fractal_01964.png,Classification failed - no description returned,1766506691.2429376
fractal_06203.png,Classification failed - no description returned,1766506691.2429383
fractal_03153.png,Classification failed - no description returned,1766506691.2429395
fractal_06059.png,Classification failed - no description returned,1766506691.2429402
fractal_06805.png,Classification failed - no description returned,1766506733.078871
fractal_03054.png,Classification failed - no description returned,1766506733.0788736
fractal_04908.png,Classification failed - no description returned,1766506733.0788746
fractal_06622.png,Classification failed - no description returned,1766506733.0788748
fractal_05316.png,Classification failed - no description returned,1766506733.0788753
fractal_09925.png,Classification failed - no description returned,1766506733.078876
fractal_09353.png,Classification failed - no description returned,1766506733.0788765
fractal_03172.png,Classification failed - no description returned,1766506733.078877
fractal_00277.png,Classification failed - no description returned,1766506733.078878
fractal_07575.png,Classification failed - no description returned,1766506733.0788784
fractal_05870.png,Classification failed - no description returned,1766506733.078879
fractal_04807.png,Classification failed - no description returned,1766506733.0788798
fractal_01379.png,Classification failed - no description returned,1766506733.0788803
fractal_01908.png,Classification failed - no description returned,1766506733.078881
fractal_03898.png,Classification failed - no description returned,1766506733.0788825
fractal_03930.png,Classification failed - no description returned,1766506733.0788832
fractal_00656.png,Classification failed - no description returned,1766506733.078884
fractal_08263.png,Classification failed - no description returned,1766506733.0788844
fractal_01440.png,Classification failed - no description returned,1766506733.078885
fractal_08153.png,Classification failed - no description returned,1766506733.0788858
fractal_09911.png,Classification failed - no description returned,1766506733.0788865
fractal_03387.png,Classification failed - no description returned,1766506733.0788872
fractal_05322.png,Classification failed - no description returned,1766506733.0788882
fractal_02668.png,Classification failed - no description returned,1766506733.0788891
fractal_02116.png,Classification failed - no description returned,1766506733.0788906
fractal_08319.png,Classification failed - no description returned,1766506733.078891
fractal_05921.png,Classification failed - no description returned,1766506733.0788915
fractal_03333.png,Classification failed - no description returned,1766506733.078892
fractal_05001.png,Classification failed - no description returned,1766506733.0788927
fractal_03786.png,Classification failed - no description returned,1766506733.0788934
fractal_07205.png,Classification failed - no description returned,1766506733.0788944
fractal_06880.png,Classification failed - no description returned,1766506733.0788956
fractal_08694.png,Classification failed - no description returned,1766506733.0788963
fractal_08710.png,Classification failed - no description returned,1766506733.0788975
fractal_06656.png,Classification failed - no description returned,1766506733.078898
fractal_09548.png,Classification failed - no description returned,1766506733.0788987
fractal_02386.png,Classification failed - no description returned,1766506733.0788994
fractal_08868.png,Classification failed - no description returned,1766506733.0789003
fractal_00126.png,Classification failed - no description returned,1766506733.078901
fractal_09715.png,Classification failed - no description returned,1766506733.078902
fractal_08620.png,Classification failed - no description returned,1766506733.0789025
fractal_03828.png,Classification failed - no description returned,1766506733.0789032
fractal_07393.png,Classification failed - no description returned,1766506733.078904
fractal_07398.png,Classification failed - no description returned,1766506733.0789049
fractal_00904.png,Classification failed - no description returned,1766506733.0789056
fractal_04011.png,Classification failed - no description returned,1766506733.078906
fractal_02399.png,Classification failed - no description returned,1766506733.0789065
fractal_02278.png,Classification failed - no description returned,1766506733.0789075
fractal_01233.png,Classification failed - no description returned,1766506733.078908
fractal_04391.png,Classification failed - no description returned,1766506785.9131668
fractal_04769.png,Classification failed - no description returned,1766506785.913169
fractal_04881.png,Classification failed - no description returned,1766506785.9131696
fractal_00696.png,Classification failed - no description returned,1766506785.91317
fractal_09612.png,Classification failed - no description returned,1766506785.9131706
fractal_06344.png,Classification failed - no description returned,1766506785.9131715
fractal_07572.png,Classification failed - no description returned,1766506785.9131722
fractal_01638.png,Classification failed - no description returned,1766506785.9131727
fractal_01430.png,Classification failed - no description returned,1766506785.9131732
fractal_07313.png,Classification failed - no description returned,1766506785.913174
fractal_08998.png,Classification failed - no description returned,1766506785.9131749
fractal_00355.png,Classification failed - no description returned,1766506785.9131753
fractal_00921.png,Classification failed - no description returned,1766506785.9131765
fractal_08105.png,Classification failed - no description returned,1766506785.9131773
fractal_01748.png,Classification failed - no description returned,1766506785.9131782
fractal_07807.png,Classification failed - no description returned,1766506785.9131787
fractal_03194.png,Classification failed - no description returned,1766506785.9131799
fractal_01723.png,Classification failed - no description returned,1766506785.9131806
fractal_04108.png,Classification failed - no description returned,1766506785.9131815
fractal_06477.png,Classification failed - no description returned,1766506785.913182
fractal_01634.png,Classification failed - no description returned,1766506785.9131827
fractal_00147.png,Classification failed - no description returned,1766506785.913183
fractal_04811.png,Classification failed - no description returned,1766506785.9131837
fractal_00334.png,Classification failed - no description returned,1766506785.9131844
fractal_07341.png,Classification failed - no description returned,1766506785.9131851
fractal_04068.png,Classification failed - no description returned,1766506785.9131858
fractal_08095.png,Classification failed - no description returned,1766506785.9131866
fractal_03512.png,Classification failed - no description returned,1766506785.913187
fractal_09586.png,Classification failed - no description returned,1766506785.913188
fractal_07416.png,Classification failed - no description returned,1766506785.9131887
fractal_08563.png,Classification failed - no description returned,1766506785.9131894
fractal_05204.png,Classification failed - no description returned,1766506785.91319
fractal_01394.png,Classification failed - no description returned,1766506785.9131904
fractal_08004.png,Classification failed - no description returned,1766506785.913191
fractal_01836.png,Classification failed - no description returned,1766506785.9131923
fractal_03328.png,Classification failed - no description returned,1766506785.913193
fractal_07304.png,Classification failed - no description returned,1766506785.9131935
fractal_05720.png,Classification failed - no description returned,1766506785.9131942
fractal_02806.png,Classification failed - no description returned,1766506785.9131947
fractal_00517.png,Classification failed - no description returned,1766506785.9131958
fractal_07577.png,Classification failed - no description returned,1766506785.9131963
fractal_05547.png,Classification failed - no description returned,1766506785.913197
fractal_02140.png,Classification failed - no description returned,1766506785.9131978
fractal_04678.png,Classification failed - no description returned,1766506785.9131987
fractal_04817.png,Classification failed - no description returned,1766506785.9131997
fractal_09774.png,Classification failed - no description returned,1766506785.9132001
fractal_01049.png,Classification failed - no description returned,1766506785.9132009
fractal_09484.png,Classification failed - no description returned,1766506785.9132013
fractal_04247.png,Classification failed - no description returned,1766506785.9132023
fractal_06294.png,Classification failed - no description returned,1766506824.5200179
fractal_06681.png,Classification failed - no description returned,1766506824.52002
fractal_08844.png,Classification failed - no description returned,1766506824.520021
fractal_07651.png,Classification failed - no description returned,1766506824.5200214
fractal_09641.png,Classification failed - no description returned,1766506824.5200222
fractal_00363.png,Classification failed - no description returned,1766506824.5200229
fractal_05740.png,Classification failed - no description returned,1766506824.5200236
fractal_02799.png,Classification failed - no description returned,1766506824.520024
fractal_02871.png,Classification failed - no description returned,1766506824.520025
fractal_05651.png,Classification failed - no description returned,1766506824.520026
fractal_01435.png,Classification failed - no description returned,1766506824.520027
fractal_07325.png,Classification failed - no description returned,1766506824.5200274
fractal_09052.png,Classification failed - no description returned,1766506824.5200286
fractal_07601.png,Classification failed - no description returned,1766506824.5200295
fractal_07132.png,Classification failed - no description returned,1766506824.52003
fractal_04404.png,Classification failed - no description returned,1766506824.5200307
fractal_03592.png,Classification failed - no description returned,1766506824.520032
fractal_05315.png,Classification failed - no description returned,1766506824.5200331
fractal_01493.png,Classification failed - no description returned,1766506824.5200338
fractal_07797.png,Classification failed - no description returned,1766506824.5200346
fractal_08752.png,Classification failed - no description returned,1766506824.520035
fractal_08885.png,Classification failed - no description returned,1766506824.5200357
fractal_08119.png,Classification failed - no description returned,1766506824.5200367
fractal_05655.png,Classification failed - no description returned,1766506824.5200377
fractal_08551.png,Classification failed - no description returned,1766506824.5200381
fractal_01367.png,Classification failed - no description returned,1766506824.5200388
fractal_04490.png,Classification failed - no description returned,1766506824.52004
fractal_06383.png,Classification failed - no description returned,1766506824.520041
fractal_08255.png,Classification failed - no description returned,1766506824.5200417
fractal_03193.png,Classification failed - no description returned,1766506824.5200422
fractal_03444.png,Classification failed - no description returned,1766506824.5200434
fractal_07500.png,Classification failed - no description returned,1766506824.5200443
fractal_03370.png,Classification failed - no description returned,1766506824.520045
fractal_09962.png,Classification failed - no description returned,1766506824.5200455
fractal_05626.png,Classification failed - no description returned,1766506824.5200467
fractal_04862.png,Classification failed - no description returned,1766506824.5200474
fractal_02885.png,Classification failed - no description returned,1766506824.520048
fractal_05811.png,Classification failed - no description returned,1766506824.5200486
fractal_02129.png,Classification failed - no description returned,1766506824.520049
fractal_06088.png,Classification failed - no description returned,1766506824.5200498
fractal_01503.png,Classification failed - no description returned,1766506824.5200505
fractal_07373.png,Classification failed - no description returned,1766506824.5200512
fractal_07856.png,Classification failed - no description returned,1766506824.5200524
fractal_05739.png,Classification failed - no description returned,1766506824.520053
fractal_02192.png,Classification failed - no description returned,1766506824.5200539
fractal_03510.png,Classification failed - no description returned,1766506824.5200546
fractal_01332.png,Classification failed - no description returned,1766506824.520055
fractal_05922.png,Classification failed - no description returned,1766506824.520056
fractal_00133.png,Classification failed - no description returned,1766506824.5200565
fractal_09520.png,Classification failed - no description returned,1766506876.9483757
fractal_03656.png,Classification failed - no description returned,1766506876.9483783
fractal_01045.png,Classification failed - no description returned,1766506876.9483793
fractal_08728.png,Classification failed - no description returned,1766506876.9483802
fractal_00982.png,Classification failed - no description returned,1766506876.948381
fractal_03876.png,Classification failed - no description returned,1766506876.9483817
fractal_04079.png,Classification failed - no description returned,1766506876.9483821
fractal_07581.png,Classification failed - no description returned,1766506876.9483826
fractal_01089.png,Classification failed - no description returned,1766506876.9483838
fractal_00022.png,Classification failed - no description returned,1766506876.9483848
fractal_07424.png,Classification failed - no description returned,1766506876.9483855
fractal_07345.png,Classification failed - no description returned,1766506876.9483862
fractal_03936.png,Classification failed - no description returned,1766506876.9483871
fractal_01490.png,Classification failed - no description returned,1766506876.9483879
fractal_09157.png,Classification failed - no description returned,1766506876.9483886
fractal_03706.png,Classification failed - no description returned,1766506876.9483893
fractal_08805.png,Classification failed - no description returned,1766506876.9483907
fractal_05256.png,Classification failed - no description returned,1766506876.9483917
fractal_03776.png,Classification failed - no description returned,1766506876.9483924
fractal_01186.png,Classification failed - no description returned,1766506876.948393
fractal_07857.png,Classification failed - no description returned,1766506876.9483943
fractal_06438.png,Classification failed - no description returned,1766506876.948395
fractal_04372.png,Classification failed - no description returned,1766506876.9483957
fractal_06996.png,Classification failed - no description returned,1766506876.9483967
fractal_04199.png,Classification failed - no description returned,1766506876.9483976
fractal_05126.png,Classification failed - no description returned,1766506876.9483988
fractal_07813.png,Classification failed - no description returned,1766506876.9483998
fractal_08579.png,Classification failed - no description returned,1766506876.9484005
fractal_01614.png,Classification failed - no description returned,1766506876.9484015
fractal_01956.png,Classification failed - no description returned,1766506876.9484022
fractal_08537.png,Classification failed - no description returned,1766506876.9484031
fractal_00864.png,Classification failed - no description returned,1766506876.9484043
fractal_03207.png,Classification failed - no description returned,1766506876.9484048
fractal_05361.png,Classification failed - no description returned,1766506876.9484057
fractal_09677.png,Classification failed - no description returned,1766506876.9484067
fractal_08847.png,Classification failed - no description returned,1766506876.948408
fractal_02924.png,Classification failed - no description returned,1766506876.9484084
fractal_09388.png,Classification failed - no description returned,1766506876.948409
fractal_07270.png,Classification failed - no description returned,1766506876.94841
fractal_08800.png,Classification failed - no description returned,1766506876.948411
fractal_09269.png,Classification failed - no description returned,1766506876.948412
fractal_09787.png,Classification failed - no description returned,1766506876.9484127
fractal_00048.png,Classification failed - no description returned,1766506876.9484143
fractal_06066.png,Classification failed - no description returned,1766506876.9484148
fractal_06093.png,Classification failed - no description returned,1766506876.9484158
fractal_02479.png,Classification failed - no description returned,1766506876.9484165
fractal_00801.png,Classification failed - no description returned,1766506876.9484172
fractal_06033.png,Classification failed - no description returned,1766506876.9484181
fractal_00946.png,Classification failed - no description returned,1766506876.9484189
fractal_05118.png,Classification failed - no description returned,1766506933.8645887
fractal_03647.png,Classification failed - no description returned,1766506933.8645906
fractal_09426.png,Classification failed - no description returned,1766506933.8645911
fractal_07131.png,Classification failed - no description returned,1766506933.8645918
fractal_09340.png,Classification failed - no description returned,1766506933.8645923
fractal_08147.png,Classification failed - no description returned,1766506933.8645928
fractal_05798.png,Classification failed - no description returned,1766506933.8645935
fractal_07191.png,Classification failed - no description returned,1766506933.864594
fractal_06964.png,Classification failed - no description returned,1766506933.8645945
fractal_08820.png,Classification failed - no description returned,1766506933.8645954
fractal_00669.png,Classification failed - no description returned,1766506933.864596
fractal_00937.png,Classification failed - no description returned,1766506933.8645964
fractal_00927.png,Classification failed - no description returned,1766506933.864597
fractal_08142.png,Classification failed - no description returned,1766506933.8645978
fractal_03418.png,Classification failed - no description returned,1766506933.8645983
fractal_02886.png,Classification failed - no description returned,1766506933.8645992
fractal_07885.png,Classification failed - no description returned,1766506933.8645997
fractal_08958.png,Classification failed - no description returned,1766506933.8646007
fractal_01409.png,Classification failed - no description returned,1766506933.8646011
fractal_07390.png,Classification failed - no description returned,1766506933.8646016
fractal_09623.png,Classification failed - no description returned,1766506933.8646023
fractal_06165.png,Classification failed - no description returned,1766506933.864603
fractal_03723.png,Classification failed - no description returned,1766506933.8646038
fractal_04797.png,Classification failed - no description returned,1766506933.8646045
fractal_06031.png,Classification failed - no description returned,1766506933.864605
fractal_09936.png,Classification failed - no description returned,1766506933.8646054
fractal_06251.png,Classification failed - no description returned,1766506933.8646061
fractal_04145.png,Classification failed - no description returned,1766506933.8646069
fractal_07742.png,Classification failed - no description returned,1766506933.8646076
fractal_00139.png,Classification failed - no description returned,1766506933.8646085
fractal_07951.png,Classification failed - no description returned,1766506933.8646092
fractal_00615.png,Classification failed - no description returned,1766506933.86461
fractal_03609.png,Classification failed - no description returned,1766506933.8646111
fractal_03949.png,Classification failed - no description returned,1766506933.8646116
fractal_06768.png,Classification failed - no description returned,1766506933.8646123
fractal_06918.png,Classification failed - no description returned,1766506933.8646128
fractal_04189.png,Classification failed - no description returned,1766506933.8646135
fractal_02143.png,Classification failed - no description returned,1766506933.8646142
fractal_05330.png,Classification failed - no description returned,1766506933.8646152
fractal_00565.png,Classification failed - no description returned,1766506933.8646157
fractal_02334.png,Classification failed - no description returned,1766506933.8646162
fractal_04362.png,Classification failed - no description returned,1766506933.8646166
fractal_06337.png,Classification failed - no description returned,1766506933.864617
fractal_05089.png,Classification failed - no description returned,1766506933.8646178
fractal_09877.png,Classification failed - no description returned,1766506933.8646185
fractal_06333.png,Classification failed - no description returned,1766506933.8646195
fractal_08858.png,Classification failed - no description returned,1766506933.86462
fractal_05914.png,Classification failed - no description returned,1766506933.8646204
fractal_04578.png,Classification failed - no description returned,1766506933.8646214
fractal_04093.png,Classification failed - no description returned,1766506990.600928
fractal_09057.png,Classification failed - no description returned,1766506990.6009302
fractal_06280.png,Classification failed - no description returned,1766506990.6009312
fractal_09298.png,Classification failed - no description returned,1766506990.6009316
fractal_05423.png,Classification failed - no description returned,1766506990.6009326
fractal_00076.png,Classification failed - no description returned,1766506990.600933
fractal_04166.png,Classification failed - no description returned,1766506990.600934
fractal_02945.png,Classification failed - no description returned,1766506990.6009347
fractal_02276.png,Classification failed - no description returned,1766506990.6009352
fractal_03326.png,Classification failed - no description returned,1766506990.600936
fractal_04983.png,Classification failed - no description returned,1766506990.600937
fractal_03080.png,Classification failed - no description returned,1766506990.6009374
fractal_02894.png,Classification failed - no description returned,1766506990.6009383
fractal_06308.png,Classification failed - no description returned,1766506990.6009388
fractal_02853.png,Classification failed - no description returned,1766506990.6009393
fractal_01943.png,Classification failed - no description returned,1766506990.6009398
fractal_04904.png,Classification failed - no description returned,1766506990.6009407
fractal_08116.png,Classification failed - no description returned,1766506990.600942
fractal_02674.png,Classification failed - no description returned,1766506990.6009426
fractal_01699.png,Classification failed - no description returned,1766506990.6009433
fractal_05627.png,Classification failed - no description returned,1766506990.6009438
fractal_03813.png,Classification failed - no description returned,1766506990.6009448
fractal_07136.png,Classification failed - no description returned,1766506990.6009455
fractal_07663.png,Classification failed - no description returned,1766506990.600946
fractal_05329.png,Classification failed - no description returned,1766506990.6009464
fractal_09006.png,Classification failed - no description returned,1766506990.6009471
fractal_07444.png,Classification failed - no description returned,1766506990.6009483
fractal_02426.png,Classification failed - no description returned,1766506990.600949
fractal_08530.png,Classification failed - no description returned,1766506990.6009498
fractal_07207.png,Classification failed - no description returned,1766506990.6009502
fractal_07713.png,Classification failed - no description returned,1766506990.600951
fractal_01496.png,Classification failed - no description returned,1766506990.600952
fractal_02289.png,Classification failed - no description returned,1766506990.6009529
fractal_04964.png,Classification failed - no description returned,1766506990.6009536
fractal_08339.png,Classification failed - no description returned,1766506990.6009543
fractal_01152.png,Classification failed - no description returned,1766506990.6009552
fractal_04112.png,Classification failed - no description returned,1766506990.6009562
fractal_04753.png,Classification failed - no description returned,1766506990.6009567
fractal_04127.png,Classification failed - no description returned,1766506990.6009572
fractal_00627.png,Classification failed - no description returned,1766506990.6009579
fractal_04945.png,Classification failed - no description returned,1766506990.6009583
fractal_09801.png,Classification failed - no description returned,1766506990.6009593
fractal_09489.png,Classification failed - no description returned,1766506990.6009598
fractal_09921.png,Classification failed - no description returned,1766506990.6009605
fractal_00066.png,Classification failed - no description returned,1766506990.600961
fractal_02955.png,Classification failed - no description returned,1766506990.6009614
fractal_07967.png,Classification failed - no description returned,1766506990.6009624
fractal_05988.png,Classification failed - no description returned,1766506990.6009629
fractal_09007.png,Classification failed - no description returned,1766506990.6009634
fractal_09879.png,Classification failed - no description returned,1766507030.3910022
fractal_00722.png,Classification failed - no description returned,1766507030.3910038
fractal_00774.png,Classification failed - no description returned,1766507030.391005
fractal_01629.png,Classification failed - no description returned,1766507030.3910058
fractal_07486.png,Classification failed - no description returned,1766507030.3910062
fractal_08520.png,Classification failed - no description returned,1766507030.391007
fractal_09856.png,Classification failed - no description returned,1766507030.3910074
fractal_09406.png,Classification failed - no description returned,1766507030.391008
fractal_08876.png,Classification failed - no description returned,1766507030.391009
fractal_08786.png,Classification failed - no description returned,1766507030.3910096
fractal_06266.png,Classification failed - no description returned,1766507030.39101
fractal_06883.png,Classification failed - no description returned,1766507030.3910108
fractal_09045.png,Classification failed - no description returned,1766507030.3910112
fractal_07148.png,Classification failed - no description returned,1766507030.3910122
fractal_08899.png,Classification failed - no description returned,1766507030.391013
fractal_03505.png,Classification failed - no description returned,1766507030.3910134
fractal_05386.png,Classification failed - no description returned,1766507030.3910139
fractal_09419.png,Classification failed - no description returned,1766507030.3910146
fractal_08069.png,Classification failed - no description returned,1766507030.391015
fractal_09753.png,Classification failed - no description returned,1766507030.3910158
fractal_06246.png,Classification failed - no description returned,1766507030.3910167
fractal_07234.png,Classification failed - no description returned,1766507030.3910172
fractal_03850.png,Classification failed - no description returned,1766507030.391018
fractal_07889.png,Classification failed - no description returned,1766507030.3910184
fractal_01137.png,Classification failed - no description returned,1766507030.391019
fractal_03045.png,Classification failed - no description returned,1766507030.3910198
fractal_01427.png,Classification failed - no description returned,1766507030.3910205
fractal_09260.png,Classification failed - no description returned,1766507030.3910215
fractal_05764.png,Classification failed - no description returned,1766507030.3910224
fractal_05973.png,Classification failed - no description returned,1766507030.3910232
fractal_04397.png,Classification failed - no description returned,1766507030.391024
fractal_00089.png,Classification failed - no description returned,1766507030.391025
fractal_07397.png,Classification failed - no description returned,1766507030.3910263
fractal_01511.png,Classification failed - no description returned,1766507030.3910267
fractal_01011.png,Classification failed - no description returned,1766507030.3910277
fractal_08765.png,Classification failed - no description returned,1766507030.3910284
fractal_04098.png,Classification failed - no description returned,1766507030.3910294
fractal_01485.png,Classification failed - no description returned,1766507030.3910298
fractal_06001.png,Classification failed - no description returned,1766507030.3910306
fractal_09211.png,Classification failed - no description returned,1766507030.3910313
fractal_05469.png,Classification failed - no description returned,1766507030.391032
fractal_08504.png,Classification failed - no description returned,1766507030.3910334
fractal_07114.png,Classification failed - no description returned,1766507030.391034
fractal_09030.png,Classification failed - no description returned,1766507030.3910346
fractal_07810.png,Classification failed - no description returned,1766507030.391035
fractal_08361.png,Classification failed - no description returned,1766507030.3910356
fractal_00743.png,Classification failed - no description returned,1766507030.3910367
fractal_04959.png,Classification failed - no description returned,1766507030.3910375
fractal_09597.png,Classification failed - no description returned,1766507030.3910382
fractal_01193.png,"**Form and structure**: Angular, intersecting light yellow lines on black; thin, sharp, geometric structure. **Color patterns**: Pale yellow palette with subtle white highlights. **Textural qualities**: Crisp, linear texture with clean edges. **Abstract resemblances**: Resembles a star or abstract geometric cross.",1766507077.067781
fractal_07694.png,"**Form and structure**: Organic, swirling pale green-yellow curves forming a loose spiral. **Color patterns**: Soft green-yellow palette with warm undertones. **Textural qualities**: Translucent, wispy texture with a glowing effect. **Abstract resemblances**: Nebula or smoke in a cosmic setting.",1766507077.0677826
fractal_05492.png,"**Form and structure**: Tangled, curvy light yellow lines creating an intricate, layered shape. **Color patterns**: Warm yellow palette with slight",1766507077.0677834
fractal_05843.png,Classification failed - no description returned,1766507077.0677838
fractal_08279.png,Classification failed - no description returned,1766507077.0677845
fractal_06407.png,Classification failed - no description returned,1766507077.0677853
fractal_04420.png,Classification failed - no description returned,1766507077.067786
fractal_01560.png,Classification failed - no description returned,1766507077.0677865
fractal_03070.png,Classification failed - no description returned,1766507077.0677872
fractal_07491.png,Classification failed - no description returned,1766507077.067788
fractal_00237.png,Classification failed - no description returned,1766507077.0677886
fractal_07976.png,Classification failed - no description returned,1766507077.067789
fractal_06608.png,Classification failed - no description returned,1766507077.0677898
fractal_06569.png,Classification failed - no description returned,1766507077.0677905
fractal_03611.png,Classification failed - no description returned,1766507077.067791
fractal_00687.png,Classification failed - no description returned,1766507077.067792
fractal_09799.png,Classification failed - no description returned,1766507077.0677924
fractal_03015.png,Classification failed - no description returned,1766507077.067793
fractal_09205.png,Classification failed - no description returned,1766507077.0677938
fractal_09466.png,Classification failed - no description returned,1766507077.0677943
fractal_00091.png,Classification failed - no description returned,1766507077.067795
fractal_03570.png,Classification failed - no description returned,1766507077.0677953
fractal_06352.png,Classification failed - no description returned,1766507077.067796
fractal_07355.png,Classification failed - no description returned,1766507077.0677965
fractal_05183.png,Classification failed - no description returned,1766507077.067797
fractal_00623.png,Classification failed - no description returned,1766507077.0677977
fractal_09286.png,Classification failed - no description returned,1766507077.0677986
fractal_04295.png,Classification failed - no description returned,1766507077.0677993
fractal_05548.png,Classification failed - no description returned,1766507077.0677998
fractal_01410.png,Classification failed - no description returned,1766507077.0678003
fractal_05114.png,Classification failed - no description returned,1766507077.0678008
fractal_05789.png,Classification failed - no description returned,1766507077.067802
fractal_06172.png,Classification failed - no description returned,1766507077.0678022
fractal_06458.png,Classification failed - no description returned,1766507077.067803
fractal_06237.png,Classification failed - no description returned,1766507077.0678034
fractal_05433.png,Classification failed - no description returned,1766507077.067804
fractal_01073.png,Classification failed - no description returned,1766507077.0678046
fractal_08272.png,Classification failed - no description returned,1766507077.0678058
fractal_04865.png,Classification failed - no description returned,1766507077.0678062
fractal_08431.png,Classification failed - no description returned,1766507077.0678067
fractal_04635.png,Classification failed - no description returned,1766507077.0678072
fractal_08987.png,Classification failed - no description returned,1766507077.067808
fractal_03218.png,Classification failed - no description returned,1766507077.0678086
fractal_01447.png,Classification failed - no description returned,1766507077.067809
fractal_02498.png,Classification failed - no description returned,1766507077.0678096
fractal_01691.png,Classification failed - no description returned,1766507077.0678103
fractal_00112.png,Classification failed - no description returned,1766507077.0678105
fractal_08641.png,Classification failed - no description returned,1766507077.0678113
fractal_04673.png,Classification failed - no description returned,1766507077.0678117
fractal_03175.png,Classification failed - no description returned,1766507116.3055727
fractal_02001.png,Classification failed - no description returned,1766507116.3055744
fractal_09659.png,Classification failed - no description returned,1766507116.3055756
fractal_04126.png,Classification failed - no description returned,1766507116.305576
fractal_04868.png,Classification failed - no description returned,1766507116.305577
fractal_07790.png,Classification failed - no description returned,1766507116.3055778
fractal_03933.png,Classification failed - no description returned,1766507116.3055782
fractal_05145.png,Classification failed - no description returned,1766507116.3055785
fractal_02310.png,Classification failed - no description returned,1766507116.3055794
fractal_07436.png,Classification failed - no description returned,1766507116.3055804
fractal_02190.png,Classification failed - no description returned,1766507116.3055809
fractal_00186.png,Classification failed - no description returned,1766507116.3055813
fractal_06435.png,Classification failed - no description returned,1766507116.3055818
fractal_02141.png,Classification failed - no description returned,1766507116.3055823
fractal_02548.png,Classification failed - no description returned,1766507116.3055835
fractal_01438.png,Classification failed - no description returned,1766507116.305584
fractal_06631.png,Classification failed - no description returned,1766507116.3055847
fractal_04712.png,Classification failed - no description returned,1766507116.3055851
fractal_00434.png,Classification failed - no description returned,1766507116.3055859
fractal_08665.png,Classification failed - no description returned,1766507116.3055863
fractal_04577.png,Classification failed - no description returned,1766507116.3055873
fractal_05514.png,Classification failed - no description returned,1766507116.3055878
fractal_07498.png,Classification failed - no description returned,1766507116.3055894
fractal_07842.png,Classification failed - no description returned,1766507116.3055904
fractal_06835.png,Classification failed - no description returned,1766507116.305591
fractal_08126.png,Classification failed - no description returned,1766507116.3055916
fractal_02119.png,Classification failed - no description returned,1766507116.305592
fractal_04469.png,Classification failed - no description returned,1766507116.3055928
fractal_02446.png,Classification failed - no description returned,1766507116.3055933
fractal_09463.png,Classification failed - no description returned,1766507116.305594
fractal_01156.png,Classification failed - no description returned,1766507116.305595
fractal_02080.png,Classification failed - no description returned,1766507116.3055956
fractal_02582.png,Classification failed - no description returned,1766507116.305596
fractal_05485.png,Classification failed - no description returned,1766507116.3055968
fractal_01307.png,Classification failed - no description returned,1766507116.3055975
fractal_01917.png,Classification failed - no description returned,1766507116.3055983
fractal_07607.png,Classification failed - no description returned,1766507116.3055992
fractal_02724.png,Classification failed - no description returned,1766507116.3055997
fractal_07558.png,Classification failed - no description returned,1766507116.3056004
fractal_02198.png,Classification failed - no description returned,1766507116.3056014
fractal_04585.png,Classification failed - no description returned,1766507116.305602
fractal_02609.png,Classification failed - no description returned,1766507116.305603
fractal_07344.png,Classification failed - no description returned,1766507116.3056035
fractal_05796.png,Classification failed - no description returned,1766507116.305604
fractal_05095.png,Classification failed - no description returned,1766507116.3056047
fractal_00887.png,Classification failed - no description returned,1766507116.3056052
fractal_05916.png,Classification failed - no description returned,1766507116.3056056
fractal_07931.png,Classification failed - no description returned,1766507116.3056064
fractal_08138.png,Classification failed - no description returned,1766507116.305607
fractal_09155.png,Classification failed - no description returned,1766507156.9119134
fractal_01526.png,Classification failed - no description returned,1766507156.911916
fractal_02918.png,Classification failed - no description returned,1766507156.911917
fractal_04855.png,Classification failed - no description returned,1766507156.9119177
fractal_09416.png,Classification failed - no description returned,1766507156.9119186
fractal_04296.png,Classification failed - no description returned,1766507156.911919
fractal_00476.png,Classification failed - no description returned,1766507156.9119196
fractal_09907.png,Classification failed - no description returned,1766507156.91192
fractal_07761.png,Classification failed - no description returned,1766507156.9119205
fractal_02476.png,Classification failed - no description returned,1766507156.9119213
fractal_03217.png,Classification failed - no description returned,1766507156.9119222
fractal_05462.png,Classification failed - no description returned,1766507156.911923
fractal_06139.png,Classification failed - no description returned,1766507156.9119234
fractal_07030.png,Classification failed - no description returned,1766507156.911924
fractal_03440.png,Classification failed - no description returned,1766507156.9119244
fractal_08532.png,Classification failed - no description returned,1766507156.9119253
fractal_02244.png,Classification failed - no description returned,1766507156.911926
fractal_05675.png,Classification failed - no description returned,1766507156.9119267
fractal_05112.png,Classification failed - no description returned,1766507156.9119275
fractal_06167.png,Classification failed - no description returned,1766507156.9119282
fractal_02536.png,Classification failed - no description returned,1766507156.9119287
fractal_01252.png,Classification failed - no description returned,1766507156.9119294
fractal_06231.png,Classification failed - no description returned,1766507156.9119303
fractal_03138.png,Classification failed - no description returned,1766507156.911931
fractal_06053.png,Classification failed - no description returned,1766507156.911932
fractal_08423.png,Classification failed - no description returned,1766507156.9119325
fractal_00401.png,Classification failed - no description returned,1766507156.9119332
fractal_08836.png,Classification failed - no description returned,1766507156.9119341
fractal_05484.png,Classification failed - no description returned,1766507156.9119346
fractal_08046.png,Classification failed - no description returned,1766507156.9119356
fractal_04994.png,Classification failed - no description returned,1766507156.911936
fractal_05991.png,Classification failed - no description returned,1766507156.9119368
fractal_03319.png,Classification failed - no description returned,1766507156.9119372
fractal_03118.png,Classification failed - no description returned,1766507156.9119382
fractal_02209.png,Classification failed - no description returned,1766507156.9119391
fractal_00637.png,Classification failed - no description returned,1766507156.9119396
fractal_02537.png,Classification failed - no description returned,1766507156.91194
fractal_04743.png,Classification failed - no description returned,1766507156.9119408
fractal_06938.png,Classification failed - no description returned,1766507156.911942
fractal_09782.png,Classification failed - no description returned,1766507156.911943
fractal_00715.png,Classification failed - no description returned,1766507156.9119434
fractal_09919.png,Classification failed - no description returned,1766507156.911944
fractal_03342.png,Classification failed - no description returned,1766507156.9119446
fractal_04598.png,Classification failed - no description returned,1766507156.9119458
fractal_03181.png,Classification failed - no description returned,1766507156.9119463
fractal_04115.png,Classification failed - no description returned,1766507156.9119468
fractal_01971.png,Classification failed - no description returned,1766507156.9119473
fractal_06888.png,Classification failed - no description returned,1766507156.9119482
fractal_03312.png,Classification failed - no description returned,1766507156.9119492
fractal_05864.png,Classification failed - no description returned,1766507208.5768464
fractal_05895.png,Classification failed - no description returned,1766507208.576849
fractal_02283.png,Classification failed - no description returned,1766507208.5768497
fractal_08944.png,Classification failed - no description returned,1766507208.5768502
fractal_03519.png,Classification failed - no description returned,1766507208.576851
fractal_04923.png,Classification failed - no description returned,1766507208.5768516
fractal_06865.png,Classification failed - no description returned,1766507208.5768523
fractal_08738.png,Classification failed - no description returned,1766507208.576853
fractal_07235.png,Classification failed - no description returned,1766507208.5768535
fractal_08916.png,Classification failed - no description returned,1766507208.5768542
fractal_08583.png,Classification failed - no description returned,1766507208.576855
fractal_05782.png,Classification failed - no description returned,1766507208.5768561
fractal_01742.png,Classification failed - no description returned,1766507208.5768566
fractal_09012.png,Classification failed - no description returned,1766507208.576857
fractal_05543.png,Classification failed - no description returned,1766507208.5768578
fractal_06132.png,Classification failed - no description returned,1766507208.576858
fractal_05910.png,Classification failed - no description returned,1766507208.576859
fractal_04239.png,Classification failed - no description returned,1766507208.5768595
fractal_03165.png,Classification failed - no description returned,1766507208.5768607
fractal_09805.png,Classification failed - no description returned,1766507208.5768616
fractal_00325.png,Classification failed - no description returned,1766507208.576862
fractal_09252.png,Classification failed - no description returned,1766507208.576863
fractal_01138.png,Classification failed - no description returned,1766507208.5768638
fractal_08959.png,Classification failed - no description returned,1766507208.5768645
fractal_03993.png,Classification failed - no description returned,1766507208.5768652
fractal_06597.png,Classification failed - no description returned,1766507208.5768661
fractal_05045.png,Classification failed - no description returned,1766507208.5768669
fractal_01605.png,Classification failed - no description returned,1766507208.5768676
fractal_06496.png,Classification failed - no description returned,1766507208.5768683
fractal_04057.png,Classification failed - no description returned,1766507208.5768688
fractal_09071.png,Classification failed - no description returned,1766507208.5768695
fractal_03695.png,Classification failed - no description returned,1766507208.5768702
fractal_00638.png,Classification failed - no description returned,1766507208.5768707
fractal_01306.png,Classification failed - no description returned,1766507208.5768716
fractal_07291.png,Classification failed - no description returned,1766507208.5768726
fractal_08960.png,Classification failed - no description returned,1766507208.5768735
fractal_00647.png,Classification failed - no description returned,1766507208.576874
fractal_04607.png,Classification failed - no description returned,1766507208.5768743
fractal_02043.png,Classification failed - no description returned,1766507208.576875
fractal_04570.png,Classification failed - no description returned,1766507208.5768757
fractal_07560.png,Classification failed - no description returned,1766507208.5768766
fractal_01159.png,Classification failed - no description returned,1766507208.576877
fractal_06399.png,Classification failed - no description returned,1766507208.5768783
fractal_07883.png,Classification failed - no description returned,1766507208.5768785
fractal_03893.png,Classification failed - no description returned,1766507208.5768795
fractal_06371.png,Classification failed - no description returned,1766507208.57688
fractal_02534.png,Classification failed - no description returned,1766507208.5768807
fractal_03742.png,Classification failed - no description returned,1766507208.5768814
fractal_09644.png,Classification failed - no description returned,1766507208.576882
fractal_05578.png,Classification failed - no description returned,1766507248.534475
fractal_05842.png,Classification failed - no description returned,1766507248.5344775
fractal_09953.png,Classification failed - no description returned,1766507248.5344787
fractal_04040.png,Classification failed - no description returned,1766507248.5344794
fractal_01197.png,Classification failed - no description returned,1766507248.53448
fractal_01278.png,Classification failed - no description returned,1766507248.534481
fractal_04251.png,Classification failed - no description returned,1766507248.534482
fractal_06604.png,Classification failed - no description returned,1766507248.5344825
fractal_04810.png,Classification failed - no description returned,1766507248.5344834
fractal_07213.png,Classification failed - no description returned,1766507248.5344844
fractal_09992.png,Classification failed - no description returned,1766507248.5344858
fractal_00125.png,Classification failed - no description returned,1766507248.5344865
fractal_03439.png,Classification failed - no description returned,1766507248.5344872
fractal_04459.png,Classification failed - no description returned,1766507248.534488
fractal_01681.png,Classification failed - no description returned,1766507248.5344892
fractal_05241.png,Classification failed - no description returned,1766507248.5344899
fractal_06064.png,Classification failed - no description returned,1766507248.5344908
fractal_00550.png,Classification failed - no description returned,1766507248.534492
fractal_04273.png,Classification failed - no description returned,1766507248.5344932
fractal_07652.png,Classification failed - no description returned,1766507248.5344942
fractal_02791.png,Classification failed - no description returned,1766507248.5344949
fractal_09069.png,Classification failed - no description returned,1766507248.5344956
fractal_08306.png,Classification failed - no description returned,1766507248.5344968
fractal_06978.png,Classification failed - no description returned,1766507248.5344977
fractal_08840.png,Classification failed - no description returned,1766507248.5344985
fractal_00056.png,Classification failed - no description returned,1766507248.5344996
fractal_02780.png,Classification failed - no description returned,1766507248.5345008
fractal_04703.png,Classification failed - no description returned,1766507248.5345016
fractal_02640.png,Classification failed - no description returned,1766507248.5345025
fractal_00316.png,Classification failed - no description returned,1766507248.5345032
fractal_04221.png,Classification failed - no description returned,1766507248.5345042
fractal_01978.png,Classification failed - no description returned,1766507248.5345054
fractal_08167.png,Classification failed - no description returned,1766507248.534506
fractal_07835.png,Classification failed - no description returned,1766507248.534507
fractal_07095.png,Classification failed - no description returned,1766507248.534508
fractal_02719.png,Classification failed - no description returned,1766507248.534509
fractal_01794.png,Classification failed - no description returned,1766507248.53451
fractal_04653.png,Classification failed - no description returned,1766507248.5345106
fractal_00394.png,Classification failed - no description returned,1766507248.5345113
fractal_06393.png,Classification failed - no description returned,1766507248.534512
fractal_07453.png,Classification failed - no description returned,1766507248.5345132
fractal_00288.png,Classification failed - no description returned,1766507248.5345142
fractal_01422.png,Classification failed - no description returned,1766507248.5345151
fractal_00128.png,Classification failed - no description returned,1766507248.5345166
fractal_01675.png,Classification failed - no description returned,1766507248.5345173
fractal_06382.png,Classification failed - no description returned,1766507248.534518
fractal_09228.png,Classification failed - no description returned,1766507248.5345187
fractal_06125.png,Classification failed - no description returned,1766507248.53452
fractal_05143.png,Classification failed - no description returned,1766507248.5345209
fractal_07532.png,Classification failed - no description returned,1766507302.7432396
fractal_00000.png,Classification failed - no description returned,1766507302.7432425
fractal_00620.png,Classification failed - no description returned,1766507302.7432435
fractal_06398.png,Classification failed - no description returned,1766507302.743244
fractal_04729.png,Classification failed - no description returned,1766507302.7432446
fractal_04212.png,Classification failed - no description returned,1766507302.7432451
fractal_05071.png,Classification failed - no description returned,1766507302.7432456
fractal_01199.png,Classification failed - no description returned,1766507302.743246
fractal_09055.png,Classification failed - no description returned,1766507302.743247
fractal_03198.png,Classification failed - no description returned,1766507302.743248
fractal_03038.png,Classification failed - no description returned,1766507302.7432487
fractal_06288.png,Classification failed - no description returned,1766507302.7432494
fractal_06472.png,Classification failed - no description returned,1766507302.74325
fractal_03090.png,Classification failed - no description returned,1766507302.7432504
fractal_07319.png,Classification failed - no description returned,1766507302.7432516
fractal_07032.png,Classification failed - no description returned,1766507302.7432523
fractal_07366.png,Classification failed - no description returned,1766507302.743253
fractal_01048.png,Classification failed - no description returned,1766507302.7432537
fractal_05885.png,Classification failed - no description returned,1766507302.7432544
fractal_05939.png,Classification failed - no description returned,1766507302.743256
fractal_03170.png,Classification failed - no description returned,1766507302.7432566
fractal_01849.png,Classification failed - no description returned,1766507302.7432573
fractal_07223.png,Classification failed - no description returned,1766507302.743258
fractal_04286.png,Classification failed - no description returned,1766507302.7432594
fractal_01143.png,Classification failed - no description returned,1766507302.7432604
fractal_01210.png,Classification failed - no description returned,1766507302.743261
fractal_02725.png,Classification failed - no description returned,1766507302.7432618
fractal_00440.png,Classification failed - no description returned,1766507302.7432625
fractal_01020.png,Classification failed - no description returned,1766507302.7432632
fractal_06430.png,Classification failed - no description returned,1766507302.743264
fractal_07317.png,Classification failed - no description returned,1766507302.743265
fractal_07904.png,Classification failed - no description returned,1766507302.7432663
fractal_01324.png,Classification failed - no description returned,1766507302.743267
fractal_07402.png,Classification failed - no description returned,1766507302.7432678
fractal_05185.png,Classification failed - no description returned,1766507302.7432685
fractal_05980.png,Classification failed - no description returned,1766507302.7432694
fractal_09285.png,Classification failed - no description returned,1766507302.7432704
fractal_01672.png,Classification failed - no description returned,1766507302.7432718
fractal_09534.png,Classification failed - no description returned,1766507302.743273
fractal_00149.png,Classification failed - no description returned,1766507302.743274
fractal_06079.png,Classification failed - no description returned,1766507302.743275
fractal_04988.png,Classification failed - no description returned,1766507302.7432754
fractal_08424.png,Classification failed - no description returned,1766507302.743293
fractal_00419.png,Classification failed - no description returned,1766507302.743294
fractal_02723.png,Classification failed - no description returned,1766507302.743295
fractal_01572.png,Classification failed - no description returned,1766507302.743296
fractal_06336.png,Classification failed - no description returned,1766507302.7432966
fractal_08943.png,Classification failed - no description returned,1766507302.7432973
fractal_01611.png,Classification failed - no description returned,1766507302.743298
fractal_00364.png,Classification failed - no description returned,1766507346.245372
fractal_03360.png,Classification failed - no description returned,1766507346.2453742
fractal_08859.png,Classification failed - no description returned,1766507346.2453752
fractal_07126.png,Classification failed - no description returned,1766507346.2453756
fractal_03303.png,Classification failed - no description returned,1766507346.2453763
fractal_04075.png,Classification failed - no description returned,1766507346.245377
fractal_03144.png,Classification failed - no description returned,1766507346.2453775
fractal_09917.png,Classification failed - no description returned,1766507346.245378
fractal_03523.png,Classification failed - no description returned,1766507346.245379
fractal_06798.png,Classification failed - no description returned,1766507346.2453797
fractal_08524.png,Classification failed - no description returned,1766507346.2453804
fractal_03669.png,Classification failed - no description returned,1766507346.2453809
fractal_00972.png,Classification failed - no description returned,1766507346.2453814
fractal_04878.png,Classification failed - no description returned,1766507346.2453818
fractal_08286.png,Classification failed - no description returned,1766507346.2453825
fractal_02592.png,Classification failed - no description returned,1766507346.2453833
fractal_09574.png,Classification failed - no description returned,1766507346.245384
fractal_02524.png,Classification failed - no description returned,1766507346.2453854
fractal_05443.png,Classification failed - no description returned,1766507346.2453861
fractal_09398.png,Classification failed - no description returned,1766507346.2453873
fractal_07282.png,Classification failed - no description returned,1766507346.245388
fractal_02108.png,Classification failed - no description returned,1766507346.2453883
fractal_01995.png,Classification failed - no description returned,1766507346.245389
fractal_04610.png,Classification failed - no description returned,1766507346.24539
fractal_08158.png,Classification failed - no description returned,1766507346.2453907
fractal_06173.png,Classification failed - no description returned,1766507346.2453911
fractal_03257.png,Classification failed - no description returned,1766507346.2453918
fractal_01788.png,Classification failed - no description returned,1766507346.2453923
fractal_07939.png,Classification failed - no description returned,1766507346.245393
fractal_06879.png,Classification failed - no description returned,1766507346.2453938
fractal_00410.png,Classification failed - no description returned,1766507346.2453947
fractal_08108.png,Classification failed - no description returned,1766507346.2453952
fractal_09738.png,Classification failed - no description returned,1766507346.2453957
fractal_03211.png,Classification failed - no description returned,1766507346.2453964
fractal_04257.png,Classification failed - no description returned,1766507346.2453973
fractal_06378.png,Classification failed - no description returned,1766507346.2453983
fractal_05058.png,Classification failed - no description returned,1766507346.245399
fractal_09704.png,Classification failed - no description returned,1766507346.2453995
fractal_00036.png,Classification failed - no description returned,1766507346.2454004
fractal_00526.png,Classification failed - no description returned,1766507346.245401
fractal_08486.png,Classification failed - no description returned,1766507346.2454014
fractal_01781.png,Classification failed - no description returned,1766507346.2454023
fractal_04576.png,Classification failed - no description returned,1766507346.245403
fractal_03493.png,Classification failed - no description returned,1766507346.2454038
fractal_09637.png,Classification failed - no description returned,1766507346.2454042
fractal_03336.png,Classification failed - no description returned,1766507346.245405
fractal_01630.png,Classification failed - no description returned,1766507346.2454054
fractal_08621.png,Classification failed - no description returned,1766507346.2454064
fractal_07144.png,Classification failed - no description returned,1766507346.2454069
fractal_07382.png,Classification failed - no description returned,1766507395.6506412
fractal_02451.png,Classification failed - no description returned,1766507395.6506438
fractal_03793.png,Classification failed - no description returned,1766507395.650645
fractal_06658.png,Classification failed - no description returned,1766507395.6506457
fractal_08849.png,Classification failed - no description returned,1766507395.6506462
fractal_09540.png,Classification failed - no description returned,1766507395.650647
fractal_03543.png,Classification failed - no description returned,1766507395.6506476
fractal_08225.png,Classification failed - no description returned,1766507395.650648
fractal_02622.png,Classification failed - no description returned,1766507395.650649
fractal_01824.png,Classification failed - no description returned,1766507395.6506493
fractal_01818.png,Classification failed - no description returned,1766507395.65065
fractal_03998.png,Classification failed - no description returned,1766507395.650651
fractal_03341.png,Classification failed - no description returned,1766507395.6506515
fractal_02861.png,Classification failed - no description returned,1766507395.6506522
fractal_08997.png,Classification failed - no description returned,1766507395.650653
fractal_05583.png,Classification failed - no description returned,1766507395.6506546
fractal_08412.png,Classification failed - no description returned,1766507395.6506555
fractal_06922.png,Classification failed - no description returned,1766507395.6506562
fractal_07404.png,Classification failed - no description returned,1766507395.6506572
fractal_07020.png,Classification failed - no description returned,1766507395.650658
fractal_04879.png,Classification failed - no description returned,1766507395.6506584
fractal_03231.png,Classification failed - no description returned,1766507395.650659
fractal_08076.png,Classification failed - no description returned,1766507395.6506598
fractal_03078.png,Classification failed - no description returned,1766507395.6506605
fractal_03378.png,Classification failed - no description returned,1766507395.6506615
fractal_04177.png,Classification failed - no description returned,1766507395.650662
fractal_05523.png,Classification failed - no description returned,1766507395.650663
fractal_00935.png,Classification failed - no description returned,1766507395.6506634
fractal_06027.png,Classification failed - no description returned,1766507395.6506639
fractal_09689.png,Classification failed - no description returned,1766507395.6506643
fractal_09838.png,Classification failed - no description returned,1766507395.6506653
fractal_00593.png,Classification failed - no description returned,1766507395.650666
fractal_01432.png,Classification failed - no description returned,1766507395.6506662
fractal_00849.png,Classification failed - no description returned,1766507395.6506672
fractal_00943.png,Classification failed - no description returned,1766507395.6506677
fractal_03631.png,Classification failed - no description returned,1766507395.6506689
fractal_02872.png,Classification failed - no description returned,1766507395.6506693
fractal_09737.png,Classification failed - no description returned,1766507395.65067
fractal_07794.png,Classification failed - no description returned,1766507395.650671
fractal_02931.png,Classification failed - no description returned,1766507395.6506722
fractal_02288.png,Classification failed - no description returned,1766507395.650673
fractal_07647.png,Classification failed - no description returned,1766507395.6506734
fractal_06374.png,Classification failed - no description returned,1766507395.650674
fractal_00016.png,Classification failed - no description returned,1766507395.650675
fractal_09634.png,Classification failed - no description returned,1766507395.6506758
fractal_05498.png,Classification failed - no description returned,1766507395.6506763
fractal_07174.png,Classification failed - no description returned,1766507395.6506765
fractal_05445.png,Classification failed - no description returned,1766507395.6506774
fractal_05285.png,Classification failed - no description returned,1766507395.650678
fractal_03662.png,Classification failed - no description returned,1766507435.0425293
fractal_08296.png,Classification failed - no description returned,1766507435.0425308
fractal_09576.png,Classification failed - no description returned,1766507435.0425317
fractal_08247.png,Classification failed - no description returned,1766507435.0425324
fractal_04814.png,Classification failed - no description returned,1766507435.042533
fractal_07246.png,Classification failed - no description returned,1766507435.0425334
fractal_08778.png,Classification failed - no description returned,1766507435.0425339
fractal_05147.png,Classification failed - no description returned,1766507435.0425344
fractal_09435.png,Classification failed - no description returned,1766507435.0425358
fractal_09414.png,Classification failed - no description returned,1766507435.0425363
fractal_00510.png,Classification failed - no description returned,1766507435.0425367
fractal_06406.png,Classification failed - no description returned,1766507435.0425375
fractal_01065.png,Classification failed - no description returned,1766507435.042538
fractal_07328.png,Classification failed - no description returned,1766507435.0425386
fractal_09271.png,Classification failed - no description returned,1766507435.0425396
fractal_01446.png,Classification failed - no description returned,1766507435.04254
fractal_09102.png,Classification failed - no description returned,1766507435.0425408
fractal_02615.png,Classification failed - no description returned,1766507435.0425413
fractal_06119.png,Classification failed - no description returned,1766507435.042542
fractal_00101.png,Classification failed - no description returned,1766507435.0425432
fractal_02755.png,Classification failed - no description returned,1766507435.0425436
fractal_02738.png,Classification failed - no description returned,1766507435.0425441
fractal_09311.png,Classification failed - no description returned,1766507435.0425446
fractal_06500.png,Classification failed - no description returned,1766507435.042545
fractal_02864.png,Classification failed - no description returned,1766507435.042546
fractal_08686.png,Classification failed - no description returned,1766507435.0425467
fractal_04052.png,Classification failed - no description returned,1766507435.0425475
fractal_09237.png,Classification failed - no description returned,1766507435.0425484
fractal_06261.png,Classification failed - no description returned,1766507435.042549
fractal_03652.png,Classification failed - no description returned,1766507435.0425498
fractal_04188.png,Classification failed - no description returned,1766507435.0425503
fractal_03575.png,Classification failed - no description returned,1766507435.042551
fractal_04312.png,Classification failed - no description returned,1766507435.0425518
fractal_04647.png,Classification failed - no description returned,1766507435.0425522
fractal_09922.png,Classification failed - no description returned,1766507435.0425532
fractal_03364.png,Classification failed - no description returned,1766507435.042554
fractal_01260.png,Classification failed - no description returned,1766507435.0425541
fractal_05202.png,Classification failed - no description returned,1766507435.0425549
fractal_07672.png,Classification failed - no description returned,1766507435.0425553
fractal_02598.png,Classification failed - no description returned,1766507435.0425558
fractal_08432.png,Classification failed - no description returned,1766507435.0425565
fractal_02549.png,Classification failed - no description returned,1766507435.042557
fractal_00640.png,Classification failed - no description returned,1766507435.0425575
fractal_06057.png,Classification failed - no description returned,1766507435.0425577
fractal_02927.png,Classification failed - no description returned,1766507435.0425584
fractal_09873.png,Classification failed - no description returned,1766507435.0425591
fractal_09565.png,Classification failed - no description returned,1766507435.0425599
fractal_06945.png,Classification failed - no description returned,1766507435.0425603
fractal_01769.png,Classification failed - no description returned,1766507435.0425606
fractal_05519.png,Classification failed - no description returned,1766507481.0305927
fractal_02162.png,Classification failed - no description returned,1766507481.030595
fractal_03653.png,Classification failed - no description returned,1766507481.0305958
fractal_02974.png,Classification failed - no description returned,1766507481.0305965
fractal_02005.png,Classification failed - no description returned,1766507481.0305974
fractal_05502.png,Classification failed - no description returned,1766507481.0305986
fractal_06823.png,Classification failed - no description returned,1766507481.0305994
fractal_03160.png,Classification failed - no description returned,1766507481.0306003
fractal_06946.png,Classification failed - no description returned,1766507481.0306013
fractal_09939.png,Classification failed - no description returned,1766507481.030602
fractal_02089.png,Classification failed - no description returned,1766507481.030603
fractal_01064.png,Classification failed - no description returned,1766507481.0306041
fractal_02454.png,Classification failed - no description returned,1766507481.0306048
fractal_02848.png,Classification failed - no description returned,1766507481.030606
fractal_07550.png,Classification failed - no description returned,1766507481.0306067
fractal_04889.png,Classification failed - no description returned,1766507481.0306077
fractal_08546.png,Classification failed - no description returned,1766507481.0306084
fractal_02840.png,Classification failed - no description returned,1766507481.0306094
fractal_09789.png,Classification failed - no description returned,1766507481.0306108
fractal_08038.png,Classification failed - no description returned,1766507481.0306115
fractal_00338.png,Classification failed - no description returned,1766507481.030612
fractal_08208.png,Classification failed - no description returned,1766507481.0306127
fractal_08077.png,Classification failed - no description returned,1766507481.0306137
fractal_06433.png,Classification failed - no description returned,1766507481.0306146
fractal_06890.png,Classification failed - no description returned,1766507481.0306153
fractal_02007.png,Classification failed - no description returned,1766507481.0306163
fractal_09181.png,Classification failed - no description returned,1766507481.030617
fractal_01168.png,Classification failed - no description returned,1766507481.0306182
fractal_00468.png,Classification failed - no description returned,1766507481.0306191
fractal_03182.png,Classification failed - no description returned,1766507481.0306196
fractal_03046.png,Classification failed - no description returned,1766507481.0306206
fractal_09425.png,Classification failed - no description returned,1766507481.0306215
fractal_05425.png,Classification failed - no description returned,1766507481.0306222
fractal_00893.png,Classification failed - no description returned,1766507481.030623
fractal_00254.png,Classification failed - no description returned,1766507481.0306237
fractal_01198.png,Classification failed - no description returned,1766507481.0306246
fractal_04993.png,Classification failed - no description returned,1766507481.0306256
fractal_07448.png,Classification failed - no description returned,1766507481.0306263
fractal_09768.png,Classification failed - no description returned,1766507481.0306273
fractal_00330.png,Classification failed - no description returned,1766507481.0306284
fractal_08290.png,Classification failed - no description returned,1766507481.0306294
fractal_03022.png,Classification failed - no description returned,1766507481.0306306
fractal_05737.png,Classification failed - no description returned,1766507481.030631
fractal_08937.png,Classification failed - no description returned,1766507481.0306318
fractal_04795.png,Classification failed - no description returned,1766507481.0306325
fractal_05608.png,Classification failed - no description returned,1766507481.0306334
fractal_02489.png,Classification failed - no description returned,1766507481.0306342
fractal_01559.png,Classification failed - no description returned,1766507481.0306354
fractal_01972.png,Classification failed - no description returned,1766507481.0306363
fractal_02907.png,"**fractal_02907.png**: Formed by angular, intersecting white lines on a black background, creating a geometric, schematic structure. Color palette is monochromatic white against deep black, with sharp contrasts. Texture is crisp and linear, lacking organic flow. Abstract resemblance: a minimalist technical diagram or circuit board.",1766507523.377167
fractal_01205.png,"**fractal_01205.png**: Features a single, smooth purple circular swirl with subtle gradient variations, forming an organic, concentric spiral. Color palette is a soft, monochromatic purple with faint luminosity. Texture is fluid and ethereal, with no harsh edges. Abstract resemblance: a cosmic nebula or",1766507523.3771691
fractal_05170.png,Classification failed - no description returned,1766507523.3771703
fractal_02369.png,Classification failed - no description returned,1766507523.377171
fractal_06185.png,Classification failed - no description returned,1766507523.3771718
fractal_07615.png,Classification failed - no description returned,1766507523.3771727
fractal_08643.png,Classification failed - no description returned,1766507523.3771737
fractal_00119.png,Classification failed - no description returned,1766507523.3771746
fractal_05926.png,Classification failed - no description returned,1766507523.3771756
fractal_06611.png,Classification failed - no description returned,1766507523.3771763
fractal_01241.png,Classification failed - no description returned,1766507523.3771772
fractal_04280.png,Classification failed - no description returned,1766507523.3771782
fractal_06985.png,Classification failed - no description returned,1766507523.377179
fractal_00718.png,Classification failed - no description returned,1766507523.3771796
fractal_05303.png,Classification failed - no description returned,1766507523.3771806
fractal_00499.png,Classification failed - no description returned,1766507523.3771818
fractal_09643.png,Classification failed - no description returned,1766507523.3771827
fractal_02208.png,Classification failed - no description returned,1766507523.3771837
fractal_07508.png,Classification failed - no description returned,1766507523.3771846
fractal_03900.png,Classification failed - no description returned,1766507523.3771858
fractal_04581.png,Classification failed - no description returned,1766507523.3771865
fractal_04301.png,Classification failed - no description returned,1766507523.3771873
fractal_04887.png,Classification failed - no description returned,1766507523.3771882
fractal_04924.png,Classification failed - no description returned,1766507523.377189
fractal_00055.png,Classification failed - no description returned,1766507523.3771899
fractal_07688.png,Classification failed - no description returned,1766507523.3771908
fractal_05149.png,Classification failed - no description returned,1766507523.3771918
fractal_05340.png,Classification failed - no description returned,1766507523.3771925
fractal_05226.png,Classification failed - no description returned,1766507523.3771937
fractal_03870.png,Classification failed - no description returned,1766507523.3771944
fractal_02216.png,Classification failed - no description returned,1766507523.3771954
fractal_00736.png,Classification failed - no description returned,1766507523.377196
fractal_00431.png,Classification failed - no description returned,1766507523.3771973
fractal_02361.png,Classification failed - no description returned,1766507523.377198
fractal_09575.png,Classification failed - no description returned,1766507523.3771992
fractal_02053.png,Classification failed - no description returned,1766507523.3772
fractal_08901.png,Classification failed - no description returned,1766507523.3772006
fractal_09364.png,Classification failed - no description returned,1766507523.3772013
fractal_09943.png,Classification failed - no description returned,1766507523.3772023
fractal_01715.png,Classification failed - no description returned,1766507523.377203
fractal_06592.png,Classification failed - no description returned,1766507523.377204
fractal_02097.png,Classification failed - no description returned,1766507523.3772056
fractal_02416.png,Classification failed - no description returned,1766507523.3772063
fractal_06624.png,Classification failed - no description returned,1766507523.3772068
fractal_04423.png,Classification failed - no description returned,1766507523.3772075
fractal_08795.png,Classification failed - no description returned,1766507523.3772082
fractal_02070.png,Classification failed - no description returned,1766507523.3772092
fractal_01004.png,Classification failed - no description returned,1766507523.3772101
fractal_03956.png,Classification failed - no description returned,1766507523.3772106
fractal_04657.png,Classification failed - no description returned,1766507576.9875917
fractal_06960.png,Classification failed - no description returned,1766507576.9875934
fractal_05838.png,Classification failed - no description returned,1766507576.9875946
fractal_04955.png,Classification failed - no description returned,1766507576.9875953
fractal_02713.png,Classification failed - no description returned,1766507576.9875963
fractal_03377.png,Classification failed - no description returned,1766507576.9875972
fractal_08289.png,Classification failed - no description returned,1766507576.987598
fractal_05002.png,Classification failed - no description returned,1766507576.9875987
fractal_03528.png,Classification failed - no description returned,1766507576.9875994
fractal_00362.png,Classification failed - no description returned,1766507576.9876003
fractal_08309.png,Classification failed - no description returned,1766507576.987601
fractal_02453.png,Classification failed - no description returned,1766507576.987602
fractal_05121.png,Classification failed - no description returned,1766507576.9876027
fractal_08668.png,Classification failed - no description returned,1766507576.9876037
fractal_06885.png,Classification failed - no description returned,1766507576.9876044
fractal_08723.png,Classification failed - no description returned,1766507576.9876053
fractal_00478.png,Classification failed - no description returned,1766507576.987606
fractal_05287.png,Classification failed - no description returned,1766507576.9876068
fractal_00100.png,Classification failed - no description returned,1766507576.987608
fractal_08852.png,Classification failed - no description returned,1766507576.9876087
fractal_08673.png,Classification failed - no description returned,1766507576.9876094
fractal_07525.png,Classification failed - no description returned,1766507576.98761
fractal_09967.png,Classification failed - no description returned,1766507576.9876108
fractal_04602.png,Classification failed - no description returned,1766507576.987612
fractal_09853.png,Classification failed - no description returned,1766507576.9876127
fractal_06004.png,Classification failed - no description returned,1766507576.9876134
fractal_06781.png,Classification failed - no description returned,1766507576.9876144
fractal_09961.png,Classification failed - no description returned,1766507576.9876156
fractal_02462.png,Classification failed - no description returned,1766507576.9876163
fractal_04840.png,Classification failed - no description returned,1766507576.987617
fractal_00188.png,Classification failed - no description returned,1766507576.9876177
fractal_01687.png,Classification failed - no description returned,1766507576.9876184
fractal_05120.png,Classification failed - no description returned,1766507576.9876196
fractal_07200.png,Classification failed - no description returned,1766507576.9876206
fractal_01340.png,Classification failed - no description returned,1766507576.9876215
fractal_05442.png,Classification failed - no description returned,1766507576.9876225
fractal_06115.png,Classification failed - no description returned,1766507576.9876235
fractal_01588.png,Classification failed - no description returned,1766507576.9876242
fractal_05417.png,Classification failed - no description returned,1766507576.987625
fractal_01459.png,Classification failed - no description returned,1766507576.987626
fractal_06429.png,Classification failed - no description returned,1766507576.9876268
fractal_00881.png,Classification failed - no description returned,1766507576.9876277
fractal_08075.png,Classification failed - no description returned,1766507576.9876285
fractal_04228.png,Classification failed - no description returned,1766507576.9876297
fractal_05766.png,Classification failed - no description returned,1766507576.9876301
fractal_06568.png,Classification failed - no description returned,1766507576.9876313
fractal_08559.png,Classification failed - no description returned,1766507576.9876323
fractal_01946.png,Classification failed - no description returned,1766507576.9876332
fractal_02139.png,Classification failed - no description returned,1766507576.987634
fractal_08890.png,Classification failed - no description returned,1766507623.565632
fractal_07047.png,Classification failed - no description returned,1766507623.5656338
fractal_07801.png,Classification failed - no description returned,1766507623.565635
fractal_09294.png,Classification failed - no description returned,1766507623.5656362
fractal_06118.png,Classification failed - no description returned,1766507623.5656366
fractal_04802.png,Classification failed - no description returned,1766507623.5656374
fractal_01952.png,Classification failed - no description returned,1766507623.5656378
fractal_05511.png,Classification failed - no description returned,1766507623.5656385
fractal_08429.png,Classification failed - no description returned,1766507623.5656395
fractal_01666.png,Classification failed - no description returned,1766507623.5656402
fractal_00473.png,Classification failed - no description returned,1766507623.565641
fractal_07548.png,Classification failed - no description returned,1766507623.5656416
fractal_05261.png,Classification failed - no description returned,1766507623.5656424
fractal_05142.png,Classification failed - no description returned,1766507623.565643
fractal_05676.png,Classification failed - no description returned,1766507623.5656438
fractal_08182.png,Classification failed - no description returned,1766507623.5656445
fractal_00661.png,Classification failed - no description returned,1766507623.5656452
fractal_01344.png,Classification failed - no description returned,1766507623.5656462
fractal_06505.png,Classification failed - no description returned,1766507623.565647
fractal_05108.png,Classification failed - no description returned,1766507623.5656478
fractal_06731.png,Classification failed - no description returned,1766507623.5656486
fractal_03388.png,Classification failed - no description returned,1766507623.5656493
fractal_09303.png,Classification failed - no description returned,1766507623.56565
fractal_07169.png,Classification failed - no description returned,1766507623.5656512
fractal_02277.png,Classification failed - no description returned,1766507623.565652
fractal_01096.png,Classification failed - no description returned,1766507623.5656528
fractal_06727.png,Classification failed - no description returned,1766507623.5656536
fractal_00567.png,Classification failed - no description returned,1766507623.5656543
fractal_04522.png,Classification failed - no description returned,1766507623.565655
fractal_04833.png,Classification failed - no description returned,1766507623.5656557
fractal_04071.png,Classification failed - no description returned,1766507623.5656567
fractal_02878.png,Classification failed - no description returned,1766507623.5656574
fractal_05645.png,Classification failed - no description returned,1766507623.5656579
fractal_04569.png,Classification failed - no description returned,1766507623.5656586
fractal_01047.png,Classification failed - no description returned,1766507623.5656598
fractal_06195.png,Classification failed - no description returned,1766507623.5656602
fractal_07225.png,Classification failed - no description returned,1766507623.565661
fractal_08303.png,Classification failed - no description returned,1766507623.5656617
fractal_05174.png,Classification failed - no description returned,1766507623.5656621
fractal_00740.png,Classification failed - no description returned,1766507623.5656636
fractal_03157.png,Classification failed - no description returned,1766507623.5656643
fractal_00843.png,Classification failed - no description returned,1766507623.565665
fractal_08425.png,Classification failed - no description returned,1766507623.5656657
fractal_08214.png,Classification failed - no description returned,1766507623.5656667
fractal_04216.png,Classification failed - no description returned,1766507623.5656674
fractal_08797.png,Classification failed - no description returned,1766507623.565668
fractal_02969.png,Classification failed - no description returned,1766507623.5656688
fractal_06867.png,Classification failed - no description returned,1766507623.5656695
fractal_01429.png,Classification failed - no description returned,1766507623.5656705
fractal_04561.png,Classification failed - no description returned,1766507668.5058634
fractal_05783.png,Classification failed - no description returned,1766507668.5058656
fractal_04044.png,Classification failed - no description returned,1766507668.5058663
fractal_05171.png,Classification failed - no description returned,1766507668.5058668
fractal_00745.png,Classification failed - no description returned,1766507668.5058672
fractal_04378.png,Classification failed - no description returned,1766507668.505868
fractal_00311.png,Classification failed - no description returned,1766507668.5058684
fractal_08924.png,Classification failed - no description returned,1766507668.5058694
fractal_05052.png,Classification failed - no description returned,1766507668.50587
fractal_02617.png,Classification failed - no description returned,1766507668.5058708
fractal_01922.png,Classification failed - no description returned,1766507668.5058713
fractal_06990.png,Classification failed - no description returned,1766507668.505872
fractal_09664.png,Classification failed - no description returned,1766507668.5058727
fractal_07411.png,Classification failed - no description returned,1766507668.5058737
fractal_02690.png,Classification failed - no description returned,1766507668.5058744
fractal_09308.png,Classification failed - no description returned,1766507668.5058749
fractal_06686.png,Classification failed - no description returned,1766507668.5058758
fractal_00568.png,Classification failed - no description returned,1766507668.5058765
fractal_09549.png,Classification failed - no description returned,1766507668.5058773
fractal_02526.png,Classification failed - no description returned,1766507668.5058777
fractal_09874.png,Classification failed - no description returned,1766507668.5058784
fractal_09282.png,Classification failed - no description returned,1766507668.5058796
fractal_02978.png,Classification failed - no description returned,1766507668.50588
fractal_09241.png,Classification failed - no description returned,1766507668.505881
fractal_01930.png,Classification failed - no description returned,1766507668.505882
fractal_02934.png,Classification failed - no description returned,1766507668.505883
fractal_09240.png,Classification failed - no description returned,1766507668.5058835
fractal_06372.png,Classification failed - no description returned,1766507668.505884
fractal_04155.png,Classification failed - no description returned,1766507668.5058844
fractal_03526.png,Classification failed - no description returned,1766507668.505885
fractal_05429.png,Classification failed - no description returned,1766507668.5058858
fractal_02250.png,Classification failed - no description returned,1766507668.5058866
fractal_00217.png,Classification failed - no description returned,1766507668.5058873
fractal_08607.png,Classification failed - no description returned,1766507668.5058877
fractal_07333.png,Classification failed - no description returned,1766507668.505889
fractal_05677.png,Classification failed - no description returned,1766507668.5058897
fractal_08044.png,Classification failed - no description returned,1766507668.5058904
fractal_06010.png,Classification failed - no description returned,1766507668.505891
fractal_03632.png,Classification failed - no description returned,1766507668.5058916
fractal_05318.png,Classification failed - no description returned,1766507668.5058923
fractal_05017.png,Classification failed - no description returned,1766507668.5058928
fractal_05552.png,Classification failed - no description returned,1766507668.5058937
fractal_03204.png,Classification failed - no description returned,1766507668.5058944
fractal_06397.png,Classification failed - no description returned,1766507668.505895
fractal_00435.png,Classification failed - no description returned,1766507668.5058954
fractal_05063.png,Classification failed - no description returned,1766507668.5058956
fractal_02653.png,Classification failed - no description returned,1766507668.505896
fractal_00094.png,Classification failed - no description returned,1766507668.5058973
fractal_03208.png,Classification failed - no description returned,1766507668.5058978
fractal_03802.png,Classification failed - no description returned,1766507714.4531019
fractal_03945.png,Classification failed - no description returned,1766507714.453104
fractal_05948.png,Classification failed - no description returned,1766507714.453105
fractal_07264.png,Classification failed - no description returned,1766507714.4531054
fractal_04449.png,Classification failed - no description returned,1766507714.4531062
fractal_07040.png,Classification failed - no description returned,1766507714.4531066
fractal_05938.png,Classification failed - no description returned,1766507714.453107
fractal_09682.png,Classification failed - no description returned,1766507714.4531076
fractal_08857.png,Classification failed - no description returned,1766507714.4531088
fractal_08814.png,Classification failed - no description returned,1766507714.4531095
fractal_02742.png,Classification failed - no description returned,1766507714.4531102
fractal_06899.png,Classification failed - no description returned,1766507714.4531107
fractal_00173.png,Classification failed - no description returned,1766507714.4531114
fractal_03743.png,Classification failed - no description returned,1766507714.4531124
fractal_09304.png,Classification failed - no description returned,1766507714.453113
fractal_08856.png,Classification failed - no description returned,1766507714.4531136
fractal_07570.png,Classification failed - no description returned,1766507714.4531143
fractal_09310.png,Classification failed - no description returned,1766507714.453115
fractal_00652.png,Classification failed - no description returned,1766507714.4531157
fractal_08260.png,Classification failed - no description returned,1766507714.4531164
fractal_03777.png,Classification failed - no description returned,1766507714.4531171
fractal_08543.png,Classification failed - no description returned,1766507714.4531174
fractal_02161.png,Classification failed - no description returned,1766507714.4531188
fractal_07937.png,Classification failed - no description returned,1766507714.4531193
fractal_02994.png,Classification failed - no description returned,1766507714.4531198
fractal_02297.png,Classification failed - no description returned,1766507714.4531207
fractal_01425.png,Classification failed - no description returned,1766507714.4531214
fractal_03891.png,Classification failed - no description returned,1766507714.4531224
fractal_01419.png,Classification failed - no description returned,1766507714.4531229
fractal_01907.png,Classification failed - no description returned,1766507714.4531233
fractal_09224.png,Classification failed - no description returned,1766507714.4531243
fractal_09780.png,Classification failed - no description returned,1766507714.4531248
fractal_07098.png,Classification failed - no description returned,1766507714.4531257
fractal_07309.png,Classification failed - no description returned,1766507714.4531262
fractal_04330.png,Classification failed - no description returned,1766507714.4531271
fractal_09982.png,Classification failed - no description returned,1766507714.4531279
fractal_04942.png,Classification failed - no description returned,1766507714.4531288
fractal_01776.png,Classification failed - no description returned,1766507714.4531293
fractal_00543.png,Classification failed - no description returned,1766507714.45313
fractal_08869.png,Classification failed - no description returned,1766507714.4531305
fractal_03028.png,Classification failed - no description returned,1766507714.453131
fractal_06544.png,Classification failed - no description returned,1766507714.453132
fractal_03263.png,Classification failed - no description returned,1766507714.4531329
fractal_06585.png,Classification failed - no description returned,1766507714.4531333
fractal_08472.png,Classification failed - no description returned,1766507714.453134
fractal_08895.png,Classification failed - no description returned,1766507714.4531345
fractal_01731.png,Classification failed - no description returned,1766507714.453135
fractal_07009.png,Classification failed - no description returned,1766507714.4531364
fractal_05094.png,Classification failed - no description returned,1766507714.453137
fractal_02710.png,Classification failed - no description returned,1766507765.3676496
fractal_06784.png,Classification failed - no description returned,1766507765.367652
fractal_00966.png,Classification failed - no description returned,1766507765.3676531
fractal_08124.png,Classification failed - no description returned,1766507765.3676538
fractal_06379.png,Classification failed - no description returned,1766507765.3676546
fractal_01613.png,Classification failed - no description returned,1766507765.3676558
fractal_00597.png,Classification failed - no description returned,1766507765.3676565
fractal_08629.png,Classification failed - no description returned,1766507765.3676574
fractal_01835.png,Classification failed - no description returned,1766507765.3676586
fractal_06029.png,Classification failed - no description returned,1766507765.3676593
fractal_08333.png,Classification failed - no description returned,1766507765.3676603
fractal_01884.png,Classification failed - no description returned,1766507765.3676612
fractal_04614.png,Classification failed - no description returned,1766507765.3676622
fractal_05518.png,Classification failed - no description returned,1766507765.3676631
fractal_07997.png,Classification failed - no description returned,1766507765.3676639
fractal_03840.png,Classification failed - no description returned,1766507765.3676643
fractal_07335.png,Classification failed - no description returned,1766507765.3676658
fractal_08572.png,Classification failed - no description returned,1766507765.3676672
fractal_08437.png,Classification failed - no description returned,1766507765.3676682
fractal_08638.png,Classification failed - no description returned,1766507765.3676696
fractal_06644.png,Classification failed - no description returned,1766507765.3676703
fractal_08974.png,Classification failed - no description returned,1766507765.367671
fractal_00758.png,Classification failed - no description returned,1766507765.3676717
fractal_04241.png,Classification failed - no description returned,1766507765.3676734
fractal_06809.png,Classification failed - no description returned,1766507765.367674
fractal_03838.png,Classification failed - no description returned,1766507765.3676748
fractal_03247.png,Classification failed - no description returned,1766507765.367676
fractal_04600.png,Classification failed - no description returned,1766507765.367677
fractal_01550.png,Classification failed - no description returned,1766507765.367678
fractal_00184.png,Classification failed - no description returned,1766507765.3676786
fractal_00081.png,Classification failed - no description returned,1766507765.3676796
fractal_09918.png,Classification failed - no description returned,1766507765.3676808
fractal_02354.png,Classification failed - no description returned,1766507765.3676815
fractal_09570.png,Classification failed - no description returned,1766507765.3676825
fractal_06598.png,Classification failed - no description returned,1766507765.3676836
fractal_01600.png,Classification failed - no description returned,1766507765.3676844
fractal_07417.png,Classification failed - no description returned,1766507765.3676853
fractal_02455.png,Classification failed - no description returned,1766507765.367686
fractal_05840.png,Classification failed - no description returned,1766507765.3676867
fractal_09108.png,Classification failed - no description returned,1766507765.3676877
fractal_07932.png,Classification failed - no description returned,1766507765.3676887
fractal_03297.png,Classification failed - no description returned,1766507765.3676894
fractal_06230.png,Classification failed - no description returned,1766507765.3676906
fractal_08436.png,Classification failed - no description returned,1766507765.3676913
fractal_03151.png,Classification failed - no description returned,1766507765.367692
fractal_07685.png,Classification failed - no description returned,1766507765.367693
fractal_07502.png,Classification failed - no description returned,1766507765.3676937
fractal_04173.png,Classification failed - no description returned,1766507765.3676946
fractal_04903.png,Classification failed - no description returned,1766507765.367695
fractal_08648.png,Classification failed - no description returned,1766507814.2915533
fractal_02741.png,Classification failed - no description returned,1766507814.291556
fractal_08813.png,Classification failed - no description returned,1766507814.2915564
fractal_04751.png,Classification failed - no description returned,1766507814.2915568
fractal_07793.png,Classification failed - no description returned,1766507814.291558
fractal_03413.png,Classification failed - no description returned,1766507814.2915592
fractal_03563.png,Classification failed - no description returned,1766507814.2915597
fractal_01961.png,Classification failed - no description returned,1766507814.2915602
fractal_03104.png,Classification failed - no description returned,1766507814.291561
fractal_02953.png,Classification failed - no description returned,1766507814.291562
fractal_04008.png,Classification failed - no description returned,1766507814.2915633
fractal_08812.png,Classification failed - no description returned,1766507814.2915637
fractal_01927.png,Classification failed - no description returned,1766507814.2915647
fractal_05600.png,Classification failed - no description returned,1766507814.291566
fractal_02214.png,Classification failed - no description returned,1766507814.2915668
fractal_07906.png,Classification failed - no description returned,1766507814.2915676
fractal_00467.png,Classification failed - no description returned,1766507814.2915683
fractal_00375.png,Classification failed - no description returned,1766507814.2915692
fractal_02111.png,Classification failed - no description returned,1766507814.2915704
fractal_07632.png,Classification failed - no description returned,1766507814.2915716
fractal_00159.png,Classification failed - no description returned,1766507814.2915733
fractal_08929.png,Classification failed - no description returned,1766507814.2915742
fractal_04629.png,Classification failed - no description returned,1766507814.2915766
fractal_06507.png,Classification failed - no description returned,1766507814.2915802
fractal_07183.png,Classification failed - no description returned,1766507814.291581
fractal_05995.png,Classification failed - no description returned,1766507814.2915814
fractal_04235.png,Classification failed - no description returned,1766507814.2915833
fractal_06153.png,Classification failed - no description returned,1766507814.291584
fractal_03546.png,Classification failed - no description returned,1766507814.2915847
fractal_00707.png,Classification failed - no description returned,1766507814.2915862
fractal_06564.png,Classification failed - no description returned,1766507814.2915874
fractal_06445.png,Classification failed - no description returned,1766507814.2915883
fractal_05457.png,Classification failed - no description returned,1766507814.2915888
fractal_06456.png,Classification failed - no description returned,1766507814.2915893
fractal_06893.png,Classification failed - no description returned,1766507814.2915905
fractal_05854.png,Classification failed - no description returned,1766507814.291592
fractal_06773.png,Classification failed - no description returned,1766507814.2915933
fractal_02194.png,Classification failed - no description returned,1766507814.2915974
fractal_02292.png,Classification failed - no description returned,1766507814.291598
fractal_06755.png,Classification failed - no description returned,1766507814.2915988
fractal_04557.png,Classification failed - no description returned,1766507814.2916
fractal_07049.png,Classification failed - no description returned,1766507814.291602
fractal_01246.png,Classification failed - no description returned,1766507814.2916028
fractal_02046.png,Classification failed - no description returned,1766507814.291604
fractal_05763.png,Classification failed - no description returned,1766507814.291605
fractal_07438.png,Classification failed - no description returned,1766507814.291606
fractal_02954.png,Classification failed - no description returned,1766507814.2916071
fractal_00590.png,Classification failed - no description returned,1766507814.2916076
fractal_01805.png,Classification failed - no description returned,1766507814.2916086
fractal_06370.png,Classification failed - no description returned,1766507855.4480312
fractal_09573.png,Classification failed - no description returned,1766507855.4480338
fractal_03033.png,Classification failed - no description returned,1766507855.4480345
fractal_01216.png,Classification failed - no description returned,1766507855.448036
fractal_04054.png,Classification failed - no description returned,1766507855.4480364
fractal_08165.png,Classification failed - no description returned,1766507855.4480371
fractal_09688.png,Classification failed - no description returned,1766507855.4480379
fractal_01801.png,Classification failed - no description returned,1766507855.448038
fractal_05761.png,Classification failed - no description returned,1766507855.448039
fractal_05021.png,Classification failed - no description returned,1766507855.44804
fractal_05856.png,Classification failed - no description returned,1766507855.4480405
fractal_06995.png,Classification failed - no description returned,1766507855.4480414
fractal_00129.png,Classification failed - no description returned,1766507855.448042
fractal_09118.png,Classification failed - no description returned,1766507855.4480424
fractal_08625.png,Classification failed - no description returned,1766507855.4480433
fractal_00324.png,Classification failed - no description returned,1766507855.4480443
fractal_00343.png,Classification failed - no description returned,1766507855.4480448
fractal_05044.png,Classification failed - no description returned,1766507855.4480455
fractal_06111.png,Classification failed - no description returned,1766507855.448046
fractal_00704.png,Classification failed - no description returned,1766507855.448047
fractal_01319.png,Classification failed - no description returned,1766507855.4480476
fractal_03411.png,Classification failed - no description returned,1766507855.4480488
fractal_05855.png,Classification failed - no description returned,1766507855.44805
fractal_06318.png,Classification failed - no description returned,1766507855.4480507
fractal_03480.png,Classification failed - no description returned,1766507855.4480517
fractal_04676.png,Classification failed - no description returned,1766507855.4480524
fractal_06739.png,Classification failed - no description returned,1766507855.448053
fractal_05007.png,Classification failed - no description returned,1766507855.4480538
fractal_03124.png,Classification failed - no description returned,1766507855.4480546
fractal_02421.png,Classification failed - no description returned,1766507855.448055
fractal_09144.png,Classification failed - no description returned,1766507855.448056
fractal_07042.png,Classification failed - no description returned,1766507855.448057
fractal_06772.png,Classification failed - no description returned,1766507855.4480574
fractal_04835.png,Classification failed - no description returned,1766507855.4480581
fractal_03839.png,Classification failed - no description returned,1766507855.4480588
fractal_01098.png,Classification failed - no description returned,1766507855.4480593
fractal_07777.png,Classification failed - no description returned,1766507855.4480605
fractal_03086.png,Classification failed - no description returned,1766507855.4480612
fractal_08877.png,Classification failed - no description returned,1766507855.4480624
fractal_00445.png,Classification failed - no description returned,1766507855.4480631
fractal_00309.png,Classification failed - no description returned,1766507855.4480648
fractal_04328.png,Classification failed - no description returned,1766507855.448065
fractal_04627.png,Classification failed - no description returned,1766507855.448066
fractal_06706.png,Classification failed - no description returned,1766507855.4480662
fractal_03887.png,Classification failed - no description returned,1766507855.4480667
fractal_03431.png,Classification failed - no description returned,1766507855.4480677
fractal_03135.png,Classification failed - no description returned,1766507855.4480681
fractal_04141.png,Classification failed - no description returned,1766507855.4480686
fractal_06813.png,Classification failed - no description returned,1766507855.4480693
fractal_09008.png,Classification failed - no description returned,1766507910.0907152
fractal_07929.png,Classification failed - no description returned,1766507910.0907168
fractal_01309.png,Classification failed - no description returned,1766507910.0907178
fractal_00062.png,Classification failed - no description returned,1766507910.0907183
fractal_05266.png,Classification failed - no description returned,1766507910.0907187
fractal_06232.png,Classification failed - no description returned,1766507910.0907192
fractal_07854.png,Classification failed - no description returned,1766507910.0907202
fractal_09434.png,Classification failed - no description returned,1766507910.0907207
fractal_03595.png,Classification failed - no description returned,1766507910.0907214
fractal_05967.png,Classification failed - no description returned,1766507910.090722
fractal_01070.png,Classification failed - no description returned,1766507910.0907226
fractal_09080.png,Classification failed - no description returned,1766507910.0907235
fractal_04168.png,Classification failed - no description returned,1766507910.0907245
fractal_09361.png,Classification failed - no description returned,1766507910.090725
fractal_09457.png,Classification failed - no description returned,1766507910.0907257
fractal_04119.png,Classification failed - no description returned,1766507910.0907261
fractal_03405.png,Classification failed - no description returned,1766507910.0907266
fractal_03814.png,Classification failed - no description returned,1766507910.0907276
fractal_04645.png,Classification failed - no description returned,1766507910.0907285
fractal_00719.png,Classification failed - no description returned,1766507910.090729
fractal_04688.png,Classification failed - no description returned,1766507910.0907297
fractal_06788.png,Classification failed - no description returned,1766507910.0907302
fractal_05251.png,Classification failed - no description returned,1766507910.0907319
fractal_06993.png,Classification failed - no description returned,1766507910.0907326
fractal_09529.png,Classification failed - no description returned,1766507910.090733
fractal_09792.png,Classification failed - no description returned,1766507910.0907338
fractal_07880.png,Classification failed - no description returned,1766507910.0907345
fractal_06117.png,Classification failed - no description returned,1766507910.0907354
fractal_06759.png,Classification failed - no description returned,1766507910.0907362
fractal_07811.png,Classification failed - no description returned,1766507910.0907369
fractal_05093.png,Classification failed - no description returned,1766507910.0907376
fractal_02546.png,Classification failed - no description returned,1766507910.0907385
fractal_08724.png,Classification failed - no description returned,1766507910.0907393
fractal_01576.png,Classification failed - no description returned,1766507910.0907397
fractal_02247.png,Classification failed - no description returned,1766507910.0907407
fractal_00741.png,Classification failed - no description returned,1766507910.0907414
fractal_02120.png,Classification failed - no description returned,1766507910.0907423
fractal_03488.png,Classification failed - no description returned,1766507910.0907433
fractal_03441.png,Classification failed - no description returned,1766507910.090744
fractal_09773.png,Classification failed - no description returned,1766507910.0907447
fractal_05960.png,Classification failed - no description returned,1766507910.0907457
fractal_01412.png,Classification failed - no description returned,1766507910.0907464
fractal_03449.png,Classification failed - no description returned,1766507910.090747
fractal_02904.png,Classification failed - no description returned,1766507910.0907478
fractal_04250.png,Classification failed - no description returned,1766507910.0907488
fractal_07650.png,Classification failed - no description returned,1766507910.0907493
fractal_09832.png,Classification failed - no description returned,1766507910.0907497
fractal_09810.png,Classification failed - no description returned,1766507910.0907505
fractal_02702.png,Classification failed - no description returned,1766507910.0907512
fractal_01838.png,Classification failed - no description returned,1766507951.0029235
fractal_02481.png,Classification failed - no description returned,1766507951.0029259
fractal_09599.png,Classification failed - no description returned,1766507951.0029268
fractal_09846.png,Classification failed - no description returned,1766507951.0029273
fractal_09327.png,Classification failed - no description returned,1766507951.002928
fractal_00896.png,Classification failed - no description returned,1766507951.0029294
fractal_09932.png,Classification failed - no description returned,1766507951.00293
fractal_09033.png,Classification failed - no description returned,1766507951.0029304
fractal_07081.png,Classification failed - no description returned,1766507951.002931
fractal_04297.png,Classification failed - no description returned,1766507951.0029323
fractal_04499.png,Classification failed - no description returned,1766507951.0029333
fractal_08434.png,Classification failed - no description returned,1766507951.002934
fractal_07809.png,Classification failed - no description returned,1766507951.0029345
fractal_01689.png,Classification failed - no description returned,1766507951.0029354
fractal_06392.png,Classification failed - no description returned,1766507951.0029361
fractal_08611.png,Classification failed - no description returned,1766507951.0029366
fractal_02059.png,Classification failed - no description returned,1766507951.0029373
fractal_07322.png,Classification failed - no description returned,1766507951.002938
fractal_02773.png,Classification failed - no description returned,1766507951.002939
fractal_07512.png,Classification failed - no description returned,1766507951.0029397
fractal_01734.png,Classification failed - no description returned,1766507951.0029402
fractal_09349.png,Classification failed - no description returned,1766507951.002941
fractal_03199.png,Classification failed - no description returned,1766507951.0029416
fractal_02057.png,Classification failed - no description returned,1766507951.0029426
fractal_05633.png,Classification failed - no description returned,1766507951.002943
fractal_08540.png,Classification failed - no description returned,1766507951.0029438
fractal_01202.png,Classification failed - no description returned,1766507951.0029447
fractal_08197.png,Classification failed - no description returned,1766507951.0029454
fractal_00964.png,Classification failed - no description returned,1766507951.0029464
fractal_00248.png,Classification failed - no description returned,1766507951.002947
fractal_04831.png,Classification failed - no description returned,1766507951.0029478
fractal_04061.png,Classification failed - no description returned,1766507951.0029488
fractal_03290.png,Classification failed - no description returned,1766507951.0029497
fractal_09865.png,Classification failed - no description returned,1766507951.0029502
fractal_00328.png,Classification failed - no description returned,1766507951.0029511
fractal_06961.png,Classification failed - no description returned,1766507951.0029516
fractal_09829.png,Classification failed - no description returned,1766507951.002953
fractal_00196.png,Classification failed - no description returned,1766507951.0029533
fractal_05136.png,Classification failed - no description returned,1766507951.002954
fractal_06853.png,Classification failed - no description returned,1766507951.0029547
fractal_03961.png,Classification failed - no description returned,1766507951.0029554
fractal_09502.png,Classification failed - no description returned,1766507951.002956
fractal_07901.png,Classification failed - no description returned,1766507951.0029573
fractal_08622.png,Classification failed - no description returned,1766507951.0029578
fractal_02314.png,Classification failed - no description returned,1766507951.0029583
fractal_01231.png,Classification failed - no description returned,1766507951.0029593
fractal_03006.png,Classification failed - no description returned,1766507951.0029602
fractal_05738.png,Classification failed - no description returned,1766507951.002961
fractal_00827.png,Classification failed - no description returned,1766507951.0029616
fractal_06056.png,Classification failed - no description returned,1766507993.805604
fractal_05942.png,Classification failed - no description returned,1766507993.805606
fractal_02207.png,Classification failed - no description returned,1766507993.8056064
fractal_09476.png,Classification failed - no description returned,1766507993.8056068
fractal_02775.png,Classification failed - no description returned,1766507993.8056078
fractal_02158.png,Classification failed - no description returned,1766507993.8056083
fractal_04392.png,Classification failed - no description returned,1766507993.805609
fractal_04929.png,Classification failed - no description returned,1766507993.8056095
fractal_05934.png,Classification failed - no description returned,1766507993.80561
fractal_04070.png,Classification failed - no description returned,1766507993.8056107
fractal_05194.png,Classification failed - no description returned,1766507993.8056114
fractal_07605.png,Classification failed - no description returned,1766507993.8056118
fractal_01684.png,Classification failed - no description returned,1766507993.8056128
fractal_04467.png,Classification failed - no description returned,1766507993.8056133
fractal_05293.png,Classification failed - no description returned,1766507993.805614
fractal_07266.png,Classification failed - no description returned,1766507993.8056147
fractal_08389.png,Classification failed - no description returned,1766507993.8056154
fractal_07591.png,Classification failed - no description returned,1766507993.805616
fractal_09627.png,Classification failed - no description returned,1766507993.8056166
fractal_06164.png,Classification failed - no description returned,1766507993.8056173
fractal_06046.png,Classification failed - no description returned,1766507993.8056178
fractal_05512.png,Classification failed - no description returned,1766507993.8056183
fractal_09287.png,Classification failed - no description returned,1766507993.805619
fractal_03883.png,Classification failed - no description returned,1766507993.8056195
fractal_06574.png,Classification failed - no description returned,1766507993.80562
fractal_00160.png,Classification failed - no description returned,1766507993.805621
fractal_07795.png,Classification failed - no description returned,1766507993.8056219
fractal_05299.png,Classification failed - no description returned,1766507993.8056223
fractal_06975.png,Classification failed - no description returned,1766507993.8056228
fractal_03283.png,Classification failed - no description returned,1766507993.8056233
fractal_07529.png,Classification failed - no description returned,1766507993.8056238
fractal_06380.png,Classification failed - no description returned,1766507993.8056247
fractal_06645.png,Classification failed - no description returned,1766507993.8056257
fractal_04623.png,Classification failed - no description returned,1766507993.8056262
fractal_02418.png,Classification failed - no description returned,1766507993.8056269
fractal_02966.png,Classification failed - no description returned,1766507993.8056273
fractal_06351.png,Classification failed - no description returned,1766507993.805628
fractal_02088.png,Classification failed - no description returned,1766507993.8056288
fractal_05586.png,Classification failed - no description returned,1766507993.8056293
fractal_09366.png,Classification failed - no description returned,1766507993.80563
fractal_05665.png,Classification failed - no description returned,1766507993.8056304
fractal_01364.png,Classification failed - no description returned,1766507993.805631
fractal_04304.png,Classification failed - no description returned,1766507993.805632
fractal_06405.png,Classification failed - no description returned,1766507993.8056326
fractal_06692.png,Classification failed - no description returned,1766507993.8056333
fractal_08756.png,Classification failed - no description returned,1766507993.8056338
fractal_01298.png,Classification failed - no description returned,1766507993.8056343
fractal_08988.png,Classification failed - no description returned,1766507993.805635
fractal_01969.png,Classification failed - no description returned,1766507993.8056362
fractal_09138.png,Classification failed - no description returned,1766508037.2966967
fractal_08870.png,Classification failed - no description returned,1766508037.2966983
fractal_05902.png,Classification failed - no description returned,1766508037.2966998
fractal_03929.png,Classification failed - no description returned,1766508037.2967002
fractal_06524.png,Classification failed - no description returned,1766508037.296701
fractal_05227.png,Classification failed - no description returned,1766508037.296702
fractal_07691.png,Classification failed - no description returned,1766508037.2967026
fractal_03463.png,Classification failed - no description returned,1766508037.2967036
fractal_04896.png,Classification failed - no description returned,1766508037.2967043
fractal_07226.png,Classification failed - no description returned,1766508037.2967052
fractal_02846.png,Classification failed - no description returned,1766508037.2967057
fractal_04086.png,Classification failed - no description returned,1766508037.296707
fractal_06657.png,Classification failed - no description returned,1766508037.2967076
fractal_06762.png,Classification failed - no description returned,1766508037.2967083
fractal_08526.png,Classification failed - no description returned,1766508037.296709
fractal_06255.png,Classification failed - no description returned,1766508037.2967098
fractal_06471.png,Classification failed - no description returned,1766508037.296711
fractal_09264.png,Classification failed - no description returned,1766508037.296712
fractal_05581.png,Classification failed - no description returned,1766508037.2967126
fractal_07082.png,Classification failed - no description returned,1766508037.2967136
fractal_01705.png,Classification failed - no description returned,1766508037.2967143
fractal_02490.png,Classification failed - no description returned,1766508037.296715
fractal_01067.png,Classification failed - no description returned,1766508037.296716
fractal_01401.png,Classification failed - no description returned,1766508037.2967165
fractal_09990.png,Classification failed - no description returned,1766508037.2967174
fractal_05272.png,Classification failed - no description returned,1766508037.2967184
fractal_09781.png,Classification failed - no description returned,1766508037.296719
fractal_04204.png,Classification failed - no description returned,1766508037.2967198
fractal_03966.png,Classification failed - no description returned,1766508037.2967203
fractal_00342.png,Classification failed - no description returned,1766508037.2967212
fractal_05656.png,Classification failed - no description returned,1766508037.2967222
fractal_07273.png,Classification failed - no description returned,1766508037.296723
fractal_00872.png,Classification failed - no description returned,1766508037.2967236
fractal_03824.png,Classification failed - no description returned,1766508037.2967248
fractal_00804.png,Classification failed - no description returned,1766508037.2967255
fractal_01582.png,Classification failed - no description returned,1766508037.2967267
fractal_09403.png,Classification failed - no description returned,1766508037.2967277
fractal_01046.png,Classification failed - no description returned,1766508037.2967284
fractal_06618.png,Classification failed - no description returned,1766508037.296729
fractal_06800.png,Classification failed - no description returned,1766508037.2967298
fractal_07294.png,Classification failed - no description returned,1766508037.296731
fractal_07865.png,Classification failed - no description returned,1766508037.2967317
fractal_05460.png,Classification failed - no description returned,1766508037.2967324
fractal_07110.png,Classification failed - no description returned,1766508037.2967331
fractal_05584.png,Classification failed - no description returned,1766508037.2967339
fractal_00003.png,Classification failed - no description returned,1766508037.2967348
fractal_00859.png,Classification failed - no description returned,1766508037.2967355
fractal_09844.png,Classification failed - no description returned,1766508037.296736
fractal_06186.png,Classification failed - no description returned,1766508037.2967367
fractal_00559.png,Classification failed - no description returned,1766508092.8254778
fractal_02884.png,Classification failed - no description returned,1766508092.8254793
fractal_09023.png,Classification failed - no description returned,1766508092.82548
fractal_07284.png,Classification failed - no description returned,1766508092.8254807
fractal_09016.png,Classification failed - no description returned,1766508092.8254812
fractal_08659.png,Classification failed - no description returned,1766508092.825482
fractal_08143.png,Classification failed - no description returned,1766508092.8254826
fractal_02721.png,Classification failed - no description returned,1766508092.8254833
fractal_07440.png,Classification failed - no description returned,1766508092.8254838
fractal_06651.png,Classification failed - no description returned,1766508092.8254843
fractal_00289.png,Classification failed - no description returned,1766508092.8254848
fractal_04336.png,Classification failed - no description returned,1766508092.8254857
fractal_06521.png,Classification failed - no description returned,1766508092.8254864
fractal_08792.png,Classification failed - no description returned,1766508092.825487
fractal_07066.png,Classification failed - no description returned,1766508092.8254874
fractal_01471.png,Classification failed - no description returned,1766508092.8254879
fractal_06887.png,Classification failed - no description returned,1766508092.8254883
fractal_01690.png,Classification failed - no description returned,1766508092.8254888
fractal_00610.png,Classification failed - no description returned,1766508092.82549
fractal_04661.png,Classification failed - no description returned,1766508092.8254907
fractal_04590.png,Classification failed - no description returned,1766508092.8254912
fractal_03781.png,Classification failed - no description returned,1766508092.8254917
fractal_09561.png,Classification failed - no description returned,1766508092.8254924
fractal_08220.png,Classification failed - no description returned,1766508092.8254938
fractal_04249.png,Classification failed - no description returned,1766508092.8254943
fractal_02495.png,Classification failed - no description returned,1766508092.825495
fractal_06103.png,Classification failed - no description returned,1766508092.8254955
fractal_07059.png,Classification failed - no description returned,1766508092.8254964
fractal_09686.png,Classification failed - no description returned,1766508092.825497
fractal_06290.png,Classification failed - no description returned,1766508092.8254976
fractal_01777.png,Classification failed - no description returned,1766508092.825498
fractal_03500.png,Classification failed - no description returned,1766508092.8254988
fractal_08679.png,Classification failed - no description returned,1766508092.8254993
fractal_03481.png,Classification failed - no description returned,1766508092.8255
fractal_05970.png,Classification failed - no description returned,1766508092.8255007
fractal_09996.png,Classification failed - no description returned,1766508092.8255014
fractal_00624.png,Classification failed - no description returned,1766508092.825502
fractal_03508.png,Classification failed - no description returned,1766508092.8255024
fractal_05346.png,Classification failed - no description returned,1766508092.8255029
fractal_01767.png,Classification failed - no description returned,1766508092.8255036
fractal_07720.png,Classification failed - no description returned,1766508092.8255038
fractal_05503.png,Classification failed - no description returned,1766508092.8255045
fractal_00534.png,Classification failed - no description returned,1766508092.8255055
fractal_06685.png,Classification failed - no description returned,1766508092.825506
fractal_02983.png,Classification failed - no description returned,1766508092.8255064
fractal_00539.png,Classification failed - no description returned,1766508092.825507
fractal_08842.png,Classification failed - no description returned,1766508092.8255074
fractal_06302.png,Classification failed - no description returned,1766508092.825508
fractal_05014.png,Classification failed - no description returned,1766508092.8255084
fractal_04124.png,Classification failed - no description returned,1766508142.3500717
fractal_00686.png,Classification failed - no description returned,1766508142.3500733
fractal_01881.png,Classification failed - no description returned,1766508142.3500743
fractal_03962.png,Classification failed - no description returned,1766508142.3500748
fractal_00406.png,Classification failed - no description returned,1766508142.350076
fractal_08560.png,Classification failed - no description returned,1766508142.3500764
fractal_00777.png,Classification failed - no description returned,1766508142.350077
fractal_00602.png,Classification failed - no description returned,1766508142.3500774
fractal_00747.png,Classification failed - no description returned,1766508142.3500779
fractal_00185.png,Classification failed - no description returned,1766508142.3500786
fractal_05072.png,Classification failed - no description returned,1766508142.350079
fractal_09709.png,Classification failed - no description returned,1766508142.3500798
fractal_04996.png,Classification failed - no description returned,1766508142.3500805
fractal_08065.png,Classification failed - no description returned,1766508142.350081
fractal_09346.png,Classification failed - no description returned,1766508142.3500817
fractal_01038.png,Classification failed - no description returned,1766508142.3500824
fractal_08343.png,Classification failed - no description returned,1766508142.3500829
fractal_02373.png,Classification failed - no description returned,1766508142.3500838
fractal_04555.png,Classification failed - no description returned,1766508142.3500845
fractal_00181.png,Classification failed - no description returned,1766508142.350085
fractal_03566.png,Classification failed - no description returned,1766508142.3500857
fractal_02335.png,Classification failed - no description returned,1766508142.3500862
fractal_07623.png,Classification failed - no description returned,1766508142.3500867
fractal_00176.png,Classification failed - no description returned,1766508142.3500876
fractal_05573.png,Classification failed - no description returned,1766508142.3500881
fractal_04081.png,Classification failed - no description returned,1766508142.350089
fractal_03136.png,Classification failed - no description returned,1766508142.3500896
fractal_06067.png,Classification failed - no description returned,1766508142.3500903
fractal_04274.png,Classification failed - no description returned,1766508142.350091
fractal_07882.png,Classification failed - no description returned,1766508142.3500917
fractal_07257.png,Classification failed - no description returned,1766508142.350093
fractal_05050.png,Classification failed - no description returned,1766508142.3500936
fractal_09705.png,Classification failed - no description returned,1766508142.3500943
fractal_01128.png,Classification failed - no description returned,1766508142.3500948
fractal_08588.png,Classification failed - no description returned,1766508142.3500962
fractal_03582.png,Classification failed - no description returned,1766508142.3500967
fractal_03474.png,Classification failed - no description returned,1766508142.3500972
fractal_03862.png,Classification failed - no description returned,1766508142.3500977
fractal_03871.png,Classification failed - no description returned,1766508142.3500981
fractal_03072.png,Classification failed - no description returned,1766508142.3500986
fractal_01802.png,Classification failed - no description returned,1766508142.3500996
fractal_09837.png,Classification failed - no description returned,1766508142.3501003
fractal_08920.png,Classification failed - no description returned,1766508142.350101
fractal_01736.png,Classification failed - no description returned,1766508142.3501012
fractal_03606.png,Classification failed - no description returned,1766508142.350102
fractal_05827.png,Classification failed - no description returned,1766508142.3501024
fractal_07569.png,Classification failed - no description returned,1766508142.3501034
fractal_03547.png,Classification failed - no description returned,1766508142.350104
fractal_08491.png,Classification failed - no description returned,1766508142.3501048
fractal_00653.png,Classification failed - no description returned,1766508197.331056
fractal_03809.png,Classification failed - no description returned,1766508197.3310583
fractal_06309.png,Classification failed - no description returned,1766508197.331059
fractal_08735.png,Classification failed - no description returned,1766508197.3310595
fractal_08278.png,Classification failed - no description returned,1766508197.33106
fractal_01827.png,Classification failed - no description returned,1766508197.3310606
fractal_07926.png,Classification failed - no description returned,1766508197.3310616
fractal_05635.png,Classification failed - no description returned,1766508197.331062
fractal_06032.png,Classification failed - no description returned,1766508197.3310628
fractal_05876.png,Classification failed - no description returned,1766508197.3310633
fractal_08195.png,Classification failed - no description returned,1766508197.331064
fractal_03907.png,Classification failed - no description returned,1766508197.3310645
fractal_03410.png,Classification failed - no description returned,1766508197.3310657
fractal_05380.png,Classification failed - no description returned,1766508197.3310661
fractal_03812.png,Classification failed - no description returned,1766508197.3310668
fractal_03901.png,Classification failed - no description returned,1766508197.3310673
fractal_05721.png,Classification failed - no description returned,1766508197.3310678
fractal_02474.png,Classification failed - no description returned,1766508197.331069
fractal_09775.png,Classification failed - no description returned,1766508197.3310697
fractal_07860.png,Classification failed - no description returned,1766508197.3310704
fractal_05691.png,Classification failed - no description returned,1766508197.3310711
fractal_06703.png,Classification failed - no description returned,1766508197.331072
fractal_04259.png,Classification failed - no description returned,1766508197.331073
fractal_00017.png,Classification failed - no description returned,1766508197.3310735
fractal_00256.png,Classification failed - no description returned,1766508197.331074
fractal_00393.png,Classification failed - no description returned,1766508197.3310747
fractal_05541.png,Classification failed - no description returned,1766508197.3310757
fractal_03228.png,Classification failed - no description returned,1766508197.3310766
fractal_07961.png,Classification failed - no description returned,1766508197.331077
fractal_07839.png,Classification failed - no description returned,1766508197.3310778
fractal_08891.png,Classification failed - no description returned,1766508197.3310783
fractal_01369.png,Classification failed - no description returned,1766508197.3310792
fractal_05405.png,Classification failed - no description returned,1766508197.3310797
fractal_03720.png,Classification failed - no description returned,1766508197.3310802
fractal_04745.png,Classification failed - no description returned,1766508197.331081
fractal_00454.png,Classification failed - no description returned,1766508197.3310816
fractal_02618.png,Classification failed - no description returned,1766508197.3310823
fractal_01887.png,Classification failed - no description returned,1766508197.3310828
fractal_07771.png,Classification failed - no description returned,1766508197.3310833
fractal_07251.png,Classification failed - no description returned,1766508197.331084
fractal_05474.png,Classification failed - no description returned,1766508197.331085
fractal_06722.png,Classification failed - no description returned,1766508197.3310857
fractal_04528.png,Classification failed - no description returned,1766508197.3310866
fractal_05699.png,Classification failed - no description returned,1766508197.3310869
fractal_00546.png,Classification failed - no description returned,1766508197.3310876
fractal_04207.png,Classification failed - no description returned,1766508197.3310883
fractal_06311.png,Classification failed - no description returned,1766508197.3310895
fractal_01778.png,Classification failed - no description returned,1766508197.3310902
fractal_01184.png,Classification failed - no description returned,1766508197.331091
fractal_05673.png,Classification failed - no description returned,1766508239.0050979
fractal_03704.png,Classification failed - no description returned,1766508239.0050995
fractal_06425.png,Classification failed - no description returned,1766508239.0051003
fractal_08828.png,Classification failed - no description returned,1766508239.0051007
fractal_06041.png,Classification failed - no description returned,1766508239.0051012
fractal_03291.png,Classification failed - no description returned,1766508239.0051026
fractal_06796.png,Classification failed - no description returned,1766508239.005103
fractal_07836.png,Classification failed - no description returned,1766508239.0051033
fractal_01411.png,Classification failed - no description returned,1766508239.005104
fractal_08285.png,Classification failed - no description returned,1766508239.0051048
fractal_04883.png,Classification failed - no description returned,1766508239.0051055
fractal_00805.png,Classification failed - no description returned,1766508239.0051062
fractal_07895.png,Classification failed - no description returned,1766508239.005107
fractal_06116.png,Classification failed - no description returned,1766508239.0051074
fractal_01722.png,Classification failed - no description returned,1766508239.005108
fractal_01914.png,Classification failed - no description returned,1766508239.0051088
fractal_03999.png,Classification failed - no description returned,1766508239.0051093
fractal_00932.png,Classification failed - no description returned,1766508239.0051103
fractal_03060.png,Classification failed - no description returned,1766508239.0051107
fractal_08855.png,Classification failed - no description returned,1766508239.0051112
fractal_02047.png,Classification failed - no description returned,1766508239.0051117
fractal_07821.png,Classification failed - no description returned,1766508239.0051124
fractal_00506.png,Classification failed - no description returned,1766508239.005113
fractal_05043.png,Classification failed - no description returned,1766508239.0051134
fractal_02650.png,Classification failed - no description returned,1766508239.005114
fractal_07748.png,Classification failed - no description returned,1766508239.0051148
fractal_03234.png,Classification failed - no description returned,1766508239.0051155
fractal_00225.png,Classification failed - no description returned,1766508239.005116
fractal_04867.png,Classification failed - no description returned,1766508239.0051165
fractal_03219.png,Classification failed - no description returned,1766508239.005117
fractal_01139.png,Classification failed - no description returned,1766508239.005118
fractal_02727.png,Classification failed - no description returned,1766508239.0051186
fractal_04376.png,Classification failed - no description returned,1766508239.0051193
fractal_08112.png,Classification failed - no description returned,1766508239.0051198
fractal_06937.png,Classification failed - no description returned,1766508239.0051205
fractal_06424.png,Classification failed - no description returned,1766508239.0051217
fractal_02756.png,Classification failed - no description returned,1766508239.0051224
fractal_06305.png,Classification failed - no description returned,1766508239.0051227
fractal_06416.png,Classification failed - no description returned,1766508239.0051234
fractal_03967.png,Classification failed - no description returned,1766508239.005124
fractal_07890.png,Classification failed - no description returned,1766508239.0051248
fractal_01083.png,Classification failed - no description returned,1766508239.0051255
fractal_01144.png,Classification failed - no description returned,1766508239.0051265
fractal_00037.png,Classification failed - no description returned,1766508239.005127
fractal_01035.png,Classification failed - no description returned,1766508239.0051274
fractal_05624.png,Classification failed - no description returned,1766508239.005128
fractal_08341.png,Classification failed - no description returned,1766508239.0051286
fractal_02990.png,Classification failed - no description returned,1766508239.0051296
fractal_09872.png,Classification failed - no description returned,1766508239.0051303
fractal_08156.png,Classification failed - no description returned,1766508287.865076
fractal_03232.png,Classification failed - no description returned,1766508287.8650782
fractal_08184.png,Classification failed - no description returned,1766508287.865079
fractal_04421.png,Classification failed - no description returned,1766508287.8650799
fractal_01693.png,Classification failed - no description returned,1766508287.8650806
fractal_05172.png,Classification failed - no description returned,1766508287.8650813
fractal_06313.png,Classification failed - no description returned,1766508287.865082
fractal_03874.png,Classification failed - no description returned,1766508287.8650827
fractal_04077.png,Classification failed - no description returned,1766508287.8650837
fractal_03943.png,Classification failed - no description returned,1766508287.8650842
fractal_07574.png,Classification failed - no description returned,1766508287.8650851
fractal_09819.png,Classification failed - no description returned,1766508287.8650858
fractal_02142.png,Classification failed - no description returned,1766508287.8650868
fractal_06040.png,Classification failed - no description returned,1766508287.8650875
fractal_07155.png,Classification failed - no description returned,1766508287.865088
fractal_05848.png,Classification failed - no description returned,1766508287.8650887
fractal_05801.png,Classification failed - no description returned,1766508287.8650897
fractal_04089.png,Classification failed - no description returned,1766508287.8650904
fractal_09017.png,Classification failed - no description returned,1766508287.865091
fractal_01861.png,Classification failed - no description returned,1766508287.8650918
fractal_03920.png,Classification failed - no description returned,1766508287.8650928
fractal_02423.png,Classification failed - no description returned,1766508287.865094
fractal_07706.png,Classification failed - no description returned,1766508287.8650947
fractal_02281.png,Classification failed - no description returned,1766508287.8650954
fractal_07477.png,Classification failed - no description returned,1766508287.865096
fractal_03648.png,Classification failed - no description returned,1766508287.8650973
fractal_00596.png,Classification failed - no description returned,1766508287.865098
fractal_01606.png,Classification failed - no description returned,1766508287.8650987
fractal_02077.png,Classification failed - no description returned,1766508287.8650992
fractal_03223.png,Classification failed - no description returned,1766508287.8651001
fractal_07421.png,Classification failed - no description returned,1766508287.865101
fractal_03597.png,Classification failed - no description returned,1766508287.8651018
fractal_08949.png,Classification failed - no description returned,1766508287.8651023
fractal_00441.png,Classification failed - no description returned,1766508287.8651032
fractal_07381.png,Classification failed - no description returned,1766508287.8651042
fractal_09607.png,Classification failed - no description returned,1766508287.8651054
fractal_09851.png,Classification failed - no description returned,1766508287.8651059
fractal_06130.png,Classification failed - no description returned,1766508287.8651066
fractal_06355.png,Classification failed - no description returned,1766508287.8651075
fractal_04181.png,Classification failed - no description returned,1766508287.8651083
fractal_01521.png,Classification failed - no description returned,1766508287.8651092
fractal_08502.png,Classification failed - no description returned,1766508287.8651102
fractal_07564.png,Classification failed - no description returned,1766508287.865111
fractal_01970.png,Classification failed - no description returned,1766508287.8651118
fractal_04634.png,Classification failed - no description returned,1766508287.8651125
fractal_08034.png,Classification failed - no description returned,1766508287.8651135
fractal_05413.png,Classification failed - no description returned,1766508287.8651145
fractal_03623.png,Classification failed - no description returned,1766508287.8651154
fractal_02648.png,Classification failed - no description returned,1766508287.8651161
fractal_00180.png,Classification failed - no description returned,1766508343.7738864
fractal_06463.png,Classification failed - no description returned,1766508343.7738876
fractal_04366.png,Classification failed - no description returned,1766508343.7738886
fractal_00979.png,Classification failed - no description returned,1766508343.7738893
fractal_01986.png,Classification failed - no description returned,1766508343.7738895
fractal_02890.png,Classification failed - no description returned,1766508343.7738903
fractal_05055.png,Classification failed - no description returned,1766508343.7738907
fractal_04519.png,Classification failed - no description returned,1766508343.7738912
fractal_05201.png,Classification failed - no description returned,1766508343.7738924
fractal_04028.png,Classification failed - no description returned,1766508343.7738929
fractal_06536.png,Classification failed - no description returned,1766508343.7738936
fractal_05190.png,Classification failed - no description returned,1766508343.773894
fractal_08199.png,Classification failed - no description returned,1766508343.7738945
fractal_04523.png,Classification failed - no description returned,1766508343.7738955
fractal_02504.png,Classification failed - no description returned,1766508343.7738962
fractal_08097.png,Classification failed - no description returned,1766508343.7738967
fractal_06983.png,Classification failed - no description returned,1766508343.7738972
fractal_06882.png,Classification failed - no description returned,1766508343.7738976
fractal_05116.png,Classification failed - no description returned,1766508343.7738986
fractal_01998.png,Classification failed - no description returned,1766508343.773899
fractal_07323.png,Classification failed - no description returned,1766508343.7739
fractal_05805.png,Classification failed - no description returned,1766508343.7739005
fractal_05238.png,Classification failed - no description returned,1766508343.773901
fractal_04609.png,Classification failed - no description returned,1766508343.7739022
fractal_02449.png,Classification failed - no description returned,1766508343.7739027
fractal_07823.png,Classification failed - no description returned,1766508343.7739034
fractal_02543.png,Classification failed - no description returned,1766508343.7739043
fractal_03320.png,Classification failed - no description returned,1766508343.7739048
fractal_07766.png,Classification failed - no description returned,1766508343.7739055
fractal_05181.png,Classification failed - no description returned,1766508343.773906
fractal_00968.png,Classification failed - no description returned,1766508343.773907
fractal_06889.png,Classification failed - no description returned,1766508343.773908
fractal_08245.png,Classification failed - no description returned,1766508343.7739081
fractal_05297.png,Classification failed - no description returned,1766508343.7739089
fractal_00967.png,Classification failed - no description returned,1766508343.7739096
fractal_07156.png,Classification failed - no description returned,1766508343.77391
fractal_02332.png,Classification failed - no description returned,1766508343.7739108
fractal_08405.png,Classification failed - no description returned,1766508343.773911
fractal_02554.png,Classification failed - no description returned,1766508343.7739117
fractal_02435.png,Classification failed - no description returned,1766508343.7739127
fractal_09714.png,Classification failed - no description returned,1766508343.7739134
fractal_01224.png,Classification failed - no description returned,1766508343.7739139
fractal_08760.png,Classification failed - no description returned,1766508343.7739146
fractal_06307.png,Classification failed - no description returned,1766508343.7739155
fractal_03051.png,Classification failed - no description returned,1766508343.7739162
fractal_08793.png,Classification failed - no description returned,1766508343.7739167
fractal_04822.png,Classification failed - no description returned,1766508343.7739172
fractal_08914.png,Classification failed - no description returned,1766508343.7739184
fractal_06283.png,Classification failed - no description returned,1766508343.7739189
fractal_01371.png,Classification failed - no description returned,1766508388.0677936
fractal_02368.png,Classification failed - no description returned,1766508388.067797
fractal_08977.png,Classification failed - no description returned,1766508388.0677977
fractal_00516.png,Classification failed - no description returned,1766508388.0677989
fractal_01517.png,Classification failed - no description returned,1766508388.0677996
fractal_04146.png,Classification failed - no description returned,1766508388.067801
fractal_07149.png,Classification failed - no description returned,1766508388.0678022
fractal_05820.png,Classification failed - no description returned,1766508388.0678027
fractal_03010.png,Classification failed - no description returned,1766508388.0678039
fractal_06567.png,Classification failed - no description returned,1766508388.0678058
fractal_01081.png,Classification failed - no description returned,1766508388.067807
fractal_03009.png,Classification failed - no description returned,1766508388.0678077
fractal_00414.png,Classification failed - no description returned,1766508388.0678086
fractal_00002.png,Classification failed - no description returned,1766508388.067809
fractal_07065.png,Classification failed - no description returned,1766508388.0678098
fractal_01125.png,Classification failed - no description returned,1766508388.0678113
fractal_01785.png,Classification failed - no description returned,1766508388.0678124
fractal_06442.png,Classification failed - no description returned,1766508388.0678132
fractal_05384.png,Classification failed - no description returned,1766508388.067814
fractal_00422.png,Classification failed - no description returned,1766508388.0678148
fractal_00788.png,Classification failed - no description returned,1766508388.0678158
fractal_00856.png,Classification failed - no description returned,1766508388.0678163
fractal_00995.png,Classification failed - no description returned,1766508388.067817
fractal_00050.png,Classification failed - no description returned,1766508388.067818
fractal_06297.png,Classification failed - no description returned,1766508388.0678186
fractal_08854.png,Classification failed - no description returned,1766508388.0678194
fractal_00187.png,Classification failed - no description returned,1766508388.06782
fractal_05689.png,Classification failed - no description returned,1766508388.067821
fractal_05592.png,Classification failed - no description returned,1766508388.0678217
fractal_01551.png,Classification failed - no description returned,1766508388.0678222
fractal_08696.png,Classification failed - no description returned,1766508388.067823
fractal_01281.png,Classification failed - no description returned,1766508388.0678236
fractal_09152.png,Classification failed - no description returned,1766508388.0678246
fractal_00886.png,Classification failed - no description returned,1766508388.067827
fractal_05468.png,Classification failed - no description returned,1766508388.067828
fractal_02084.png,Classification failed - no description returned,1766508388.0678287
fractal_06827.png,Classification failed - no description returned,1766508388.0678296
fractal_09893.png,Classification failed - no description returned,1766508388.06783
fractal_02929.png,Classification failed - no description returned,1766508388.067831
fractal_07966.png,Classification failed - no description returned,1766508388.0678315
fractal_09078.png,Classification failed - no description returned,1766508388.0678325
fractal_04631.png,Classification failed - no description returned,1766508388.067834
fractal_07180.png,Classification failed - no description returned,1766508388.0678353
fractal_03694.png,Classification failed - no description returned,1766508388.0678365
fractal_00263.png,Classification failed - no description returned,1766508388.067837
fractal_00825.png,Classification failed - no description returned,1766508388.0678375
fractal_02786.png,Classification failed - no description returned,1766508388.067838
fractal_06913.png,Classification failed - no description returned,1766508388.0678382
fractal_03822.png,Classification failed - no description returned,1766508388.067839
fractal_05193.png,Classification failed - no description returned,1766508431.7337418
fractal_06580.png,Classification failed - no description returned,1766508431.733744
fractal_08915.png,Classification failed - no description returned,1766508431.7337446
fractal_04152.png,Classification failed - no description returned,1766508431.7337456
fractal_03843.png,Classification failed - no description returned,1766508431.7337463
fractal_04759.png,Classification failed - no description returned,1766508431.733747
fractal_08401.png,Classification failed - no description returned,1766508431.7337475
fractal_02539.png,Classification failed - no description returned,1766508431.733748
fractal_05637.png,Classification failed - no description returned,1766508431.7337487
fractal_04529.png,Classification failed - no description returned,1766508431.7337494
fractal_08021.png,Classification failed - no description returned,1766508431.73375
fractal_02508.png,Classification failed - no description returned,1766508431.7337506
fractal_03911.png,Classification failed - no description returned,1766508431.733751
fractal_03064.png,Classification failed - no description returned,1766508431.7337518
fractal_03483.png,Classification failed - no description returned,1766508431.7337525
fractal_06016.png,Classification failed - no description returned,1766508431.7337534
fractal_01549.png,Classification failed - no description returned,1766508431.7337542
fractal_00611.png,Classification failed - no description returned,1766508431.7337546
fractal_04278.png,Classification failed - no description returned,1766508431.733755
fractal_00175.png,Classification failed - no description returned,1766508431.7337556
fractal_04184.png,Classification failed - no description returned,1766508431.7337563
fractal_08662.png,Classification failed - no description returned,1766508431.733757
fractal_05337.png,Classification failed - no description returned,1766508431.7337577
fractal_02146.png,Classification failed - no description returned,1766508431.7337584
fractal_05000.png,Classification failed - no description returned,1766508431.7337592
fractal_00337.png,Classification failed - no description returned,1766508431.7337596
fractal_00735.png,Classification failed - no description returned,1766508431.7337604
fractal_08941.png,Classification failed - no description returned,1766508431.733761
fractal_02571.png,Classification failed - no description returned,1766508431.7337618
fractal_01653.png,Classification failed - no description returned,1766508431.7337623
fractal_07848.png,Classification failed - no description returned,1766508431.733763
fractal_05792.png,Classification failed - no description returned,1766508431.7337642
fractal_06017.png,Classification failed - no description returned,1766508431.7337646
fractal_03744.png,Classification failed - no description returned,1766508431.7337651
fractal_09358.png,Classification failed - no description returned,1766508431.7337656
fractal_04018.png,Classification failed - no description returned,1766508431.7337663
fractal_03732.png,Classification failed - no description returned,1766508431.7337673
fractal_05659.png,Classification failed - no description returned,1766508431.733768
fractal_06514.png,Classification failed - no description returned,1766508431.7337687
fractal_04514.png,Classification failed - no description returned,1766508431.7337697
fractal_08071.png,Classification failed - no description returned,1766508431.7337706
fractal_06140.png,Classification failed - no description returned,1766508431.733771
fractal_03356.png,Classification failed - no description returned,1766508431.7337718
fractal_09003.png,Classification failed - no description returned,1766508431.7337723
fractal_07459.png,Classification failed - no description returned,1766508431.7337742
fractal_08465.png,Classification failed - no description returned,1766508431.7337747
fractal_01759.png,Classification failed - no description returned,1766508431.7337754
fractal_04734.png,Classification failed - no description returned,1766508431.7337759
fractal_09621.png,Classification failed - no description returned,1766508431.7337763
fractal_08740.png,Classification failed - no description returned,1766508474.8997762
fractal_00664.png,Classification failed - no description returned,1766508474.899778
fractal_00290.png,Classification failed - no description returned,1766508474.899779
fractal_06548.png,Classification failed - no description returned,1766508474.8997796
fractal_06782.png,Classification failed - no description returned,1766508474.8997803
fractal_01257.png,Classification failed - no description returned,1766508474.8997808
fractal_03036.png,Classification failed - no description returned,1766508474.8997815
fractal_02788.png,Classification failed - no description returned,1766508474.899782
fractal_04246.png,Classification failed - no description returned,1766508474.8997827
fractal_07190.png,Classification failed - no description returned,1766508474.8997831
fractal_02054.png,Classification failed - no description returned,1766508474.8997836
fractal_03466.png,Classification failed - no description returned,1766508474.8997846
fractal_07384.png,Classification failed - no description returned,1766508474.899785
fractal_05328.png,Classification failed - no description returned,1766508474.8997855
fractal_08200.png,Classification failed - no description returned,1766508474.899786
fractal_05903.png,Classification failed - no description returned,1766508474.8997867
fractal_08443.png,Classification failed - no description returned,1766508474.8997872
fractal_00485.png,Classification failed - no description returned,1766508474.8997877
fractal_07527.png,Classification failed - no description returned,1766508474.8997886
fractal_05729.png,Classification failed - no description returned,1766508474.8997889
fractal_08678.png,Classification failed - no description returned,1766508474.8997893
fractal_02977.png,Classification failed - no description returned,1766508474.89979
fractal_01659.png,Classification failed - no description returned,1766508474.8997908
fractal_06129.png,Classification failed - no description returned,1766508474.8997917
fractal_01436.png,Classification failed - no description returned,1766508474.8997922
fractal_04318.png,Classification failed - no description returned,1766508474.8997927
fractal_07080.png,Classification failed - no description returned,1766508474.8997931
fractal_03892.png,Classification failed - no description returned,1766508474.8997939
fractal_00873.png,Classification failed - no description returned,1766508474.8997943
fractal_07314.png,Classification failed - no description returned,1766508474.899795
fractal_08796.png,Classification failed - no description returned,1766508474.8997958
fractal_05030.png,Classification failed - no description returned,1766508474.8997965
fractal_03734.png,Classification failed - no description returned,1766508474.8997967
fractal_08270.png,Classification failed - no description returned,1766508474.8997974
fractal_04477.png,Classification failed - no description returned,1766508474.899799
fractal_06323.png,Classification failed - no description returned,1766508474.8997996
fractal_09037.png,Classification failed - no description returned,1766508474.8998
fractal_06239.png,Classification failed - no description returned,1766508474.8998005
fractal_03348.png,Classification failed - no description returned,1766508474.899801
fractal_08866.png,Classification failed - no description returned,1766508474.899802
fractal_02172.png,Classification failed - no description returned,1766508474.8998027
fractal_00097.png,Classification failed - no description returned,1766508474.8998032
fractal_06431.png,Classification failed - no description returned,1766508474.8998039
fractal_06915.png,Classification failed - no description returned,1766508474.8998044
fractal_08980.png,Classification failed - no description returned,1766508474.8998048
fractal_02813.png,Classification failed - no description returned,1766508474.899806
fractal_02999.png,Classification failed - no description returned,1766508474.8998067
fractal_05505.png,Classification failed - no description returned,1766508474.8998075
fractal_06384.png,Classification failed - no description returned,1766508474.899808
fractal_03121.png,Classification failed - no description returned,1766508531.982901
fractal_02015.png,Classification failed - no description returned,1766508531.9829032
fractal_07788.png,Classification failed - no description returned,1766508531.982904
fractal_01933.png,Classification failed - no description returned,1766508531.982905
fractal_00636.png,Classification failed - no description returned,1766508531.9829056
fractal_03491.png,Classification failed - no description returned,1766508531.982906
fractal_00503.png,Classification failed - no description returned,1766508531.9829066
fractal_01320.png,Classification failed - no description returned,1766508531.982907
fractal_01775.png,Classification failed - no description returned,1766508531.982908
fractal_08457.png,Classification failed - no description returned,1766508531.9829087
fractal_09862.png,Classification failed - no description returned,1766508531.9829094
fractal_01880.png,Classification failed - no description returned,1766508531.9829102
fractal_08396.png,Classification failed - no description returned,1766508531.9829113
fractal_05342.png,Classification failed - no description returned,1766508531.9829118
fractal_07239.png,Classification failed - no description returned,1766508531.9829125
fractal_09824.png,Classification failed - no description returned,1766508531.9829133
fractal_07356.png,Classification failed - no description returned,1766508531.9829137
fractal_05590.png,Classification failed - no description returned,1766508531.9829144
fractal_01221.png,Classification failed - no description returned,1766508531.9829154
fractal_01717.png,Classification failed - no description returned,1766508531.982916
fractal_01146.png,Classification failed - no description returned,1766508531.9829168
fractal_08509.png,Classification failed - no description returned,1766508531.9829175
fractal_02651.png,Classification failed - no description returned,1766508531.9829185
fractal_06785.png,Classification failed - no description returned,1766508531.982919
fractal_00618.png,Classification failed - no description returned,1766508531.9829197
fractal_09541.png,Classification failed - no description returned,1766508531.9829202
fractal_09600.png,Classification failed - no description returned,1766508531.9829214
fractal_03005.png,Classification failed - no description returned,1766508531.982922
fractal_03630.png,Classification failed - no description returned,1766508531.9829228
fractal_02749.png,Classification failed - no description returned,1766508531.9829233
fractal_09725.png,Classification failed - no description returned,1766508531.9829237
fractal_08373.png,Classification failed - no description returned,1766508531.9829245
fractal_05453.png,Classification failed - no description returned,1766508531.982925
fractal_04948.png,Classification failed - no description returned,1766508531.982926
fractal_02351.png,Classification failed - no description returned,1766508531.9829266
fractal_00015.png,Classification failed - no description returned,1766508531.982927
fractal_03255.png,Classification failed - no description returned,1766508531.982928
fractal_06663.png,Classification failed - no description returned,1766508531.9829292
fractal_03808.png,Classification failed - no description returned,1766508531.9829297
fractal_02494.png,Classification failed - no description returned,1766508531.9829304
fractal_08946.png,Classification failed - no description returned,1766508531.982931
fractal_00297.png,Classification failed - no description returned,1766508531.9829314
fractal_06770.png,Classification failed - no description returned,1766508531.9829323
fractal_02697.png,Classification failed - no description returned,1766508531.9829333
fractal_04958.png,Classification failed - no description returned,1766508531.982934
fractal_02452.png,Classification failed - no description returned,1766508531.9829347
fractal_05035.png,Classification failed - no description returned,1766508531.9829352
fractal_09218.png,Classification failed - no description returned,1766508531.982936
fractal_08907.png,Classification failed - no description returned,1766508531.982937
fractal_09278.png,Classification failed - no description returned,1766508577.2683277
fractal_07265.png,Classification failed - no description returned,1766508577.26833
fractal_05444.png,Classification failed - no description returned,1766508577.2683308
fractal_01119.png,Classification failed - no description returned,1766508577.268331
fractal_07746.png,Classification failed - no description returned,1766508577.2683318
fractal_08120.png,Classification failed - no description returned,1766508577.2683325
fractal_05640.png,Classification failed - no description returned,1766508577.268333
fractal_02765.png,Classification failed - no description returned,1766508577.2683337
fractal_06465.png,Classification failed - no description returned,1766508577.2683344
fractal_02570.png,Classification failed - no description returned,1766508577.2683349
fractal_08630.png,Classification failed - no description returned,1766508577.2683356
fractal_05192.png,Classification failed - no description returned,1766508577.2683365
fractal_04285.png,Classification failed - no description returned,1766508577.2683372
fractal_03890.png,Classification failed - no description returned,1766508577.268338
fractal_03705.png,Classification failed - no description returned,1766508577.2683384
fractal_08864.png,Classification failed - no description returned,1766508577.2683392
fractal_04669.png,Classification failed - no description returned,1766508577.2683396
fractal_05197.png,Classification failed - no description returned,1766508577.2683408
fractal_04783.png,Classification failed - no description returned,1766508577.2683413
fractal_03572.png,Classification failed - no description returned,1766508577.2683418
fractal_09503.png,Classification failed - no description returned,1766508577.2683425
fractal_07776.png,Classification failed - no description returned,1766508577.268343
fractal_05025.png,Classification failed - no description returned,1766508577.268344
fractal_08769.png,Classification failed - no description returned,1766508577.2683449
fractal_03477.png,Classification failed - no description returned,1766508577.2683456
fractal_05684.png,Classification failed - no description returned,1766508577.268346
fractal_02693.png,Classification failed - no description returned,1766508577.2683468
fractal_07197.png,Classification failed - no description returned,1766508577.2683475
fractal_06846.png,Classification failed - no description returned,1766508577.2683485
fractal_00857.png,Classification failed - no description returned,1766508577.268349
fractal_09333.png,Classification failed - no description returned,1766508577.2683496
fractal_07655.png,Classification failed - no description returned,1766508577.2683501
fractal_03454.png,Classification failed - no description returned,1766508577.2683506
fractal_03548.png,Classification failed - no description returned,1766508577.2683516
fractal_04773.png,Classification failed - no description returned,1766508577.2683525
fractal_06690.png,Classification failed - no description returned,1766508577.268353
fractal_01533.png,Classification failed - no description returned,1766508577.2683537
fractal_05051.png,Classification failed - no description returned,1766508577.2683544
fractal_05189.png,Classification failed - no description returned,1766508577.2683551
fractal_03321.png,Classification failed - no description returned,1766508577.2683556
fractal_02935.png,Classification failed - no description returned,1766508577.2683568
fractal_06615.png,Classification failed - no description returned,1766508577.2683573
fractal_04348.png,Classification failed - no description returned,1766508577.2683582
fractal_03626.png,Classification failed - no description returned,1766508577.2683587
fractal_01074.png,Classification failed - no description returned,1766508577.2683592
fractal_09407.png,Classification failed - no description returned,1766508577.26836
fractal_06274.png,Classification failed - no description returned,1766508577.2683606
fractal_04203.png,Classification failed - no description returned,1766508577.2683616
fractal_08523.png,Classification failed - no description returned,1766508577.2683623
fractal_06866.png,"Minimalist form with a single thin, curved line against a dark background. Color palette is monochromatic with a pale, almost white line. Texture is delicate and sharp, resembling a cosmic dust trail. Abstract resemblance: cosmic dust trail.",1766508622.7640731
fractal_05994.png,"Concentric circular swirls forming a tight vortex at the center. Color patterns feature dark backgrounds with purple and gold accents, creating a glowing effect. Textural qualities are smooth and luminous, evoking a galaxy core. Abstract resemblance: galaxy core.",1766508622.764075
fractal_03525.png,"Loose, flowing spiral with soft edges, set against a dark backdrop. Color palette includes muted purples and pinks, giving an ethereal feel. Textural qualities are wispy and translucent, like a nebula cloud. Abstract resemblance: nebula cloud.",1766508622.7640755
fractal_02081.png,"Tight, concentric rings with sharp, defined edges. Color scheme is dark with subtle green or yellow highlights. Texture is crisp and mechanical, reminiscent of a gear. Abstract resemblance: mechanical gear.",1766508622.7640765
fractal_04502.png,"Large, swirling vortex with warm green and yellow tones. Color patterns are vibrant and luminous, creating a fiery appearance. Textural qualities are smooth and glowing, like a flame vortex. Abstract resemblance: flame vortex.",1766508622.7640774
fractal_09428.png,"Flowing, curved lines in cool blue and green hues. Color palette is calming and ethereal, with a fluid texture. Abstract resemblance: ocean",1766508622.7640781
fractal_00655.png,Classification failed - no description returned,1766508622.7640786
fractal_04244.png,Classification failed - no description returned,1766508622.7640796
fractal_09667.png,Classification failed - no description returned,1766508622.7640803
fractal_01249.png,Classification failed - no description returned,1766508622.7640812
fractal_00717.png,Classification failed - no description returned,1766508622.7640817
fractal_03209.png,Classification failed - no description returned,1766508622.7640824
fractal_09718.png,Classification failed - no description returned,1766508622.764083
fractal_07268.png,Classification failed - no description returned,1766508622.7640839
fractal_07178.png,Classification failed - no description returned,1766508622.7640846
fractal_07938.png,Classification failed - no description returned,1766508622.7640853
fractal_09230.png,Classification failed - no description returned,1766508622.7640858
fractal_06299.png,Classification failed - no description returned,1766508622.7640865
fractal_02407.png,Classification failed - no description returned,1766508622.7640874
fractal_04015.png,Classification failed - no description returned,1766508622.7640882
fractal_01975.png,Classification failed - no description returned,1766508622.7640886
fractal_04624.png,Classification failed - no description returned,1766508622.764089
fractal_07849.png,Classification failed - no description returned,1766508622.7640898
fractal_01616.png,Classification failed - no description returned,1766508622.7640903
fractal_05481.png,Classification failed - no description returned,1766508622.7640915
fractal_00253.png,Classification failed - no description returned,1766508622.7640922
fractal_09335.png,Classification failed - no description returned,1766508622.7640927
fractal_07869.png,Classification failed - no description returned,1766508622.764093
fractal_06648.png,Classification failed - no description returned,1766508622.7640936
fractal_08651.png,Classification failed - no description returned,1766508622.764094
fractal_03244.png,Classification failed - no description returned,1766508622.7640953
fractal_02516.png,Classification failed - no description returned,1766508622.764096
fractal_08973.png,Classification failed - no description returned,1766508622.7640963
fractal_00840.png,Classification failed - no description returned,1766508622.764097
fractal_00359.png,Classification failed - no description returned,1766508622.7640975
fractal_04857.png,Classification failed - no description returned,1766508622.764098
fractal_03475.png,Classification failed - no description returned,1766508622.7640986
fractal_04118.png,Classification failed - no description returned,1766508622.7640996
fractal_04365.png,Classification failed - no description returned,1766508622.7641
fractal_02269.png,Classification failed - no description returned,1766508622.7641006
fractal_05260.png,Classification failed - no description returned,1766508622.7641013
fractal_03487.png,Classification failed - no description returned,1766508622.764102
fractal_06748.png,Classification failed - no description returned,1766508622.7641027
fractal_04825.png,Classification failed - no description returned,1766508622.7641034
fractal_00810.png,Classification failed - no description returned,1766508622.764104
fractal_04710.png,Classification failed - no description returned,1766508622.7641044
fractal_04165.png,Classification failed - no description returned,1766508622.7641048
fractal_00230.png,Classification failed - no description returned,1766508622.7641056
fractal_03304.png,Classification failed - no description returned,1766508622.7641063
fractal_01514.png,Classification failed - no description returned,1766508663.5636268
fractal_01305.png,Classification failed - no description returned,1766508663.5636282
fractal_01191.png,Classification failed - no description returned,1766508663.5636292
fractal_00070.png,Classification failed - no description returned,1766508663.5636296
fractal_09031.png,Classification failed - no description returned,1766508663.56363
fractal_07749.png,Classification failed - no description returned,1766508663.5636308
fractal_02461.png,Classification failed - no description returned,1766508663.5636313
fractal_00391.png,Classification failed - no description returned,1766508663.5636318
fractal_00040.png,Classification failed - no description returned,1766508663.563633
fractal_00127.png,Classification failed - no description returned,1766508663.5636337
fractal_05901.png,Classification failed - no description returned,1766508663.5636344
fractal_08221.png,Classification failed - no description returned,1766508663.5636349
fractal_00361.png,Classification failed - no description returned,1766508663.5636358
fractal_04816.png,Classification failed - no description returned,1766508663.5636368
fractal_06127.png,Classification failed - no description returned,1766508663.5636373
fractal_03470.png,Classification failed - no description returned,1766508663.5636377
fractal_08374.png,Classification failed - no description returned,1766508663.5636384
fractal_03586.png,Classification failed - no description returned,1766508663.5636394
fractal_02206.png,Classification failed - no description returned,1766508663.56364
fractal_02098.png,Classification failed - no description returned,1766508663.5636406
fractal_05762.png,Classification failed - no description returned,1766508663.5636413
fractal_06903.png,Classification failed - no description returned,1766508663.5636418
fractal_06045.png,Classification failed - no description returned,1766508663.5636427
fractal_01492.png,Classification failed - no description returned,1766508663.5636435
fractal_03671.png,Classification failed - no description returned,1766508663.563644
fractal_01132.png,Classification failed - no description returned,1766508663.5636451
fractal_07945.png,Classification failed - no description returned,1766508663.5636458
fractal_04839.png,Classification failed - no description returned,1766508663.5636468
fractal_02496.png,Classification failed - no description returned,1766508663.5636473
fractal_06467.png,Classification failed - no description returned,1766508663.5636477
fractal_00071.png,Classification failed - no description returned,1766508663.5636487
fractal_00977.png,Classification failed - no description returned,1766508663.5636497
fractal_09509.png,Classification failed - no description returned,1766508663.5636504
fractal_04999.png,Classification failed - no description returned,1766508663.5636508
fractal_00934.png,Classification failed - no description returned,1766508663.5636516
fractal_08456.png,Classification failed - no description returned,1766508663.5636525
fractal_05212.png,Classification failed - no description returned,1766508663.5636535
fractal_02971.png,Classification failed - no description returned,1766508663.563654
fractal_09202.png,Classification failed - no description returned,1766508663.563655
fractal_05277.png,Classification failed - no description returned,1766508663.5636554
fractal_04932.png,Classification failed - no description returned,1766508663.5636568
fractal_03984.png,Classification failed - no description returned,1766508663.5636573
fractal_08538.png,Classification failed - no description returned,1766508663.5636582
fractal_02439.png,Classification failed - no description returned,1766508663.5636592
fractal_07833.png,Classification failed - no description returned,1766508663.5636597
fractal_02241.png,Classification failed - no description returned,1766508663.5636609
fractal_09558.png,Classification failed - no description returned,1766508663.5636613
fractal_07018.png,Classification failed - no description returned,1766508663.5636623
fractal_03610.png,Classification failed - no description returned,1766508663.563663
fractal_05486.png,Classification failed - no description returned,1766508704.7424664
fractal_08157.png,Classification failed - no description returned,1766508704.7424688
fractal_08764.png,Classification failed - no description returned,1766508704.7424698
fractal_09336.png,Classification failed - no description returned,1766508704.7424707
fractal_03775.png,Classification failed - no description returned,1766508704.7424715
fractal_02009.png,Classification failed - no description returned,1766508704.7424726
fractal_02282.png,Classification failed - no description returned,1766508704.7424734
fractal_04019.png,Classification failed - no description returned,1766508704.7424743
fractal_07999.png,Classification failed - no description returned,1766508704.742475
fractal_00356.png,Classification failed - no description returned,1766508704.742476
fractal_02867.png,Classification failed - no description returned,1766508704.742477
fractal_06806.png,Classification failed - no description returned,1766508704.7424781
fractal_08446.png,Classification failed - no description returned,1766508704.7424788
fractal_09989.png,Classification failed - no description returned,1766508704.74248
fractal_08567.png,Classification failed - no description returned,1766508704.742481
fractal_07388.png,Classification failed - no description returned,1766508704.7424817
fractal_07199.png,Classification failed - no description returned,1766508704.7424827
fractal_01957.png,Classification failed - no description returned,1766508704.7424834
fractal_03396.png,Classification failed - no description returned,1766508704.7424848
fractal_05107.png,Classification failed - no description returned,1766508704.7424855
fractal_08510.png,Classification failed - no description returned,1766508704.7424862
fractal_03783.png,Classification failed - no description returned,1766508704.7424867
fractal_09433.png,Classification failed - no description returned,1766508704.7424877
fractal_05500.png,Classification failed - no description returned,1766508704.7424889
fractal_05951.png,Classification failed - no description returned,1766508704.7424896
fractal_02359.png,Classification failed - no description returned,1766508704.7424903
fractal_06243.png,Classification failed - no description returned,1766508704.7424915
fractal_01172.png,Classification failed - no description returned,1766508704.7424927
fractal_04425.png,Classification failed - no description returned,1766508704.7424934
fractal_09038.png,Classification failed - no description returned,1766508704.7424939
fractal_08144.png,Classification failed - no description returned,1766508704.742495
fractal_06959.png,Classification failed - no description returned,1766508704.7424965
fractal_04695.png,Classification failed - no description returned,1766508704.7424972
fractal_01208.png,Classification failed - no description returned,1766508704.7424982
fractal_00566.png,Classification failed - no description returned,1766508704.742499
fractal_09127.png,Classification failed - no description returned,1766508704.7424998
fractal_07260.png,Classification failed - no description returned,1766508704.7425008
fractal_04511.png,Classification failed - no description returned,1766508704.7425017
fractal_06718.png,Classification failed - no description returned,1766508704.7425027
fractal_00847.png,Classification failed - no description returned,1766508704.7425034
fractal_08028.png,Classification failed - no description returned,1766508704.7425041
fractal_09777.png,Classification failed - no description returned,1766508704.7425056
fractal_04654.png,Classification failed - no description returned,1766508704.7425065
fractal_08479.png,Classification failed - no description returned,1766508704.7425072
fractal_04886.png,Classification failed - no description returned,1766508704.742508
fractal_05186.png,Classification failed - no description returned,1766508704.7425086
fractal_07561.png,Classification failed - no description returned,1766508704.7425094
fractal_04916.png,Classification failed - no description returned,1766508704.7425103
fractal_09858.png,Classification failed - no description returned,1766508704.742511
fractal_01809.png,Classification failed - no description returned,1766508751.6228447
fractal_08403.png,Classification failed - no description returned,1766508751.6228466
fractal_09188.png,Classification failed - no description returned,1766508751.6228485
fractal_01392.png,Classification failed - no description returned,1766508751.622849
fractal_09368.png,Classification failed - no description returned,1766508751.6228497
fractal_04704.png,Classification failed - no description returned,1766508751.6228507
fractal_08707.png,Classification failed - no description returned,1766508751.6228511
fractal_05672.png,Classification failed - no description returned,1766508751.6228518
fractal_06114.png,Classification failed - no description returned,1766508751.6228526
fractal_08246.png,Classification failed - no description returned,1766508751.6228535
fractal_03414.png,Classification failed - no description returned,1766508751.6228545
fractal_06558.png,Classification failed - no description returned,1766508751.6228557
fractal_08129.png,Classification failed - no description returned,1766508751.6228564
fractal_01601.png,Classification failed - no description returned,1766508751.6228573
fractal_05129.png,Classification failed - no description returned,1766508751.6228583
fractal_00554.png,Classification failed - no description returned,1766508751.622859
fractal_08818.png,Classification failed - no description returned,1766508751.62286
fractal_07142.png,Classification failed - no description returned,1766508751.6228611
fractal_07828.png,Classification failed - no description returned,1766508751.622862
fractal_09934.png,Classification failed - no description returned,1766508751.622863
fractal_09495.png,Classification failed - no description returned,1766508751.6228645
fractal_06955.png,Classification failed - no description returned,1766508751.6228652
fractal_08695.png,Classification failed - no description returned,1766508751.622866
fractal_04612.png,Classification failed - no description returned,1766508751.622867
fractal_07194.png,Classification failed - no description returned,1766508751.6228683
fractal_09735.png,Classification failed - no description returned,1766508751.622869
fractal_06811.png,Classification failed - no description returned,1766508751.62287
fractal_09249.png,Classification failed - no description returned,1766508751.6228714
fractal_01500.png,Classification failed - no description returned,1766508751.6228724
fractal_06619.png,Classification failed - no description returned,1766508751.622873
fractal_01574.png,Classification failed - no description returned,1766508751.6228738
fractal_01008.png,Classification failed - no description returned,1766508751.6228752
fractal_02260.png,Classification failed - no description returned,1766508751.622876
fractal_04724.png,Classification failed - no description returned,1766508751.6228766
fractal_08024.png,Classification failed - no description returned,1766508751.6228774
fractal_05391.png,Classification failed - no description returned,1766508751.6228783
fractal_09697.png,Classification failed - no description returned,1766508751.6228793
fractal_02950.png,Classification failed - no description returned,1766508751.62288
fractal_00255.png,Classification failed - no description returned,1766508751.6228805
fractal_02056.png,Classification failed - no description returned,1766508751.6228817
fractal_06570.png,Classification failed - no description returned,1766508751.6228826
fractal_06136.png,Classification failed - no description returned,1766508751.6228833
fractal_04457.png,Classification failed - no description returned,1766508751.6228848
fractal_09955.png,Classification failed - no description returned,1766508751.6228857
fractal_09478.png,Classification failed - no description returned,1766508751.6228862
fractal_06019.png,Classification failed - no description returned,1766508751.6228874
fractal_06540.png,Classification failed - no description returned,1766508751.622888
fractal_06050.png,Classification failed - no description returned,1766508751.622889
fractal_07227.png,Classification failed - no description returned,1766508751.6228902
fractal_05546.png,Classification failed - no description returned,1766508799.157188
fractal_09795.png,Classification failed - no description returned,1766508799.1571896
fractal_01833.png,Classification failed - no description returned,1766508799.1571906
fractal_06728.png,Classification failed - no description returned,1766508799.1571913
fractal_09850.png,Classification failed - no description returned,1766508799.1571918
fractal_00164.png,Classification failed - no description returned,1766508799.1571925
fractal_00349.png,Classification failed - no description returned,1766508799.1571927
fractal_09099.png,Classification failed - no description returned,1766508799.1571932
fractal_04733.png,Classification failed - no description returned,1766508799.157194
fractal_04350.png,Classification failed - no description returned,1766508799.157195
fractal_04310.png,Classification failed - no description returned,1766508799.1571958
fractal_07714.png,Classification failed - no description returned,1766508799.1571963
fractal_03385.png,Classification failed - no description returned,1766508799.1571968
fractal_05119.png,Classification failed - no description returned,1766508799.1571975
fractal_06518.png,Classification failed - no description returned,1766508799.1571987
fractal_04117.png,Classification failed - no description returned,1766508799.1571991
fractal_09908.png,Classification failed - no description returned,1766508799.1572
fractal_08123.png,Classification failed - no description returned,1766508799.157201
fractal_03434.png,Classification failed - no description returned,1766508799.157202
fractal_08461.png,Classification failed - no description returned,1766508799.157203
fractal_05749.png,Classification failed - no description returned,1766508799.1572034
fractal_05694.png,Classification failed - no description returned,1766508799.157204
fractal_09153.png,Classification failed - no description returned,1766508799.1572046
fractal_00858.png,Classification failed - no description returned,1766508799.1572053
fractal_03188.png,Classification failed - no description returned,1766508799.1572058
fractal_08090.png,Classification failed - no description returned,1766508799.1572065
fractal_00212.png,Classification failed - no description returned,1766508799.1572073
fractal_08376.png,Classification failed - no description returned,1766508799.1572077
fractal_02367.png,Classification failed - no description returned,1766508799.1572082
fractal_07462.png,Classification failed - no description returned,1766508799.1572092
fractal_02925.png,Classification failed - no description returned,1766508799.15721
fractal_00474.png,Classification failed - no description returned,1766508799.1572108
fractal_02520.png,Classification failed - no description returned,1766508799.1572113
fractal_03201.png,Classification failed - no description returned,1766508799.1572123
fractal_00569.png,Classification failed - no description returned,1766508799.1572127
fractal_04739.png,Classification failed - no description returned,1766508799.1572132
fractal_01897.png,Classification failed - no description returned,1766508799.1572137
fractal_05232.png,Classification failed - no description returned,1766508799.1572146
fractal_03282.png,Classification failed - no description returned,1766508799.157215
fractal_01746.png,Classification failed - no description returned,1766508799.1572158
fractal_06324.png,Classification failed - no description returned,1766508799.1572165
fractal_00678.png,Classification failed - no description returned,1766508799.157217
fractal_07125.png,Classification failed - no description returned,1766508799.1572177
fractal_02074.png,Classification failed - no description returned,1766508799.157219
fractal_09786.png,Classification failed - no description returned,1766508799.1572194
fractal_02189.png,Classification failed - no description returned,1766508799.1572201
fractal_01993.png,Classification failed - no description returned,1766508799.1572204
fractal_03445.png,Classification failed - no description returned,1766508799.157221
fractal_03227.png,Classification failed - no description returned,1766508799.157222
fractal_07900.png,Classification failed - no description returned,1766508837.952767
fractal_08705.png,Classification failed - no description returned,1766508837.9527693
fractal_00413.png,Classification failed - no description returned,1766508837.9527705
fractal_08536.png,Classification failed - no description returned,1766508837.9527717
fractal_07222.png,Classification failed - no description returned,1766508837.9527721
fractal_09852.png,Classification failed - no description returned,1766508837.9527726
fractal_08919.png,Classification failed - no description returned,1766508837.9527733
fractal_07717.png,Classification failed - no description returned,1766508837.9527738
fractal_05603.png,Classification failed - no description returned,1766508837.9527743
fractal_02822.png,Classification failed - no description returned,1766508837.9527755
fractal_01889.png,Classification failed - no description returned,1766508837.952776
fractal_00073.png,Classification failed - no description returned,1766508837.9527767
fractal_09469.png,Classification failed - no description returned,1766508837.9527771
fractal_07704.png,Classification failed - no description returned,1766508837.9527776
fractal_01267.png,Classification failed - no description returned,1766508837.9527786
fractal_01667.png,Classification failed - no description returned,1766508837.9527795
fractal_07972.png,Classification failed - no description returned,1766508837.95278
fractal_06326.png,Classification failed - no description returned,1766508837.9527807
fractal_09025.png,Classification failed - no description returned,1766508837.9527817
fractal_00287.png,Classification failed - no description returned,1766508837.9527822
fractal_04648.png,Classification failed - no description returned,1766508837.9527826
fractal_01014.png,Classification failed - no description returned,1766508837.952783
fractal_02531.png,Classification failed - no description returned,1766508837.9527843
fractal_00408.png,Classification failed - no description returned,1766508837.9527855
fractal_00651.png,Classification failed - no description returned,1766508837.9527862
fractal_08983.png,Classification failed - no description returned,1766508837.9527874
fractal_07488.png,Classification failed - no description returned,1766508837.952788
fractal_08843.png,Classification failed - no description returned,1766508837.9527888
fractal_09043.png,Classification failed - no description returned,1766508837.9527893
fractal_03601.png,Classification failed - no description returned,1766508837.95279
fractal_02804.png,Classification failed - no description returned,1766508837.952791
fractal_06566.png,Classification failed - no description returned,1766508837.9527917
fractal_06947.png,Classification failed - no description returned,1766508837.9527924
fractal_02069.png,Classification failed - no description returned,1766508837.9527936
fractal_07011.png,Classification failed - no description returned,1766508837.952794
fractal_05702.png,Classification failed - no description returned,1766508837.9527946
fractal_03646.png,Classification failed - no description returned,1766508837.9527955
fractal_07924.png,Classification failed - no description returned,1766508837.952796
fractal_04433.png,Classification failed - no description returned,1766508837.9527967
fractal_00463.png,Classification failed - no description returned,1766508837.9527974
fractal_01974.png,Classification failed - no description returned,1766508837.952798
fractal_09042.png,Classification failed - no description returned,1766508837.952799
fractal_08468.png,Classification failed - no description returned,1766508837.9527998
fractal_05746.png,Classification failed - no description returned,1766508837.9528005
fractal_06006.png,Classification failed - no description returned,1766508837.952801
fractal_07349.png,Classification failed - no description returned,1766508837.9528015
fractal_03677.png,Classification failed - no description returned,1766508837.952802
fractal_04481.png,Classification failed - no description returned,1766508837.9528031
fractal_08779.png,Classification failed - no description returned,1766508837.9528036
fractal_08205.png,Classification failed - no description returned,1766508879.0329318
fractal_07108.png,Classification failed - no description returned,1766508879.0329332
fractal_04277.png,Classification failed - no description returned,1766508879.0329342
fractal_00060.png,Classification failed - no description returned,1766508879.0329347
fractal_07733.png,Classification failed - no description returned,1766508879.0329351
fractal_03248.png,Classification failed - no description returned,1766508879.0329359
fractal_07112.png,Classification failed - no description returned,1766508879.032936
fractal_08529.png,Classification failed - no description returned,1766508879.0329368
fractal_00608.png,Classification failed - no description returned,1766508879.0329378
fractal_00533.png,Classification failed - no description returned,1766508879.0329382
fractal_04326.png,Classification failed - no description returned,1766508879.032939
fractal_08693.png,Classification failed - no description returned,1766508879.0329394
fractal_07403.png,Classification failed - no description returned,1766508879.0329401
fractal_06786.png,Classification failed - no description returned,1766508879.0329406
fractal_06434.png,Classification failed - no description returned,1766508879.0329416
fractal_08385.png,Classification failed - no description returned,1766508879.032942
fractal_05607.png,Classification failed - no description returned,1766508879.0329425
fractal_08528.png,Classification failed - no description returned,1766508879.0329432
fractal_03975.png,Classification failed - no description returned,1766508879.0329442
fractal_04450.png,Classification failed - no description returned,1766508879.0329447
fractal_05732.png,Classification failed - no description returned,1766508879.0329454
fractal_02128.png,Classification failed - no description returned,1766508879.032946
fractal_07311.png,Classification failed - no description returned,1766508879.0329466
fractal_04626.png,Classification failed - no description returned,1766508879.0329475
fractal_04682.png,Classification failed - no description returned,1766508879.032948
fractal_06659.png,Classification failed - no description returned,1766508879.0329487
fractal_03864.png,Classification failed - no description returned,1766508879.0329502
fractal_07517.png,Classification failed - no description returned,1766508879.0329509
fractal_00078.png,Classification failed - no description returned,1766508879.0329514
fractal_00220.png,Classification failed - no description returned,1766508879.0329518
fractal_02625.png,Classification failed - no description returned,1766508879.0329523
fractal_01053.png,Classification failed - no description returned,1766508879.032953
fractal_01085.png,Classification failed - no description returned,1766508879.0329537
fractal_08127.png,Classification failed - no description returned,1766508879.0329547
fractal_07803.png,Classification failed - no description returned,1766508879.0329554
fractal_01415.png,Classification failed - no description returned,1766508879.032956
fractal_08209.png,Classification failed - no description returned,1766508879.0329564
fractal_02965.png,Classification failed - no description returned,1766508879.0329576
fractal_09933.png,Classification failed - no description returned,1766508879.0329583
fractal_04003.png,Classification failed - no description returned,1766508879.0329592
fractal_00371.png,Classification failed - no description returned,1766508879.0329595
fractal_00609.png,Classification failed - no description returned,1766508879.03296
fractal_02052.png,Classification failed - no description returned,1766508879.0329604
fractal_09927.png,Classification failed - no description returned,1766508879.0329614
fractal_03318.png,Classification failed - no description returned,1766508879.032962
fractal_00530.png,Classification failed - no description returned,1766508879.0329626
fractal_06553.png,Classification failed - no description returned,1766508879.0329633
fractal_08591.png,Classification failed - no description returned,1766508879.0329638
fractal_03103.png,Classification failed - no description returned,1766508879.0329645
fractal_01286.png,Classification failed - no description returned,1766508927.9969869
fractal_01215.png,Classification failed - no description returned,1766508927.9969885
fractal_06766.png,Classification failed - no description returned,1766508927.99699
fractal_00538.png,Classification failed - no description returned,1766508927.9969904
fractal_08835.png,Classification failed - no description returned,1766508927.996991
fractal_07289.png,Classification failed - no description returned,1766508927.9969916
fractal_07348.png,Classification failed - no description returned,1766508927.9969923
fractal_09638.png,Classification failed - no description returned,1766508927.9969933
fractal_01031.png,Classification failed - no description returned,1766508927.996994
fractal_04448.png,Classification failed - no description returned,1766508927.9969945
fractal_09375.png,Classification failed - no description returned,1766508927.9969952
fractal_00207.png,Classification failed - no description returned,1766508927.9969962
fractal_02255.png,Classification failed - no description returned,1766508927.996997
fractal_03423.png,Classification failed - no description returned,1766508927.9969978
fractal_03452.png,Classification failed - no description returned,1766508927.9969985
fractal_02997.png,Classification failed - no description returned,1766508927.9969995
fractal_08991.png,Classification failed - no description returned,1766508927.997
fractal_04236.png,Classification failed - no description returned,1766508927.997001
fractal_03147.png,Classification failed - no description returned,1766508927.9970016
fractal_09296.png,Classification failed - no description returned,1766508927.9970026
fractal_04764.png,Classification failed - no description returned,1766508927.997003
fractal_08141.png,Classification failed - no description returned,1766508927.9970038
fractal_03126.png,Classification failed - no description returned,1766508927.9970047
fractal_05944.png,Classification failed - no description returned,1766508927.9970055
fractal_08893.png,Classification failed - no description returned,1766508927.9970064
fractal_02628.png,Classification failed - no description returned,1766508927.997007
fractal_02092.png,Classification failed - no description returned,1766508927.9970076
fractal_06460.png,Classification failed - no description returned,1766508927.997008
fractal_04559.png,Classification failed - no description returned,1766508927.9970088
fractal_07504.png,Classification failed - no description returned,1766508927.9970098
fractal_09151.png,Classification failed - no description returned,1766508927.9970102
fractal_01381.png,Classification failed - no description returned,1766508927.997011
fractal_01553.png,Classification failed - no description returned,1766508927.9970114
fractal_03640.png,Classification failed - no description returned,1766508927.9970124
fractal_09075.png,Classification failed - no description returned,1766508927.9970133
fractal_06742.png,Classification failed - no description returned,1766508927.9970138
fractal_08406.png,Classification failed - no description returned,1766508927.9970143
fractal_07799.png,Classification failed - no description returned,1766508927.997015
fractal_00008.png,Classification failed - no description returned,1766508927.9970155
fractal_08926.png,Classification failed - no description returned,1766508927.997017
fractal_09097.png,Classification failed - no description returned,1766508927.9970174
fractal_01976.png,Classification failed - no description returned,1766508927.997018
fractal_06831.png,Classification failed - no description returned,1766508927.9970188
fractal_02167.png,Classification failed - no description returned,1766508927.9970195
fractal_08032.png,Classification failed - no description returned,1766508927.9970202
fractal_02348.png,Classification failed - no description returned,1766508927.9970207
fractal_03607.png,Classification failed - no description returned,1766508927.9970212
fractal_06300.png,Classification failed - no description returned,1766508927.9970217
fractal_06413.png,Classification failed - no description returned,1766508927.9970224
fractal_01457.png,Classification failed - no description returned,1766508968.4179137
fractal_03968.png,Classification failed - no description returned,1766508968.4179153
fractal_05658.png,Classification failed - no description returned,1766508968.4179163
fractal_00116.png,Classification failed - no description returned,1766508968.417917
fractal_04991.png,Classification failed - no description returned,1766508968.4179175
fractal_03721.png,Classification failed - no description returned,1766508968.417918
fractal_07111.png,Classification failed - no description returned,1766508968.4179187
fractal_06717.png,Classification failed - no description returned,1766508968.4179196
fractal_04240.png,Classification failed - no description returned,1766508968.4179206
fractal_02333.png,Classification failed - no description returned,1766508968.417921
fractal_03534.png,Classification failed - no description returned,1766508968.4179215
fractal_00490.png,Classification failed - no description returned,1766508968.4179223
fractal_04815.png,Classification failed - no description returned,1766508968.4179227
fractal_00157.png,Classification failed - no description returned,1766508968.4179237
fractal_09134.png,Classification failed - no description returned,1766508968.4179246
fractal_00668.png,Classification failed - no description returned,1766508968.4179254
fractal_08094.png,Classification failed - no description returned,1766508968.417926
fractal_02300.png,Classification failed - no description returned,1766508968.417927
fractal_02982.png,Classification failed - no description returned,1766508968.4179277
fractal_02629.png,Classification failed - no description returned,1766508968.417928
fractal_06101.png,Classification failed - no description returned,1766508968.4179285
fractal_03281.png,Classification failed - no description returned,1766508968.417929
fractal_01487.png,Classification failed - no description returned,1766508968.4179296
fractal_09305.png,Classification failed - no description returned,1766508968.4179308
fractal_04686.png,Classification failed - no description returned,1766508968.4179318
fractal_07916.png,Classification failed - no description returned,1766508968.4179327
fractal_09119.png,Classification failed - no description returned,1766508968.4179332
fractal_05173.png,Classification failed - no description returned,1766508968.417934
fractal_02976.png,Classification failed - no description returned,1766508968.4179344
fractal_01567.png,Classification failed - no description returned,1766508968.417935
fractal_04197.png,Classification failed - no description returned,1766508968.4179356
fractal_04400.png,Classification failed - no description returned,1766508968.417936
fractal_09555.png,Classification failed - no description returned,1766508968.4179366
fractal_06270.png,Classification failed - no description returned,1766508968.417937
fractal_03905.png,Classification failed - no description returned,1766508968.417938
fractal_01092.png,Classification failed - no description returned,1766508968.4179387
fractal_00528.png,Classification failed - no description returned,1766508968.4179394
fractal_07056.png,Classification failed - no description returned,1766508968.41794
fractal_07723.png,Classification failed - no description returned,1766508968.4179409
fractal_06629.png,Classification failed - no description returned,1766508968.417941
fractal_04805.png,Classification failed - no description returned,1766508968.4179416
fractal_01702.png,Classification failed - no description returned,1766508968.4179425
fractal_03879.png,Classification failed - no description returned,1766508968.417943
fractal_08521.png,Classification failed - no description returned,1766508968.417944
fractal_01583.png,Classification failed - no description returned,1766508968.4179447
fractal_06303.png,Classification failed - no description returned,1766508968.4179451
fractal_09067.png,Classification failed - no description returned,1766508968.4179454
fractal_07755.png,Classification failed - no description returned,1766508968.4179459
fractal_03958.png,Classification failed - no description returned,1766508968.4179466
fractal_03690.png,Classification failed - no description returned,1766509024.5982451
fractal_00737.png,Classification failed - no description returned,1766509024.5982475
fractal_04133.png,Classification failed - no description returned,1766509024.5982482
fractal_01744.png,Classification failed - no description returned,1766509024.5982487
fractal_01153.png,Classification failed - no description returned,1766509024.5982494
fractal_03019.png,Classification failed - no description returned,1766509024.59825
fractal_07559.png,Classification failed - no description returned,1766509024.5982509
fractal_09675.png,Classification failed - no description returned,1766509024.5982513
fractal_00007.png,Classification failed - no description returned,1766509024.5982518
fractal_05291.png,Classification failed - no description returned,1766509024.5982525
fractal_00299.png,Classification failed - no description returned,1766509024.5982535
fractal_01058.png,Classification failed - no description returned,1766509024.5982547
fractal_01039.png,Classification failed - no description returned,1766509024.5982554
fractal_07987.png,Classification failed - no description returned,1766509024.5982559
fractal_08684.png,Classification failed - no description returned,1766509024.5982566
fractal_02041.png,Classification failed - no description returned,1766509024.598257
fractal_03666.png,Classification failed - no description returned,1766509024.5982578
fractal_02679.png,Classification failed - no description returned,1766509024.5982587
fractal_07989.png,Classification failed - no description returned,1766509024.5982597
fractal_09897.png,Classification failed - no description returned,1766509024.5982602
fractal_03455.png,Classification failed - no description returned,1766509024.5982606
fractal_03176.png,Classification failed - no description returned,1766509024.5982614
fractal_02525.png,Classification failed - no description returned,1766509024.598262
fractal_07368.png,Classification failed - no description returned,1766509024.598263
fractal_02834.png,Classification failed - no description returned,1766509024.5982635
fractal_03236.png,Classification failed - no description returned,1766509024.598264
fractal_07473.png,Classification failed - no description returned,1766509024.598265
fractal_00018.png,Classification failed - no description returned,1766509024.5982654
fractal_00031.png,Classification failed - no description returned,1766509024.5982664
fractal_01892.png,Classification failed - no description returned,1766509024.5982668
fractal_07992.png,Classification failed - no description returned,1766509024.5982676
fractal_04696.png,Classification failed - no description returned,1766509024.5982683
fractal_00621.png,Classification failed - no description returned,1766509024.5982687
fractal_07702.png,Classification failed - no description returned,1766509024.5982695
fractal_05151.png,Classification failed - no description returned,1766509024.5982707
fractal_07085.png,Classification failed - no description returned,1766509024.5982711
fractal_03590.png,Classification failed - no description returned,1766509024.598272
fractal_04565.png,Classification failed - no description returned,1766509024.5982726
fractal_00028.png,Classification failed - no description returned,1766509024.598273
fractal_09553.png,Classification failed - no description returned,1766509024.5982738
fractal_02670.png,Classification failed - no description returned,1766509024.5982745
fractal_04525.png,Classification failed - no description returned,1766509024.5982747
fractal_00701.png,Classification failed - no description returned,1766509024.5982757
fractal_07057.png,Classification failed - no description returned,1766509024.5982852
fractal_00752.png,Classification failed - no description returned,1766509024.5982864
fractal_02514.png,Classification failed - no description returned,1766509024.5982869
fractal_05233.png,Classification failed - no description returned,1766509024.5982873
fractal_05473.png,Classification failed - no description returned,1766509024.598288
fractal_03867.png,Classification failed - no description returned,1766509024.5982885
fractal_05728.png,Classification failed - no description returned,1766509080.1750164
fractal_05336.png,Classification failed - no description returned,1766509080.1750193
fractal_03102.png,Classification failed - no description returned,1766509080.1750205
fractal_09560.png,Classification failed - no description returned,1766509080.1750214
fractal_01547.png,Classification failed - no description returned,1766509080.1750221
fractal_05412.png,Classification failed - no description returned,1766509080.1750226
fractal_07186.png,Classification failed - no description returned,1766509080.175023
fractal_00351.png,Classification failed - no description returned,1766509080.1750236
fractal_00560.png,Classification failed - no description returned,1766509080.1750243
fractal_02614.png,Classification failed - no description returned,1766509080.175025
fractal_04082.png,Classification failed - no description returned,1766509080.1750257
fractal_02511.png,Classification failed - no description returned,1766509080.1750264
fractal_02589.png,Classification failed - no description returned,1766509080.175027
fractal_06086.png,Classification failed - no description returned,1766509080.1750276
fractal_01996.png,Classification failed - no description returned,1766509080.1750288
fractal_00377.png,Classification failed - no description returned,1766509080.1750293
fractal_08137.png,Classification failed - no description returned,1766509080.17503
fractal_00654.png,Classification failed - no description returned,1766509080.1750307
fractal_09676.png,Classification failed - no description returned,1766509080.1750321
fractal_05880.png,Classification failed - no description returned,1766509080.1750326
fractal_07563.png,Classification failed - no description returned,1766509080.175033
fractal_08026.png,Classification failed - no description returned,1766509080.1750338
fractal_01968.png,Classification failed - no description returned,1766509080.1750352
fractal_03225.png,Classification failed - no description returned,1766509080.1750362
fractal_00604.png,Classification failed - no description returned,1766509080.175037
fractal_05152.png,Classification failed - no description returned,1766509080.1750374
fractal_03161.png,Classification failed - no description returned,1766509080.175038
fractal_00542.png,Classification failed - no description returned,1766509080.1750388
fractal_03417.png,Classification failed - no description returned,1766509080.1750395
fractal_03875.png,Classification failed - no description returned,1766509080.1750405
fractal_02631.png,Classification failed - no description returned,1766509080.1750412
fractal_04171.png,Classification failed - no description returned,1766509080.1750417
fractal_00854.png,Classification failed - no description returned,1766509080.1750424
fractal_07825.png,Classification failed - no description returned,1766509080.1750429
fractal_00182.png,Classification failed - no description returned,1766509080.1750436
fractal_08036.png,Classification failed - no description returned,1766509080.1750445
fractal_09672.png,Classification failed - no description returned,1766509080.175045
fractal_02988.png,Classification failed - no description returned,1766509080.175046
fractal_03430.png,Classification failed - no description returned,1766509080.1750464
fractal_09254.png,Classification failed - no description returned,1766509080.1750472
fractal_03442.png,Classification failed - no description returned,1766509080.175048
fractal_04037.png,Classification failed - no description returned,1766509080.175049
fractal_09424.png,Classification failed - no description returned,1766509080.1750498
fractal_09179.png,Classification failed - no description returned,1766509080.1750503
fractal_00698.png,Classification failed - no description returned,1766509080.175051
fractal_04934.png,Classification failed - no description returned,1766509080.175052
fractal_01807.png,Classification failed - no description returned,1766509080.1750526
fractal_00592.png,Classification failed - no description returned,1766509080.1750531
fractal_02779.png,Classification failed - no description returned,1766509080.1750536
fractal_06636.png,Classification failed - no description returned,1766509123.7890131
fractal_08606.png,Classification failed - no description returned,1766509123.789015
fractal_01965.png,Classification failed - no description returned,1766509123.7890162
fractal_04935.png,Classification failed - no description returned,1766509123.7890167
fractal_02422.png,Classification failed - no description returned,1766509123.7890174
fractal_06856.png,Classification failed - no description returned,1766509123.7890182
fractal_01873.png,Classification failed - no description returned,1766509123.7890186
fractal_09086.png,Classification failed - no description returned,1766509123.789019
fractal_02510.png,Classification failed - no description returned,1766509123.78902
fractal_00730.png,Classification failed - no description returned,1766509123.789021
fractal_06778.png,Classification failed - no description returned,1766509123.7890217
fractal_02014.png,Classification failed - no description returned,1766509123.7890222
fractal_07365.png,Classification failed - no description returned,1766509123.789023
fractal_00924.png,Classification failed - no description returned,1766509123.7890236
fractal_03132.png,Classification failed - no description returned,1766509123.7890248
fractal_03565.png,Classification failed - no description returned,1766509123.7890253
fractal_08691.png,Classification failed - no description returned,1766509123.789026
fractal_02130.png,Classification failed - no description returned,1766509123.7890265
fractal_07324.png,Classification failed - no description returned,1766509123.7890272
fractal_08990.png,Classification failed - no description returned,1766509123.7890284
fractal_06366.png,Classification failed - no description returned,1766509123.789029
fractal_09679.png,Classification failed - no description returned,1766509123.7890296
fractal_06423.png,Classification failed - no description returned,1766509123.7890306
fractal_08788.png,Classification failed - no description returned,1766509123.7890313
fractal_09806.png,Classification failed - no description returned,1766509123.789032
fractal_03361.png,Classification failed - no description returned,1766509123.7890327
fractal_00544.png,Classification failed - no description returned,1766509123.7890334
fractal_06075.png,Classification failed - no description returned,1766509123.789034
fractal_00913.png,Classification failed - no description returned,1766509123.7890348
fractal_00521.png,Classification failed - no description returned,1766509123.7890353
fractal_02466.png,Classification failed - no description returned,1766509123.789036
fractal_00784.png,Classification failed - no description returned,1766509123.7890368
fractal_00936.png,Classification failed - no description returned,1766509123.789037
fractal_00699.png,Classification failed - no description returned,1766509123.7890375
fractal_01701.png,Classification failed - no description returned,1766509123.7890382
fractal_03128.png,Classification failed - no description returned,1766509123.7890387
fractal_02819.png,Classification failed - no description returned,1766509123.7890391
fractal_01984.png,Classification failed - no description returned,1766509123.7890399
fractal_04998.png,Classification failed - no description returned,1766509123.7890403
fractal_06852.png,Classification failed - no description returned,1766509123.7890418
fractal_05418.png,Classification failed - no description returned,1766509123.7890422
fractal_07802.png,Classification failed - no description returned,1766509123.789043
fractal_01967.png,Classification failed - no description returned,1766509123.789044
fractal_05009.png,Classification failed - no description returned,1766509123.7890444
fractal_05576.png,Classification failed - no description returned,1766509123.7890446
fractal_08561.png,Classification failed - no description returned,1766509123.7890456
fractal_06737.png,Classification failed - no description returned,1766509123.789046
fractal_01950.png,Classification failed - no description returned,1766509123.7890468
fractal_06293.png,Classification failed - no description returned,1766509123.7890472
fractal_04100.png,Classification failed - no description returned,1766509171.4500582
fractal_06617.png,Classification failed - no description returned,1766509171.4500618
fractal_02055.png,Classification failed - no description returned,1766509171.4500628
fractal_03761.png,Classification failed - no description returned,1766509171.4500637
fractal_04094.png,Classification failed - no description returned,1766509171.4500642
fractal_06184.png,Classification failed - no description returned,1766509171.4500647
fractal_00262.png,Classification failed - no description returned,1766509171.4500654
fractal_09329.png,Classification failed - no description returned,1766509171.450066
fractal_08302.png,Classification failed - no description returned,1766509171.4500673
fractal_06599.png,Classification failed - no description returned,1766509171.450068
fractal_08984.png,Classification failed - no description returned,1766509171.4500687
fractal_01740.png,Classification failed - no description returned,1766509171.4500692
fractal_02151.png,Classification failed - no description returned,1766509171.45007
fractal_05866.png,Classification failed - no description returned,1766509171.4500706
fractal_03884.png,Classification failed - no description returned,1766509171.4500716
fractal_09589.png,Classification failed - no description returned,1766509171.450072
fractal_08609.png,Classification failed - no description returned,1766509171.4500728
fractal_09952.png,Classification failed - no description returned,1766509171.4500737
fractal_01727.png,Classification failed - no description returned,1766509171.4500742
fractal_03676.png,Classification failed - no description returned,1766509171.4500751
fractal_03924.png,Classification failed - no description returned,1766509171.4500756
fractal_07101.png,Classification failed - no description returned,1766509171.450076
fractal_03910.png,Classification failed - no description returned,1766509171.4500768
fractal_09619.png,Classification failed - no description returned,1766509171.450078
fractal_05863.png,Classification failed - no description returned,1766509171.4500787
fractal_08688.png,Classification failed - no description returned,1766509171.4500794
fractal_02468.png,Classification failed - no description returned,1766509171.45008
fractal_01378.png,Classification failed - no description returned,1766509171.4500804
fractal_07456.png,Classification failed - no description returned,1766509171.4500816
fractal_07332.png,Classification failed - no description returned,1766509171.4500818
fractal_09550.png,Classification failed - no description returned,1766509171.450083
fractal_05366.png,Classification failed - no description returned,1766509171.4500835
fractal_02730.png,Classification failed - no description returned,1766509171.4500837
fractal_08798.png,Classification failed - no description returned,1766509171.4500847
fractal_08224.png,Classification failed - no description returned,1766509171.4500852
fractal_03567.png,Classification failed - no description returned,1766509171.4500856
fractal_03729.png,Classification failed - no description returned,1766509171.4500866
fractal_07573.png,Classification failed - no description returned,1766509171.450087
fractal_02637.png,Classification failed - no description returned,1766509171.4500883
fractal_05622.png,Classification failed - no description returned,1766509171.4500887
fractal_05352.png,Classification failed - no description returned,1766509171.4500895
fractal_07434.png,Classification failed - no description returned,1766509171.4500902
fractal_00724.png,Classification failed - no description returned,1766509171.4500906
fractal_06071.png,Classification failed - no description returned,1766509171.4500914
fractal_06361.png,Classification failed - no description returned,1766509171.4500916
fractal_05550.png,Classification failed - no description returned,1766509171.450092
fractal_05374.png,Classification failed - no description returned,1766509171.4500926
fractal_08310.png,Classification failed - no description returned,1766509171.4500935
fractal_07556.png,Classification failed - no description returned,1766509171.4500937
fractal_02810.png,Classification failed - no description returned,1766509213.460024
fractal_02542.png,Classification failed - no description returned,1766509213.4600263
fractal_08336.png,Classification failed - no description returned,1766509213.4600272
fractal_07908.png,Classification failed - no description returned,1766509213.460028
fractal_07847.png,Classification failed - no description returned,1766509213.4600284
fractal_04850.png,Classification failed - no description returned,1766509213.460029
fractal_03557.png,Classification failed - no description returned,1766509213.4600294
fractal_08480.png,Classification failed - no description returned,1766509213.4600303
fractal_05664.png,Classification failed - no description returned,1766509213.460031
fractal_07698.png,Classification failed - no description returned,1766509213.4600315
fractal_09790.png,Classification failed - no description returned,1766509213.4600322
fractal_07288.png,Classification failed - no description returned,1766509213.4600332
fractal_09370.png,Classification failed - no description returned,1766509213.460034
fractal_09089.png,Classification failed - no description returned,1766509213.4600346
fractal_02405.png,Classification failed - no description returned,1766509213.4600353
fractal_07764.png,Classification failed - no description returned,1766509213.4600358
fractal_00304.png,Classification failed - no description returned,1766509213.4600372
fractal_08730.png,Classification failed - no description returned,1766509213.4600382
fractal_03670.png,Classification failed - no description returned,1766509213.460039
fractal_02501.png,Classification failed - no description returned,1766509213.4600394
fractal_02380.png,Classification failed - no description returned,1766509213.4600399
fractal_01486.png,Classification failed - no description returned,1766509213.460041
fractal_01414.png,Classification failed - no description returned,1766509213.4600415
fractal_07965.png,Classification failed - no description returned,1766509213.4600422
fractal_02224.png,Classification failed - no description returned,1766509213.4600425
fractal_00020.png,Classification failed - no description returned,1766509213.4600432
fractal_05841.png,Classification failed - no description returned,1766509213.4600441
fractal_06224.png,Classification failed - no description returned,1766509213.460045
fractal_02530.png,Classification failed - no description returned,1766509213.4600456
fractal_06089.png,Classification failed - no description returned,1766509213.460046
fractal_02010.png,Classification failed - no description returned,1766509213.4600468
fractal_09816.png,Classification failed - no description returned,1766509213.4600472
fractal_00278.png,Classification failed - no description returned,1766509213.4600482
fractal_07659.png,Classification failed - no description returned,1766509213.4600487
fractal_02858.png,Classification failed - no description returned,1766509213.4600496
fractal_05086.png,Classification failed - no description returned,1766509213.46005
fractal_05860.png,Classification failed - no description returned,1766509213.4600506
fractal_08575.png,Classification failed - no description returned,1766509213.4600513
fractal_00257.png,Classification failed - no description returned,1766509213.4600518
fractal_03718.png,Classification failed - no description returned,1766509213.4600525
fractal_04113.png,Classification failed - no description returned,1766509213.460053
fractal_00352.png,Classification failed - no description returned,1766509213.4600537
fractal_09280.png,Classification failed - no description returned,1766509213.4600542
fractal_05349.png,Classification failed - no description returned,1766509213.460055
fractal_03980.png,Classification failed - no description returned,1766509213.4600554
fractal_06848.png,Classification failed - no description returned,1766509213.4600558
fractal_08243.png,Classification failed - no description returned,1766509213.4600563
fractal_01229.png,Classification failed - no description returned,1766509213.4600573
fractal_06842.png,Classification failed - no description returned,1766509213.460058
fractal_08912.png,Classification failed - no description returned,1766509256.8552465
fractal_08872.png,Classification failed - no description returned,1766509256.8552482
fractal_07000.png,Classification failed - no description returned,1766509256.855249
fractal_05198.png,Classification failed - no description returned,1766509256.8552496
fractal_07840.png,Classification failed - no description returned,1766509256.8552504
fractal_03552.png,Classification failed - no description returned,1766509256.8552506
fractal_03195.png,Classification failed - no description returned,1766509256.8552513
fractal_06892.png,Classification failed - no description returned,1766509256.8552518
fractal_07602.png,Classification failed - no description returned,1766509256.8552525
fractal_07342.png,Classification failed - no description returned,1766509256.8552535
fractal_05748.png,Classification failed - no description returned,1766509256.855254
fractal_00753.png,Classification failed - no description returned,1766509256.8552544
fractal_09945.png,Classification failed - no description returned,1766509256.8552554
fractal_05400.png,Classification failed - no description returned,1766509256.8552558
fractal_08060.png,Classification failed - no description returned,1766509256.8552563
fractal_01390.png,Classification failed - no description returned,1766509256.8552573
fractal_00766.png,Classification failed - no description returned,1766509256.8552577
fractal_08646.png,Classification failed - no description returned,1766509256.8552585
fractal_01642.png,Classification failed - no description returned,1766509256.8552592
fractal_07617.png,Classification failed - no description returned,1766509256.8552597
fractal_02616.png,Classification failed - no description returned,1766509256.8552601
fractal_09101.png,Classification failed - no description returned,1766509256.8552606
fractal_00318.png,Classification failed - no description returned,1766509256.8552613
fractal_04683.png,Classification failed - no description returned,1766509256.855262
fractal_09199.png,Classification failed - no description returned,1766509256.8552628
fractal_01283.png,Classification failed - no description returned,1766509256.8552632
fractal_08217.png,Classification failed - no description returned,1766509256.8552637
fractal_01214.png,Classification failed - no description returned,1766509256.8552642
fractal_08736.png,Classification failed - no description returned,1766509256.8552647
fractal_07492.png,Classification failed - no description returned,1766509256.8552654
fractal_09150.png,Classification failed - no description returned,1766509256.8552659
fractal_08789.png,Classification failed - no description returned,1766509256.8552666
fractal_00944.png,Classification failed - no description returned,1766509256.855267
fractal_05187.png,Classification failed - no description returned,1766509256.8552675
fractal_06538.png,Classification failed - no description returned,1766509256.8552682
fractal_02051.png,Classification failed - no description returned,1766509256.8552694
fractal_09431.png,Classification failed - no description returned,1766509256.85527
fractal_06457.png,Classification failed - no description returned,1766509256.8552704
fractal_07568.png,Classification failed - no description returned,1766509256.855271
fractal_03237.png,Classification failed - no description returned,1766509256.8552716
fractal_00283.png,Classification failed - no description returned,1766509256.8552723
fractal_09903.png,Classification failed - no description returned,1766509256.8552732
fractal_05499.png,Classification failed - no description returned,1766509256.8552737
fractal_04537.png,Classification failed - no description returned,1766509256.855274
fractal_01226.png,Classification failed - no description returned,1766509256.8552744
fractal_02042.png,Classification failed - no description returned,1766509256.855275
fractal_05406.png,Classification failed - no description returned,1766509256.8552756
fractal_06777.png,Classification failed - no description returned,1766509256.8552818
fractal_02406.png,Classification failed - no description returned,1766509256.8552828
fractal_01750.png,Classification failed - no description returned,1766509305.697519
fractal_04573.png,Classification failed - no description returned,1766509305.6975214
fractal_08981.png,Classification failed - no description returned,1766509305.6975222
fractal_06008.png,Classification failed - no description returned,1766509305.6975229
fractal_00956.png,Classification failed - no description returned,1766509305.697523
fractal_07831.png,Classification failed - no description returned,1766509305.697524
fractal_03714.png,Classification failed - no description returned,1766509305.6975248
fractal_08635.png,Classification failed - no description returned,1766509305.6975255
fractal_04053.png,Classification failed - no description returned,1766509305.697526
fractal_08337.png,Classification failed - no description returned,1766509305.6975267
fractal_07177.png,Classification failed - no description returned,1766509305.6975276
fractal_08493.png,Classification failed - no description returned,1766509305.6975284
fractal_01879.png,Classification failed - no description returned,1766509305.697529
fractal_04435.png,Classification failed - no description returned,1766509305.6975298
fractal_00953.png,Classification failed - no description returned,1766509305.69753
fractal_05115.png,Classification failed - no description returned,1766509305.697531
fractal_04107.png,Classification failed - no description returned,1766509305.6975315
fractal_08834.png,Classification failed - no description returned,1766509305.6975322
fractal_03266.png,Classification failed - no description returned,1766509305.697533
fractal_08360.png,Classification failed - no description returned,1766509305.697535
fractal_09701.png,Classification failed - no description returned,1766509305.6975355
fractal_07539.png,Classification failed - no description returned,1766509305.697536
fractal_08865.png,Classification failed - no description returned,1766509305.6975365
fractal_02478.png,Classification failed - no description returned,1766509305.6975374
fractal_00493.png,Classification failed - no description returned,1766509305.6975381
fractal_06213.png,Classification failed - no description returned,1766509305.6975389
fractal_03969.png,Classification failed - no description returned,1766509305.6975396
fractal_02317.png,Classification failed - no description returned,1766509305.69754
fractal_04439.png,Classification failed - no description returned,1766509305.6975412
fractal_05263.png,Classification failed - no description returned,1766509305.6975417
fractal_09255.png,Classification failed - no description returned,1766509305.6975422
fractal_02394.png,Classification failed - no description returned,1766509305.697543
fractal_03940.png,Classification failed - no description returned,1766509305.6975434
fractal_00547.png,Classification failed - no description returned,1766509305.6975439
fractal_07460.png,Classification failed - no description returned,1766509305.6975443
fractal_07584.png,Classification failed - no description returned,1766509305.6975455
fractal_00923.png,Classification failed - no description returned,1766509305.697546
fractal_05982.png,Classification failed - no description returned,1766509305.6975465
fractal_04583.png,Classification failed - no description returned,1766509305.6975467
fractal_00179.png,Classification failed - no description returned,1766509305.6975474
fractal_03745.png,Classification failed - no description returned,1766509305.6975482
fractal_06401.png,Classification failed - no description returned,1766509305.6975486
fractal_07953.png,Classification failed - no description returned,1766509305.6975498
fractal_08006.png,Classification failed - no description returned,1766509305.6975503
fractal_05258.png,Classification failed - no description returned,1766509305.6975505
fractal_04951.png,Classification failed - no description returned,1766509305.697551
fractal_09088.png,Classification failed - no description returned,1766509305.697552
fractal_03833.png,Classification failed - no description returned,1766509305.6975527
fractal_02716.png,Classification failed - no description returned,1766509305.6975534
fractal_08708.png,Classification failed - no description returned,1766509353.5084674
fractal_03453.png,Classification failed - no description returned,1766509353.5084686
fractal_03241.png,Classification failed - no description returned,1766509353.5084693
fractal_04938.png,Classification failed - no description returned,1766509353.5084698
fractal_05140.png,Classification failed - no description returned,1766509353.5084705
fractal_09035.png,Classification failed - no description returned,1766509353.5084713
fractal_08338.png,Classification failed - no description returned,1766509353.508472
fractal_07950.png,Classification failed - no description returned,1766509353.5084722
fractal_02160.png,Classification failed - no description returned,1766509353.5084732
fractal_02576.png,Classification failed - no description returned,1766509353.5084736
fractal_00010.png,Classification failed - no description returned,1766509353.508474
fractal_01497.png,Classification failed - no description returned,1766509353.5084748
fractal_09382.png,Classification failed - no description returned,1766509353.5084753
fractal_09392.png,Classification failed - no description returned,1766509353.508476
fractal_03797.png,Classification failed - no description returned,1766509353.5084767
fractal_06614.png,Classification failed - no description returned,1766509353.5084772
fractal_05338.png,Classification failed - no description returned,1766509353.5084777
fractal_02105.png,Classification failed - no description returned,1766509353.5084784
fractal_03685.png,Classification failed - no description returned,1766509353.508479
fractal_04222.png,Classification failed - no description returned,1766509353.5084798
fractal_06765.png,Classification failed - no description returned,1766509353.5084803
fractal_05332.png,Classification failed - no description returned,1766509353.5084808
fractal_05028.png,Classification failed - no description returned,1766509353.5084815
fractal_09776.png,Classification failed - no description returned,1766509353.5084825
fractal_09343.png,Classification failed - no description returned,1766509353.5084832
fractal_05846.png,Classification failed - no description returned,1766509353.508484
fractal_07100.png,Classification failed - no description returned,1766509353.5084846
fractal_08667.png,Classification failed - no description returned,1766509353.508485
fractal_01258.png,Classification failed - no description returned,1766509353.508486
fractal_08287.png,Classification failed - no description returned,1766509353.508487
fractal_04899.png,Classification failed - no description returned,1766509353.5084877
fractal_02075.png,Classification failed - no description returned,1766509353.5084882
fractal_02246.png,Classification failed - no description returned,1766509353.508489
fractal_06873.png,Classification failed - no description returned,1766509353.5084894
fractal_00240.png,Classification failed - no description returned,1766509353.5084903
fractal_04721.png,Classification failed - no description returned,1766509353.5084908
fractal_08439.png,Classification failed - no description returned,1766509353.5084913
fractal_01536.png,Classification failed - no description returned,1766509353.5084918
fractal_08586.png,Classification failed - no description returned,1766509353.5084925
fractal_07535.png,Classification failed - no description returned,1766509353.508493
fractal_04885.png,Classification failed - no description returned,1766509353.5084937
fractal_09420.png,Classification failed - no description returned,1766509353.5084949
fractal_09959.png,Classification failed - no description returned,1766509353.5084953
fractal_07187.png,Classification failed - no description returned,1766509353.5084956
fractal_07505.png,Classification failed - no description returned,1766509353.508496
fractal_05726.png,Classification failed - no description returned,1766509353.5084965
fractal_09910.png,Classification failed - no description returned,1766509353.5084972
fractal_03963.png,Classification failed - no description returned,1766509353.5084977
fractal_03995.png,Classification failed - no description returned,1766509353.5084987
fractal_03715.png,Classification failed - no description returned,1766509400.0236762
fractal_02638.png,Classification failed - no description returned,1766509400.0236783
fractal_05091.png,Classification failed - no description returned,1766509400.023679
fractal_04737.png,Classification failed - no description returned,1766509400.0236797
fractal_02675.png,Classification failed - no description returned,1766509400.0236804
fractal_04209.png,Classification failed - no description returned,1766509400.023681
fractal_08019.png,Classification failed - no description returned,1766509400.0236816
fractal_05975.png,Classification failed - no description returned,1766509400.023682
fractal_07610.png,Classification failed - no description returned,1766509400.0236828
fractal_09833.png,Classification failed - no description returned,1766509400.0236835
fractal_01542.png,Classification failed - no description returned,1766509400.0236845
fractal_08264.png,Classification failed - no description returned,1766509400.0236852
fractal_01850.png,Classification failed - no description returned,1766509400.023686
fractal_02581.png,Classification failed - no description returned,1766509400.0236864
fractal_04501.png,Classification failed - no description returned,1766509400.023687
fractal_01641.png,Classification failed - no description returned,1766509400.0236876
fractal_04186.png,Classification failed - no description returned,1766509400.0236888
fractal_01669.png,Classification failed - no description returned,1766509400.0236895
fractal_09320.png,Classification failed - no description returned,1766509400.0236902
fractal_05271.png,Classification failed - no description returned,1766509400.0236907
fractal_09110.png,Classification failed - no description returned,1766509400.0236912
fractal_05184.png,Classification failed - no description returned,1766509400.023692
fractal_03085.png,Classification failed - no description returned,1766509400.0236926
fractal_00489.png,Classification failed - no description returned,1766509400.023693
fractal_09214.png,Classification failed - no description returned,1766509400.0236938
fractal_05889.png,Classification failed - no description returned,1766509400.0236945
fractal_08134.png,Classification failed - no description returned,1766509400.0236955
fractal_01032.png,Classification failed - no description returned,1766509400.0236964
fractal_00508.png,Classification failed - no description returned,1766509400.023697
fractal_08121.png,Classification failed - no description returned,1766509400.0236976
fractal_06492.png,Classification failed - no description returned,1766509400.0236983
fractal_04515.png,Classification failed - no description returned,1766509400.0236993
fractal_00888.png,Classification failed - no description returned,1766509400.0237002
fractal_08015.png,Classification failed - no description returned,1766509400.0237007
fractal_02538.png,Classification failed - no description returned,1766509400.0237017
fractal_09975.png,Classification failed - no description returned,1766509400.0237024
fractal_03895.png,Classification failed - no description returned,1766509400.0237029
fractal_03524.png,Classification failed - no description returned,1766509400.0237036
fractal_05110.png,Classification failed - no description returned,1766509400.0237045
fractal_03805.png,Classification failed - no description returned,1766509400.0237052
fractal_05741.png,Classification failed - no description returned,1766509400.023706
fractal_08838.png,Classification failed - no description returned,1766509400.0237067
fractal_09454.png,Classification failed - no description returned,1766509400.0237074
fractal_06875.png,Classification failed - no description returned,1766509400.023708
fractal_07242.png,Classification failed - no description returned,1766509400.0237086
fractal_06134.png,Classification failed - no description returned,1766509400.0237095
fractal_01239.png,Classification failed - no description returned,1766509400.02371
fractal_09505.png,Classification failed - no description returned,1766509400.023711
fractal_07808.png,Classification failed - no description returned,1766509400.0237114
fractal_09748.png,Classification failed - no description returned,1766509442.7535555
fractal_06168.png,Classification failed - no description returned,1766509442.753558
fractal_03189.png,Classification failed - no description returned,1766509442.753559
fractal_02584.png,Classification failed - no description returned,1766509442.7535598
fractal_05219.png,Classification failed - no description returned,1766509442.7535605
fractal_03435.png,Classification failed - no description returned,1766509442.7535613
fractal_04492.png,Classification failed - no description returned,1766509442.753562
fractal_03127.png,Classification failed - no description returned,1766509442.7535625
fractal_09418.png,Classification failed - no description returned,1766509442.7535634
fractal_02657.png,Classification failed - no description returned,1766509442.7535644
fractal_01891.png,Classification failed - no description returned,1766509442.7535655
fractal_00067.png,Classification failed - no description returned,1766509442.7535663
fractal_00448.png,Classification failed - no description returned,1766509442.7535667
fractal_08384.png,Classification failed - no description returned,1766509442.7535675
fractal_07253.png,Classification failed - no description returned,1766509442.7535684
fractal_05355.png,Classification failed - no description returned,1766509442.7535696
fractal_02676.png,Classification failed - no description returned,1766509442.7535706
fractal_00358.png,Classification failed - no description returned,1766509442.7535713
fractal_09158.png,Classification failed - no description returned,1766509442.753572
fractal_09564.png,Classification failed - no description returned,1766509442.7535732
fractal_05064.png,Classification failed - no description returned,1766509442.753574
fractal_02268.png,Classification failed - no description returned,1766509442.7535746
fractal_05309.png,Classification failed - no description returned,1766509442.7535756
fractal_09836.png,Classification failed - no description returned,1766509442.7535768
fractal_01719.png,Classification failed - no description returned,1766509442.7535772
fractal_01175.png,Classification failed - no description returned,1766509442.753578
fractal_02448.png,Classification failed - no description returned,1766509442.7535787
fractal_06595.png,Classification failed - no description returned,1766509442.7535796
fractal_01036.png,Classification failed - no description returned,1766509442.7535808
fractal_03279.png,Classification failed - no description returned,1766509442.7535813
fractal_04495.png,Classification failed - no description returned,1766509442.753582
fractal_02315.png,Classification failed - no description returned,1766509442.7535832
fractal_02712.png,Classification failed - no description returned,1766509442.7535841
fractal_07805.png,Classification failed - no description returned,1766509442.7535849
fractal_05920.png,Classification failed - no description returned,1766509442.7535858
fractal_02226.png,Classification failed - no description returned,1766509442.7535868
fractal_06943.png,Classification failed - no description returned,1766509442.7535872
fractal_04434.png,Classification failed - no description returned,1766509442.753588
fractal_03691.png,Classification failed - no description returned,1766509442.753589
fractal_05127.png,Classification failed - no description returned,1766509442.75359
fractal_03539.png,Classification failed - no description returned,1766509442.7535908
fractal_07318.png,Classification failed - no description returned,1766509442.7535913
fractal_06395.png,Classification failed - no description returned,1766509442.7535925
fractal_01290.png,Classification failed - no description returned,1766509442.7535934
fractal_04621.png,Classification failed - no description returned,1766509442.7535942
fractal_08851.png,Classification failed - no description returned,1766509442.7535946
fractal_00764.png,Classification failed - no description returned,1766509442.7535954
fractal_07894.png,Classification failed - no description returned,1766509442.7535968
fractal_01712.png,Classification failed - no description returned,1766509442.7535973
fractal_07014.png,Classification failed - no description returned,1766509487.2876306
fractal_07726.png,Classification failed - no description returned,1766509487.287632
fractal_05451.png,Classification failed - no description returned,1766509487.2876327
fractal_06929.png,Classification failed - no description returned,1766509487.2876337
fractal_06847.png,Classification failed - no description returned,1766509487.2876344
fractal_09219.png,Classification failed - no description returned,1766509487.2876348
fractal_04193.png,Classification failed - no description returned,1766509487.2876356
fractal_00732.png,Classification failed - no description returned,1766509487.287636
fractal_04650.png,Classification failed - no description returned,1766509487.2876372
fractal_00600.png,Classification failed - no description returned,1766509487.2876377
fractal_09732.png,Classification failed - no description returned,1766509487.2876382
fractal_00817.png,Classification failed - no description returned,1766509487.2876391
fractal_06581.png,Classification failed - no description returned,1766509487.2876396
fractal_05130.png,Classification failed - no description returned,1766509487.2876403
fractal_06144.png,Classification failed - no description returned,1766509487.287641
fractal_03071.png,Classification failed - no description returned,1766509487.2876415
fractal_03206.png,Classification failed - no description returned,1766509487.287642
fractal_08070.png,Classification failed - no description returned,1766509487.2876427
fractal_01377.png,Classification failed - no description returned,1766509487.2876434
fractal_06933.png,Classification failed - no description returned,1766509487.287644
fractal_08557.png,Classification failed - no description returned,1766509487.2876446
fractal_05069.png,Classification failed - no description returned,1766509487.287645
fractal_08955.png,Classification failed - no description returned,1766509487.2876456
fractal_09671.png,Classification failed - no description returned,1766509487.2876465
fractal_07350.png,Classification failed - no description returned,1766509487.2876472
fractal_08830.png,Classification failed - no description returned,1766509487.2876477
fractal_00679.png,Classification failed - no description returned,1766509487.287649
fractal_04798.png,Classification failed - no description returned,1766509487.2876494
fractal_09802.png,Classification failed - no description returned,1766509487.28765
fractal_06684.png,Classification failed - no description returned,1766509487.2876508
fractal_08020.png,Classification failed - no description returned,1766509487.2876515
fractal_00315.png,Classification failed - no description returned,1766509487.2876534
fractal_08353.png,Classification failed - no description returned,1766509487.287654
fractal_06226.png,Classification failed - no description returned,1766509487.2876544
fractal_06698.png,Classification failed - no description returned,1766509487.287655
fractal_03092.png,Classification failed - no description returned,1766509487.2876556
fractal_03982.png,Classification failed - no description returned,1766509487.2876565
fractal_07661.png,Classification failed - no description returned,1766509487.287657
fractal_08003.png,Classification failed - no description returned,1766509487.2876575
fractal_08433.png,Classification failed - no description returned,1766509487.2876582
fractal_00520.png,Classification failed - no description returned,1766509487.2876587
fractal_05707.png,Classification failed - no description returned,1766509487.2876594
fractal_02587.png,Classification failed - no description returned,1766509487.2876601
fractal_04834.png,Classification failed - no description returned,1766509487.2876606
fractal_01697.png,Classification failed - no description returned,1766509487.2876613
fractal_01921.png,Classification failed - no description returned,1766509487.2876618
fractal_07054.png,Classification failed - no description returned,1766509487.2876625
fractal_08420.png,Classification failed - no description returned,1766509487.2876635
fractal_05012.png,Classification failed - no description returned,1766509487.2876642
fractal_06877.png,Classification failed - no description returned,1766509537.4553146
fractal_07295.png,Classification failed - no description returned,1766509537.4553173
fractal_04778.png,Classification failed - no description returned,1766509537.4553182
fractal_03111.png,Classification failed - no description returned,1766509537.455319
fractal_02427.png,Classification failed - no description returned,1766509537.4553196
fractal_09491.png,Classification failed - no description returned,1766509537.4553204
fractal_05884.png,Classification failed - no description returned,1766509537.455321
fractal_05434.png,Classification failed - no description returned,1766509537.4553218
fractal_08829.png,Classification failed - no description returned,1766509537.4553223
fractal_06934.png,Classification failed - no description returned,1766509537.4553232
fractal_02550.png,Classification failed - no description returned,1766509537.4553237
fractal_04685.png,Classification failed - no description returned,1766509537.4553244
fractal_07248.png,Classification failed - no description returned,1766509537.455325
fractal_00940.png,Classification failed - no description returned,1766509537.4553254
fractal_04226.png,Classification failed - no description returned,1766509537.4553266
fractal_06655.png,Classification failed - no description returned,1766509537.4553273
fractal_09887.png,Classification failed - no description returned,1766509537.4553277
fractal_08268.png,Classification failed - no description returned,1766509537.4553282
fractal_00167.png,Classification failed - no description returned,1766509537.455329
fractal_06693.png,Classification failed - no description returned,1766509537.45533
fractal_06869.png,Classification failed - no description returned,1766509537.4553304
fractal_02733.png,Classification failed - no description returned,1766509537.4553308
fractal_05617.png,Classification failed - no description returned,1766509537.4553316
fractal_00302.png,Classification failed - no description returned,1766509537.455332
fractal_05744.png,Classification failed - no description returned,1766509537.4553325
fractal_06911.png,Classification failed - no description returned,1766509537.4553332
fractal_08140.png,Classification failed - no description returned,1766509537.4553337
fractal_08239.png,Classification failed - no description returned,1766509537.4553342
fractal_08395.png,Classification failed - no description returned,1766509537.4553347
fractal_01204.png,Classification failed - no description returned,1766509537.4553354
fractal_07410.png,Classification failed - no description returned,1766509537.455336
fractal_08348.png,Classification failed - no description returned,1766509537.4553375
fractal_06908.png,Classification failed - no description returned,1766509537.455338
fractal_06769.png,Classification failed - no description returned,1766509537.4553387
fractal_00824.png,Classification failed - no description returned,1766509537.4553392
fractal_08634.png,Classification failed - no description returned,1766509537.4553397
fractal_01617.png,Classification failed - no description returned,1766509537.4553404
fractal_08952.png,Classification failed - no description returned,1766509537.455341
fractal_06123.png,Classification failed - no description returned,1766509537.455342
fractal_09098.png,Classification failed - no description returned,1766509537.4553425
fractal_05706.png,Classification failed - no description returned,1766509537.4553432
fractal_03535.png,Classification failed - no description returned,1766509537.4553442
fractal_04985.png,Classification failed - no description returned,1766509537.4553447
fractal_02895.png,Classification failed - no description returned,1766509537.4553454
fractal_05470.png,Classification failed - no description returned,1766509537.4553456
fractal_07859.png,Classification failed - no description returned,1766509537.4553463
fractal_00279.png,Classification failed - no description returned,1766509537.455347
fractal_08923.png,Classification failed - no description returned,1766509537.4553475
fractal_06565.png,Classification failed - no description returned,1766509537.455348
fractal_03200.png,Classification failed - no description returned,1766509587.2318673
fractal_03055.png,Classification failed - no description returned,1766509587.2318692
fractal_07329.png,Classification failed - no description returned,1766509587.2318702
fractal_05671.png,Classification failed - no description returned,1766509587.2318711
fractal_01056.png,Classification failed - no description returned,1766509587.231872
fractal_00156.png,Classification failed - no description returned,1766509587.2318728
fractal_04909.png,Classification failed - no description returned,1766509587.2318735
fractal_06160.png,Classification failed - no description returned,1766509587.2318742
fractal_09159.png,Classification failed - no description returned,1766509587.2318752
fractal_03220.png,Classification failed - no description returned,1766509587.231876
fractal_06128.png,Classification failed - no description returned,1766509587.2318773
fractal_08503.png,Classification failed - no description returned,1766509587.231878
fractal_00170.png,Classification failed - no description returned,1766509587.2318792
fractal_00457.png,Classification failed - no description returned,1766509587.23188
fractal_09452.png,Classification failed - no description returned,1766509587.2318811
fractal_08896.png,Classification failed - no description returned,1766509587.231882
fractal_06291.png,Classification failed - no description returned,1766509587.2318828
fractal_02228.png,Classification failed - no description returned,1766509587.2318835
fractal_08802.png,Classification failed - no description returned,1766509587.2318847
fractal_01711.png,Classification failed - no description returned,1766509587.231886
fractal_01116.png,Classification failed - no description returned,1766509587.2318864
fractal_01847.png,Classification failed - no description returned,1766509587.2318873
fractal_09946.png,Classification failed - no description returned,1766509587.2318878
fractal_01609.png,Classification failed - no description returned,1766509587.2318892
fractal_04073.png,Classification failed - no description returned,1766509587.23189
fractal_04642.png,Classification failed - no description returned,1766509587.2318907
fractal_07719.png,Classification failed - no description returned,1766509587.2318916
fractal_09966.png,Classification failed - no description returned,1766509587.2318928
fractal_03915.png,Classification failed - no description returned,1766509587.2318935
fractal_05392.png,Classification failed - no description returned,1766509587.2318943
fractal_09277.png,Classification failed - no description returned,1766509587.231895
fractal_08511.png,Classification failed - no description returned,1766509587.231896
fractal_02341.png,Classification failed - no description returned,1766509587.2318966
fractal_04715.png,Classification failed - no description returned,1766509587.2318976
fractal_06143.png,Classification failed - no description returned,1766509587.2318983
fractal_07449.png,Classification failed - no description returned,1766509587.231899
fractal_02064.png,Classification failed - no description returned,1766509587.2319
fractal_08670.png,Classification failed - no description returned,1766509587.2319007
fractal_03801.png,Classification failed - no description returned,1766509587.2319014
fractal_01466.png,Classification failed - no description returned,1766509587.2319021
fractal_09107.png,Classification failed - no description returned,1766509587.231903
fractal_08387.png,Classification failed - no description returned,1766509587.231904
fractal_03650.png,Classification failed - no description returned,1766509587.231905
fractal_07818.png,Classification failed - no description returned,1766509587.2319057
fractal_09843.png,Classification failed - no description returned,1766509587.2319067
fractal_02967.png,Classification failed - no description returned,1766509587.2319074
fractal_04754.png,Classification failed - no description returned,1766509587.2319083
fractal_02258.png,Classification failed - no description returned,1766509587.2319093
fractal_07482.png,Classification failed - no description returned,1766509587.23191
fractal_07798.png,Classification failed - no description returned,1766509640.1330068
fractal_00806.png,Classification failed - no description returned,1766509640.1330085
fractal_09724.png,Classification failed - no description returned,1766509640.1330097
fractal_06814.png,Classification failed - no description returned,1766509640.1330104
fractal_09210.png,Classification failed - no description returned,1766509640.133011
fractal_04217.png,Classification failed - no description returned,1766509640.1330118
fractal_07867.png,Classification failed - no description returned,1766509640.1330123
fractal_03345.png,Classification failed - no description returned,1766509640.133013
fractal_03235.png,Classification failed - no description returned,1766509640.1330135
fractal_05725.png,Classification failed - no description returned,1766509640.1330142
fractal_08372.png,Classification failed - no description returned,1766509640.1330154
fractal_00239.png,Classification failed - no description returned,1766509640.133016
fractal_06771.png,Classification failed - no description returned,1766509640.133017
fractal_03584.png,Classification failed - no description returned,1766509640.1330175
fractal_06726.png,Classification failed - no description returned,1766509640.133018
fractal_08631.png,Classification failed - no description returned,1766509640.133019
fractal_07671.png,Classification failed - no description returned,1766509640.1330194
fractal_01463.png,Classification failed - no description returned,1766509640.1330202
fractal_02417.png,Classification failed - no description returned,1766509640.1330209
fractal_06936.png,Classification failed - no description returned,1766509640.1330214
fractal_01130.png,Classification failed - no description returned,1766509640.133022
fractal_00720.png,Classification failed - no description returned,1766509640.1330225
fractal_02320.png,Classification failed - no description returned,1766509640.1330233
fractal_05081.png,Classification failed - no description returned,1766509640.1330237
fractal_09270.png,Classification failed - no description returned,1766509640.1330247
fractal_08029.png,Classification failed - no description returned,1766509640.1330256
fractal_06142.png,Classification failed - no description returned,1766509640.1330264
fractal_06478.png,Classification failed - no description returned,1766509640.133027
fractal_06723.png,Classification failed - no description returned,1766509640.1330276
fractal_02662.png,Classification failed - no description returned,1766509640.1330285
fractal_00691.png,Classification failed - no description returned,1766509640.1330292
fractal_07162.png,Classification failed - no description returned,1766509640.13303
fractal_08921.png,Classification failed - no description returned,1766509640.1330307
fractal_01375.png,Classification failed - no description returned,1766509640.1330311
fractal_08732.png,Classification failed - no description returned,1766509640.1330318
fractal_05359.png,Classification failed - no description returned,1766509640.1330326
fractal_00903.png,Classification failed - no description returned,1766509640.133033
fractal_02101.png,Classification failed - no description returned,1766509640.1330335
fractal_00816.png,Classification failed - no description returned,1766509640.133034
fractal_08364.png,Classification failed - no description returned,1766509640.1330347
fractal_00142.png,Classification failed - no description returned,1766509640.1330352
fractal_08313.png,Classification failed - no description returned,1766509640.1330357
fractal_06529.png,Classification failed - no description returned,1766509640.133037
fractal_06298.png,Classification failed - no description returned,1766509640.1330376
fractal_03664.png,Classification failed - no description returned,1766509640.133038
fractal_08404.png,Classification failed - no description returned,1766509640.1330385
fractal_00208.png,Classification failed - no description returned,1766509640.1330395
fractal_08594.png,Classification failed - no description returned,1766509640.1330404
fractal_09257.png,Classification failed - no description returned,1766509640.133041
fractal_08753.png,Classification failed - no description returned,1766509688.3939779
fractal_09123.png,Classification failed - no description returned,1766509688.3939798
fractal_04766.png,Classification failed - no description returned,1766509688.393981
fractal_01112.png,Classification failed - no description returned,1766509688.3939815
fractal_03757.png,Classification failed - no description returned,1766509688.393982
fractal_02287.png,Classification failed - no description returned,1766509688.3939826
fractal_05319.png,Classification failed - no description returned,1766509688.3939836
fractal_06754.png,Classification failed - no description returned,1766509688.393984
fractal_08712.png,Classification failed - no description returned,1766509688.393985
fractal_00613.png,Classification failed - no description returned,1766509688.3939857
fractal_09972.png,Classification failed - no description returned,1766509688.3939865
fractal_08850.png,Classification failed - no description returned,1766509688.3939872
fractal_01832.png,Classification failed - no description returned,1766509688.393988
fractal_00400.png,Classification failed - no description returned,1766509688.3939888
fractal_06900.png,Classification failed - no description returned,1766509688.3939896
fractal_07679.png,Classification failed - no description returned,1766509688.3939908
fractal_06394.png,Classification failed - no description returned,1766509688.3939912
fractal_00465.png,Classification failed - no description returned,1766509688.393992
fractal_02842.png,Classification failed - no description returned,1766509688.3939927
fractal_03096.png,Classification failed - no description returned,1766509688.3939931
fractal_02370.png,Classification failed - no description returned,1766509688.3939943
fractal_08092.png,Classification failed - no description returned,1766509688.393995
fractal_01732.png,Classification failed - no description returned,1766509688.393996
fractal_06188.png,Classification failed - no description returned,1766509688.3939965
fractal_05696.png,Classification failed - no description returned,1766509688.393997
fractal_00836.png,Classification failed - no description returned,1766509688.3939984
fractal_01314.png,Classification failed - no description returned,1766509688.3939998
fractal_03909.png,Classification failed - no description returned,1766509688.3940003
fractal_05978.png,Classification failed - no description returned,1766509688.3940017
fractal_01888.png,Classification failed - no description returned,1766509688.3940022
fractal_02401.png,Classification failed - no description returned,1766509688.394003
fractal_09120.png,Classification failed - no description returned,1766509688.3940036
fractal_00428.png,Classification failed - no description returned,1766509688.394005
fractal_04440.png,Classification failed - no description returned,1766509688.3940058
fractal_02606.png,Classification failed - no description returned,1766509688.3940063
fractal_00466.png,Classification failed - no description returned,1766509688.394007
fractal_04910.png,Classification failed - no description returned,1766509688.394008
fractal_08297.png,Classification failed - no description returned,1766509688.3940084
fractal_06391.png,Classification failed - no description returned,1766509688.3940089
fractal_02175.png,Classification failed - no description returned,1766509688.3940096
fractal_04275.png,Classification failed - no description returned,1766509688.3940105
fractal_09216.png,Classification failed - no description returned,1766509688.3940115
fractal_00907.png,Classification failed - no description returned,1766509688.3940122
fractal_04587.png,Classification failed - no description returned,1766509688.394013
fractal_01790.png,Classification failed - no description returned,1766509688.3940134
fractal_05911.png,Classification failed - no description returned,1766509688.394014
fractal_09563.png,Classification failed - no description returned,1766509688.394015
fractal_03004.png,Classification failed - no description returned,1766509688.394016
fractal_09256.png,Classification failed - no description returned,1766509688.3940165
fractal_08663.png,Classification failed - no description returned,1766509734.9373083
fractal_07159.png,Classification failed - no description returned,1766509734.937311
fractal_04922.png,Classification failed - no description returned,1766509734.9373124
fractal_06439.png,Classification failed - no description returned,1766509734.9373133
fractal_04513.png,Classification failed - no description returned,1766509734.937314
fractal_06014.png,Classification failed - no description returned,1766509734.9373147
fractal_03974.png,Classification failed - no description returned,1766509734.9373157
fractal_00327.png,Classification failed - no description returned,1766509734.9373167
fractal_00794.png,Classification failed - no description returned,1766509734.9373174
fractal_06979.png,Classification failed - no description returned,1766509734.9373183
fractal_05040.png,Classification failed - no description returned,1766509734.9373195
fractal_08544.png,Classification failed - no description returned,1766509734.93732
fractal_04897.png,Classification failed - no description returned,1766509734.9373205
fractal_08152.png,Classification failed - no description returned,1766509734.937321
fractal_05331.png,Classification failed - no description returned,1766509734.937322
fractal_06248.png,Classification failed - no description returned,1766509734.9373224
fractal_03467.png,Classification failed - no description returned,1766509734.9373233
fractal_07143.png,Classification failed - no description returned,1766509734.9373243
fractal_07627.png,Classification failed - no description returned,1766509734.9373248
fractal_05708.png,Classification failed - no description returned,1766509734.9373255
fractal_00264.png,Classification failed - no description returned,1766509734.9373264
fractal_00456.png,Classification failed - no description returned,1766509734.9373271
fractal_06461.png,Classification failed - no description returned,1766509734.937328
fractal_09950.png,Classification failed - no description returned,1766509734.9373288
fractal_02827.png,Classification failed - no description returned,1766509734.9373293
fractal_09128.png,Classification failed - no description returned,1766509734.9373302
fractal_02566.png,Classification failed - no description returned,1766509734.937331
fractal_06476.png,Classification failed - no description returned,1766509734.9373317
fractal_06724.png,Classification failed - no description returned,1766509734.9373322
fractal_00612.png,Classification failed - no description returned,1766509734.937333
fractal_09015.png,Classification failed - no description returned,1766509734.9373338
fractal_06745.png,Classification failed - no description returned,1766509734.9373345
fractal_06616.png,Classification failed - no description returned,1766509734.937335
fractal_05956.png,Classification failed - no description returned,1766509734.9373357
fractal_05389.png,Classification failed - no description returned,1766509734.9373362
fractal_01822.png,Classification failed - no description returned,1766509734.9373374
fractal_00697.png,Classification failed - no description returned,1766509734.9373379
fractal_00025.png,Classification failed - no description returned,1766509734.9373386
fractal_03600.png,Classification failed - no description returned,1766509734.9373393
fractal_07524.png,Classification failed - no description returned,1766509734.9373403
fractal_01256.png,Classification failed - no description returned,1766509734.937341
fractal_00166.png,Classification failed - no description returned,1766509734.9373417
fractal_02798.png,Classification failed - no description returned,1766509734.9373422
fractal_07511.png,Classification failed - no description returned,1766509734.937343
fractal_02750.png,Classification failed - no description returned,1766509734.9373438
fractal_02430.png,Classification failed - no description returned,1766509734.9373443
fractal_04476.png,Classification failed - no description returned,1766509734.937345
fractal_06011.png,Classification failed - no description returned,1766509734.9373455
fractal_00545.png,Classification failed - no description returned,1766509734.937346
fractal_03329.png,Classification failed - no description returned,1766509786.551355
fractal_06746.png,Classification failed - no description returned,1766509786.551356
fractal_01825.png,Classification failed - no description returned,1766509786.551357
fractal_02484.png,Classification failed - no description returned,1766509786.5513575
fractal_04334.png,Classification failed - no description returned,1766509786.5513582
fractal_01111.png,Classification failed - no description returned,1766509786.551359
fractal_01491.png,Classification failed - no description returned,1766509786.5513597
fractal_04035.png,Classification failed - no description returned,1766509786.5513604
fractal_04652.png,Classification failed - no description returned,1766509786.5513608
fractal_07695.png,Classification failed - no description returned,1766509786.5513613
fractal_04332.png,Classification failed - no description returned,1766509786.5513623
fractal_03216.png,Classification failed - no description returned,1766509786.5513628
fractal_07135.png,Classification failed - no description returned,1766509786.5513635
fractal_06506.png,Classification failed - no description returned,1766509786.5513644
fractal_03391.png,Classification failed - no description returned,1766509786.551365
fractal_04125.png,Classification failed - no description returned,1766509786.5513654
fractal_07475.png,Classification failed - no description returned,1766509786.551366
fractal_07674.png,Classification failed - no description returned,1766509786.5513666
fractal_05698.png,Classification failed - no description returned,1766509786.5513678
fractal_07919.png,Classification failed - no description returned,1766509786.5513682
fractal_08882.png,Classification failed - no description returned,1766509786.5513687
fractal_00155.png,Classification failed - no description returned,1766509786.5513692
fractal_02767.png,Classification failed - no description returned,1766509786.5513701
fractal_06927.png,Classification failed - no description returned,1766509786.5513709
fractal_07600.png,Classification failed - no description returned,1766509786.5513713
fractal_08438.png,Classification failed - no description returned,1766509786.551372
fractal_07175.png,Classification failed - no description returned,1766509786.5513728
fractal_01408.png,Classification failed - no description returned,1766509786.5513735
fractal_03605.png,Classification failed - no description returned,1766509786.5513742
fractal_08522.png,Classification failed - no description returned,1766509786.551375
fractal_07303.png,Classification failed - no description returned,1766509786.5513756
fractal_04574.png,Classification failed - no description returned,1766509786.5513763
fractal_01279.png,Classification failed - no description returned,1766509786.5513768
fractal_04063.png,Classification failed - no description returned,1766509786.551378
fractal_02821.png,Classification failed - no description returned,1766509786.5513787
fractal_01452.png,Classification failed - no description returned,1766509786.5513792
fractal_04174.png,Classification failed - no description returned,1766509786.5513797
fractal_01726.png,Classification failed - no description returned,1766509786.55138
fractal_02610.png,Classification failed - no description returned,1766509786.5513806
fractal_07050.png,Classification failed - no description returned,1766509786.5513818
fractal_03097.png,Classification failed - no description returned,1766509786.5513823
fractal_07915.png,Classification failed - no description returned,1766509786.5513833
fractal_06358.png,Classification failed - no description returned,1766509786.551384
fractal_08441.png,Classification failed - no description returned,1766509786.551385
fractal_05229.png,Classification failed - no description returned,1766509786.5513859
fractal_04820.png,Classification failed - no description returned,1766509786.5513864
fractal_04072.png,Classification failed - no description returned,1766509786.5513868
fractal_05166.png,Classification failed - no description returned,1766509786.5513875
fractal_00054.png,Classification failed - no description returned,1766509786.5513883
fractal_08327.png,Classification failed - no description returned,1766509830.3731556
fractal_02687.png,Classification failed - no description returned,1766509830.373157
fractal_02704.png,Classification failed - no description returned,1766509830.3731582
fractal_03091.png,Classification failed - no description returned,1766509830.3731587
fractal_04890.png,Classification failed - no description returned,1766509830.3731592
fractal_00802.png,Classification failed - no description returned,1766509830.37316
fractal_08570.png,Classification failed - no description returned,1766509830.3731601
fractal_07400.png,Classification failed - no description returned,1766509830.3731606
fractal_03576.png,Classification failed - no description returned,1766509830.3731618
fractal_00246.png,Classification failed - no description returned,1766509830.3731625
fractal_01353.png,Classification failed - no description returned,1766509830.373163
fractal_02027.png,Classification failed - no description returned,1766509830.3731637
fractal_04208.png,Classification failed - no description returned,1766509830.3731642
fractal_04870.png,Classification failed - no description returned,1766509830.373165
fractal_09390.png,Classification failed - no description returned,1766509830.3731656
fractal_07164.png,Classification failed - no description returned,1766509830.3731663
fractal_03372.png,Classification failed - no description returned,1766509830.3731673
fractal_01557.png,Classification failed - no description returned,1766509830.3731678
fractal_02970.png,Classification failed - no description returned,1766509830.3731687
fractal_08049.png,Classification failed - no description returned,1766509830.3731692
fractal_01351.png,Classification failed - no description returned,1766509830.37317
fractal_05358.png,Classification failed - no description returned,1766509830.3731704
fractal_01919.png,Classification failed - no description returned,1766509830.3731709
fractal_01585.png,Classification failed - no description returned,1766509830.3731718
fractal_01171.png,Classification failed - no description returned,1766509830.3731723
fractal_05339.png,Classification failed - no description returned,1766509830.373173
fractal_06700.png,Classification failed - no description returned,1766509830.373174
fractal_04691.png,Classification failed - no description returned,1766509830.3731747
fractal_00670.png,Classification failed - no description returned,1766509830.3731756
fractal_07331.png,Classification failed - no description returned,1766509830.3731763
fractal_06062.png,Classification failed - no description returned,1766509830.373177
fractal_09289.png,Classification failed - no description returned,1766509830.373178
fractal_03067.png,Classification failed - no description returned,1766509830.3731787
fractal_04206.png,Classification failed - no description returned,1766509830.3731792
fractal_05598.png,Classification failed - no description returned,1766509830.37318
fractal_00426.png,Classification failed - no description returned,1766509830.3731804
fractal_01366.png,Classification failed - no description returned,1766509830.3731813
fractal_03365.png,Classification failed - no description returned,1766509830.373182
fractal_05373.png,Classification failed - no description returned,1766509830.3731825
fractal_09535.png,Classification failed - no description returned,1766509830.3731835
fractal_02849.png,Classification failed - no description returned,1766509830.3731842
fractal_00300.png,Classification failed - no description returned,1766509830.3731847
fractal_07639.png,Classification failed - no description returned,1766509830.3731859
fractal_01012.png,Classification failed - no description returned,1766509830.3731863
fractal_00551.png,Classification failed - no description returned,1766509830.3731868
fractal_07103.png,Classification failed - no description returned,1766509830.3731873
fractal_03730.png,Classification failed - no description returned,1766509830.373188
fractal_08471.png,Classification failed - no description returned,1766509830.3731883
fractal_05604.png,Classification failed - no description returned,1766509830.3731892
fractal_01219.png,Classification failed - no description returned,1766509875.4350388
fractal_03837.png,Classification failed - no description returned,1766509875.4350407
fractal_08875.png,Classification failed - no description returned,1766509875.4350414
fractal_03205.png,Classification failed - no description returned,1766509875.4350424
fractal_06884.png,Classification failed - no description returned,1766509875.435043
fractal_01643.png,Classification failed - no description returned,1766509875.435044
fractal_00213.png,Classification failed - no description returned,1766509875.4350445
fractal_07165.png,Classification failed - no description returned,1766509875.435045
fractal_09402.png,Classification failed - no description returned,1766509875.435046
fractal_05935.png,Classification failed - no description returned,1766509875.4350471
fractal_01211.png,Classification failed - no description returned,1766509875.4350479
fractal_04264.png,Classification failed - no description returned,1766509875.4350488
fractal_00713.png,Classification failed - no description returned,1766509875.4350493
fractal_04105.png,Classification failed - no description returned,1766509875.43505
fractal_01467.png,Classification failed - no description returned,1766509875.435051
fractal_03644.png,Classification failed - no description returned,1766509875.435052
fractal_01254.png,Classification failed - no description returned,1766509875.435053
fractal_04531.png,Classification failed - no description returned,1766509875.4350545
fractal_02203.png,Classification failed - no description returned,1766509875.4350553
fractal_03486.png,Classification failed - no description returned,1766509875.4350562
fractal_09200.png,Classification failed - no description returned,1766509875.435057
fractal_06925.png,Classification failed - no description returned,1766509875.4350576
fractal_02564.png,Classification failed - no description returned,1766509875.4350584
fractal_05532.png,Classification failed - no description returned,1766509875.4350588
fractal_00479.png,Classification failed - no description returned,1766509875.4350595
fractal_08087.png,Classification failed - no description returned,1766509875.435061
fractal_05704.png,Classification failed - no description returned,1766509875.4350617
fractal_01929.png,Classification failed - no description returned,1766509875.4350626
fractal_08001.png,Classification failed - no description returned,1766509875.4350636
fractal_01852.png,Classification failed - no description returned,1766509875.4350643
fractal_00146.png,Classification failed - no description returned,1766509875.4350648
fractal_01856.png,Classification failed - no description returned,1766509875.4350653
fractal_03825.png,Classification failed - no description returned,1766509875.4350665
fractal_05163.png,Classification failed - no description returned,1766509875.4350672
fractal_05452.png,Classification failed - no description returned,1766509875.4350684
fractal_02910.png,Classification failed - no description returned,1766509875.4350688
fractal_05981.png,Classification failed - no description returned,1766509875.4350698
fractal_09458.png,Classification failed - no description returned,1766509875.4350703
fractal_05700.png,Classification failed - no description returned,1766509875.435071
fractal_01140.png,Classification failed - no description returned,1766509875.4350717
fractal_07300.png,Classification failed - no description returned,1766509875.4350722
fractal_02793.png,Classification failed - no description returned,1766509875.4350731
fractal_09813.png,Classification failed - no description returned,1766509875.435074
fractal_06365.png,Classification failed - no description returned,1766509875.4350748
fractal_03123.png,Classification failed - no description returned,1766509875.4350755
fractal_05388.png,Classification failed - no description returned,1766509875.435076
fractal_02350.png,Classification failed - no description returned,1766509875.4350772
fractal_04441.png,Classification failed - no description returned,1766509875.4350781
fractal_07379.png,Classification failed - no description returned,1766509875.4350786
fractal_05669.png,Classification failed - no description returned,1766509919.4745824
fractal_05657.png,Classification failed - no description returned,1766509919.474584
fractal_01105.png,Classification failed - no description returned,1766509919.4745848
fractal_08282.png,Classification failed - no description returned,1766509919.4745855
fractal_01853.png,Classification failed - no description returned,1766509919.4745865
fractal_07367.png,Classification failed - no description returned,1766509919.4745872
fractal_04088.png,Classification failed - no description returned,1766509919.4745877
fractal_01566.png,Classification failed - no description returned,1766509919.4745884
fractal_06155.png,Classification failed - no description returned,1766509919.474589
fractal_04142.png,Classification failed - no description returned,1766509919.4745903
fractal_00368.png,Classification failed - no description returned,1766509919.4745908
fractal_08398.png,Classification failed - no description returned,1766509919.4745915
fractal_00971.png,Classification failed - no description returned,1766509919.4745924
fractal_09063.png,Classification failed - no description returned,1766509919.474593
fractal_09642.png,Classification failed - no description returned,1766509919.4745939
fractal_04048.png,Classification failed - no description returned,1766509919.4745946
fractal_09192.png,Classification failed - no description returned,1766509919.4745953
fractal_09654.png,Classification failed - no description returned,1766509919.4745963
fractal_06677.png,Classification failed - no description returned,1766509919.4745972
fractal_01069.png,Classification failed - no description returned,1766509919.4745977
fractal_06403.png,Classification failed - no description returned,1766509919.4745984
fractal_04832.png,Classification failed - no description returned,1766509919.4745991
fractal_02118.png,Classification failed - no description returned,1766509919.4745998
fractal_03149.png,Classification failed - no description returned,1766509919.474601
fractal_07124.png,Classification failed - no description returned,1766509919.4746015
fractal_00676.png,Classification failed - no description returned,1766509919.4746025
fractal_09338.png,Classification failed - no description returned,1766509919.474603
fractal_09246.png,Classification failed - no description returned,1766509919.4746034
fractal_08068.png,Classification failed - no description returned,1766509919.4746044
fractal_08414.png,Classification failed - no description returned,1766509919.474605
fractal_02379.png,Classification failed - no description returned,1766509919.4746058
fractal_08954.png,Classification failed - no description returned,1766509919.4746065
fractal_07292.png,Classification failed - no description returned,1766509919.4746077
fractal_04000.png,Classification failed - no description returned,1766509919.4746084
fractal_06068.png,Classification failed - no description returned,1766509919.474609
fractal_07145.png,Classification failed - no description returned,1766509919.4746096
fractal_02980.png,Classification failed - no description returned,1766509919.47461
fractal_05697.png,Classification failed - no description returned,1766509919.474611
fractal_00130.png,Classification failed - no description returned,1766509919.4746118
fractal_09095.png,Classification failed - no description returned,1766509919.4746125
fractal_09492.png,Classification failed - no description returned,1766509919.474613
fractal_00632.png,Classification failed - no description returned,1766509919.4746134
fractal_07272.png,Classification failed - no description returned,1766509919.474614
fractal_02459.png,Classification failed - no description returned,1766509919.4746146
fractal_05168.png,Classification failed - no description returned,1766509919.474615
fractal_00118.png,Classification failed - no description returned,1766509919.4746156
fractal_00815.png,Classification failed - no description returned,1766509919.474616
fractal_08254.png,Classification failed - no description returned,1766509919.4746165
fractal_01512.png,Classification failed - no description returned,1766509919.4746172
fractal_09084.png,"**fractal_09084.png**: Form: A minimalist, curved white loop with a small closed shape inside, resembling a stylized eye or abstract symbol. Color: Monochromatic white on black. Texture: Smooth, thin lines with subtle thickness variation. Abstract resemblance: A simple geometric icon or logo.",1766509969.7290118
fractal_04692.png,"**fractal_04692.png**: Form: Concentric purple and pink circular loops with a dark central core, creating layered depth. Color: Purple, pink, and dark center. Texture: Soft, glowing edges with smooth gradients. Abstract resemblance: A cosmic nebula or a stylized eye with concentric rings.",1766509969.7290146
fractal_00562.png,**fractal,1766509969.7290154
fractal_03169.png,Classification failed - no description returned,1766509969.7290175
fractal_02434.png,Classification failed - no description returned,1766509969.7290182
fractal_05138.png,Classification failed - no description returned,1766509969.7290194
fractal_04321.png,Classification failed - no description returned,1766509969.72902
fractal_05890.png,Classification failed - no description returned,1766509969.7290208
fractal_00742.png,Classification failed - no description returned,1766509969.7290218
fractal_01751.png,Classification failed - no description returned,1766509969.7290223
fractal_08017.png,Classification failed - no description returned,1766509969.7290232
fractal_01696.png,Classification failed - no description returned,1766509969.7290242
fractal_09626.png,Classification failed - no description returned,1766509969.7290258
fractal_05670.png,Classification failed - no description returned,1766509969.7290263
fractal_09905.png,Classification failed - no description returned,1766509969.729027
fractal_04863.png,Classification failed - no description returned,1766509969.729028
fractal_03035.png,Classification failed - no description returned,1766509969.729029
fractal_07334.png,Classification failed - no description returned,1766509969.72903
fractal_03711.png,Classification failed - no description returned,1766509969.7290306
fractal_04592.png,Classification failed - no description returned,1766509969.7290316
fractal_02685.png,Classification failed - no description returned,1766509969.7290325
fractal_03458.png,Classification failed - no description returned,1766509969.7290332
fractal_01386.png,Classification failed - no description returned,1766509969.7290342
fractal_04505.png,Classification failed - no description returned,1766509969.7290347
fractal_01828.png,Classification failed - no description returned,1766509969.7290354
fractal_05754.png,Classification failed - no description returned,1766509969.729036
fractal_05642.png,Classification failed - no description returned,1766509969.729037
fractal_00996.png,Classification failed - no description returned,1766509969.729038
fractal_09763.png,Classification failed - no description returned,1766509969.7290397
fractal_05712.png,Classification failed - no description returned,1766509969.7290409
fractal_04005.png,Classification failed - no description returned,1766509969.7290418
fractal_04956.png,Classification failed - no description returned,1766509969.7290425
fractal_00650.png,Classification failed - no description returned,1766509969.7290437
fractal_06151.png,Classification failed - no description returned,1766509969.7290447
fractal_08244.png,Classification failed - no description returned,1766509969.7290454
fractal_00292.png,Classification failed - no description returned,1766509969.7290466
fractal_07010.png,Classification failed - no description returned,1766509969.729047
fractal_07609.png,Classification failed - no description returned,1766509969.7290478
fractal_05887.png,Classification failed - no description returned,1766509969.7290485
fractal_07457.png,Classification failed - no description returned,1766509969.7290497
fractal_01632.png,Classification failed - no description returned,1766509969.7290506
fractal_03678.png,Classification failed - no description returned,1766509969.7290518
fractal_01406.png,Classification failed - no description returned,1766509969.729053
fractal_09376.png,Classification failed - no description returned,1766509969.7290535
fractal_00844.png,Classification failed - no description returned,1766509969.7290545
fractal_03148.png,Classification failed - no description returned,1766509969.7290552
fractal_03679.png,Classification failed - no description returned,1766509969.7290564
fractal_03919.png,Classification failed - no description returned,1766509969.7290573
fractal_06242.png,Classification failed - no description returned,1766509969.729058
fractal_01158.png,Classification failed - no description returned,1766510014.2701426
fractal_07028.png,Classification failed - no description returned,1766510014.270144
fractal_01545.png,Classification failed - no description returned,1766510014.270145
fractal_02353.png,Classification failed - no description returned,1766510014.270146
fractal_03622.png,Classification failed - no description returned,1766510014.2701464
fractal_09545.png,Classification failed - no description returned,1766510014.2701468
fractal_05010.png,Classification failed - no description returned,1766510014.2701473
fractal_09332.png,Classification failed - no description returned,1766510014.2701478
fractal_03758.png,Classification failed - no description returned,1766510014.2701485
fractal_08464.png,Classification failed - no description returned,1766510014.2701495
fractal_08845.png,Classification failed - no description returned,1766510014.2701502
fractal_07709.png,Classification failed - no description returned,1766510014.2701507
fractal_06206.png,Classification failed - no description returned,1766510014.2701511
fractal_01890.png,Classification failed - no description returned,1766510014.270152
fractal_08614.png,Classification failed - no description returned,1766510014.270153
fractal_02669.png,Classification failed - no description returned,1766510014.2701535
fractal_07958.png,Classification failed - no description returned,1766510014.2701542
fractal_09175.png,Classification failed - no description returned,1766510014.2701547
fractal_09957.png,Classification failed - no description returned,1766510014.2701554
fractal_06534.png,Classification failed - no description returned,1766510014.2701564
fractal_05549.png,Classification failed - no description returned,1766510014.2701569
fractal_09132.png,Classification failed - no description returned,1766510014.2701576
fractal_06740.png,Classification failed - no description returned,1766510014.270158
fractal_02062.png,Classification failed - no description returned,1766510014.2701597
fractal_01724.png,Classification failed - no description returned,1766510014.2701604
fractal_07479.png,Classification failed - no description returned,1766510014.270161
fractal_01860.png,Classification failed - no description returned,1766510014.2701614
fractal_01580.png,Classification failed - no description returned,1766510014.270162
fractal_03395.png,Classification failed - no description returned,1766510014.2701626
fractal_05905.png,Classification failed - no description returned,1766510014.270163
fractal_06779.png,Classification failed - no description returned,1766510014.270164
fractal_00829.png,Classification failed - no description returned,1766510014.2701647
fractal_09692.png,Classification failed - no description returned,1766510014.2701652
fractal_04051.png,Classification failed - no description returned,1766510014.270166
fractal_00115.png,Classification failed - no description returned,1766510014.2701669
fractal_01954.png,Classification failed - no description returned,1766510014.2701674
fractal_07518.png,Classification failed - no description returned,1766510014.2701683
fractal_02915.png,Classification failed - no description returned,1766510014.2701688
fractal_09592.png,Classification failed - no description returned,1766510014.2701693
fractal_08934.png,Classification failed - no description returned,1766510014.2701702
fractal_08804.png,Classification failed - no description returned,1766510014.270171
fractal_09533.png,Classification failed - no description returned,1766510014.2701712
fractal_08725.png,Classification failed - no description returned,1766510014.270172
fractal_09207.png,Classification failed - no description returned,1766510014.2701726
fractal_04487.png,Classification failed - no description returned,1766510014.270173
fractal_06660.png,Classification failed - no description returned,1766510014.2701738
fractal_00085.png,Classification failed - no description returned,1766510014.270174
fractal_03140.png,Classification failed - no description returned,1766510014.2701747
fractal_03549.png,Classification failed - no description returned,1766510014.2701752
fractal_04538.png,Classification failed - no description returned,1766510075.8548913
fractal_08782.png,Classification failed - no description returned,1766510075.854893
fractal_09302.png,Classification failed - no description returned,1766510075.854894
fractal_07359.png,Classification failed - no description returned,1766510075.8548942
fractal_07467.png,Classification failed - no description returned,1766510075.8548949
fractal_04689.png,Classification failed - no description returned,1766510075.8548954
fractal_06415.png,Classification failed - no description returned,1766510075.854896
fractal_03977.png,Classification failed - no description returned,1766510075.8548965
fractal_06073.png,Classification failed - no description returned,1766510075.8548975
fractal_02860.png,Classification failed - no description returned,1766510075.8548982
fractal_05357.png,Classification failed - no description returned,1766510075.8548987
fractal_09312.png,Classification failed - no description returned,1766510075.8548992
fractal_04674.png,Classification failed - no description returned,1766510075.8549
fractal_00898.png,Classification failed - no description returned,1766510075.8549006
fractal_03180.png,Classification failed - no description returned,1766510075.8549013
fractal_05054.png,Classification failed - no description returned,1766510075.8549018
fractal_09845.png,Classification failed - no description returned,1766510075.854902
fractal_04619.png,Classification failed - no description returned,1766510075.8549027
fractal_02039.png,Classification failed - no description returned,1766510075.8549042
fractal_03287.png,Classification failed - no description returned,1766510075.8549047
fractal_04779.png,Classification failed - no description returned,1766510075.8549051
fractal_06194.png,Classification failed - no description returned,1766510075.8549056
fractal_08392.png,Classification failed - no description returned,1766510075.8549063
fractal_07933.png,Classification failed - no description returned,1766510075.8549078
fractal_08377.png,Classification failed - no description returned,1766510075.854908
fractal_03288.png,Classification failed - no description returned,1766510075.8549085
fractal_01518.png,Classification failed - no description returned,1766510075.8549092
fractal_07815.png,Classification failed - no description returned,1766510075.8549097
fractal_08180.png,Classification failed - no description returned,1766510075.8549101
fractal_08569.png,Classification failed - no description returned,1766510075.8549106
fractal_09445.png,Classification failed - no description returned,1766510075.8549113
fractal_06957.png,Classification failed - no description returned,1766510075.8549125
fractal_00532.png,Classification failed - no description returned,1766510075.8549132
fractal_00572.png,Classification failed - no description returned,1766510075.854914
fractal_02275.png,Classification failed - no description returned,1766510075.854915
fractal_03955.png,Classification failed - no description returned,1766510075.8549154
fractal_08819.png,Classification failed - no description returned,1766510075.854916
fractal_08228.png,Classification failed - no description returned,1766510075.8549166
fractal_00372.png,Classification failed - no description returned,1766510075.854917
fractal_08203.png,Classification failed - no description returned,1766510075.854918
fractal_08344.png,Classification failed - no description returned,1766510075.8549185
fractal_00619.png,Classification failed - no description returned,1766510075.8549194
fractal_05306.png,Classification failed - no description returned,1766510075.8549201
fractal_01063.png,Classification failed - no description returned,1766510075.8549204
fractal_06551.png,Classification failed - no description returned,1766510075.8549209
fractal_04110.png,Classification failed - no description returned,1766510075.8549218
fractal_07758.png,Classification failed - no description returned,1766510075.854922
fractal_05325.png,Classification failed - no description returned,1766510075.8549228
fractal_00571.png,Classification failed - no description returned,1766510075.8549232
fractal_05853.png,Classification failed - no description returned,1766510131.756049
fractal_05302.png,Classification failed - no description returned,1766510131.7560506
fractal_08761.png,Classification failed - no description returned,1766510131.7560513
fractal_05596.png,Classification failed - no description returned,1766510131.756052
fractal_01021.png,Classification failed - no description returned,1766510131.7560527
fractal_06028.png,Classification failed - no description returned,1766510131.7560534
fractal_03393.png,Classification failed - no description returned,1766510131.756054
fractal_06295.png,Classification failed - no description returned,1766510131.7560546
fractal_06669.png,Classification failed - no description returned,1766510131.7560554
fractal_04414.png,Classification failed - no description returned,1766510131.756056
fractal_07920.png,Classification failed - no description returned,1766510131.7560565
fractal_03710.png,Classification failed - no description returned,1766510131.7560575
fractal_01862.png,Classification failed - no description returned,1766510131.7560582
fractal_03514.png,Classification failed - no description returned,1766510131.7560587
fractal_03492.png,Classification failed - no description returned,1766510131.7560594
fractal_07612.png,Classification failed - no description returned,1766510131.7560601
fractal_05834.png,Classification failed - no description returned,1766510131.7560606
fractal_05825.png,Classification failed - no description returned,1766510131.7560616
fractal_01370.png,Classification failed - no description returned,1766510131.756062
fractal_06166.png,Classification failed - no description returned,1766510131.7560625
fractal_08125.png,Classification failed - no description returned,1766510131.756063
fractal_00861.png,Classification failed - no description returned,1766510131.7560635
fractal_04884.png,Classification failed - no description returned,1766510131.756064
fractal_00481.png,Classification failed - no description returned,1766510131.7560654
fractal_03722.png,Classification failed - no description returned,1766510131.7560658
fractal_00970.png,Classification failed - no description returned,1766510131.7560663
fractal_08248.png,Classification failed - no description returned,1766510131.7560668
fractal_06603.png,Classification failed - no description returned,1766510131.7560673
fractal_07150.png,Classification failed - no description returned,1766510131.7560685
fractal_06958.png,Classification failed - no description returned,1766510131.756069
fractal_04065.png,Classification failed - no description returned,1766510131.7560701
fractal_08202.png,Classification failed - no description returned,1766510131.7560709
fractal_02682.png,Classification failed - no description returned,1766510131.7560713
fractal_07362.png,Classification failed - no description returned,1766510131.7560723
fractal_07064.png,Classification failed - no description returned,1766510131.7560728
fractal_02458.png,Classification failed - no description returned,1766510131.7560732
fractal_03964.png,Classification failed - no description returned,1766510131.756074
fractal_06716.png,Classification failed - no description returned,1766510131.7560744
fractal_01349.png,Classification failed - no description returned,1766510131.7560754
fractal_02639.png,Classification failed - no description returned,1766510131.7560763
fractal_05305.png,Classification failed - no description returned,1766510131.756077
fractal_09436.png,Classification failed - no description returned,1766510131.7560778
fractal_05883.png,Classification failed - no description returned,1766510131.7560782
fractal_07337.png,Classification failed - no description returned,1766510131.756079
fractal_04451.png,Classification failed - no description returned,1766510131.7560794
fractal_01494.png,Classification failed - no description returned,1766510131.75608
fractal_04830.png,Classification failed - no description returned,1766510131.7560802
fractal_01458.png,Classification failed - no description returned,1766510131.7560806
fractal_07622.png,Classification failed - no description returned,1766510131.7560813
fractal_04775.png,Classification failed - no description returned,1766510179.5458884
fractal_08223.png,Classification failed - no description returned,1766510179.5458903
fractal_03337.png,Classification failed - no description returned,1766510179.545891
fractal_05621.png,Classification failed - no description returned,1766510179.5458915
fractal_08584.png,Classification failed - no description returned,1766510179.545892
fractal_08215.png,Classification failed - no description returned,1766510179.5458927
fractal_06450.png,Classification failed - no description returned,1766510179.5458932
fractal_03496.png,Classification failed - no description returned,1766510179.545894
fractal_03989.png,Classification failed - no description returned,1766510179.5458944
fractal_09077.png,Classification failed - no description returned,1766510179.545895
fractal_06449.png,Classification failed - no description returned,1766510179.5458956
fractal_01079.png,Classification failed - no description returned,1766510179.5458965
fractal_09301.png,Classification failed - no description returned,1766510179.545897
fractal_04859.png,Classification failed - no description returned,1766510179.5458975
fractal_05454.png,Classification failed - no description returned,1766510179.545898
fractal_04588.png,Classification failed - no description returned,1766510179.5458987
fractal_06855.png,Classification failed - no description returned,1766510179.5458992
fractal_04480.png,Classification failed - no description returned,1766510179.5459
fractal_03939.png,Classification failed - no description returned,1766510179.5459008
fractal_03517.png,Classification failed - no description returned,1766510179.5459015
fractal_02579.png,Classification failed - no description returned,1766510179.5459023
fractal_00098.png,Classification failed - no description returned,1766510179.5459027
fractal_08495.png,Classification failed - no description returned,1766510179.5459034
fractal_08394.png,Classification failed - no description returned,1766510179.5459042
fractal_07109.png,Classification failed - no description returned,1766510179.5459049
fractal_02499.png,Classification failed - no description returned,1766510179.545906
fractal_02295.png,Classification failed - no description returned,1766510179.5459073
fractal_00482.png,Classification failed - no description returned,1766510179.5459077
fractal_04087.png,Classification failed - no description returned,1766510179.5459082
fractal_04080.png,Classification failed - no description returned,1766510179.545909
fractal_04829.png,Classification failed - no description returned,1766510179.5459101
fractal_07307.png,Classification failed - no description returned,1766510179.5459108
fractal_07354.png,Classification failed - no description returned,1766510179.5459113
fractal_05345.png,Classification failed - no description returned,1766510179.5459118
fractal_02820.png,Classification failed - no description returned,1766510179.5459125
fractal_01803.png,Classification failed - no description returned,1766510179.545913
fractal_03007.png,Classification failed - no description returned,1766510179.5459142
fractal_05049.png,Classification failed - no description returned,1766510179.5459144
fractal_01077.png,Classification failed - no description returned,1766510179.545915
fractal_04735.png,Classification failed - no description returned,1766510179.5459156
fractal_03353.png,Classification failed - no description returned,1766510179.5459163
fractal_00348.png,Classification failed - no description returned,1766510179.5459175
fractal_03277.png,Classification failed - no description returned,1766510179.545918
fractal_06504.png,Classification failed - no description returned,1766510179.5459187
fractal_05588.png,Classification failed - no description returned,1766510179.5459192
fractal_09547.png,Classification failed - no description returned,1766510179.5459197
fractal_05636.png,Classification failed - no description returned,1766510179.54592
fractal_05962.png,Classification failed - no description returned,1766510179.5459208
fractal_02456.png,Classification failed - no description returned,1766510179.5459216
fractal_09171.png,Classification failed - no description returned,1766510224.7281327
fractal_04560.png,Classification failed - no description returned,1766510224.7281363
fractal_02709.png,Classification failed - no description returned,1766510224.7281392
fractal_09266.png,Classification failed - no description returned,1766510224.72814
fractal_03596.png,Classification failed - no description returned,1766510224.728141
fractal_04339.png,Classification failed - no description returned,1766510224.7281418
fractal_02962.png,Classification failed - no description returned,1766510224.7281423
fractal_08692.png,Classification failed - no description returned,1766510224.7281427
fractal_03384.png,Classification failed - no description returned,1766510224.7281446
fractal_02436.png,Classification failed - no description returned,1766510224.7281456
fractal_03238.png,Classification failed - no description returned,1766510224.728147
fractal_06971.png,Classification failed - no description returned,1766510224.7281485
fractal_09783.png,Classification failed - no description returned,1766510224.7281497
fractal_00439.png,Classification failed - no description returned,1766510224.728151
fractal_08449.png,Classification failed - no description returned,1766510224.7281523
fractal_06221.png,Classification failed - no description returned,1766510224.7281532
fractal_08675.png,Classification failed - no description returned,1766510224.7281547
fractal_03358.png,Classification failed - no description returned,1766510224.7281556
fractal_05195.png,Classification failed - no description returned,1766510224.7281566
fractal_02044.png,Classification failed - no description returned,1766510224.7281575
fractal_09611.png,Classification failed - no description returned,1766510224.7281585
fractal_08910.png,Classification failed - no description returned,1766510224.728159
fractal_07921.png,Classification failed - no description returned,1766510224.7281601
fractal_04026.png,Classification failed - no description returned,1766510224.728161
fractal_09496.png,Classification failed - no description returned,1766510224.7281623
fractal_06870.png,Classification failed - no description returned,1766510224.7281635
fractal_05286.png,Classification failed - no description returned,1766510224.7281651
fractal_09656.png,Classification failed - no description returned,1766510224.7281659
fractal_00332.png,Classification failed - no description returned,1766510224.7281668
fractal_06007.png,Classification failed - no description returned,1766510224.7281678
fractal_08073.png,Classification failed - no description returned,1766510224.7281692
fractal_02837.png,Classification failed - no description returned,1766510224.7281737
fractal_05793.png,Classification failed - no description returned,1766510224.728175
fractal_09729.png,Classification failed - no description returned,1766510224.728176
fractal_07841.png,Classification failed - no description returned,1766510224.728178
fractal_02358.png,Classification failed - no description returned,1766510224.728179
fractal_02605.png,Classification failed - no description returned,1766510224.7281797
fractal_07800.png,Classification failed - no description returned,1766510224.7281802
fractal_06198.png,Classification failed - no description returned,1766510224.7281806
fractal_09126.png,Classification failed - no description returned,1766510224.7281818
fractal_05205.png,Classification failed - no description returned,1766510224.7281823
fractal_04394.png,Classification failed - no description returned,1766510224.7281842
fractal_01380.png,Classification failed - no description returned,1766510224.728186
fractal_04568.png,Classification failed - no description returned,1766510224.7281873
fractal_05056.png,Classification failed - no description returned,1766510224.7281888
fractal_03502.png,Classification failed - no description returned,1766510224.7281895
fractal_08253.png,Classification failed - no description returned,1766510224.7281902
fractal_03957.png,Classification failed - no description returned,1766510224.728191
fractal_00271.png,Classification failed - no description returned,1766510224.7281914
fractal_03190.png,Classification failed - no description returned,1766510267.577186
fractal_02787.png,Classification failed - no description returned,1766510267.5771892
fractal_02664.png,Classification failed - no description returned,1766510267.5771902
fractal_00712.png,Classification failed - no description returned,1766510267.5771918
fractal_06559.png,Classification failed - no description returned,1766510267.5771933
fractal_00276.png,Classification failed - no description returned,1766510267.5771942
fractal_02852.png,Classification failed - no description returned,1766510267.5771952
fractal_02110.png,Classification failed - no description returned,1766510267.5771995
fractal_00915.png,Classification failed - no description returned,1766510267.5772002
fractal_04761.png,Classification failed - no description returned,1766510267.5772011
fractal_09070.png,Classification failed - no description returned,1766510267.577202
fractal_03830.png,Classification failed - no description returned,1766510267.577203
fractal_04002.png,Classification failed - no description returned,1766510267.577204
fractal_04021.png,Classification failed - no description returned,1766510267.577205
fractal_01498.png,Classification failed - no description returned,1766510267.5772064
fractal_05255.png,Classification failed - no description returned,1766510267.577207
fractal_04524.png,Classification failed - no description returned,1766510267.577208
fractal_00846.png,Classification failed - no description returned,1766510267.5772092
fractal_01346.png,Classification failed - no description returned,1766510267.5772104
fractal_02882.png,Classification failed - no description returned,1766510267.5772111
fractal_00875.png,Classification failed - no description returned,1766510267.5772119
fractal_03846.png,Classification failed - no description returned,1766510267.5772128
fractal_02470.png,Classification failed - no description returned,1766510267.577214
fractal_00296.png,Classification failed - no description returned,1766510267.5772147
fractal_05062.png,Classification failed - no description returned,1766510267.5772161
fractal_04646.png,Classification failed - no description returned,1766510267.5772169
fractal_03073.png,Classification failed - no description returned,1766510267.5772183
fractal_07035.png,Classification failed - no description returned,1766510267.577219
fractal_08565.png,Classification failed - no description returned,1766510267.5772197
fractal_03634.png,Classification failed - no description returned,1766510267.5772216
fractal_00871.png,Classification failed - no description returned,1766510267.5772223
fractal_01688.png,Classification failed - no description returned,1766510267.5772235
fractal_04267.png,Classification failed - no description returned,1766510267.5772247
fractal_06310.png,Classification failed - no description returned,1766510267.5772257
fractal_01449.png,Classification failed - no description returned,1766510267.5772264
fractal_09726.png,Classification failed - no description returned,1766510267.5772274
fractal_05408.png,Classification failed - no description returned,1766510267.5772278
fractal_01478.png,Classification failed - no description returned,1766510267.5772283
fractal_03056.png,Classification failed - no description returned,1766510267.5772295
fractal_06824.png,Classification failed - no description returned,1766510267.577231
fractal_07168.png,Classification failed - no description returned,1766510267.577232
fractal_08982.png,Classification failed - no description returned,1766510267.577233
fractal_07070.png,Classification failed - no description returned,1766510267.5772347
fractal_09506.png,Classification failed - no description returned,1766510267.5772352
fractal_01247.png,Classification failed - no description returned,1766510267.577236
fractal_04873.png,Classification failed - no description returned,1766510267.577237
fractal_03011.png,Classification failed - no description returned,1766510267.5772376
fractal_01242.png,Classification failed - no description returned,1766510267.577239
fractal_02442.png,Classification failed - no description returned,1766510267.5772412
fractal_05099.png,Classification failed - no description returned,1766510315.9095716
fractal_02815.png,Classification failed - no description returned,1766510315.909573
fractal_07759.png,Classification failed - no description returned,1766510315.9095738
fractal_04172.png,Classification failed - no description returned,1766510315.9095745
fractal_08639.png,Classification failed - no description returned,1766510315.9095752
fractal_04500.png,Classification failed - no description returned,1766510315.9095762
fractal_09743.png,Classification failed - no description returned,1766510315.9095767
fractal_04460.png,Classification failed - no description returned,1766510315.9095778
fractal_06837.png,Classification failed - no description returned,1766510315.9095786
fractal_03062.png,Classification failed - no description returned,1766510315.909579
fractal_06881.png,Classification failed - no description returned,1766510315.9095795
fractal_05090.png,Classification failed - no description returned,1766510315.9095802
fractal_09912.png,Classification failed - no description returned,1766510315.909581
fractal_09669.png,Classification failed - no description returned,1766510315.909582
fractal_07660.png,Classification failed - no description returned,1766510315.9095824
fractal_03420.png,Classification failed - no description returned,1766510315.909583
fractal_04095.png,Classification failed - no description returned,1766510315.9095838
fractal_04055.png,Classification failed - no description returned,1766510315.9095845
fractal_07476.png,Classification failed - no description returned,1766510315.909586
fractal_02006.png,Classification failed - no description returned,1766510315.9095864
fractal_05135.png,Classification failed - no description returned,1766510315.9095871
fractal_09690.png,Classification failed - no description returned,1766510315.9095876
fractal_02561.png,Classification failed - no description returned,1766510315.9095888
fractal_05047.png,Classification failed - no description returned,1766510315.9095898
fractal_08308.png,Classification failed - no description returned,1766510315.9095902
fractal_03529.png,Classification failed - no description returned,1766510315.9095912
fractal_07868.png,Classification failed - no description returned,1766510315.909592
fractal_00773.png,Classification failed - no description returned,1766510315.9095926
fractal_08790.png,Classification failed - no description returned,1766510315.9095936
fractal_03083.png,Classification failed - no description returned,1766510315.9095943
fractal_02863.png,Classification failed - no description returned,1766510315.9095953
fractal_07494.png,Classification failed - no description returned,1766510315.909596
fractal_07598.png,Classification failed - no description returned,1766510315.9095964
fractal_03735.png,Classification failed - no description returned,1766510315.9095972
fractal_01872.png,Classification failed - no description returned,1766510315.9095979
fractal_06096.png,Classification failed - no description returned,1766510315.9095988
fractal_09617.png,Classification failed - no description returned,1766510315.9095998
fractal_06329.png,Classification failed - no description returned,1766510315.9096003
fractal_00273.png,Classification failed - no description returned,1766510315.9096012
fractal_04599.png,Classification failed - no description returned,1766510315.9096024
fractal_04233.png,Classification failed - no description returned,1766510315.9096034
fractal_03222.png,Classification failed - no description returned,1766510315.9096043
fractal_07088.png,Classification failed - no description returned,1766510315.9096053
fractal_09162.png,Classification failed - no description returned,1766510315.9096062
fractal_07941.png,Classification failed - no description returned,1766510315.909607
fractal_01819.png,Classification failed - no description returned,1766510315.9096074
fractal_06928.png,Classification failed - no description returned,1766510315.9096081
fractal_05785.png,Classification failed - no description returned,1766510315.9096096
fractal_06452.png,Classification failed - no description returned,1766510315.9096103
fractal_00195.png,Classification failed - no description returned,1766510358.4844193
fractal_05020.png,Classification failed - no description returned,1766510358.4844215
fractal_02854.png,Classification failed - no description returned,1766510358.484423
fractal_06278.png,Classification failed - no description returned,1766510358.4844236
fractal_06613.png,Classification failed - no description returned,1766510358.4844244
fractal_01564.png,Classification failed - no description returned,1766510358.4844253
fractal_06620.png,Classification failed - no description returned,1766510358.4844258
fractal_02254.png,Classification failed - no description returned,1766510358.4844267
fractal_08718.png,Classification failed - no description returned,1766510358.4844277
fractal_06485.png,Classification failed - no description returned,1766510358.4844286
fractal_08171.png,Classification failed - no description returned,1766510358.4844296
fractal_09808.png,Classification failed - no description returned,1766510358.484431
fractal_03191.png,Classification failed - no description returned,1766510358.484432
fractal_03239.png,Classification failed - no description returned,1766510358.4844327
fractal_02759.png,Classification failed - no description returned,1766510358.4844337
fractal_00894.png,Classification failed - no description returned,1766510358.4844344
fractal_00396.png,Classification failed - no description returned,1766510358.4844356
fractal_05882.png,Classification failed - no description returned,1766510358.4844363
fractal_06949.png,Classification failed - no description returned,1766510358.4844372
fractal_04393.png,Classification failed - no description returned,1766510358.4844382
fractal_02580.png,Classification failed - no description returned,1766510358.4844391
fractal_08773.png,Classification failed - no description returned,1766510358.4844398
fractal_05632.png,Classification failed - no description returned,1766510358.4844406
fractal_02346.png,Classification failed - no description returned,1766510358.4844413
fractal_02646.png,Classification failed - no description returned,1766510358.4844425
fractal_00926.png,Classification failed - no description returned,1766510358.4844432
fractal_06931.png,Classification failed - no description returned,1766510358.4844444
fractal_01285.png,Classification failed - no description returned,1766510358.484445
fractal_05862.png,Classification failed - no description returned,1766510358.4844463
fractal_08545.png,Classification failed - no description returned,1766510358.484447
fractal_05639.png,Classification failed - no description returned,1766510358.4844477
fractal_07231.png,Classification failed - no description returned,1766510358.4844484
fractal_01813.png,Classification failed - no description returned,1766510358.484449
fractal_04223.png,Classification failed - no description returned,1766510358.4844503
fractal_07537.png,Classification failed - no description returned,1766510358.4844513
fractal_01513.png,Classification failed - no description returned,1766510358.484452
fractal_02893.png,Classification failed - no description returned,1766510358.4844532
fractal_00026.png,Classification failed - no description returned,1766510358.4844544
fractal_05435.png,Classification failed - no description returned,1766510358.4844553
fractal_05367.png,Classification failed - no description returned,1766510358.4844565
fractal_01916.png,Classification failed - no description returned,1766510358.484457
fractal_04298.png,Classification failed - no description returned,1766510358.4844577
fractal_08207.png,Classification failed - no description returned,1766510358.484459
fractal_04412.png,Classification failed - no description returned,1766510358.4844599
fractal_07212.png,Classification failed - no description returned,1766510358.4844606
fractal_09206.png,Classification failed - no description returned,1766510358.4844615
fractal_06396.png,Classification failed - no description returned,1766510358.4844623
fractal_05267.png,Classification failed - no description returned,1766510358.4844635
fractal_09956.png,Classification failed - no description returned,1766510358.4844642
fractal_03981.png,Classification failed - no description returned,1766510415.8793378
fractal_05963.png,Classification failed - no description returned,1766510415.8793395
fractal_00667.png,Classification failed - no description returned,1766510415.8793406
fractal_02388.png,Classification failed - no description returned,1766510415.8793416
fractal_03343.png,Classification failed - no description returned,1766510415.8793423
fractal_01489.png,Classification failed - no description returned,1766510415.8793433
fractal_07977.png,Classification failed - no description returned,1766510415.879344
fractal_04356.png,Classification failed - no description returned,1766510415.8793447
fractal_06249.png,Classification failed - no description returned,1766510415.8793457
fractal_06225.png,Classification failed - no description returned,1766510415.8793464
fractal_09378.png,Classification failed - no description returned,1766510415.879347
fractal_03368.png,Classification failed - no description returned,1766510415.8793483
fractal_05752.png,Classification failed - no description returned,1766510415.8793492
fractal_00122.png,Classification failed - no description returned,1766510415.87935
fractal_07638.png,Classification failed - no description returned,1766510415.879351
fractal_07074.png,Classification failed - no description returned,1766510415.8793516
fractal_08466.png,Classification failed - no description returned,1766510415.8793526
fractal_07106.png,Classification failed - no description returned,1766510415.8793533
fractal_04416.png,Classification failed - no description returned,1766510415.8793545
fractal_08473.png,Classification failed - no description returned,1766510415.8793554
fractal_09648.png,Classification failed - no description returned,1766510415.879356
fractal_08444.png,Classification failed - no description returned,1766510415.879357
fractal_00663.png,Classification failed - no description returned,1766510415.879358
fractal_03249.png,Classification failed - no description returned,1766510415.8793588
fractal_02920.png,Classification failed - no description returned,1766510415.8793595
fractal_05755.png,Classification failed - no description returned,1766510415.8793602
fractal_02517.png,Classification failed - no description returned,1766510415.8793614
fractal_00919.png,Classification failed - no description returned,1766510415.8793619
fractal_06204.png,Classification failed - no description returned,1766510415.8793626
fractal_05998.png,Classification failed - no description returned,1766510415.8793633
fractal_09112.png,Classification failed - no description returned,1766510415.879364
fractal_00515.png,Classification failed - no description returned,1766510415.879365
fractal_02843.png,Classification failed - no description returned,1766510415.8793654
fractal_02523.png,Classification failed - no description returned,1766510415.8793664
fractal_05894.png,Classification failed - no description returned,1766510415.8793674
fractal_04876.png,Classification failed - no description returned,1766510415.8793683
fractal_08201.png,Classification failed - no description returned,1766510415.879369
fractal_04784.png,Classification failed - no description returned,1766510415.8793697
fractal_03112.png,Classification failed - no description returned,1766510415.8793705
fractal_09571.png,Classification failed - no description returned,1766510415.8793714
fractal_08766.png,Classification failed - no description returned,1766510415.8793728
fractal_04195.png,Classification failed - no description returned,1766510415.8793736
fractal_06797.png,Classification failed - no description returned,1766510415.8793745
fractal_02594.png,Classification failed - no description returned,1766510415.8793755
fractal_01044.png,Classification failed - no description returned,1766510415.879376
fractal_05667.png,Classification failed - no description returned,1766510415.8793766
fractal_09604.png,Classification failed - no description returned,1766510415.8793774
fractal_00042.png,Classification failed - no description returned,1766510415.8793783
fractal_00584.png,Classification failed - no description returned,1766510415.8793793
fractal_03774.png,Classification failed - no description returned,1766510475.5105715
fractal_06527.png,Classification failed - no description returned,1766510475.5105731
fractal_01397.png,Classification failed - no description returned,1766510475.510574
fractal_04176.png,Classification failed - no description returned,1766510475.5105746
fractal_04176.png,Classification failed - no description returned,1766510475.5105753
fractal_04176.png,Classification failed - no description returned,1766510475.5105755
fractal_04176.png,Classification failed - no description returned,1766510475.5105758
fractal_04176.png,Classification failed - no description returned,1766510475.510576
fractal_04176.png,Classification failed - no description returned,1766510475.5105767
fractal_04176.png,Classification failed - no description returned,1766510475.5105777
fractal_04176.png,Classification failed - no description returned,1766510475.5105782
fractal_04176.png,Classification failed - no description returned,1766510475.5105786
fractal_04176.png,Classification failed - no description returned,1766510475.510579
fractal_04176.png,Classification failed - no description returned,1766510475.5105798
fractal_04176.png,Classification failed - no description returned,1766510475.51058
fractal_04176.png,Classification failed - no description returned,1766510475.5105805
fractal_04176.png,Classification failed - no description returned,1766510475.510581
fractal_04176.png,Classification failed - no description returned,1766510475.5105815
fractal_04176.png,Classification failed - no description returned,1766510475.510582
fractal_04176.png,Classification failed - no description returned,1766510475.5105824
fractal_04176.png,Classification failed - no description returned,1766510475.510583
fractal_04176.png,Classification failed - no description returned,1766510475.5105834
fractal_04176.png,Classification failed - no description returned,1766510475.5105839
fractal_04176.png,Classification failed - no description returned,1766510475.5105848
fractal_04176.png,Classification failed - no description returned,1766510475.5105853
fractal_04176.png,Classification failed - no description returned,1766510475.5105858
fractal_04176.png,Classification failed - no description returned,1766510475.5105863
fractal_04176.png,Classification failed - no description returned,1766510475.5105872
fractal_04176.png,Classification failed - no description returned,1766510475.5105877
fractal_04176.png,Classification failed - no description returned,1766510475.5105882
fractal_04176.png,Classification failed - no description returned,1766510475.5105886
fractal_04176.png,Classification failed - no description returned,1766510475.5105896
fractal_04176.png,Classification failed - no description returned,1766510475.5105898
fractal_04176.png,Classification failed - no description returned,1766510475.5105906
fractal_04176.png,Classification failed - no description returned,1766510475.5105913
fractal_04176.png,Classification failed - no description returned,1766510475.5105915
fractal_04176.png,Classification failed - no description returned,1766510475.510592
fractal_04176.png,Classification failed - no description returned,1766510475.5105925
fractal_04176.png,Classification failed - no description returned,1766510475.5105927
fractal_04176.png,Classification failed - no description returned,1766510475.510594
fractal_04176.png,Classification failed - no description returned,1766510475.5105941
fractal_04176.png,Classification failed - no description returned,1766510475.5105946
fractal_04176.png,Classification failed - no description returned,1766510475.5105953
fractal_04176.png,Classification failed - no description returned,1766510475.5105956
fractal_04176.png,Classification failed - no description returned,1766510475.510596
fractal_04176.png,Classification failed - no description returned,1766510475.5105965
fractal_04176.png,Classification failed - no description returned,1766510475.5105972
fractal_04176.png,Classification failed - no description returned,1766510475.5105982
fractal_04176.png,Classification failed - no description returned,1766510475.5105987
