{
  "seed": "376f03c5-bbaa-48b8-9bb4-d45ff48dfdfb",
  "params": {
    "transforms": [
      {
        "a": 0.619962388482747,
        "b": 0.7560312142001926,
        "c": 0.39470048575505734,
        "d": 0.11754410743957022,
        "e": -0.931621224924418,
        "f": 0.3436159305076285,
        "color": 0.1953901317585991,
        "weight": 0.2410027979834519,
        "variations": {
          "swirl": 0.5382075032812601,
          "spherical": 0.4716454231295161
        }
      },
      {
        "a": -0.5994648857877543,
        "b": 0.5099710403047082,
        "c": 0.6740059378751917,
        "d": -0.5693241391513639,
        "e": 0.13478679420448403,
        "f": -1.1031902854673974,
        "color": 0.11573010582811516,
        "weight": 0.8970249902085601,
        "variations": {
          "spherical": 0.5025817837765413
        }
      },
      {
        "a": 0.08027276289817653,
        "b": -0.1723936249974436,
        "c": 0.03888311751963891,
        "d": -0.6836451910510877,
        "e": -1.0147386510100231,
        "f": -1.164256280500358,
        "color": 0.9163911629907293,
        "weight": 0.7754942217109588,
        "variations": {
          "spherical": 0.5763231843534953,
          "polar": 0.695167197348493
        }
      },
      {
        "a": 0.8758069828910549,
        "b": 0.6745644717045842,
        "c": 0.4508638379106682,
        "d": 0.7729402588847423,
        "e": -0.42342082985431273,
        "f": -1.0483083642328168,
        "color": 0.6196788317204033,
        "weight": 0.27625927645408455,
        "variations": {
          "linear": 0.3983582690100348
        }
      }
    ],
    "num_points": 2510312,
    "gamma": 1.981484224225908,
    "brightness": 1.2,
    "hue_rotation": 302.55261658618565
  }
}