{
  "seed": "94371fdb-b71b-4553-bb8b-59263084b114",
  "params": {
    "transforms": [
      {
        "a": -0.6243400970767583,
        "b": -0.8013663588908149,
        "c": 0.7115883293014329,
        "d": 0.5865305832818855,
        "e": -1.072422144001676,
        "f": 0.4087485711713932,
        "color": 0.03437533012285077,
        "weight": 0.7136233323732222,
        "variations": {
          "polar": 0.9634326852432618,
          "spherical": 0.46920315145849034,
          "sinusoidal": 0.2941559294299657
        }
      },
      {
        "a": -0.0782426850279303,
        "b": -0.14982099436438645,
        "c": 0.7492249123231391,
        "d": 0.9963095633821444,
        "e": 0.9949164267042998,
        "f": 0.7435204034168135,
        "color": 0.9762730109448507,
        "weight": 0.11315156377149192,
        "variations": {
          "polar": 0.6924872729112459
        }
      },
      {
        "a": -0.8880579308993561,
        "b": -0.9711129414550961,
        "c": 0.6853906273326595,
        "d": -0.2272590635085454,
        "e": -0.28298406485534056,
        "f": 0.13142700781072048,
        "color": 0.28096746676773643,
        "weight": 0.28406629808145756,
        "variations": {
          "swirl": 0.4700178546725201,
          "heart": 0.5014545405069278,
          "spherical": 0.555404109984474
        }
      }
    ],
    "num_points": 2366386,
    "gamma": 2.0860431472064724,
    "brightness": 1.2,
    "hue_rotation": 138.91405136501575
  }
}