{
  "seed": "ff0697fc-8e2d-405d-a36e-624c7eef016f",
  "params": {
    "transforms": [
      {
        "a": -0.05058423780907417,
        "b": -0.5074479916440997,
        "c": -0.26050666803635636,
        "d": 0.0569366338179238,
        "e": -1.0731794591480455,
        "f": -0.46812273906340707,
        "color": 0.09919611497139347,
        "weight": 0.26993401826564534,
        "variations": {
          "sinusoidal": 0.7010028863959824,
          "spherical": 0.14877200700282123,
          "swirl": 0.5148923837445541
        }
      },
      {
        "a": 0.8420293672039085,
        "b": -0.5025903217419949,
        "c": -0.03884641982535442,
        "d": -0.7680244584914571,
        "e": 0.05211118884336208,
        "f": -1.4143296099798954,
        "color": 0.7759906970058935,
        "weight": 0.7353228165185791,
        "variations": {
          "linear": 0.6900794060602516,
          "swirl": 0.6114133259449522
        }
      },
      {
        "a": -0.19574824457821616,
        "b": 0.8149197043788032,
        "c": 0.27197016047431943,
        "d": -0.45081458665919727,
        "e": 0.17995884688984498,
        "f": -0.0018998183691336656,
        "color": 0.11908723026440149,
        "weight": 0.8935848292851397,
        "variations": {
          "polar": 0.528225383245292,
          "heart": 0.26813547410534666
        }
      },
      {
        "a": -0.24630887272470514,
        "b": -0.8439014548883179,
        "c": 0.9002687296315932,
        "d": 0.7436214764585771,
        "e": -0.029408458065627974,
        "f": 0.290748790709769,
        "color": 0.6071251948466797,
        "weight": 0.32449083142743984,
        "variations": {
          "swirl": 0.011114617227493073,
          "spherical": 0.5541488886506478
        }
      }
    ],
    "num_points": 2279477,
    "gamma": 1.9582134059400456,
    "brightness": 1.2,
    "hue_rotation": 254.75701972050314
  }
}