{
  "seed": "7d8f9537-4bae-43ce-8672-4a8d59817b98",
  "params": {
    "transforms": [
      {
        "a": -0.30615589780612873,
        "b": 0.021504573186732046,
        "c": 0.29655629878618495,
        "d": 0.5596535631361172,
        "e": -1.1254323200944447,
        "f": -0.45015694369853954,
        "color": 0.5847397220317578,
        "weight": 0.5264561154147105,
        "variations": {
          "swirl": 0.452234960459481
        }
      },
      {
        "a": 0.2890547570900668,
        "b": 0.24553223495018495,
        "c": 0.11724465372180792,
        "d": -0.06451575997305548,
        "e": 0.08282874437121013,
        "f": 1.2936471047656806,
        "color": 0.116472891690521,
        "weight": 0.539163108287552,
        "variations": {
          "swirl": 0.13454400023424196
        }
      },
      {
        "a": -0.2912512856245988,
        "b": 0.8227553849027207,
        "c": -0.4042248935068926,
        "d": 0.906961996508056,
        "e": 1.1161222511208786,
        "f": -0.7101990172705829,
        "color": 0.8195674501529219,
        "weight": 0.9695781523052045,
        "variations": {
          "spherical": 0.526734387292322,
          "swirl": 0.6954906425863655,
          "heart": 0.7309333146495751
        }
      },
      {
        "a": 0.15924721910088047,
        "b": 0.4954786567100937,
        "c": 0.3900633107063105,
        "d": -0.6964431863457075,
        "e": 1.2668026984577612,
        "f": 0.16978946972016784,
        "color": 0.49810685275863764,
        "weight": 0.1376151244526894,
        "variations": {
          "sinusoidal": 0.2517642018798294,
          "polar": 0.7655657620491775
        }
      }
    ],
    "num_points": 2589273,
    "gamma": 2.10942028134653,
    "brightness": 1.2,
    "hue_rotation": 222.79499435159934
  }
}