{
  "seed": "f8b7b9ce-bac6-4c3b-971b-3b2fd9081b3f",
  "params": {
    "transforms": [
      {
        "a": 0.9578854079571699,
        "b": 0.05034555928577,
        "c": -0.22332194918597814,
        "d": -0.12730098616695606,
        "e": 0.7431445843793005,
        "f": -0.04228145653478599,
        "color": 0.5819766448605241,
        "weight": 0.1770558203630198,
        "variations": {
          "sinusoidal": 0.4882104514642738
        }
      },
      {
        "a": -0.1794316375013667,
        "b": 0.07821743211403853,
        "c": -0.11095409461841776,
        "d": -0.9349903086236233,
        "e": -0.44466286380801723,
        "f": 1.3578002398597357,
        "color": 0.17691430568380218,
        "weight": 0.5594124138331257,
        "variations": {
          "sinusoidal": 0.02790581519056723
        }
      },
      {
        "a": -0.15200751392650225,
        "b": 0.7519211062510038,
        "c": 0.50685619745264,
        "d": 0.016685361540504706,
        "e": -0.8036147018725804,
        "f": 0.3641497214056506,
        "color": 0.4090511597393067,
        "weight": 0.18970055432142546,
        "variations": {
          "spherical": 0.7182986736320913,
          "swirl": 0.1521825276551093
        }
      },
      {
        "a": 0.0993714946597577,
        "b": 0.1582354783721709,
        "c": -0.6522016539733111,
        "d": 0.8877113199175364,
        "e": 0.6606266595631052,
        "f": -0.8429258863876832,
        "color": 0.6382675163526682,
        "weight": 0.4765365078856698,
        "variations": {
          "heart": 0.5933732666216478,
          "sinusoidal": 0.4086116065584172
        }
      }
    ],
    "num_points": 1046702,
    "gamma": 2.1836427898766484,
    "brightness": 1.2,
    "hue_rotation": 305.9660837916513
  }
}