{
  "seed": "12cb6284-cbc1-4e2c-b08f-685e755c1aff",
  "params": {
    "transforms": [
      {
        "a": -0.3947824844670955,
        "b": -0.7064187211176169,
        "c": 0.8796992703396911,
        "d": 0.08111317318113764,
        "e": 1.2164733748655645,
        "f": -1.2171034692790208,
        "color": 0.407676057286691,
        "weight": 0.529264107251382,
        "variations": {
          "heart": 0.36391858968597846,
          "polar": 0.583879381649614,
          "swirl": 0.30299132727200406
        }
      },
      {
        "a": -0.755188869777776,
        "b": 0.17321214605255797,
        "c": -0.44242903309123527,
        "d": 0.40621508160416964,
        "e": 1.4336293132388533,
        "f": 0.945470553776738,
        "color": 0.8416956181350573,
        "weight": 0.8691476734267447,
        "variations": {
          "linear": 0.32622996895505774,
          "polar": 0.5952011173425132,
          "sinusoidal": 0.18923286092846314
        }
      },
      {
        "a": 0.7413933842008491,
        "b": 0.32091735494423435,
        "c": -0.6243615911580731,
        "d": -0.7155450776762728,
        "e": -0.9579985086583526,
        "f": 0.7678071966633238,
        "color": 0.22922325015522693,
        "weight": 0.8919648808964524,
        "variations": {
          "heart": 0.2947894824811014,
          "linear": 0.1847855101314133
        }
      },
      {
        "a": -0.4835703772194788,
        "b": 0.349136241931572,
        "c": -0.5669985247079765,
        "d": -0.3762890652272479,
        "e": 0.39884496849431983,
        "f": -0.04552161644775765,
        "color": 0.7687244020113068,
        "weight": 0.234410324901981,
        "variations": {
          "linear": 0.22338928723218687
        }
      }
    ],
    "num_points": 1680308,
    "gamma": 2.2445234193027903,
    "brightness": 1.2,
    "hue_rotation": 206.4326014256282
  }
}