{
  "seed": "c28b5eca-9bec-46da-ba35-8e21575c8f0d",
  "params": {
    "transforms": [
      {
        "a": -0.23542151428519098,
        "b": -0.5334262055955292,
        "c": 0.9362670075988584,
        "d": -0.9506089448501032,
        "e": 0.6696269192365558,
        "f": -0.10910722317869515,
        "color": 0.6766708643669201,
        "weight": 0.42589877424533273,
        "variations": {
          "polar": 0.39252925501695135,
          "sinusoidal": 0.9989048428907707,
          "heart": 0.30380614085687585
        }
      },
      {
        "a": 0.674439372311042,
        "b": 0.0814954072548415,
        "c": 0.9372046593139858,
        "d": -0.26725088260801977,
        "e": 0.16679058862326768,
        "f": 0.7049501807667493,
        "color": 0.5212554446305397,
        "weight": 0.5542863383914398,
        "variations": {
          "heart": 0.30421963467826896,
          "spherical": 0.1738677241452583
        }
      },
      {
        "a": 0.45801675376530526,
        "b": -0.4397111162222389,
        "c": -0.9590131202575252,
        "d": 0.633754515911592,
        "e": 0.040768937219404666,
        "f": -0.40589951436638794,
        "color": 0.28333688551227587,
        "weight": 0.4298744620693893,
        "variations": {
          "polar": 0.2699648967041295
        }
      },
      {
        "a": -0.7621865322539403,
        "b": 0.04576061961416111,
        "c": 0.20077370654717308,
        "d": 0.6712045840331073,
        "e": -0.5001225109210578,
        "f": 0.18717310741060267,
        "color": 0.7190270370187378,
        "weight": 0.6174055198560819,
        "variations": {
          "spherical": 0.36232966168880154
        }
      }
    ],
    "num_points": 2980002,
    "gamma": 2.4560963298396623,
    "brightness": 1.2,
    "hue_rotation": 278.2040454374861
  }
}