{
  "seed": "523efa61-7154-40ee-902b-a9b0d8e2b29e",
  "params": {
    "transforms": [
      {
        "a": 0.7219196263214003,
        "b": -0.4740143544280788,
        "c": 0.5577132382572334,
        "d": 0.9123559083131649,
        "e": 0.026074284778997647,
        "f": 0.7823159258977226,
        "color": 0.03439951578045164,
        "weight": 0.14654046508709428,
        "variations": {
          "heart": 0.4533869816556205,
          "swirl": 0.2785012588756598
        }
      },
      {
        "a": -0.6644976221506338,
        "b": -0.12401268589482717,
        "c": -0.8776029112375885,
        "d": -0.7079438313915847,
        "e": -0.03775060709124656,
        "f": -0.16906107770264556,
        "color": 0.7566127069760265,
        "weight": 0.7906791849588491,
        "variations": {
          "spherical": 0.0877168652738115,
          "linear": 0.5600412995330204
        }
      }
    ],
    "num_points": 1773130,
    "gamma": 1.8414554098843776,
    "brightness": 1.2,
    "hue_rotation": 49.67202050145293
  }
}