{
  "seed": "3313797c-9d20-47f4-8104-b33f6d73fb4b",
  "params": {
    "transforms": [
      {
        "a": -0.09390875288919376,
        "b": -0.38440842338435743,
        "c": -0.2662221570735388,
        "d": -0.11129712862694885,
        "e": -0.9572659195260339,
        "f": 0.1289214785611228,
        "color": 0.1804707279355836,
        "weight": 0.1897917277343618,
        "variations": {
          "linear": 0.8043113283031583,
          "sinusoidal": 0.6356242400353717
        }
      },
      {
        "a": -0.5258955364186295,
        "b": 0.5754915869135355,
        "c": 0.6439204134118892,
        "d": 0.7310130191010518,
        "e": 1.24107033515208,
        "f": -0.47272331046230187,
        "color": 0.3010749980559174,
        "weight": 0.8864607367299867,
        "variations": {
          "spherical": 0.668265048562627,
          "linear": 0.6827431318418683,
          "polar": 0.9279232897805577
        }
      },
      {
        "a": 0.29779362766453765,
        "b": -0.1836543002210489,
        "c": -0.0340769078479779,
        "d": 0.6744068316876257,
        "e": -1.4999221247688235,
        "f": -0.9200267703658903,
        "color": 0.7439300653207086,
        "weight": 0.4837817482775706,
        "variations": {
          "polar": 0.26717502617968714
        }
      }
    ],
    "num_points": 1961310,
    "gamma": 2.169620147391109,
    "brightness": 1.2,
    "hue_rotation": 248.60485436889076
  }
}