{
  "seed": "1c58df4f-aefa-4eec-acfc-a81bd4e62f0b",
  "params": {
    "transforms": [
      {
        "a": -0.7189165556100556,
        "b": -0.5107514864097242,
        "c": 0.6158520715041236,
        "d": -0.6339894765525755,
        "e": -0.6512396270774473,
        "f": 0.8179569000913389,
        "color": 0.864893886043034,
        "weight": 0.37425625665356055,
        "variations": {
          "sinusoidal": 0.4781451778428677,
          "swirl": 0.18391735812989463,
          "spherical": 0.6871981138340065
        }
      },
      {
        "a": 0.8866276022059283,
        "b": -0.88381209600914,
        "c": -0.3522953073321282,
        "d": 0.06144520316482893,
        "e": 1.2780059945440367,
        "f": 0.00490207184681557,
        "color": 0.43619476023023906,
        "weight": 0.4267982450013791,
        "variations": {
          "polar": 0.1482156722818606,
          "heart": 0.5563817334437922
        }
      }
    ],
    "num_points": 1203817,
    "gamma": 2.3296832565427428,
    "brightness": 1.2,
    "hue_rotation": 175.19343857781516
  }
}