{
  "seed": "9b88227a-1de4-4839-b788-6e54e01a2aba",
  "params": {
    "transforms": [
      {
        "a": -0.8100768070167756,
        "b": 0.8061354467629005,
        "c": 0.24908199657816765,
        "d": -0.74220682567425,
        "e": 0.5461128686696322,
        "f": 1.2698409661290633,
        "color": 0.6409346148182753,
        "weight": 0.8976148485331321,
        "variations": {
          "sinusoidal": 0.8868525018705159
        }
      },
      {
        "a": 0.37629498276988693,
        "b": -0.0893446218893088,
        "c": 0.7464394164083978,
        "d": -0.7869082859922791,
        "e": 0.8177406962025615,
        "f": -1.229706113744292,
        "color": 0.6203206161244291,
        "weight": 0.42806937773614495,
        "variations": {
          "polar": 0.522511715210514
        }
      },
      {
        "a": 0.8678642571156037,
        "b": -0.12614759259805663,
        "c": -0.09518247339620922,
        "d": -0.39876218963910315,
        "e": 1.2644039895882888,
        "f": 1.4202929176967416,
        "color": 0.26025594353692416,
        "weight": 0.5203935036851114,
        "variations": {
          "sinusoidal": 0.6069885911678682
        }
      }
    ],
    "num_points": 2434191,
    "gamma": 2.4502294781595113,
    "brightness": 1.2,
    "hue_rotation": 104.60422352695697
  }
}