{
  "seed": "1222ceca-a8cf-4227-bb35-d7b1d3d511bd",
  "params": {
    "transforms": [
      {
        "a": 0.09115989021932958,
        "b": 0.4894403090963524,
        "c": 0.8641250788784947,
        "d": 0.35437144059669023,
        "e": 1.0081100754298475,
        "f": 0.784647522369875,
        "color": 0.8746723992236111,
        "weight": 0.4154110080511497,
        "variations": {
          "sinusoidal": 0.39631908467941046,
          "heart": 0.9084140417875063
        }
      },
      {
        "a": -0.6366823077278976,
        "b": -0.4411169440310623,
        "c": 0.7097433226092531,
        "d": 0.8729472248824945,
        "e": 0.018632640635573683,
        "f": 1.2194622472073338,
        "color": 0.7490288391971619,
        "weight": 0.1930466932158053,
        "variations": {
          "swirl": 0.6704729732831638,
          "linear": 0.8871364374487838
        }
      },
      {
        "a": 0.6104544603397892,
        "b": -0.48262222050515313,
        "c": 0.6381529035124107,
        "d": 0.5307974149941332,
        "e": 0.9193346439082903,
        "f": 0.5109684466733215,
        "color": 0.041546154509586763,
        "weight": 0.41076487580385057,
        "variations": {
          "spherical": 0.6215262220342677,
          "swirl": 0.43560067603968466,
          "linear": 0.3133946973856977
        }
      }
    ],
    "num_points": 1273950,
    "gamma": 2.467601572838017,
    "brightness": 1.2,
    "hue_rotation": 25.154384917026135
  }
}