{
  "seed": "105caa3a-f755-469c-9c6e-f5ab781af2d9",
  "params": {
    "transforms": [
      {
        "a": -0.9212646764237267,
        "b": -0.07570934039147903,
        "c": 0.27254591108977944,
        "d": -0.20783702112172042,
        "e": -0.8895492323329454,
        "f": -0.6731602261289931,
        "color": 0.7420136589289689,
        "weight": 0.5447732246959013,
        "variations": {
          "sinusoidal": 0.21490608432648473
        }
      },
      {
        "a": -0.1851414441884236,
        "b": -0.2050942622418499,
        "c": 0.3711735094635147,
        "d": -0.7713044903532325,
        "e": -0.38863052075618265,
        "f": -1.0794516728920471,
        "color": 0.12476889548784009,
        "weight": 0.9314984903615323,
        "variations": {
          "linear": 0.8354383595788148,
          "swirl": 0.2986339110454185
        }
      },
      {
        "a": -0.9224725750196814,
        "b": -0.18071927108140606,
        "c": 0.8623540134206846,
        "d": 0.7795895793886491,
        "e": -0.06528507783000004,
        "f": -0.39977528849161037,
        "color": 0.8473208944242947,
        "weight": 0.5900117781918668,
        "variations": {
          "polar": 0.468581755857132
        }
      },
      {
        "a": -0.8245339495740305,
        "b": -0.42485341326847825,
        "c": -0.9439703481503965,
        "d": -0.6246223762927599,
        "e": -0.21958308421513406,
        "f": 0.8971959867028647,
        "color": 0.171893162423861,
        "weight": 0.8698569713270993,
        "variations": {
          "swirl": 0.7647811320105123
        }
      }
    ],
    "num_points": 2765059,
    "gamma": 2.4725358145787393,
    "brightness": 1.2,
    "hue_rotation": 191.85568531132105
  }
}