{
  "seed": "259b4659-b098-4563-b2dc-148c9ec70247",
  "params": {
    "transforms": [
      {
        "a": 0.24874446152401064,
        "b": 0.7962263497624582,
        "c": 0.5676577944703256,
        "d": -0.13058210487305244,
        "e": 0.26772427763068696,
        "f": 0.7040694890530061,
        "color": 0.9526663380792921,
        "weight": 0.4831330832649742,
        "variations": {
          "sinusoidal": 0.7693792610566209,
          "swirl": 0.8649512225764963
        }
      },
      {
        "a": 0.03294042197467495,
        "b": 0.8926361646842498,
        "c": 0.6813220308398245,
        "d": 0.5336224220394143,
        "e": -1.035814461599302,
        "f": 0.5308222272169374,
        "color": 0.13297078685328312,
        "weight": 0.7446162759940266,
        "variations": {
          "spherical": 0.5765273925414248,
          "heart": 0.7793139205469077
        }
      },
      {
        "a": 0.7970545568845551,
        "b": -0.2741936007824368,
        "c": 0.2638686403669832,
        "d": 0.03383576362506813,
        "e": 1.0664898418259319,
        "f": -1.44049604779913,
        "color": 0.6795402402747661,
        "weight": 0.1371602681960741,
        "variations": {
          "spherical": 0.10788146232292206,
          "sinusoidal": 0.5803845341865492,
          "polar": 0.45112766368596846
        }
      },
      {
        "a": -0.0002630273583770215,
        "b": 0.44418175193807596,
        "c": -0.9695413695818993,
        "d": 0.6679414766620002,
        "e": 0.5483279047567389,
        "f": -0.15710561148315016,
        "color": 0.4249558866669124,
        "weight": 0.8231682789675188,
        "variations": {
          "sinusoidal": 0.5686406878742448,
          "spherical": 0.4676583043665533,
          "heart": 0.1548897446410924
        }
      }
    ],
    "num_points": 2223006,
    "gamma": 2.0532413686275155,
    "brightness": 1.2,
    "hue_rotation": 77.54788396871542
  }
}