{
  "seed": "1d24b681-ad9c-4065-90c6-0d2dca4612e7",
  "params": {
    "transforms": [
      {
        "a": 0.008331774317123397,
        "b": -0.7939972612400781,
        "c": -0.2814733499667983,
        "d": 0.1115273541734303,
        "e": 0.747471114450263,
        "f": -0.41495806616982245,
        "color": 0.530753562284532,
        "weight": 0.7183084607143033,
        "variations": {
          "heart": 0.3542321436801459
        }
      },
      {
        "a": 0.056285486861366474,
        "b": -0.620490450067599,
        "c": 0.2482393828733802,
        "d": 0.875005753558628,
        "e": -0.5904032371696739,
        "f": 1.1497958837276232,
        "color": 0.45513100419292063,
        "weight": 0.6375782659961209,
        "variations": {
          "swirl": 0.251119562366539
        }
      }
    ],
    "num_points": 1509556,
    "gamma": 1.9521063410448554,
    "brightness": 1.2,
    "hue_rotation": 101.05881813859486
  }
}