{
  "seed": "d0f7d0a8-adc0-4492-a766-c5b6cf9837a3",
  "params": {
    "transforms": [
      {
        "a": -0.47943430397414577,
        "b": -0.4712401548196754,
        "c": 0.7695613954691172,
        "d": -0.008530601358442524,
        "e": 1.495428647931723,
        "f": -1.0137675648975544,
        "color": 0.6424035356701406,
        "weight": 0.6571213836806167,
        "variations": {
          "polar": 0.5582777855426165,
          "spherical": 0.948616074885216,
          "heart": 0.21038315769325433
        }
      },
      {
        "a": 0.40960943567853514,
        "b": 0.01642949441467212,
        "c": 0.22872918739014692,
        "d": 0.8782931391324305,
        "e": -0.7432245593863257,
        "f": 1.0660317276349396,
        "color": 0.3602653682460353,
        "weight": 0.8678236306682103,
        "variations": {
          "linear": 0.3110407643756534
        }
      },
      {
        "a": 0.9492860295438412,
        "b": -0.2103543184976122,
        "c": -0.20506886498985488,
        "d": -0.9760811921925046,
        "e": -0.8549467052402494,
        "f": -0.9247015397356387,
        "color": 0.6360089080084623,
        "weight": 0.49084860966710364,
        "variations": {
          "linear": 0.2411538033753532
        }
      },
      {
        "a": 0.835562517865472,
        "b": -0.7554768190715702,
        "c": 0.24810319113662582,
        "d": -0.4184262495384832,
        "e": -0.12807339438595422,
        "f": 0.719149542452743,
        "color": 0.2048524028296026,
        "weight": 0.4816921250363192,
        "variations": {
          "heart": 0.5356918210610838,
          "sinusoidal": 0.6704103655656782
        }
      }
    ],
    "num_points": 1539143,
    "gamma": 2.034723407625529,
    "brightness": 1.2,
    "hue_rotation": 92.13201790917664
  }
}