{
  "seed": "9d2dac8b-f1af-4043-8bb5-3749e9cfc23a",
  "params": {
    "transforms": [
      {
        "a": -0.03461704990123038,
        "b": -0.23229070090913617,
        "c": 0.6455317624052115,
        "d": -0.7672300254659807,
        "e": 0.7858178306831256,
        "f": 1.1942134286344084,
        "color": 0.9159634860396721,
        "weight": 0.21989594275355462,
        "variations": {
          "sinusoidal": 0.7511276811813017
        }
      },
      {
        "a": -0.07909307228750184,
        "b": -0.5644041444221966,
        "c": -0.47011486850058315,
        "d": -0.13877377592218565,
        "e": 0.15131907655681598,
        "f": 0.7669803216472495,
        "color": 0.015988476296348586,
        "weight": 0.5451796364255843,
        "variations": {
          "polar": 0.9902622474525572,
          "linear": 0.6754375151308566,
          "sinusoidal": 0.5500304057114987
        }
      },
      {
        "a": -0.9440818590936413,
        "b": -0.45996963009646397,
        "c": 0.37016132470241714,
        "d": 0.9054836535156141,
        "e": -1.1725661821103106,
        "f": -0.4534859484631797,
        "color": 0.44156858634091056,
        "weight": 0.33570997606563885,
        "variations": {
          "swirl": 0.8017918490790483,
          "spherical": 0.15374077010955234
        }
      },
      {
        "a": 0.11752852066605302,
        "b": -0.32992068384815787,
        "c": -0.9389944675373494,
        "d": 0.4416777429438177,
        "e": 0.8978859235761845,
        "f": -0.22859318368187775,
        "color": 0.6239699739458516,
        "weight": 0.8642953288467199,
        "variations": {
          "linear": 0.12531354899309044
        }
      }
    ],
    "num_points": 2537295,
    "gamma": 2.429335661027695,
    "brightness": 1.2,
    "hue_rotation": 67.84463212921011
  }
}