{
  "seed": "b556fb80-9f83-4c25-a77d-509bbf3029a3",
  "params": {
    "transforms": [
      {
        "a": 0.4227215652596119,
        "b": 0.7472003767625188,
        "c": 0.09149147774693445,
        "d": -0.28125169322136645,
        "e": -1.4893684127163564,
        "f": 0.29761044302596895,
        "color": 0.09353926051087591,
        "weight": 0.6121780706016164,
        "variations": {
          "swirl": 0.6681982002666376,
          "sinusoidal": 0.11448455617046438,
          "heart": 0.07380822019635935
        }
      },
      {
        "a": -0.9967790104388301,
        "b": -0.72556850491724,
        "c": -0.4007896099594861,
        "d": -0.7694164185252357,
        "e": -0.21439137983346557,
        "f": -0.4842307674801747,
        "color": 0.6915522592057907,
        "weight": 0.6832181289501622,
        "variations": {
          "spherical": 0.26957479654023353
        }
      },
      {
        "a": -0.3552736292460428,
        "b": -0.8699242519114647,
        "c": -0.6047078688865317,
        "d": 0.6063277290146389,
        "e": 0.47213127622686324,
        "f": -0.7760047960933683,
        "color": 0.6370556076283993,
        "weight": 0.842809024552355,
        "variations": {
          "spherical": 0.7121855575090045,
          "polar": 0.9962327904398032
        }
      },
      {
        "a": -0.8959821961998549,
        "b": 0.7370847664222722,
        "c": -0.16645445662579528,
        "d": 0.3706991814516212,
        "e": 0.9681719292089488,
        "f": -0.8021150979654441,
        "color": 0.14505779448443334,
        "weight": 0.5069974307770666,
        "variations": {
          "polar": 0.9183212635265331,
          "spherical": 0.6352370235090746
        }
      }
    ],
    "num_points": 1069443,
    "gamma": 2.2150488659152563,
    "brightness": 1.2,
    "hue_rotation": 240.75505087600934
  }
}