{
  "seed": "271f3f53-c6c4-4de8-9cd0-a310483077c6",
  "params": {
    "transforms": [
      {
        "a": -0.0784168984526652,
        "b": -0.07024310018456181,
        "c": 0.9246283394625205,
        "d": 0.49225604694944125,
        "e": -0.37204034860647983,
        "f": 0.7284948254166137,
        "color": 0.4635977568627321,
        "weight": 0.8829026768725741,
        "variations": {
          "linear": 0.4092416264883122
        }
      },
      {
        "a": -0.7555184020147676,
        "b": -0.052173449431627494,
        "c": 0.3367466026427586,
        "d": -0.34850427900050884,
        "e": -0.10655889557443765,
        "f": -0.4035652329755708,
        "color": 0.8894100626094483,
        "weight": 0.9538157647094768,
        "variations": {
          "heart": 0.0022401505967332147,
          "linear": 0.1213939903310971
        }
      },
      {
        "a": 0.872388644638441,
        "b": 0.8671434702680849,
        "c": 0.7786199506899363,
        "d": 0.17479482496351184,
        "e": -0.6032587203510501,
        "f": 0.58953309123343,
        "color": 0.5124660299882848,
        "weight": 0.41624472552356995,
        "variations": {
          "sinusoidal": 0.3829804370694805,
          "heart": 0.7726684349570592,
          "polar": 0.3150032075497097
        }
      }
    ],
    "num_points": 1749441,
    "gamma": 1.8648954952234305,
    "brightness": 1.2,
    "hue_rotation": 144.1623174671068
  }
}