{
  "seed": "692783e5-6eda-47c5-aeaa-b626d0374140",
  "params": {
    "transforms": [
      {
        "a": 0.07809915281787871,
        "b": -0.442497976973401,
        "c": 0.52114424691368,
        "d": 0.9475445372418883,
        "e": 0.25682522898590276,
        "f": -0.17908893864016306,
        "color": 0.5926406554866238,
        "weight": 0.9098682694474715,
        "variations": {
          "polar": 0.016869191026247177,
          "sinusoidal": 0.7866939418468538
        }
      },
      {
        "a": 0.4193719004860288,
        "b": 0.5262918084178922,
        "c": 0.5403248398685758,
        "d": -0.8841450651031033,
        "e": -0.3459504170682455,
        "f": 0.0985654080441285,
        "color": 0.5598962335743717,
        "weight": 0.9069644550745473,
        "variations": {
          "spherical": 0.7176395957575472,
          "sinusoidal": 0.871684764871936,
          "swirl": 0.5205791914746727
        }
      }
    ],
    "num_points": 2062652,
    "gamma": 2.222850932637622,
    "brightness": 1.2,
    "hue_rotation": 259.3466651143355
  }
}