{
  "seed": "1c673881-a8ad-4ab2-8acc-4afb0af3bb76-598",
  "parameters": {
    "num_transforms": 3,
    "transforms": [
      {
        "a": -0.40560279493956974,
        "b": -0.8390790349714873,
        "c": -0.6327079421931104,
        "d": -1.3079043342364858,
        "e": 1.341044726520027,
        "f": 1.1569561836065092,
        "color": 0.4095609500983567,
        "variations": {
          "linear": 0.7315432245481573,
          "spiral": 0.2966820140213743
        },
        "weight": 1.5024392993003914
      },
      {
        "a": -0.4496281537733071,
        "b": 0.3956447774120353,
        "c": -0.8126677017464531,
        "d": -0.8413357198514323,
        "e": 1.4130505727879767,
        "f": -1.239849895463761,
        "color": 0.1522670658093601,
        "variations": {
          "horseshoe": 0.44164026633420617,
          "polar": 0.7600893633454041
        },
        "weight": 1.224309969913131
      },
      {
        "a": -1.4936375658937662,
        "b": 0.59568658585997,
        "c": 0.3367220996654807,
        "d": -0.7117891267021788,
        "e": 0.7335734171770127,
        "f": -1.2547750052608306,
        "color": 0.41113075394299503,
        "variations": {
          "spherical": 0.7618822825508258,
          "swirl": 0.4502116603993205
        },
        "weight": 1.544265012972308
      }
    ],
    "num_points": 3959440,
    "gamma": 1.637533384346365,
    "brightness": 1.8213631105290955,
    "contrast": 0.8087025579765915,
    "hue_rotation": 283.6512184515778
  }
}