{
  "seed": "0594d712-4a4f-439a-81f7-a8c6d3c52ac6",
  "params": {
    "transforms": [
      {
        "a": -0.6001631195641584,
        "b": 0.8074402581391109,
        "c": -0.6829321837211095,
        "d": -0.4642547685701244,
        "e": -0.8154492693059855,
        "f": 1.3217208416042583,
        "color": 0.678674918409113,
        "weight": 0.4956475814101585,
        "variations": {
          "polar": 0.0029951048497868227,
          "heart": 0.1337906662333308,
          "spherical": 0.969741131912531
        }
      },
      {
        "a": 0.8266013244515873,
        "b": -0.6161877021875102,
        "c": -0.9067123612968735,
        "d": -0.6553530029793078,
        "e": -0.4675868991794059,
        "f": -0.7574784983299304,
        "color": 0.024950369407714557,
        "weight": 0.48358047921796354,
        "variations": {
          "polar": 0.7740404094635107,
          "linear": 0.30820457054850603,
          "sinusoidal": 0.5635732857071386
        }
      },
      {
        "a": 0.6808986208043808,
        "b": 0.8601279465049629,
        "c": 0.8459701627243565,
        "d": -0.1321104846708896,
        "e": 0.22793225578401444,
        "f": -0.98555654521591,
        "color": 0.9874679965225711,
        "weight": 0.9738337422133337,
        "variations": {
          "heart": 0.4600235703359544,
          "sinusoidal": 0.13507055268373314,
          "polar": 0.4194642629748939
        }
      },
      {
        "a": 0.057170148719005054,
        "b": 0.49699287359615774,
        "c": -0.7829696270903312,
        "d": -0.21334965499857672,
        "e": -1.4433850954859224,
        "f": -0.9923136796134543,
        "color": 0.5373517653582397,
        "weight": 0.19711768873868285,
        "variations": {
          "swirl": 0.6475564912327416,
          "sinusoidal": 0.5937781431784627
        }
      }
    ],
    "num_points": 1327891,
    "gamma": 2.134074053662476,
    "brightness": 1.2,
    "hue_rotation": 51.169006506485836
  }
}