{
  "seed": "e1c5425c-f4c1-489b-a83b-f01aa9a0f341",
  "params": {
    "transforms": [
      {
        "a": -0.5441129863896832,
        "b": -0.4197663586379543,
        "c": 0.34675841958228015,
        "d": -0.20336172975548306,
        "e": 1.0310762023751896,
        "f": 0.7234452357511998,
        "color": 0.5967386639284608,
        "weight": 0.2691082990065676,
        "variations": {
          "spherical": 0.44479874315829393,
          "heart": 0.1252302189468809
        }
      },
      {
        "a": -0.8603190226532649,
        "b": -0.48244206704396175,
        "c": 0.525862681664788,
        "d": 0.2236157433969599,
        "e": 0.9095148925692671,
        "f": -1.26603353534651,
        "color": 0.11400143042936439,
        "weight": 0.861134400266058,
        "variations": {
          "swirl": 0.19382694688832425,
          "spherical": 0.6371686914246274
        }
      },
      {
        "a": 0.08719921746374748,
        "b": -0.0038998201610294103,
        "c": -0.4606027351772992,
        "d": 0.23141203711461755,
        "e": 0.6807836334913038,
        "f": 0.3951143664318919,
        "color": 0.37268603219373597,
        "weight": 0.5751095223837934,
        "variations": {
          "linear": 0.9747524708038378,
          "spherical": 0.6835722961735987,
          "sinusoidal": 0.16594124240527985
        }
      },
      {
        "a": 0.906839816077766,
        "b": 0.694973173832349,
        "c": 0.9137322499444154,
        "d": 0.3970968440438287,
        "e": -0.7602757245296333,
        "f": -0.6642429327344254,
        "color": 0.601184447231613,
        "weight": 0.645569235173631,
        "variations": {
          "spherical": 0.3493793958189212
        }
      }
    ],
    "num_points": 2230035,
    "gamma": 1.9262541504565531,
    "brightness": 1.2,
    "hue_rotation": 36.76973792639239
  }
}