{
  "seed": "4c37fce6-06d1-4701-af6b-6de0e6a2eada",
  "params": {
    "transforms": [
      {
        "a": -0.561167679763555,
        "b": -0.46155529538108664,
        "c": -0.6949068123693702,
        "d": -0.4426941048890576,
        "e": -0.7285165147887822,
        "f": 0.22532608726044812,
        "color": 0.8728555388771528,
        "weight": 0.14452583047997303,
        "variations": {
          "swirl": 0.09737091147131982,
          "sinusoidal": 0.7622845865102519
        }
      },
      {
        "a": 0.16286954678822863,
        "b": 0.9664888866196035,
        "c": 0.03319197077609437,
        "d": 0.7993939664857244,
        "e": 0.1098779257005249,
        "f": -0.1328094663351278,
        "color": 0.7474402225936737,
        "weight": 0.11931414747875005,
        "variations": {
          "heart": 0.3959593496682605
        }
      },
      {
        "a": 0.46036487695690487,
        "b": -0.8096562939262224,
        "c": -0.893437112706126,
        "d": 0.7854489193321263,
        "e": -0.03729409509990034,
        "f": -1.3007901342440227,
        "color": 0.5360830440390153,
        "weight": 0.8779573847409154,
        "variations": {
          "heart": 0.9789638630112186,
          "swirl": 0.606977804336162
        }
      },
      {
        "a": 0.7941172935956038,
        "b": 0.7406352803111871,
        "c": 0.6662060113909851,
        "d": 0.12695444053263993,
        "e": -0.20737064765578128,
        "f": 1.475703864691055,
        "color": 0.8396956455955491,
        "weight": 0.6792129078924339,
        "variations": {
          "sinusoidal": 0.3614451282733402,
          "swirl": 0.2242936585256392,
          "polar": 0.9601636281074422
        }
      }
    ],
    "num_points": 1383751,
    "gamma": 1.9390334380026981,
    "brightness": 1.2,
    "hue_rotation": 149.52067012634885
  }
}