{
  "seed": "c63e0d93-f199-4f10-a69b-62aa18a3143e",
  "params": {
    "transforms": [
      {
        "a": -0.9712660536086821,
        "b": -0.6084667471963634,
        "c": -0.7116396353945744,
        "d": 0.05729397007583503,
        "e": -1.4537383804278408,
        "f": -0.73829208048476,
        "color": 0.526190328278207,
        "weight": 0.9783850107148514,
        "variations": {
          "sinusoidal": 0.6488882095697163,
          "polar": 0.7670619224308879,
          "spherical": 0.3038828331621831
        }
      },
      {
        "a": 0.6280188293837676,
        "b": 0.7285306723561416,
        "c": -0.9681425730596886,
        "d": -0.175944835937339,
        "e": -1.2253179358343051,
        "f": 1.070863727663363,
        "color": 0.45191573233760507,
        "weight": 0.36036277803497796,
        "variations": {
          "linear": 0.23021903833315138,
          "heart": 0.7138887027082654
        }
      },
      {
        "a": -0.3825766436638727,
        "b": 0.4897228387034953,
        "c": 0.12869767306299074,
        "d": 0.5194761922615307,
        "e": -0.9852515231655644,
        "f": 0.4542472561925148,
        "color": 0.5850409657320046,
        "weight": 0.6432754245197062,
        "variations": {
          "swirl": 0.28143334167944967,
          "linear": 0.9008277613445149
        }
      },
      {
        "a": 0.2437812967602131,
        "b": 0.8070258573678524,
        "c": -0.09465366884365367,
        "d": -0.5272930115397778,
        "e": 0.27441715208595596,
        "f": -1.1580039842959988,
        "color": 0.9072937222327512,
        "weight": 0.7383849412521885,
        "variations": {
          "sinusoidal": 0.8148264434374288
        }
      }
    ],
    "num_points": 2873637,
    "gamma": 2.340150699962093,
    "brightness": 1.2,
    "hue_rotation": 66.20236528682392
  }
}