{
  "seed": "6518ef2e-08f5-4e27-ba8e-a4f0d0a190e0",
  "params": {
    "transforms": [
      {
        "a": -0.8100543428939226,
        "b": 0.27300132270292177,
        "c": 0.2856880392018786,
        "d": -0.6770901246300134,
        "e": 0.27948720397558047,
        "f": 0.9138155044850373,
        "color": 0.3968898432525334,
        "weight": 0.33167235042273535,
        "variations": {
          "sinusoidal": 0.7781697259010477,
          "heart": 0.9606145781798431
        }
      },
      {
        "a": 0.09574520960347588,
        "b": -0.949891071079821,
        "c": 0.6165625377462598,
        "d": -0.17127995338624857,
        "e": -0.7642445701500624,
        "f": 0.0207291418346105,
        "color": 0.8531512379196902,
        "weight": 0.42699991353632294,
        "variations": {
          "linear": 0.23947981925243933,
          "sinusoidal": 0.806296938464112,
          "swirl": 0.04104148617956871
        }
      },
      {
        "a": -0.8140880569779281,
        "b": -0.7003240240472919,
        "c": 0.5747161369805136,
        "d": -0.08563070159212827,
        "e": -0.17874600838640786,
        "f": -1.4997343547026958,
        "color": 0.44440186817110205,
        "weight": 0.859617239604608,
        "variations": {
          "linear": 0.04323628586971895,
          "sinusoidal": 0.6922661373377498,
          "heart": 0.3302541975125485
        }
      }
    ],
    "num_points": 2915285,
    "gamma": 1.9364473602281809,
    "brightness": 1.2,
    "hue_rotation": 346.5910734619837
  }
}