{
  "seed": "55cd9742-4199-4675-9cf9-023f6fc6f634",
  "params": {
    "transforms": [
      {
        "a": 0.026907900868197165,
        "b": -0.49256934848397727,
        "c": 0.5551011382703226,
        "d": 0.08231913241547684,
        "e": -1.208591663014427,
        "f": -0.40243581784604565,
        "color": 0.3109713996818534,
        "weight": 0.6594920087547165,
        "variations": {
          "sinusoidal": 0.9635843262452666,
          "linear": 0.5807085501042547,
          "heart": 0.3301686653792921
        }
      },
      {
        "a": -0.8010302466023054,
        "b": 0.4778654704257044,
        "c": -0.6796045919296669,
        "d": 0.17543476566187777,
        "e": -0.8661518340205523,
        "f": -1.1373985360200862,
        "color": 0.5901382138787369,
        "weight": 0.7785392276772547,
        "variations": {
          "linear": 0.8227627528947963,
          "polar": 0.06349372081903948,
          "spherical": 0.9373119989314848
        }
      },
      {
        "a": -0.9492921286396507,
        "b": -0.5685320621517171,
        "c": 0.1531084929770492,
        "d": -0.23381467934061861,
        "e": 0.46594472748015336,
        "f": -1.3449059911881203,
        "color": 0.49529920536673855,
        "weight": 0.18450665560423457,
        "variations": {
          "linear": 0.2192789046275645,
          "heart": 0.5409107586957628,
          "polar": 0.6536209951505075
        }
      }
    ],
    "num_points": 1826969,
    "gamma": 1.9586877661460251,
    "brightness": 1.2,
    "hue_rotation": 56.305683604012316
  }
}