{
  "seed": "c561fc86-a107-4734-9466-4a16fdbfde87",
  "params": {
    "transforms": [
      {
        "a": -0.8125387650829212,
        "b": -0.8802134879760544,
        "c": 0.7077982341361757,
        "d": 0.8471843703453361,
        "e": -0.46271826143834316,
        "f": 0.9916858984054806,
        "color": 0.516269424796392,
        "weight": 0.2714088571431876,
        "variations": {
          "polar": 0.10129273218003965
        }
      },
      {
        "a": -0.9542139406608026,
        "b": -0.2508096468041914,
        "c": 0.9636117180814565,
        "d": -0.42629142842021683,
        "e": -1.3907396920067856,
        "f": 0.3781052364279056,
        "color": 0.13279280276860783,
        "weight": 0.32545799851316526,
        "variations": {
          "swirl": 0.4713883023017029
        }
      },
      {
        "a": 0.024281718852226186,
        "b": 0.014668693551760148,
        "c": 0.8178656722956112,
        "d": 0.8791303052509678,
        "e": -0.07256429309317713,
        "f": 1.4584687153467675,
        "color": 0.6003517802906752,
        "weight": 0.9874920303183621,
        "variations": {
          "swirl": 0.6585007186121093,
          "sinusoidal": 0.4722591521848436
        }
      }
    ],
    "num_points": 1234331,
    "gamma": 2.0034036182136545,
    "brightness": 1.2,
    "hue_rotation": 42.515288266607016
  }
}