{
  "seed": "4f3bbfad-f041-462c-895d-c3d7ffb43cc9",
  "params": {
    "transforms": [
      {
        "a": -0.35485046007620435,
        "b": 0.44316032590686816,
        "c": -0.8913440582281713,
        "d": 0.6488716922280102,
        "e": -0.2680076265979747,
        "f": 0.8912679663509371,
        "color": 0.5453071692308166,
        "weight": 0.32992924419274744,
        "variations": {
          "linear": 0.5614331582334384,
          "polar": 0.6156287097049041
        }
      },
      {
        "a": 0.8607257279827254,
        "b": 0.3928023598319099,
        "c": -0.14814749797648918,
        "d": 0.7374532003372365,
        "e": -1.1442096489423996,
        "f": 1.418110196940888,
        "color": 0.36470130798349276,
        "weight": 0.6028707432828534,
        "variations": {
          "spherical": 0.17348470409292926,
          "sinusoidal": 0.6300073877611578
        }
      },
      {
        "a": 0.75353107464795,
        "b": 0.6740288582770457,
        "c": -0.04336066180391307,
        "d": -0.9800573032637023,
        "e": 0.050709499773150535,
        "f": 0.2360846220845021,
        "color": 0.06754739297095846,
        "weight": 0.1672524494689122,
        "variations": {
          "swirl": 0.676973128878182,
          "heart": 0.6793522122197972
        }
      }
    ],
    "num_points": 2132278,
    "gamma": 2.3805701806194537,
    "brightness": 1.2,
    "hue_rotation": 295.1039695910619
  }
}