{
  "seed": "eeccedf3-9b28-4da0-894a-a4944475ead1",
  "params": {
    "transforms": [
      {
        "a": -0.793250772155351,
        "b": -0.9620123738798765,
        "c": -0.8789676075010437,
        "d": -0.45786762341832876,
        "e": -0.09244032617705877,
        "f": 1.3533871341451946,
        "color": 0.1341138662530318,
        "weight": 0.9458251295179465,
        "variations": {
          "swirl": 0.9786182339826456,
          "spherical": 0.5613921577268374,
          "sinusoidal": 0.5334168348004124
        }
      },
      {
        "a": 0.4799161197322206,
        "b": 0.2690445297455555,
        "c": 0.6607742446039298,
        "d": -0.04247149439863307,
        "e": -0.6104360591798987,
        "f": -1.0736660411021686,
        "color": 0.3722760612999202,
        "weight": 0.4949215443192272,
        "variations": {
          "swirl": 0.428943117994509,
          "polar": 0.04908569963538212,
          "heart": 0.39469326085364975
        }
      },
      {
        "a": -0.9865906245652052,
        "b": 0.5058693107272891,
        "c": 0.8740783466440465,
        "d": -0.9523206088153375,
        "e": -0.590280185128065,
        "f": -0.3120765512339627,
        "color": 0.1392832041302665,
        "weight": 0.8420551581880089,
        "variations": {
          "linear": 0.9492736519754179,
          "spherical": 0.7150727848255279,
          "sinusoidal": 0.415419563611381
        }
      },
      {
        "a": -0.925002811421741,
        "b": -0.3416981546538185,
        "c": -0.9484232906967078,
        "d": 0.48793573246296207,
        "e": -0.2941718360498602,
        "f": -1.1461819401609041,
        "color": 0.6870997216009134,
        "weight": 0.9857028888612505,
        "variations": {
          "heart": 0.4385395546748265,
          "polar": 0.022796975813351827
        }
      }
    ],
    "num_points": 1195740,
    "gamma": 1.9182597632020353,
    "brightness": 1.2,
    "hue_rotation": 298.140866501271
  }
}