{
  "seed": "8c685c9c-4396-4974-8e2c-02bca1dfb290",
  "params": {
    "transforms": [
      {
        "a": -0.05448475836177469,
        "b": -0.8177857260702306,
        "c": 0.8600194712389293,
        "d": 0.9258927870419975,
        "e": 1.0645686007717234,
        "f": 1.398773260938432,
        "color": 0.23226916318458302,
        "weight": 0.3297694770019414,
        "variations": {
          "sinusoidal": 0.4709333616977397,
          "linear": 0.13853099603633645,
          "spherical": 0.1049000487059073
        }
      },
      {
        "a": 0.808435387080914,
        "b": -0.43504414034292016,
        "c": 0.519994586481797,
        "d": 0.17449123607915218,
        "e": 1.4818372419337145,
        "f": -1.2394316410996291,
        "color": 0.02270345426100051,
        "weight": 0.327062927168166,
        "variations": {
          "heart": 0.23921412174373236,
          "sinusoidal": 0.713964549015957
        }
      }
    ],
    "num_points": 1015229,
    "gamma": 2.316907424007907,
    "brightness": 1.2,
    "hue_rotation": 287.95858900304273
  }
}