{
  "seed": "70bf4975-be7b-432c-91b2-40589f87792e",
  "params": {
    "transforms": [
      {
        "a": 0.6547333725397122,
        "b": 0.30371792227285277,
        "c": -0.7032722080749847,
        "d": -0.393598790183632,
        "e": 1.2885536081117266,
        "f": 1.3030831668577738,
        "color": 0.18279470042037416,
        "weight": 0.5718317306141124,
        "variations": {
          "spherical": 0.2970569696578842
        }
      },
      {
        "a": 0.23953782748654628,
        "b": 0.8269766904364106,
        "c": -0.01253648444232569,
        "d": -0.41401195755900644,
        "e": 0.2907733774705372,
        "f": -0.11826039518376907,
        "color": 0.24951404863788818,
        "weight": 0.14620619108779975,
        "variations": {
          "sinusoidal": 0.2509570328221047
        }
      },
      {
        "a": -0.8100033282068635,
        "b": -0.8926368598829371,
        "c": -0.5470818214313196,
        "d": 0.5615148873628522,
        "e": 0.21451959064340453,
        "f": -0.4012080766720372,
        "color": 0.2765963218681181,
        "weight": 0.8349381887171834,
        "variations": {
          "sinusoidal": 0.4061697968797541,
          "polar": 0.46315343829017896,
          "swirl": 0.7658789335664813
        }
      }
    ],
    "num_points": 1846246,
    "gamma": 2.0522389786098056,
    "brightness": 1.2,
    "hue_rotation": 313.7933342206787
  }
}