{
  "seed": "5d351a64-e55e-4ab3-b8a1-1f78099f85c1",
  "params": {
    "transforms": [
      {
        "a": 0.3239888899561183,
        "b": -0.41290203339256615,
        "c": 0.5756117186429146,
        "d": 0.12066316579286251,
        "e": 0.9808938179706956,
        "f": 0.22880497990521032,
        "color": 0.6472777920630278,
        "weight": 0.10503839643169581,
        "variations": {
          "polar": 0.3680490659662736,
          "linear": 0.36914123805196564,
          "sinusoidal": 0.8941583224019346
        }
      },
      {
        "a": -0.20290704709763485,
        "b": 0.9366971943807725,
        "c": -0.09093331161804485,
        "d": 0.3359986133102255,
        "e": -1.450945287846468,
        "f": 0.29755075445471224,
        "color": 0.5172219987508635,
        "weight": 0.7620329532171275,
        "variations": {
          "heart": 0.23052807193115177,
          "polar": 0.023562765571606303
        }
      }
    ],
    "num_points": 2206405,
    "gamma": 1.8962964748799975,
    "brightness": 1.2,
    "hue_rotation": 269.93205619637973
  }
}