{
  "seed": "48cff5ce-7fba-4b73-9181-3530d5294eaa",
  "params": {
    "transforms": [
      {
        "a": 0.46965066200249894,
        "b": -0.6644558743312798,
        "c": 0.11562936273218405,
        "d": -0.5074511590162782,
        "e": 1.4060655780026137,
        "f": 0.14365135309962573,
        "color": 0.6215576631313201,
        "weight": 0.8226187313013686,
        "variations": {
          "spherical": 0.10335125687448143
        }
      },
      {
        "a": -0.7539209133043308,
        "b": -0.8984546534936872,
        "c": -0.878832116908917,
        "d": 0.5958276120303383,
        "e": 1.0804832905519595,
        "f": 0.09851320957962928,
        "color": 0.7138774497491784,
        "weight": 0.938687070575661,
        "variations": {
          "spherical": 0.8356299118863527,
          "swirl": 0.8611894570595162,
          "heart": 0.5796873452640395
        }
      },
      {
        "a": -0.9140901532245769,
        "b": -0.26849712548816984,
        "c": -0.4229571557440248,
        "d": -0.5346659555128495,
        "e": -1.2789279759351722,
        "f": -0.10513436646102603,
        "color": 0.7152144731275814,
        "weight": 0.6043074051505828,
        "variations": {
          "swirl": 0.2769139661499891
        }
      },
      {
        "a": -0.10240038910699356,
        "b": 0.8579207986868664,
        "c": 0.9376779900980399,
        "d": 0.5479805182668798,
        "e": 1.2007385362655034,
        "f": 0.1499600163950623,
        "color": 0.8658075321915478,
        "weight": 0.543817697623716,
        "variations": {
          "heart": 0.6074529722948941
        }
      }
    ],
    "num_points": 2462335,
    "gamma": 2.181892966385078,
    "brightness": 1.2,
    "hue_rotation": 111.76178254431298
  }
}