{
  "seed": "013373d2-ffb8-4662-b6ba-bb6dfcfd0e10",
  "params": {
    "transforms": [
      {
        "a": -0.4597738844808015,
        "b": 0.1663491815023015,
        "c": 0.002747451504168552,
        "d": 0.7599565449991359,
        "e": -0.5941141492192191,
        "f": 0.15717744516061938,
        "color": 0.7444877850594122,
        "weight": 0.15387905665795099,
        "variations": {
          "swirl": 0.6440331525619593,
          "linear": 0.7396725880531974,
          "heart": 0.5367821750606874
        }
      },
      {
        "a": -0.03062599200368088,
        "b": -0.9233268531326828,
        "c": 0.09501994361862032,
        "d": 0.08392644901735924,
        "e": 0.20406832351542636,
        "f": 0.3241800043171219,
        "color": 0.28002284545208367,
        "weight": 0.5974856325227218,
        "variations": {
          "polar": 0.16709362375018721
        }
      }
    ],
    "num_points": 1121596,
    "gamma": 2.33172962638352,
    "brightness": 1.2,
    "hue_rotation": 216.66011310688594
  }
}