{
  "seed": "9e42eb76-3cfd-43d5-80eb-9036506400e8",
  "params": {
    "transforms": [
      {
        "a": -0.8810218295662293,
        "b": 0.20831838356925458,
        "c": 0.3673738467938761,
        "d": -0.6072208541057411,
        "e": -0.9523743249334146,
        "f": -1.0954929566881826,
        "color": 0.8768317746905165,
        "weight": 0.8444170689216967,
        "variations": {
          "sinusoidal": 0.9471806381031489
        }
      },
      {
        "a": -0.9075571711237846,
        "b": -0.7078141568440326,
        "c": 0.4271788102729406,
        "d": -0.46075900888321986,
        "e": -0.6202413341731282,
        "f": -0.8443372601364801,
        "color": 0.1481661499613267,
        "weight": 0.347953159004941,
        "variations": {
          "linear": 0.8111439852298149,
          "sinusoidal": 0.6276813768334588
        }
      },
      {
        "a": 0.1793648682601583,
        "b": 0.5241681905542306,
        "c": 0.38570735624115016,
        "d": -0.7793324540340283,
        "e": 0.09340263994005427,
        "f": -0.4987395052747492,
        "color": 0.605151799498212,
        "weight": 0.7329920102820638,
        "variations": {
          "linear": 0.968979780934656,
          "polar": 0.4406068570521511
        }
      }
    ],
    "num_points": 1117371,
    "gamma": 2.1327842055079818,
    "brightness": 1.2,
    "hue_rotation": 326.0564491987877
  }
}