{
  "seed": "a3c9be8a-5ec9-46d2-9e30-60651fd70354",
  "params": {
    "transforms": [
      {
        "a": -0.567741755100867,
        "b": 0.5110190470255758,
        "c": -0.12618563483955758,
        "d": -0.40510696183465544,
        "e": 0.5374740531355449,
        "f": -0.6352620918098307,
        "color": 0.6379146318041512,
        "weight": 0.13855925101090588,
        "variations": {
          "sinusoidal": 0.6117681473038951
        }
      },
      {
        "a": 0.2729194454125494,
        "b": 0.649486043271035,
        "c": -0.0904022188720317,
        "d": 0.11064850982364227,
        "e": -0.15472494752309007,
        "f": 1.2771574102524195,
        "color": 0.5556009188045508,
        "weight": 0.1433240945930032,
        "variations": {
          "linear": 0.11736263313930528,
          "swirl": 0.70466471168181
        }
      }
    ],
    "num_points": 1876851,
    "gamma": 2.465028417719424,
    "brightness": 1.2,
    "hue_rotation": 243.63259443348508
  }
}