{
  "seed": "59b15733-53dd-448e-ad80-d5aab31df730",
  "params": {
    "transforms": [
      {
        "a": 0.7426770777270448,
        "b": 0.24214224984674937,
        "c": 0.2994782643510243,
        "d": 0.8739621152556147,
        "e": -1.2939963890466468,
        "f": 1.196984525483856,
        "color": 0.5686081503703704,
        "weight": 0.5665379551063838,
        "variations": {
          "polar": 0.0466745844562696
        }
      },
      {
        "a": -0.616428629174882,
        "b": 0.0888726545931251,
        "c": -0.44369962037666655,
        "d": 0.8766921747740712,
        "e": 0.1526512283029242,
        "f": 0.7409807161474,
        "color": 0.8689391048569683,
        "weight": 0.8385407676749191,
        "variations": {
          "swirl": 0.6868611943472638,
          "spherical": 0.7050509065259177
        }
      },
      {
        "a": 0.035320552650938586,
        "b": -0.9148030541464542,
        "c": 0.9808490429549723,
        "d": -0.3604632019953884,
        "e": -1.2007830775379142,
        "f": 0.3864929965323929,
        "color": 0.7376237962864874,
        "weight": 0.9126110823797986,
        "variations": {
          "swirl": 0.5986012366078842,
          "polar": 0.29625814619803237,
          "heart": 0.19081062356058176
        }
      },
      {
        "a": 0.3310446538110512,
        "b": -0.19692819791340788,
        "c": 0.2298349533130113,
        "d": -0.5849270434007692,
        "e": 0.6697612783887905,
        "f": -0.7630100526248867,
        "color": 0.17248418974578672,
        "weight": 0.21970214917040845,
        "variations": {
          "polar": 0.6002767533771416,
          "linear": 0.6318916543357038,
          "sinusoidal": 0.37882046989612506
        }
      }
    ],
    "num_points": 1087904,
    "gamma": 2.2895237729988462,
    "brightness": 1.2,
    "hue_rotation": 92.16743361734504
  }
}