{
  "seed": "7e31ff40-37c0-440f-b0f4-03208023b4e7",
  "params": {
    "transforms": [
      {
        "a": 0.8064498770814506,
        "b": -0.9640002853478951,
        "c": -0.14655075004742835,
        "d": 0.10716964291829556,
        "e": -0.8043985884017657,
        "f": 0.8101949375362629,
        "color": 0.20778414080345453,
        "weight": 0.3685051926514188,
        "variations": {
          "heart": 0.030271364741425444
        }
      },
      {
        "a": -0.08871418085707283,
        "b": 0.7600851037599561,
        "c": -0.7938333804622693,
        "d": 0.02249858239605973,
        "e": 0.3864507193708726,
        "f": 0.6355125495011671,
        "color": 0.4034731989699113,
        "weight": 0.8753559785606516,
        "variations": {
          "sinusoidal": 0.01321879717126595,
          "linear": 0.017037374199516897,
          "spherical": 0.14840802255253882
        }
      },
      {
        "a": 0.9360283638205291,
        "b": 0.896200242484327,
        "c": -0.6803283592880043,
        "d": -0.1029342066385448,
        "e": -0.7987322667541549,
        "f": -0.738971179600812,
        "color": 0.5633176438300331,
        "weight": 0.2012487348058155,
        "variations": {
          "spherical": 0.991981615545251
        }
      }
    ],
    "num_points": 2762088,
    "gamma": 2.1902377246380356,
    "brightness": 1.2,
    "hue_rotation": 157.99738564378492
  }
}