{
  "seed": "e95085e7-215a-4365-80bb-0d175bf4ad36",
  "params": {
    "transforms": [
      {
        "a": 0.7616867921058905,
        "b": -0.11758663150503934,
        "c": -0.9212194115843064,
        "d": 0.022378273455444075,
        "e": -1.1836852326052596,
        "f": -0.5369520306636967,
        "color": 0.8277587798325805,
        "weight": 0.6047135330905984,
        "variations": {
          "sinusoidal": 0.7577107189132595
        }
      },
      {
        "a": 0.5578764567261647,
        "b": -0.27519607398178025,
        "c": 0.4526723585417538,
        "d": -0.33119793666352515,
        "e": -1.2524724842022383,
        "f": -0.8830113469454582,
        "color": 0.2038557382183217,
        "weight": 0.5098319315145667,
        "variations": {
          "linear": 0.8739484548191316
        }
      },
      {
        "a": -0.6421796157419104,
        "b": 0.25116210405828343,
        "c": -0.1907993551066829,
        "d": 0.05264931254195715,
        "e": 1.4369899794272447,
        "f": -0.12625071043520975,
        "color": 0.906800678251027,
        "weight": 0.9305595519939119,
        "variations": {
          "swirl": 0.6761421490603899,
          "spherical": 0.530480472541366
        }
      }
    ],
    "num_points": 1068562,
    "gamma": 2.298931436111218,
    "brightness": 1.2,
    "hue_rotation": 278.324802934961
  }
}