{
  "seed": "b0a4ef01-c02b-4592-9c09-f727779ce8f8",
  "params": {
    "transforms": [
      {
        "a": 0.9633036413146716,
        "b": -0.5959740506582147,
        "c": 0.9534714024642112,
        "d": 0.41026952302334996,
        "e": -1.247314232165989,
        "f": 1.2288953472691944,
        "color": 0.780925295120487,
        "weight": 0.7849433961690184,
        "variations": {
          "heart": 0.022119298999210724,
          "swirl": 0.3269253416509773,
          "linear": 0.4948995211285957
        }
      },
      {
        "a": 0.8259246365088773,
        "b": -0.41561030248698483,
        "c": 0.032431605665808494,
        "d": 0.01882122107700157,
        "e": -0.6429263166846073,
        "f": -1.086245890777611,
        "color": 0.5641522887205235,
        "weight": 0.42201985551720067,
        "variations": {
          "polar": 0.14992667941126425,
          "linear": 0.08804424627494412,
          "swirl": 0.395985869817162
        }
      },
      {
        "a": 0.10388939120127438,
        "b": 0.6799014340724254,
        "c": -0.10155854637172101,
        "d": -0.8607078154826944,
        "e": 1.1671081565487933,
        "f": -0.9772376614963065,
        "color": 0.7318033948323766,
        "weight": 0.3375003820269734,
        "variations": {
          "heart": 0.11417403540965643,
          "spherical": 0.34068454705772533
        }
      }
    ],
    "num_points": 1992136,
    "gamma": 2.021985051334397,
    "brightness": 1.2,
    "hue_rotation": 331.6684748652457
  }
}