{
  "seed": "44160505-89e3-4cc2-8b9e-f696c69b450e",
  "params": {
    "transforms": [
      {
        "a": 0.4075850742952243,
        "b": -0.45134818029534673,
        "c": 0.3257851749680436,
        "d": -0.2492037486432459,
        "e": 0.5495803811707005,
        "f": 0.9919123993766834,
        "color": 0.3391081003558517,
        "weight": 0.5009048516969339,
        "variations": {
          "linear": 0.6753826639094364,
          "swirl": 0.9140110805531163,
          "spherical": 0.8342371589408303
        }
      },
      {
        "a": -0.37734588145040493,
        "b": -0.19908287162655114,
        "c": 0.1988945531562032,
        "d": 0.655465012220303,
        "e": 0.9553524937544564,
        "f": -0.8468565713739,
        "color": 0.3378299631596585,
        "weight": 0.1303824640401617,
        "variations": {
          "swirl": 0.18353050771587953,
          "linear": 0.6871601696300786
        }
      },
      {
        "a": -0.4308932626860482,
        "b": 0.4028108170345952,
        "c": -0.7241975863042616,
        "d": 0.3936311277092761,
        "e": -1.338778094802728,
        "f": -0.03249085156789411,
        "color": 0.6770472561326697,
        "weight": 0.14131579403959496,
        "variations": {
          "polar": 0.5639626337837228,
          "heart": 0.4451525596855197,
          "spherical": 0.5180445438706717
        }
      },
      {
        "a": 0.8837405224554551,
        "b": -0.9383491241619821,
        "c": 0.6917715277705945,
        "d": 0.059408423728623205,
        "e": -0.3321023261579352,
        "f": 0.4586473244387568,
        "color": 0.7530813652380791,
        "weight": 0.4596373877855532,
        "variations": {
          "spherical": 0.36033929645974927,
          "heart": 0.6867219831592505
        }
      }
    ],
    "num_points": 1726464,
    "gamma": 2.4861949365444196,
    "brightness": 1.2,
    "hue_rotation": 42.19747755749685
  }
}