{
  "seed": "73ff938b-eeac-47f9-b725-35c323192e5d",
  "params": {
    "transforms": [
      {
        "a": -0.18562097750387396,
        "b": 0.12356261467704255,
        "c": 0.9865704840600438,
        "d": 0.4445484219970546,
        "e": -0.7052335057052436,
        "f": 1.2451554212106015,
        "color": 0.47065265574565296,
        "weight": 0.1811027996343158,
        "variations": {
          "spherical": 0.05512836780056096,
          "sinusoidal": 0.6744258633708958,
          "heart": 0.05740427150455252
        }
      },
      {
        "a": -0.0694965396204581,
        "b": 0.21502988538922518,
        "c": 0.3591650756600795,
        "d": 0.09223450740662043,
        "e": -0.49799664634458907,
        "f": 0.43129114340093855,
        "color": 0.7401034805376918,
        "weight": 0.1271117638246335,
        "variations": {
          "swirl": 0.5268006599161683,
          "polar": 0.35326402755705355,
          "heart": 0.02438773577463693
        }
      },
      {
        "a": 0.3804211701094289,
        "b": -0.7946391637571233,
        "c": 0.510094836098103,
        "d": 0.6063111907215677,
        "e": 0.3429824353237301,
        "f": 0.6661544006331126,
        "color": 0.23556455302185342,
        "weight": 0.8805163015289481,
        "variations": {
          "spherical": 0.4264526202502614,
          "heart": 0.8060560452194492,
          "swirl": 0.3080993324026543
        }
      }
    ],
    "num_points": 2561437,
    "gamma": 1.9646961671941854,
    "brightness": 1.2,
    "hue_rotation": 339.852075523933
  }
}