{
  "seed": "e0ed3b5c-691f-4984-af45-aa5877e66ab6",
  "params": {
    "transforms": [
      {
        "a": 0.6284420456457385,
        "b": -0.7436412115952289,
        "c": -0.7019598940957068,
        "d": 0.7286687821134346,
        "e": -0.6147966137824918,
        "f": -0.7300398447111643,
        "color": 0.48952269570813767,
        "weight": 0.9645665428004522,
        "variations": {
          "polar": 0.6830174618761053
        }
      },
      {
        "a": 0.46771077117733895,
        "b": 0.022947059560386673,
        "c": 0.1319883761253704,
        "d": -0.887633773141713,
        "e": 0.5738527125000306,
        "f": 0.6160719712886515,
        "color": 0.3977846215772355,
        "weight": 0.36579990035411447,
        "variations": {
          "sinusoidal": 0.5628236742243581,
          "linear": 0.1002801437264147
        }
      },
      {
        "a": -0.4965883391625272,
        "b": -0.1903591458487992,
        "c": -0.47167216892313135,
        "d": 0.40780220809604395,
        "e": 0.20322191911754306,
        "f": 0.5797605195028255,
        "color": 0.1498491440550852,
        "weight": 0.3830225596726843,
        "variations": {
          "linear": 0.3142660312184713,
          "sinusoidal": 0.8152099999066312,
          "heart": 0.82822535792655
        }
      }
    ],
    "num_points": 1982692,
    "gamma": 2.06448833504932,
    "brightness": 1.2,
    "hue_rotation": 201.5742283521401
  }
}