{
  "seed": "decaf94a-9ec0-452d-a26e-7dc40f7d7396",
  "params": {
    "transforms": [
      {
        "a": -0.651386602328409,
        "b": 0.5679003298413627,
        "c": 0.5249731281102357,
        "d": -0.8885849306560132,
        "e": -0.8051526122132346,
        "f": -0.25501502777162743,
        "color": 0.4998450100305665,
        "weight": 0.6101310786583268,
        "variations": {
          "linear": 0.19489095494472752
        }
      },
      {
        "a": -0.0647375443997551,
        "b": -0.5749763898297484,
        "c": 0.8796727955835337,
        "d": -0.13805459600132552,
        "e": 0.5438800650104847,
        "f": 1.4819079467401943,
        "color": 0.43787761671336034,
        "weight": 0.7752519068922847,
        "variations": {
          "linear": 0.5552753996273951,
          "spherical": 0.8259131866527786,
          "sinusoidal": 0.48057880807759135
        }
      },
      {
        "a": 0.14531373360931665,
        "b": -0.5152239283595845,
        "c": -0.9444344962287667,
        "d": -0.1066536876224693,
        "e": 0.9446749621398212,
        "f": -0.9271952852024081,
        "color": 0.17096795862999936,
        "weight": 0.15365522868870576,
        "variations": {
          "swirl": 0.06649649934868795,
          "spherical": 0.6617346669422726
        }
      }
    ],
    "num_points": 1249662,
    "gamma": 2.1052994532949976,
    "brightness": 1.2,
    "hue_rotation": 115.46577006846931
  }
}