{
  "seed": "defecce5-5955-4621-ab2e-37e1674979bb",
  "params": {
    "transforms": [
      {
        "a": 0.31611800197141915,
        "b": -0.8536478669757752,
        "c": 0.8796610209800928,
        "d": -0.25119084347306786,
        "e": -1.219820782576021,
        "f": 0.028102972624264977,
        "color": 0.2430702729176213,
        "weight": 0.8146513544676581,
        "variations": {
          "swirl": 0.22685127861015786,
          "heart": 0.755708612865134,
          "polar": 0.6083217931647217
        }
      },
      {
        "a": -0.24873268018474692,
        "b": -0.8607215639242582,
        "c": -0.7400717914190007,
        "d": 0.9441332011286716,
        "e": 0.30605320352657417,
        "f": 0.5090882376765684,
        "color": 0.3826180045620424,
        "weight": 0.19458676031868105,
        "variations": {
          "swirl": 0.8203926668172812,
          "heart": 0.10015199803568564,
          "linear": 0.7577305870972213
        }
      },
      {
        "a": 0.2769751575208257,
        "b": -0.8624576633274397,
        "c": 0.3864029578690218,
        "d": 0.9540006437887203,
        "e": 0.2618026651134404,
        "f": 0.8127422976247507,
        "color": 0.5168483561546429,
        "weight": 0.6555064917805782,
        "variations": {
          "heart": 0.7379769854572705,
          "spherical": 0.05516404102278594,
          "swirl": 0.631928352969871
        }
      }
    ],
    "num_points": 2944323,
    "gamma": 1.8643861802246238,
    "brightness": 1.2,
    "hue_rotation": 11.114925460117968
  }
}