{
  "seed": "7585852b-5c29-4c18-b43b-2cd31d801330",
  "params": {
    "transforms": [
      {
        "a": 0.4919515461601398,
        "b": -0.28619076428435375,
        "c": 0.5713338205897367,
        "d": -0.6992877243350153,
        "e": -0.16171592397905155,
        "f": 0.9624269591094867,
        "color": 0.5973069059435571,
        "weight": 0.6085137682404538,
        "variations": {
          "spherical": 0.44052439201696936
        }
      },
      {
        "a": -0.33476141846574214,
        "b": -0.8965350078454883,
        "c": 0.15978407632884184,
        "d": -0.09251500849223615,
        "e": -0.5556493562924362,
        "f": -0.5926054251243278,
        "color": 0.5025550987986598,
        "weight": 0.19977326202289603,
        "variations": {
          "heart": 0.24831233582704593
        }
      }
    ],
    "num_points": 1744340,
    "gamma": 2.2534972261044874,
    "brightness": 1.2,
    "hue_rotation": 130.5458784970211
  }
}