{
  "seed": "9f5ad615-00ef-40cd-a1b6-1aeb56772b9f",
  "params": {
    "transforms": [
      {
        "a": 0.008782402280054669,
        "b": -0.917590503619327,
        "c": 0.3374224454186272,
        "d": -0.5917993169293898,
        "e": 0.9057641603203042,
        "f": 1.495047785822535,
        "color": 0.5632709138721781,
        "weight": 0.25894091365824795,
        "variations": {
          "linear": 0.6642900665950889
        }
      },
      {
        "a": -0.7408539254289885,
        "b": -0.37357351976466346,
        "c": -0.32563416439983683,
        "d": 0.2624682118033179,
        "e": 1.1249978488906343,
        "f": -1.3720098582337867,
        "color": 0.9099756523140358,
        "weight": 0.8249241296575719,
        "variations": {
          "polar": 0.10315241693885369,
          "spherical": 0.46639848427311636
        }
      },
      {
        "a": 0.87636023047056,
        "b": -0.2887738859338329,
        "c": -0.32851744012615725,
        "d": 0.7882550021638741,
        "e": 0.6033917827599167,
        "f": 0.48405248272887813,
        "color": 0.8454587835402342,
        "weight": 0.11866381084517946,
        "variations": {
          "heart": 0.6868329407511772
        }
      },
      {
        "a": -0.8417379449254292,
        "b": 0.20737951258571896,
        "c": -0.07002717185155194,
        "d": -0.5468593576408878,
        "e": 1.3141578561033644,
        "f": -0.7375261929880499,
        "color": 0.4479757465320928,
        "weight": 0.48103461275341264,
        "variations": {
          "swirl": 0.8063185460520857,
          "linear": 0.7272502954761654,
          "spherical": 0.501418469123354
        }
      }
    ],
    "num_points": 2315619,
    "gamma": 2.0976907104762312,
    "brightness": 1.2,
    "hue_rotation": 77.93929510207502
  }
}