{
  "seed": "d021575a-c708-48e3-a993-63c6b4b746ea",
  "params": {
    "transforms": [
      {
        "a": 0.09301255873943304,
        "b": 0.8067900356960536,
        "c": -0.7288736263140365,
        "d": 0.88860104030837,
        "e": 0.9092990535595442,
        "f": -0.317752342526771,
        "color": 0.7963044649644745,
        "weight": 0.34412523552748875,
        "variations": {
          "linear": 0.5500982109659772,
          "spherical": 0.095082023404648,
          "sinusoidal": 0.775813527141081
        }
      },
      {
        "a": 0.1345164554070435,
        "b": 0.5445390012986924,
        "c": 0.9286854239969669,
        "d": -0.7147227217133163,
        "e": -0.8041595062003353,
        "f": -0.9425046908983715,
        "color": 0.565034691846586,
        "weight": 0.10490210028767441,
        "variations": {
          "linear": 0.40273035478828145,
          "swirl": 0.8884717268155733,
          "sinusoidal": 0.4827217086289405
        }
      },
      {
        "a": 0.2294139760895333,
        "b": -0.24925518253850676,
        "c": -0.21558333320436063,
        "d": -0.4138526882484479,
        "e": -1.1783418090705378,
        "f": 1.1949879196415618,
        "color": 0.36345273534844347,
        "weight": 0.7212943378437063,
        "variations": {
          "linear": 0.5357139621512305
        }
      },
      {
        "a": 0.6814141814884254,
        "b": 0.7535590704503352,
        "c": -0.8935621336361113,
        "d": 0.007896329955648262,
        "e": 0.5582651393654938,
        "f": 0.7680332311100706,
        "color": 0.2966934069766207,
        "weight": 0.5840277418225887,
        "variations": {
          "linear": 0.5037565241562713,
          "swirl": 0.09035176985922444,
          "heart": 0.9061281848743515
        }
      }
    ],
    "num_points": 1319823,
    "gamma": 2.07797226306448,
    "brightness": 1.2,
    "hue_rotation": 329.4774547945565
  }
}