{
  "seed": "2346afc9-15f5-481f-b85d-74a5090da566",
  "params": {
    "transforms": [
      {
        "a": 0.8453894160855133,
        "b": 0.09946533145429859,
        "c": 0.6213262565563997,
        "d": 0.5489666189390625,
        "e": -1.4277517476286037,
        "f": 0.07177691029491018,
        "color": 0.6359679041487704,
        "weight": 0.9472321508882429,
        "variations": {
          "sinusoidal": 0.7727161600622369,
          "linear": 0.9067571751660171,
          "polar": 0.07698525017983981
        }
      },
      {
        "a": -0.17796372759970525,
        "b": -0.8627775651892635,
        "c": 0.12166762807715092,
        "d": 0.8835783102174646,
        "e": 1.0679416341931423,
        "f": -0.8232391852283997,
        "color": 0.48799426290428516,
        "weight": 0.7620787101321899,
        "variations": {
          "heart": 0.08324048357222102
        }
      }
    ],
    "num_points": 2253051,
    "gamma": 2.037758807285862,
    "brightness": 1.2,
    "hue_rotation": 106.03730462102659
  }
}