{
  "seed": "28add604-7cf5-44f0-b04e-b98bbc87d6b1",
  "params": {
    "transforms": [
      {
        "a": -0.6500482384800612,
        "b": -0.012693949617636369,
        "c": -0.8422395078639364,
        "d": -0.457567169455007,
        "e": 0.36720893166105495,
        "f": 1.115117826176069,
        "color": 0.17842694075551058,
        "weight": 0.9895030601712436,
        "variations": {
          "linear": 0.3931381939750622,
          "polar": 0.20706377119969743,
          "swirl": 0.65096273563036
        }
      },
      {
        "a": -0.3055926536531368,
        "b": 0.6658799633433714,
        "c": -0.19040633540073615,
        "d": 0.005274784121548581,
        "e": 1.1722366611051056,
        "f": 1.1947410565010577,
        "color": 0.01877187342999176,
        "weight": 0.679150960672307,
        "variations": {
          "heart": 0.881366491290643,
          "swirl": 0.7450337086714758
        }
      },
      {
        "a": 0.4490730911812937,
        "b": 0.4509844002860546,
        "c": 0.3170233392874966,
        "d": 0.9705177788974795,
        "e": 1.005430914028131,
        "f": -1.3953222643395262,
        "color": 0.2120445307173141,
        "weight": 0.8840181357893329,
        "variations": {
          "polar": 0.42981199708544027,
          "linear": 0.24424085458961953
        }
      }
    ],
    "num_points": 1360896,
    "gamma": 1.834482121680932,
    "brightness": 1.2,
    "hue_rotation": 272.2217603167959
  }
}