{
  "seed": "378cc4d8-4c4a-4a05-8926-843084cb9fb8",
  "params": {
    "transforms": [
      {
        "a": 0.1805935608307443,
        "b": 0.006224859362702118,
        "c": -0.4810690126540078,
        "d": -0.07716107861532406,
        "e": 0.05430196303656998,
        "f": -0.9661097589135794,
        "color": 0.04168014184672364,
        "weight": 0.16719104435947393,
        "variations": {
          "polar": 0.38126183129594493,
          "sinusoidal": 0.5592516249757963,
          "spherical": 0.7964004292882106
        }
      },
      {
        "a": -0.6808385916839732,
        "b": 0.39982253597918826,
        "c": -0.3197813548863726,
        "d": -0.5452329553103019,
        "e": 0.37068638375797724,
        "f": -0.3235587587031028,
        "color": 0.43507189317705586,
        "weight": 0.7364694025852401,
        "variations": {
          "swirl": 0.550811511203617,
          "polar": 0.005662306949980378,
          "heart": 0.20017932528729865
        }
      }
    ],
    "num_points": 2165153,
    "gamma": 1.8157730671790089,
    "brightness": 1.2,
    "hue_rotation": 44.60712954022521
  }
}