{
  "seed": "e7de7f0b-c49e-4673-b538-c737344311a7",
  "params": {
    "transforms": [
      {
        "a": 0.8056703548676789,
        "b": -0.7563529138308283,
        "c": 0.7999804047779393,
        "d": 0.528574050290217,
        "e": -0.8280685942255207,
        "f": -0.30075614215742696,
        "color": 0.39799419948999615,
        "weight": 0.36128783078813975,
        "variations": {
          "spherical": 0.3031381191854189,
          "swirl": 0.6498597388490955,
          "sinusoidal": 0.9485094656575294
        }
      },
      {
        "a": 0.5020576322260628,
        "b": -0.58399248373574,
        "c": 0.30114278147530293,
        "d": 0.8476270275716016,
        "e": 0.6191496004996337,
        "f": 1.112225267441291,
        "color": 0.4671731378362708,
        "weight": 0.20945964640173131,
        "variations": {
          "heart": 0.7404470405617961
        }
      }
    ],
    "num_points": 2725603,
    "gamma": 1.8796580120523114,
    "brightness": 1.2,
    "hue_rotation": 307.6208893918506
  }
}