{
  "seed": "991b6433-faef-42d9-9441-12e48f9275ab-273",
  "parameters": {
    "num_transforms": 2,
    "transforms": [
      {
        "a": -0.4228145134164314,
        "b": 0.9127033267441771,
        "c": -0.6571252749794276,
        "d": 1.4684658055780346,
        "e": -1.2858904074306468,
        "f": 0.19607289343660916,
        "color": 0.3136504648251238,
        "variations": {
          "sinusoidal": 0.0,
          "linear": 0.7431188410689015
        },
        "weight": 0.8322767580361141
      },
      {
        "a": 0.38492296257699055,
        "b": 0.48610086957240917,
        "c": -1.385863906375938,
        "d": -1.4598325603716948,
        "e": 0.918045261603373,
        "f": -0.27641616719384876,
        "color": 0.8642008076048877,
        "variations": {
          "handkerchief": 0.16236293440152127,
          "sinusoidal": 0.0,
          "polar": 0.08802180631187861
        },
        "weight": 1.6790848945998773
      }
    ],
    "num_points": 4776145,
    "gamma": 2.185656470228513,
    "brightness": 0.5647408707831196,
    "contrast": 1.0278603936676824,
    "hue_rotation": 259.80367966642814
  },
  "error": "cannot convert float infinity to integer"
}