{
  "seed": "acd18813-8cf9-42a8-abda-2f839e18a3a1",
  "params": {
    "transforms": [
      {
        "a": -0.6738017501959508,
        "b": -0.7246777790286709,
        "c": 0.8430591783911656,
        "d": 0.5119644933989944,
        "e": 0.6129853361314481,
        "f": -0.30607526221452086,
        "color": 0.5751311913998984,
        "weight": 0.5878324260765823,
        "variations": {
          "sinusoidal": 0.072302039147643,
          "swirl": 0.3526873740264942,
          "heart": 0.2376997957291096
        }
      },
      {
        "a": 0.014231107160891154,
        "b": 0.5000851988371435,
        "c": -0.057162055379388566,
        "d": -0.14849141010523792,
        "e": -1.155870141233382,
        "f": -0.6078120936049918,
        "color": 0.9911386532663047,
        "weight": 0.9977559623056377,
        "variations": {
          "polar": 0.017570100658149568,
          "spherical": 0.4152798767153719
        }
      }
    ],
    "num_points": 2442275,
    "gamma": 2.4565257586468414,
    "brightness": 1.2,
    "hue_rotation": 313.5566491427866
  }
}