{
  "seed": "12c5bc7d-72c5-44a6-b039-a1045b147c42",
  "params": {
    "transforms": [
      {
        "a": 0.8216946382367918,
        "b": -0.27089950418765074,
        "c": 0.781234063817086,
        "d": -0.5414807853392984,
        "e": -1.0782100194795294,
        "f": 0.9732007234856423,
        "color": 0.2426662954228912,
        "weight": 0.4732389977192888,
        "variations": {
          "sinusoidal": 0.593587323830587,
          "spherical": 0.8342287096508453,
          "linear": 0.8329598780248405
        }
      },
      {
        "a": -0.5010796536234725,
        "b": -0.7753524374373906,
        "c": 0.09385446548721998,
        "d": 0.1664520301205228,
        "e": -0.7443861027935227,
        "f": 0.7533802311530229,
        "color": 0.8900370425513042,
        "weight": 0.7713039249326108,
        "variations": {
          "linear": 0.008972368517335516,
          "sinusoidal": 0.9750999836235638
        }
      },
      {
        "a": -0.9156104206471671,
        "b": -0.3463882194303711,
        "c": -0.3851970890954002,
        "d": -0.8289271903804871,
        "e": -1.4389148549332555,
        "f": 0.5902199295193116,
        "color": 0.21206012840709643,
        "weight": 0.41721681610065264,
        "variations": {
          "polar": 0.24124602690524355,
          "swirl": 0.9350816580291959
        }
      }
    ],
    "num_points": 2909548,
    "gamma": 1.9075975225599135,
    "brightness": 1.2,
    "hue_rotation": 97.70067052082626
  }
}