{
  "seed": "e08c6a1d-317f-41ff-808f-981dd0828c27",
  "params": {
    "transforms": [
      {
        "a": 0.7073357308880823,
        "b": 0.5615883712052752,
        "c": 0.8742880698376088,
        "d": -0.7807403650949989,
        "e": -1.2633256901204664,
        "f": 0.0360687657116725,
        "color": 0.3334698092775815,
        "weight": 0.9161776484889729,
        "variations": {
          "linear": 0.8912684017420379,
          "swirl": 0.5053838607355925,
          "heart": 0.0057500691381335844
        }
      },
      {
        "a": 0.4021360858988998,
        "b": 0.6988782449764888,
        "c": -0.48271874658957015,
        "d": -0.5901172491918119,
        "e": -0.6966955892207247,
        "f": -0.7741414306058011,
        "color": 0.3466261407741543,
        "weight": 0.13914814473075016,
        "variations": {
          "spherical": 0.5776851910486211,
          "polar": 0.1840473335187992,
          "linear": 0.35951309971990475
        }
      },
      {
        "a": 0.7379497907303603,
        "b": -0.5526489442984566,
        "c": -0.3399063678183303,
        "d": 0.8100200430165605,
        "e": 0.5776385163165552,
        "f": 0.0795814845571976,
        "color": 0.5024760423960543,
        "weight": 0.6151889836139512,
        "variations": {
          "heart": 0.7407201731688555
        }
      }
    ],
    "num_points": 1376675,
    "gamma": 2.1961338401061417,
    "brightness": 1.2,
    "hue_rotation": 142.84240414943488
  }
}