{
  "seed": "f25878ca-8db6-4598-aebf-4727b7b51e55",
  "params": {
    "transforms": [
      {
        "a": -0.2700115396403926,
        "b": -0.11844968312079573,
        "c": -0.09615056545766487,
        "d": 0.4866334428442616,
        "e": -1.3680164209252328,
        "f": -1.0542283206311378,
        "color": 0.1540764717753632,
        "weight": 0.8380736011881604,
        "variations": {
          "sinusoidal": 0.16754189372589923,
          "swirl": 0.48220457971681463,
          "linear": 0.7476570966100279
        }
      },
      {
        "a": -0.7183888980484017,
        "b": -0.7091726713217956,
        "c": 0.9008584928207881,
        "d": -0.15627746147042987,
        "e": 0.2265706753656116,
        "f": 0.3038305411973923,
        "color": 0.7526944234886139,
        "weight": 0.9170057603611892,
        "variations": {
          "spherical": 0.9893869182728939
        }
      },
      {
        "a": 0.8762235009996391,
        "b": -0.054986071614182785,
        "c": -0.07737515511451099,
        "d": 0.3306311166498712,
        "e": -0.4766632856400579,
        "f": 0.8221639021176506,
        "color": 0.5477933206511437,
        "weight": 0.6493079628111115,
        "variations": {
          "spherical": 0.3761095492396207,
          "sinusoidal": 0.5188977410312133,
          "linear": 0.8649465698881249
        }
      }
    ],
    "num_points": 2251303,
    "gamma": 1.8886239400872316,
    "brightness": 1.2,
    "hue_rotation": 167.75686259170703
  }
}