{
  "seed": "5d996fb3-f1ff-4ad2-894b-5875f47f0d7d",
  "params": {
    "transforms": [
      {
        "a": 0.6960810955364409,
        "b": -0.7505847996170238,
        "c": 0.45351108837971554,
        "d": 0.5090291079166622,
        "e": 1.166603852547209,
        "f": -0.7281296032362994,
        "color": 0.062349732279550096,
        "weight": 0.8750348328119695,
        "variations": {
          "spherical": 0.05586190998639051,
          "linear": 0.1520692806302606
        }
      },
      {
        "a": -0.48514789971131256,
        "b": 0.8020920721675735,
        "c": -0.5015493354147957,
        "d": 0.6705612893647552,
        "e": -0.890640445075006,
        "f": -0.5210076108107572,
        "color": 0.6013113895975184,
        "weight": 0.8991377309627187,
        "variations": {
          "sinusoidal": 0.2373982676519759,
          "linear": 0.6302653099893076
        }
      },
      {
        "a": -0.42192741789395183,
        "b": 0.7138090310041183,
        "c": 0.2155437060288854,
        "d": -0.5396342058316765,
        "e": 0.9030998180724596,
        "f": 1.1546115349157136,
        "color": 0.8165016814981056,
        "weight": 0.8106920491367745,
        "variations": {
          "linear": 0.6239881488287145
        }
      },
      {
        "a": -0.8361278651718853,
        "b": -0.10458337352569025,
        "c": -0.37839515671163615,
        "d": -0.8743342293432577,
        "e": 1.142812817569935,
        "f": -0.7425478152273923,
        "color": 0.24236220047856294,
        "weight": 0.6249841047340724,
        "variations": {
          "swirl": 0.06048207955757179,
          "sinusoidal": 0.42631904564068535
        }
      }
    ],
    "num_points": 2426028,
    "gamma": 1.9852064935801383,
    "brightness": 1.2,
    "hue_rotation": 132.01504965935274
  }
}