{
  "seed": "775b34a9-0aba-4354-b3c2-bc06ab43194c",
  "params": {
    "transforms": [
      {
        "a": 0.4844968186792755,
        "b": 0.07907560997599838,
        "c": -0.5453946711766422,
        "d": 0.821239359604953,
        "e": 0.14810661223048815,
        "f": 0.7437930458011035,
        "color": 0.8947250434687666,
        "weight": 0.4703464226019588,
        "variations": {
          "spherical": 0.034088821526133684,
          "linear": 0.7921530164069291,
          "sinusoidal": 0.9787918515531518
        }
      },
      {
        "a": 0.9899880786441331,
        "b": -0.717931682256294,
        "c": -0.45243055001189614,
        "d": -0.8076584701326865,
        "e": -0.5049204375224258,
        "f": -0.7590792752775235,
        "color": 0.13114397014154855,
        "weight": 0.8060134521843917,
        "variations": {
          "swirl": 0.7063108010108302
        }
      },
      {
        "a": -0.033123070145103295,
        "b": 0.13229582951737728,
        "c": 0.2618280182121444,
        "d": 0.2179062009313979,
        "e": -0.18006901733319935,
        "f": 1.075876870242685,
        "color": 0.23890171195333332,
        "weight": 0.526101160253397,
        "variations": {
          "sinusoidal": 0.4983846686907648
        }
      },
      {
        "a": -0.505268064345272,
        "b": 0.28623661725686644,
        "c": 0.012384305821810493,
        "d": 0.6481199268854425,
        "e": -0.39416182350912266,
        "f": -0.3363132737889005,
        "color": 0.8744658326686082,
        "weight": 0.857436276504367,
        "variations": {
          "polar": 0.5830865403713117,
          "swirl": 0.6533747057067762
        }
      }
    ],
    "num_points": 2055491,
    "gamma": 1.9488237200542327,
    "brightness": 1.2,
    "hue_rotation": 199.47929920113617
  }
}