{
  "seed": "23b87921-5d7d-4469-a832-dd15b6e1307e",
  "params": {
    "transforms": [
      {
        "a": -0.9468173668304389,
        "b": -0.7193394270073379,
        "c": -0.63824789901726,
        "d": 0.3954516433469777,
        "e": -0.4865319016545451,
        "f": -1.1435644666577407,
        "color": 0.7513488995033764,
        "weight": 0.19660320141413615,
        "variations": {
          "heart": 0.20636504923554078,
          "swirl": 0.6673383214213121
        }
      },
      {
        "a": 0.6158264407443477,
        "b": -0.5353936351983921,
        "c": -0.9751612004265753,
        "d": 0.3309618362219864,
        "e": -0.8966193896001416,
        "f": -0.49184787190879353,
        "color": 0.8022069761953005,
        "weight": 0.6096206057722933,
        "variations": {
          "spherical": 0.17398941703283288,
          "swirl": 0.9975400054557104,
          "sinusoidal": 0.6345870869038109
        }
      },
      {
        "a": -0.5379621704162245,
        "b": -0.11389000582593956,
        "c": 0.7675705346696302,
        "d": -0.7968623483460044,
        "e": -0.6931201814340139,
        "f": 0.017813577408881454,
        "color": 0.7145993461875518,
        "weight": 0.2641367948099408,
        "variations": {
          "linear": 0.07013677021955689
        }
      }
    ],
    "num_points": 2246192,
    "gamma": 2.324008169378423,
    "brightness": 1.2,
    "hue_rotation": 194.71622633004998
  }
}