{
  "seed": "842ae30c-f53c-4317-abc5-69a158d342c2",
  "params": {
    "transforms": [
      {
        "a": -0.5944132640540456,
        "b": 0.8686372865299032,
        "c": 0.28413679770396083,
        "d": 0.9000593053422303,
        "e": -0.12137149848453044,
        "f": -0.20976434079938988,
        "color": 0.9056168171614946,
        "weight": 0.7118414756823173,
        "variations": {
          "linear": 0.8636909879240662,
          "heart": 0.021213882367443038,
          "swirl": 0.6158805748001736
        }
      },
      {
        "a": -0.293269683229735,
        "b": 0.3825481185136881,
        "c": -0.9625011395833885,
        "d": 0.46733856901773807,
        "e": -0.08613695952944056,
        "f": -1.2803885065696359,
        "color": 0.08879841072381833,
        "weight": 0.16921344444628997,
        "variations": {
          "linear": 0.5578629781230355,
          "heart": 0.0977801675539759
        }
      },
      {
        "a": 0.8718812380353804,
        "b": 0.7008656304567555,
        "c": 0.1233929556515243,
        "d": -0.2668609529331487,
        "e": 1.4732175747648286,
        "f": 0.5815274747220536,
        "color": 0.06510010140374711,
        "weight": 0.14018216106020603,
        "variations": {
          "spherical": 0.23914362538947354,
          "sinusoidal": 0.7082462685425912
        }
      }
    ],
    "num_points": 1416096,
    "gamma": 2.328628923442653,
    "brightness": 1.2,
    "hue_rotation": 281.6176559741385
  }
}