{
  "seed": "d908f07c-d888-46b4-bbf6-0d2cd0ee577f",
  "params": {
    "transforms": [
      {
        "a": 0.2446112560982503,
        "b": -0.19842004964622229,
        "c": 0.3784540621202046,
        "d": 0.8702745371360825,
        "e": -1.2713625067280627,
        "f": 0.14317243279458047,
        "color": 0.4760745650979138,
        "weight": 0.3881634234641923,
        "variations": {
          "heart": 0.2803725714510237,
          "spherical": 0.03048815911317604
        }
      },
      {
        "a": -0.2106127752126974,
        "b": -0.14859848232940864,
        "c": 0.6342746193045841,
        "d": 0.9270107610754821,
        "e": 1.044210202661103,
        "f": 0.8342266880900384,
        "color": 0.2065251494055388,
        "weight": 0.8319744241958248,
        "variations": {
          "polar": 0.2651937126077314,
          "heart": 0.11528390434884728,
          "spherical": 0.8963171158221784
        }
      },
      {
        "a": -0.8536056702162622,
        "b": -0.19719585442735887,
        "c": -0.7763783192925979,
        "d": 0.2455619665019,
        "e": 0.9046443883443027,
        "f": -1.1734476803455882,
        "color": 0.20122536761575927,
        "weight": 0.7796662283365159,
        "variations": {
          "spherical": 0.46887829986157825
        }
      },
      {
        "a": -0.1925307497094637,
        "b": -0.29035486648731124,
        "c": -0.30747105299307376,
        "d": 0.9478144172717593,
        "e": -0.9484083135488135,
        "f": -0.558137114985635,
        "color": 0.9539685981046496,
        "weight": 0.9110786042982664,
        "variations": {
          "spherical": 0.632118587766715
        }
      }
    ],
    "num_points": 1036962,
    "gamma": 2.0202740642781243,
    "brightness": 1.2,
    "hue_rotation": 163.65661943229765
  }
}