{
  "seed": "82b9716d-158c-4bee-a5de-14ee8d142391-307",
  "parameters": {
    "num_transforms": 3,
    "transforms": [
      {
        "a": -1.0635419637164403,
        "b": 0.34703289153933525,
        "c": 0.12314197449733832,
        "d": -0.18656853452665212,
        "e": -1.3767465323535162,
        "f": 0.35592795289020196,
        "color": 0.14922591456266587,
        "variations": {
          "sinusoidal": 0.7309766992134902,
          "swirl": 0.0,
          "spiral": 0.5214343422145,
          "disc": 0.1572621211749573
        },
        "weight": 1.463732679011923
      },
      {
        "a": -0.4169674982041931,
        "b": 0.2828481850328002,
        "c": -1.127089145155205,
        "d": 1.0405515300169768,
        "e": 0.4752690514637299,
        "f": 1.2576152409581747,
        "color": 0.23370500996212462,
        "variations": {
          "heart": 0.6796618754806202,
          "sinusoidal": 0.6017155150433412
        },
        "weight": 0.6522895563403808
      },
      {
        "a": 0.3819614979031294,
        "b": 0.607569244241132,
        "c": 0.5608620414369128,
        "d": 1.0928299622742337,
        "e": 0.15695631388911924,
        "f": -0.02993326048436007,
        "color": 0.8218360993102897,
        "variations": {
          "polar": 0.004981180582953271,
          "heart": 0.0,
          "spherical": 0.347487082931888,
          "sinusoidal": 0.0
        },
        "weight": 0.5812200653043493
      }
    ],
    "num_points": 1959399,
    "gamma": 3.8247296084678797,
    "brightness": 0.7512059371927602,
    "contrast": 1.9479058096414714,
    "hue_rotation": 311.4495698411367
  }
}