{
  "seed": "9db9380c-be10-48a9-88e9-793b578f705c",
  "params": {
    "transforms": [
      {
        "a": -0.974392785355984,
        "b": -0.3461352513096383,
        "c": 0.005395112852663697,
        "d": 0.013759700306239298,
        "e": -0.6773457730161118,
        "f": 1.1206250328541483,
        "color": 0.03459973206675171,
        "weight": 0.18768881324678605,
        "variations": {
          "heart": 0.3658593739714273,
          "spherical": 0.6281608550810709,
          "polar": 0.5291320572724494
        }
      },
      {
        "a": -0.4704691159067653,
        "b": 0.10845132676381053,
        "c": -0.3569816272985542,
        "d": -0.3054748309050106,
        "e": -0.8732735757029356,
        "f": 1.2435450260569962,
        "color": 0.5856442169401526,
        "weight": 0.4309806298772877,
        "variations": {
          "sinusoidal": 0.22169460956908116,
          "heart": 0.7098958626137665
        }
      }
    ],
    "num_points": 2102744,
    "gamma": 1.991403621957875,
    "brightness": 1.2,
    "hue_rotation": 126.37892312728101
  }
}