{
  "seed": "809156cd-e40f-4e20-930f-9fd2be1ff617",
  "params": {
    "transforms": [
      {
        "a": -0.08543125402362195,
        "b": -0.8223700119200383,
        "c": 0.8754795258528363,
        "d": -0.9527635615826548,
        "e": 0.481499693582341,
        "f": 0.13610388393414574,
        "color": 0.6552321332754472,
        "weight": 0.9350539540116755,
        "variations": {
          "polar": 0.9928690230231132,
          "linear": 0.5918599623385968,
          "swirl": 0.662303027959565
        }
      },
      {
        "a": -0.7855548893024831,
        "b": 0.5801702783546194,
        "c": 0.9018154942257599,
        "d": -0.9083808529926325,
        "e": -1.3613341621747015,
        "f": 1.3569430917724938,
        "color": 0.3171143795837936,
        "weight": 0.4221880244722106,
        "variations": {
          "heart": 0.5592448645423311,
          "linear": 0.8343061711584407
        }
      }
    ],
    "num_points": 2604651,
    "gamma": 1.8596020591339981,
    "brightness": 1.2,
    "hue_rotation": 15.461905072502553
  }
}