{
  "seed": "8b480c44-bf3e-4ae8-95d9-66239fcc12e7",
  "params": {
    "transforms": [
      {
        "a": 0.4984061656291614,
        "b": 0.32550027985214913,
        "c": 0.9654365294029366,
        "d": 0.37947302102685954,
        "e": 1.3744388164963848,
        "f": 0.33525627170756556,
        "color": 0.3692982235518856,
        "weight": 0.6954232929192502,
        "variations": {
          "sinusoidal": 0.47536329678956357
        }
      },
      {
        "a": -0.5219615719637425,
        "b": -0.6862607956669418,
        "c": -0.9001904885361773,
        "d": -0.48173021923923587,
        "e": 0.18284768198347523,
        "f": -1.3801133430959136,
        "color": 0.34964656241415426,
        "weight": 0.40060058514131514,
        "variations": {
          "polar": 0.0006093644172585622,
          "sinusoidal": 0.9143405789555715,
          "heart": 0.7819783916461472
        }
      }
    ],
    "num_points": 1607041,
    "gamma": 2.0799769641508314,
    "brightness": 1.2,
    "hue_rotation": 181.0995208504255
  }
}