{
  "seed": "94a71b35-b825-4191-b8af-67f9854f83c8",
  "params": {
    "transforms": [
      {
        "a": 0.05092972897607151,
        "b": 0.6267385114074566,
        "c": 0.043111544497281384,
        "d": 0.17435143893660787,
        "e": -0.2505014182865719,
        "f": 0.7070574947897414,
        "color": 0.4041452314008436,
        "weight": 0.1914791760134555,
        "variations": {
          "swirl": 0.6204702614831336,
          "spherical": 0.20751637783150634
        }
      },
      {
        "a": -0.11368084056707173,
        "b": 0.4422552902597823,
        "c": -0.18483888439859752,
        "d": 0.1655386446156426,
        "e": -0.8474202921875559,
        "f": -1.1407811491654125,
        "color": 0.7782426225387303,
        "weight": 0.45275560396598036,
        "variations": {
          "heart": 0.13896761718171025,
          "linear": 0.45151256283872754,
          "polar": 0.2181413480318376
        }
      },
      {
        "a": 0.644768611013605,
        "b": 0.543949562993062,
        "c": -0.06439172812965022,
        "d": 0.5299472422016933,
        "e": 0.331651967791629,
        "f": -0.5794868646136295,
        "color": 0.5121522675257535,
        "weight": 0.25647013300519467,
        "variations": {
          "linear": 0.4314659784867563,
          "swirl": 0.6829651035761373
        }
      }
    ],
    "num_points": 2761353,
    "gamma": 1.906551695362218,
    "brightness": 1.2,
    "hue_rotation": 179.1020182231734
  }
}