{
  "seed": "4dbe662d-41fa-4e82-98a9-d7062902b98f",
  "params": {
    "transforms": [
      {
        "a": 0.9540105041731302,
        "b": 0.1955133691278541,
        "c": 0.4845708118816743,
        "d": 0.3474230885872023,
        "e": -0.5790295001898987,
        "f": 0.8066730088709297,
        "color": 0.7108577372220699,
        "weight": 0.4116356447763655,
        "variations": {
          "sinusoidal": 0.9809665114972815
        }
      },
      {
        "a": -0.013461353430287648,
        "b": 0.9793250324445189,
        "c": 0.728374223080061,
        "d": 0.29566071950211925,
        "e": 0.21146265887328197,
        "f": -1.3515495150485508,
        "color": 0.5813776438580771,
        "weight": 0.42335451923720546,
        "variations": {
          "sinusoidal": 0.2990183190443746,
          "polar": 0.557066909142271
        }
      },
      {
        "a": 0.10069436493490014,
        "b": 0.8786130159784731,
        "c": -0.24347724382218505,
        "d": -0.39926536165508697,
        "e": 0.7365922941797396,
        "f": 0.9899432405574862,
        "color": 0.20590796229316288,
        "weight": 0.9492648262619301,
        "variations": {
          "heart": 0.7020483523154271
        }
      },
      {
        "a": 0.17855947041875742,
        "b": 0.9191636557507543,
        "c": 0.22464366263838387,
        "d": -0.2620555403064284,
        "e": -0.9122702036898103,
        "f": -0.16507697797247234,
        "color": 0.30737555640281955,
        "weight": 0.2567962462976672,
        "variations": {
          "linear": 0.05407412256460187,
          "swirl": 0.9097007087725469
        }
      }
    ],
    "num_points": 2993973,
    "gamma": 1.9363710743955433,
    "brightness": 1.2,
    "hue_rotation": 317.88496672777285
  }
}