{
  "seed": "1198b3ba-6816-4379-824d-01e84ed89907",
  "params": {
    "transforms": [
      {
        "a": 0.5172472495808469,
        "b": -0.15032243148559266,
        "c": -0.65635160791395,
        "d": 0.422569906649102,
        "e": 0.7683078125974614,
        "f": 0.8327485765071958,
        "color": 0.6754916772895516,
        "weight": 0.38360279789980845,
        "variations": {
          "polar": 0.6971037171546702,
          "swirl": 0.3896964416926073,
          "linear": 0.5667789185042006
        }
      },
      {
        "a": -0.7264500284867776,
        "b": -0.172870791557725,
        "c": -0.7888140900825575,
        "d": -0.6271873330715456,
        "e": -0.017429656417249806,
        "f": 0.22273171284344806,
        "color": 0.6687906917259325,
        "weight": 0.3976770140207264,
        "variations": {
          "polar": 0.7054607285608719,
          "sinusoidal": 0.5199836344745011,
          "heart": 0.12574009253781893
        }
      },
      {
        "a": 0.35598741341731843,
        "b": -0.17430141462061344,
        "c": -0.20346561033206645,
        "d": 0.3517366466411955,
        "e": -0.9676558640172848,
        "f": 0.8036204852947888,
        "color": 0.11284683473461865,
        "weight": 0.6396341058960483,
        "variations": {
          "spherical": 0.9250904439427633,
          "sinusoidal": 0.5467762959164134
        }
      },
      {
        "a": 0.24306645622919731,
        "b": -0.8090625348732485,
        "c": -0.22547459811431758,
        "d": 0.5234796557650045,
        "e": -1.0422015628368178,
        "f": -0.9431541129127098,
        "color": 0.5581836579332288,
        "weight": 0.20427620248722606,
        "variations": {
          "linear": 0.1527900818375889,
          "polar": 0.7739306112622187,
          "swirl": 0.9213431117101601
        }
      }
    ],
    "num_points": 2932684,
    "gamma": 1.8506006319631643,
    "brightness": 1.2,
    "hue_rotation": 170.79945225147134
  }
}