{
  "seed": "9e9892b8-1361-4a75-9476-0f8fc30b8bd5",
  "params": {
    "transforms": [
      {
        "a": 0.4703128631940212,
        "b": 0.8622525464826265,
        "c": -0.7848357267871591,
        "d": 0.006525121507924725,
        "e": -1.3613401589978946,
        "f": -0.7538629250052343,
        "color": 0.6535961312795069,
        "weight": 0.2875636112272736,
        "variations": {
          "swirl": 0.3737290293716611
        }
      },
      {
        "a": 0.5206207264249172,
        "b": 0.8171692236371986,
        "c": 0.26717599871043163,
        "d": 0.14378117734115925,
        "e": 0.5602617027252195,
        "f": 0.5651006440431154,
        "color": 0.8894541596782807,
        "weight": 0.8886614678223572,
        "variations": {
          "heart": 0.38783944686769256,
          "sinusoidal": 0.6320774817971374,
          "polar": 0.7194080046313762
        }
      },
      {
        "a": -0.7110641150070092,
        "b": 0.09459883584285467,
        "c": 0.43136299025377145,
        "d": -0.4109989407402008,
        "e": -0.9472135945555932,
        "f": 1.073899976747307,
        "color": 0.09944247513932458,
        "weight": 0.9901578101918965,
        "variations": {
          "swirl": 0.7424864407902072,
          "spherical": 0.5425620830929708,
          "polar": 0.170857541636512
        }
      }
    ],
    "num_points": 2406693,
    "gamma": 2.2046440660315874,
    "brightness": 1.2,
    "hue_rotation": 125.75892788751051
  }
}