{
  "seed": "de8f8782-4931-4bdc-9cc3-72f8a3e4db8c",
  "params": {
    "transforms": [
      {
        "a": -0.9188812991777697,
        "b": -0.7383180168505794,
        "c": -0.4462586338352743,
        "d": 0.9027959410838056,
        "e": -0.6741961804430593,
        "f": -0.026960928048961996,
        "color": 0.1678408407358577,
        "weight": 0.7214225816959887,
        "variations": {
          "heart": 0.4021650540449896,
          "spherical": 0.8009771813693202,
          "swirl": 0.30445282970603005
        }
      },
      {
        "a": 0.15287328989497584,
        "b": 0.5350831619692262,
        "c": 0.12690823793762473,
        "d": -0.28385026855667883,
        "e": 0.5777871137618877,
        "f": -0.04274484828883773,
        "color": 0.058338242043215915,
        "weight": 0.44614943368083937,
        "variations": {
          "heart": 0.33123128788782963,
          "swirl": 0.3891545359819224,
          "spherical": 0.6964560562095039
        }
      },
      {
        "a": 0.9041129671375709,
        "b": -0.8643420486175959,
        "c": 0.5344537836221948,
        "d": 0.7891087673062402,
        "e": -0.4328222689625396,
        "f": 1.2518037294502133,
        "color": 0.6087932575919401,
        "weight": 0.8840018952817947,
        "variations": {
          "linear": 0.6148898764858475
        }
      }
    ],
    "num_points": 1670981,
    "gamma": 2.0426888810252835,
    "brightness": 1.2,
    "hue_rotation": 293.59619384311793
  }
}