{
  "seed": "55fdf8ac-9c43-4ef9-b6f4-f9fd3c2d2124",
  "params": {
    "transforms": [
      {
        "a": 0.1919238639794918,
        "b": 0.21035256664500368,
        "c": -0.6814885171301677,
        "d": -0.997734569961936,
        "e": -1.3417106958507863,
        "f": 1.4601450954536643,
        "color": 0.6766248746930702,
        "weight": 0.5124305802044029,
        "variations": {
          "polar": 0.37628798877748015,
          "linear": 0.8690111933834724,
          "sinusoidal": 0.9608674643467588
        }
      },
      {
        "a": 0.8234893497143776,
        "b": -0.787722135054777,
        "c": -0.9190819250159301,
        "d": -0.6339488129881732,
        "e": -0.07581793004038873,
        "f": 0.6958915261157586,
        "color": 0.871715427848154,
        "weight": 0.9309465606086335,
        "variations": {
          "sinusoidal": 0.9779479534001013,
          "polar": 0.9476869541302615,
          "linear": 0.9871152403761688
        }
      }
    ],
    "num_points": 2282629,
    "gamma": 1.9334940028632397,
    "brightness": 1.2,
    "hue_rotation": 68.08889534588677
  }
}