{
  "seed": "4fbea4f5-72a2-4732-99a9-8ceeddd5598d",
  "params": {
    "transforms": [
      {
        "a": -0.3079861602701397,
        "b": -0.0505642078652222,
        "c": -0.8198865069209402,
        "d": 0.47105170847722033,
        "e": 1.150051538124662,
        "f": -1.0089858821087887,
        "color": 0.6142858180478681,
        "weight": 0.19069132076306133,
        "variations": {
          "sinusoidal": 0.4124734948725599
        }
      },
      {
        "a": 0.21538033727068528,
        "b": -0.4982535338091749,
        "c": 0.5464107682272177,
        "d": 0.8651447048568373,
        "e": 0.2379852245601839,
        "f": -0.5125689016394595,
        "color": 0.6463009966224109,
        "weight": 0.8365092902196043,
        "variations": {
          "sinusoidal": 0.988214388299568,
          "spherical": 0.22673692396984746
        }
      },
      {
        "a": -0.5843665581481203,
        "b": -0.7296566698903668,
        "c": -0.740362567292266,
        "d": -0.615330859847222,
        "e": 0.6780419564315023,
        "f": 0.6087193220439402,
        "color": 0.7679146553655124,
        "weight": 0.625247392190637,
        "variations": {
          "polar": 0.280924054918416,
          "swirl": 0.7920703351631291,
          "heart": 0.9217773931080269
        }
      }
    ],
    "num_points": 2306538,
    "gamma": 1.9903795345752717,
    "brightness": 1.2,
    "hue_rotation": 104.13644354589162
  }
}