{
  "seed": "9a1a953e-6348-4a0e-9958-0a5681eb8d30",
  "params": {
    "transforms": [
      {
        "a": 0.5403666090936836,
        "b": -0.887184037792228,
        "c": 0.8763452847736481,
        "d": -0.4830281912128962,
        "e": 0.6915316397174407,
        "f": -0.8728677311885642,
        "color": 0.4400101943364845,
        "weight": 0.5999398711861231,
        "variations": {
          "linear": 0.09322075138915698
        }
      },
      {
        "a": 0.1548371362117682,
        "b": 0.15750335107719837,
        "c": -0.895695789408834,
        "d": -0.4762981663575472,
        "e": 0.7157733999905438,
        "f": -0.131016839330806,
        "color": 0.736397881222356,
        "weight": 0.9763348868935853,
        "variations": {
          "heart": 0.6710859371506193
        }
      },
      {
        "a": -0.4503075518092854,
        "b": 0.6675649631539642,
        "c": 0.005494143235543536,
        "d": 0.3512112994288461,
        "e": -1.0427273484326607,
        "f": -0.1261069545270992,
        "color": 0.2957125369445578,
        "weight": 0.19712268174681938,
        "variations": {
          "polar": 0.03275376310719058,
          "linear": 0.8743548347152296
        }
      }
    ],
    "num_points": 2879789,
    "gamma": 2.464865970700831,
    "brightness": 1.2,
    "hue_rotation": 249.76065774107823
  }
}