{
  "seed": "9e112c28-0513-461e-a8a4-68cc46671d13",
  "params": {
    "transforms": [
      {
        "a": 0.7708285765964216,
        "b": 0.6041996176448874,
        "c": -0.4198967282503272,
        "d": -0.8700221577973679,
        "e": 1.306798791194712,
        "f": 1.4948556012788035,
        "color": 0.5424688217778736,
        "weight": 0.7466260260061314,
        "variations": {
          "heart": 0.2755600635695016,
          "sinusoidal": 0.38725157636380647
        }
      },
      {
        "a": 0.9808724031337976,
        "b": 0.15188497772273846,
        "c": 0.005372342234789551,
        "d": 0.9666019609197971,
        "e": 1.0419235971784424,
        "f": -0.12045283781314708,
        "color": 0.751231397213724,
        "weight": 0.6444254679701827,
        "variations": {
          "sinusoidal": 0.6415979230801592,
          "spherical": 0.3101401989723237,
          "linear": 0.9551852876145794
        }
      },
      {
        "a": -0.6007100347115213,
        "b": 0.682028446286721,
        "c": -0.480198979054145,
        "d": -0.8554705788228363,
        "e": -1.4801809352263442,
        "f": -1.3388632164352976,
        "color": 0.33389649409763666,
        "weight": 0.9110453926100408,
        "variations": {
          "linear": 0.32177251803833695,
          "heart": 0.5663959603951899,
          "swirl": 0.5505721738195855
        }
      },
      {
        "a": -0.5460492656598015,
        "b": -0.8901630303219452,
        "c": 0.026152025959857328,
        "d": -0.7297637644939288,
        "e": 1.3837136480305454,
        "f": 1.0931639345392394,
        "color": 0.9965963691660557,
        "weight": 0.15788472914320534,
        "variations": {
          "linear": 0.19577589270474172,
          "sinusoidal": 0.13612306953422493
        }
      }
    ],
    "num_points": 1536095,
    "gamma": 1.9818723493632484,
    "brightness": 1.2,
    "hue_rotation": 271.40508401397784
  }
}