{
  "seed": "0e801c1c-8706-449b-a97f-8dc2c7a7726f",
  "params": {
    "transforms": [
      {
        "a": -0.3987891063348674,
        "b": 0.5947299676029254,
        "c": -0.1517485905549265,
        "d": 0.22258665618850526,
        "e": 0.5346319532368051,
        "f": 0.09446103255915927,
        "color": 0.7882359630806829,
        "weight": 0.7168219654363303,
        "variations": {
          "swirl": 0.30208788642181106,
          "sinusoidal": 0.6892193238136073
        }
      },
      {
        "a": -0.4605337112999741,
        "b": -0.036373269557126164,
        "c": 0.10808436241599129,
        "d": -0.16529420238815296,
        "e": -1.2906071993475083,
        "f": -0.3021284485074123,
        "color": 0.4040341941589616,
        "weight": 0.37875023767590943,
        "variations": {
          "linear": 0.6702456085248316,
          "sinusoidal": 0.6268694151009923,
          "polar": 0.6380679792196077
        }
      },
      {
        "a": 0.22810078264367606,
        "b": -0.7635631399865244,
        "c": 0.3826521036514956,
        "d": -0.9957565262008772,
        "e": 0.335321824086136,
        "f": 1.1382082159894678,
        "color": 0.40114357766793873,
        "weight": 0.2549394260621834,
        "variations": {
          "heart": 0.10064088335888921
        }
      }
    ],
    "num_points": 2296682,
    "gamma": 2.2672658350877453,
    "brightness": 1.2,
    "hue_rotation": 34.14483489350496
  }
}