{
  "seed": "34d99ee4-40c2-4f47-af8e-26ed1b3c3c9e",
  "params": {
    "transforms": [
      {
        "a": -0.6220038341680856,
        "b": 0.5053254535004685,
        "c": 0.8422789554901371,
        "d": -0.23513015853234798,
        "e": 0.09848576392779185,
        "f": 0.1307441321010976,
        "color": 0.6663709870215615,
        "weight": 0.39029204730247125,
        "variations": {
          "heart": 0.8739879280596796
        }
      },
      {
        "a": -0.7992179587626329,
        "b": 0.7683789743862142,
        "c": 0.22741859344541626,
        "d": 0.31415050690560364,
        "e": 0.9651476714930425,
        "f": 1.1064606925949296,
        "color": 0.8524589357912989,
        "weight": 0.40348889198474813,
        "variations": {
          "heart": 0.10301466673860538,
          "sinusoidal": 0.033454281783548256,
          "swirl": 0.7475880489393949
        }
      },
      {
        "a": 0.7205472761064593,
        "b": 0.21639216262667005,
        "c": -0.804609377159542,
        "d": 0.6180249899727945,
        "e": 1.2993702352617635,
        "f": -1.429310886620121,
        "color": 0.5518038251545253,
        "weight": 0.49441022865834106,
        "variations": {
          "spherical": 0.6098436101845136
        }
      }
    ],
    "num_points": 1955586,
    "gamma": 2.0396641960790203,
    "brightness": 1.2,
    "hue_rotation": 125.15646130243931
  }
}