{
  "seed": "2501b98c-0495-42c1-9de1-e65adafb314b",
  "params": {
    "transforms": [
      {
        "a": 0.7189445516769459,
        "b": 0.731414535144248,
        "c": 0.21348125306823618,
        "d": 0.7522695474577477,
        "e": 1.364706371102637,
        "f": 1.3835550516909176,
        "color": 0.8347509390926633,
        "weight": 0.6787619385576779,
        "variations": {
          "spherical": 0.6707352835562401,
          "heart": 0.24599942502503702,
          "linear": 0.9086589903813191
        }
      },
      {
        "a": -0.3375217920989009,
        "b": -0.4720477276687107,
        "c": -0.21844535481575833,
        "d": 0.3344759583931147,
        "e": 0.7713821113716683,
        "f": -0.4353865633547698,
        "color": 0.22975681231159273,
        "weight": 0.6622640174534946,
        "variations": {
          "linear": 0.7047997705234181,
          "spherical": 0.9789924680016645,
          "swirl": 0.9194389429292619
        }
      },
      {
        "a": -0.615329682275384,
        "b": 0.9678591996329631,
        "c": 0.34965375617894656,
        "d": 0.8230050065934407,
        "e": -0.3491265149241125,
        "f": -0.07516399028720189,
        "color": 0.7305145064289345,
        "weight": 0.5082738367670034,
        "variations": {
          "linear": 0.39191765367667974,
          "heart": 0.7665042452306278
        }
      },
      {
        "a": 0.7325704240409496,
        "b": -0.22917763646638067,
        "c": 0.3724174821768622,
        "d": -0.57768833398505,
        "e": -0.1165630672680178,
        "f": -1.3368318133829387,
        "color": 0.1226818564023574,
        "weight": 0.2362917679727413,
        "variations": {
          "polar": 0.14707840208295841
        }
      }
    ],
    "num_points": 1534631,
    "gamma": 1.9919369109992762,
    "brightness": 1.2,
    "hue_rotation": 102.9159742417707
  }
}