{
  "seed": "f546156f-d944-4cbc-990a-2cac57800e77",
  "params": {
    "transforms": [
      {
        "a": -0.27523630143300815,
        "b": 0.3957491652194196,
        "c": -0.8957223270396553,
        "d": 0.6471600213884963,
        "e": 0.5863580575934946,
        "f": 0.8050159182383307,
        "color": 0.735858856671171,
        "weight": 0.7672664952135653,
        "variations": {
          "linear": 0.9062718201655666,
          "swirl": 0.6434952632568344
        }
      },
      {
        "a": -0.5381334859267444,
        "b": -0.6717990178790416,
        "c": -0.9756943974414485,
        "d": 0.9422264883552014,
        "e": 0.07310192870296683,
        "f": 1.3136878350952514,
        "color": 0.07180544290492508,
        "weight": 0.9650011426751587,
        "variations": {
          "sinusoidal": 0.645077471999759,
          "heart": 0.3366651800264474,
          "linear": 0.4813534999607493
        }
      },
      {
        "a": -0.6528290468825895,
        "b": -0.30803045953927555,
        "c": -0.727778901102994,
        "d": -0.5682740877006791,
        "e": 0.6469614367048355,
        "f": -1.1131028146672355,
        "color": 0.9498011234254387,
        "weight": 0.554360394757872,
        "variations": {
          "sinusoidal": 0.2591431217258593,
          "swirl": 0.09890030887397117,
          "spherical": 0.8695899494978621
        }
      }
    ],
    "num_points": 2373673,
    "gamma": 2.2109465891619404,
    "brightness": 1.2,
    "hue_rotation": 96.92798321527181
  }
}