{
  "seed": "203ca376-7db8-43c6-9e5a-996d625201d2",
  "params": {
    "transforms": [
      {
        "a": -0.6251900208811878,
        "b": 0.46109395370060113,
        "c": 0.2669372850555958,
        "d": -0.34441584287409865,
        "e": -0.7712414263598472,
        "f": -1.0904400074014684,
        "color": 0.7630450643790474,
        "weight": 0.639921035834257,
        "variations": {
          "spherical": 0.8875393458132531
        }
      },
      {
        "a": -0.013469471018084045,
        "b": -0.06588287597889031,
        "c": 0.34754651496942435,
        "d": -0.39736512285863634,
        "e": -1.0862864111705837,
        "f": -0.49202664268712537,
        "color": 0.5843212497249246,
        "weight": 0.7559849071356165,
        "variations": {
          "spherical": 0.014345568386176732
        }
      },
      {
        "a": 0.2716133066227493,
        "b": -0.790548084869861,
        "c": 0.2306065740012515,
        "d": -0.3244235557629902,
        "e": 0.9697604961954998,
        "f": -0.5506789023320043,
        "color": 0.1833167485288688,
        "weight": 0.8754734923955246,
        "variations": {
          "polar": 0.713954764375485,
          "heart": 0.7759795887518184
        }
      },
      {
        "a": 0.6153281818655749,
        "b": -0.40587527761588404,
        "c": -0.6163713503186685,
        "d": -0.3656984257287763,
        "e": -0.7100585462381406,
        "f": 0.7753350805764008,
        "color": 0.39167785300576075,
        "weight": 0.6201625712050659,
        "variations": {
          "spherical": 0.8207526806890378,
          "heart": 0.19408254567652827,
          "polar": 0.3892153238552247
        }
      }
    ],
    "num_points": 1199885,
    "gamma": 1.8255876786774987,
    "brightness": 1.2,
    "hue_rotation": 85.95932605709454
  }
}