{
  "seed": "fd30e2d9-ebfe-4f31-a7ff-2d7bff88c8e6",
  "params": {
    "transforms": [
      {
        "a": -0.9804507508347469,
        "b": 0.7729836086221382,
        "c": 0.7874535835870606,
        "d": 0.7538678869243505,
        "e": -0.8521398008672094,
        "f": 0.8812538665674983,
        "color": 0.3896816619971999,
        "weight": 0.41032274120659185,
        "variations": {
          "sinusoidal": 0.8703356361295191
        }
      },
      {
        "a": 0.2102317019364328,
        "b": 0.04199700995512945,
        "c": 0.74931582715114,
        "d": -0.11098203926025962,
        "e": 0.7973687961817557,
        "f": 1.2647223379326844,
        "color": 0.6757700811289057,
        "weight": 0.7470973062229311,
        "variations": {
          "sinusoidal": 0.9765704019672202,
          "spherical": 0.5018378323865252
        }
      },
      {
        "a": 0.7540716834142493,
        "b": -0.3566088855660001,
        "c": -0.014412038019305351,
        "d": 0.30927366703376835,
        "e": 1.3326665615188142,
        "f": 1.358937853785421,
        "color": 0.7309883656933116,
        "weight": 0.36359656617050673,
        "variations": {
          "sinusoidal": 0.3639320722439744,
          "polar": 0.3885998810294573,
          "spherical": 0.3665267826509703
        }
      }
    ],
    "num_points": 2721498,
    "gamma": 2.212304190356549,
    "brightness": 1.2,
    "hue_rotation": 300.05927521439264
  }
}