{
  "seed": "b8f70ec5-5f68-4b9d-b4b3-a564225469db",
  "params": {
    "transforms": [
      {
        "a": 0.8501800474899732,
        "b": 0.8775717370652416,
        "c": -0.6186243559461384,
        "d": 0.037880466262532275,
        "e": 1.4111034098836135,
        "f": -0.9956345834205995,
        "color": 0.5682108791306429,
        "weight": 0.7945263024511185,
        "variations": {
          "heart": 0.28942325318476003,
          "spherical": 0.36068670837205263,
          "swirl": 0.2796285694307954
        }
      },
      {
        "a": 0.6909506063209141,
        "b": 0.6030167619268174,
        "c": 0.09990785420598969,
        "d": 0.9672484284541292,
        "e": 0.7359266826141999,
        "f": -0.3242303896480041,
        "color": 0.4939708510152734,
        "weight": 0.7058235472953349,
        "variations": {
          "sinusoidal": 0.11743196395325062,
          "heart": 0.8937350994961681
        }
      }
    ],
    "num_points": 1771372,
    "gamma": 1.8967651067016011,
    "brightness": 1.2,
    "hue_rotation": 46.10418680235894
  }
}