{
  "seed": "b6d9a6fd-6c17-40e4-bcec-325f59b8fd56",
  "params": {
    "transforms": [
      {
        "a": -0.21773652130920818,
        "b": -0.7579658698531486,
        "c": -0.48217682387961003,
        "d": 0.8111169076831182,
        "e": -0.49160509948539266,
        "f": -0.8575707192601524,
        "color": 0.35808203322622023,
        "weight": 0.4550156269411656,
        "variations": {
          "heart": 0.5151354298869039
        }
      },
      {
        "a": -0.7934980677817103,
        "b": -0.63321998955716,
        "c": 0.505498894786844,
        "d": -0.44420295373729,
        "e": 1.0915075502405194,
        "f": 0.7237777798106366,
        "color": 0.34023405764355175,
        "weight": 0.44130571603268576,
        "variations": {
          "polar": 0.8527807967640348
        }
      }
    ],
    "num_points": 1477212,
    "gamma": 2.003980722715612,
    "brightness": 1.2,
    "hue_rotation": 242.30044978101233
  }
}