{
  "seed": "8bfb7229-a984-49d9-908d-a2cca05165a5",
  "params": {
    "transforms": [
      {
        "a": 0.962211053650945,
        "b": 0.30523549395518024,
        "c": 0.9120523345397209,
        "d": -0.8097891596375337,
        "e": -0.698427816663459,
        "f": 0.9433687642060282,
        "color": 0.7757830520937778,
        "weight": 0.6737091468030073,
        "variations": {
          "sinusoidal": 0.20606827617502144
        }
      },
      {
        "a": -0.5422948420820517,
        "b": 0.5021691730424531,
        "c": -0.860207822108112,
        "d": -0.334107613847912,
        "e": 1.4430689970628183,
        "f": -0.6096483939872037,
        "color": 0.4716130818141804,
        "weight": 0.4699661949686249,
        "variations": {
          "spherical": 0.9929053941632776,
          "heart": 0.35463268908104195
        }
      }
    ],
    "num_points": 2906708,
    "gamma": 1.904778401252766,
    "brightness": 1.2,
    "hue_rotation": 284.02900285173433
  }
}