{
  "seed": "5c24f78c-1b0e-4657-8831-ffeadacbd272",
  "params": {
    "transforms": [
      {
        "a": 0.10804329428041481,
        "b": -0.7387754977773036,
        "c": 0.009440153764970649,
        "d": 0.45301487893961245,
        "e": 0.1115441696215429,
        "f": 0.6381726098478109,
        "color": 0.14764808107883565,
        "weight": 0.3438441923391615,
        "variations": {
          "heart": 0.14277066445131348,
          "sinusoidal": 0.4897069298952038,
          "swirl": 0.2871207083386066
        }
      },
      {
        "a": 0.6765614829480802,
        "b": -0.22797477738059602,
        "c": 0.6394935837117246,
        "d": -0.9973595941453133,
        "e": 0.1235253829852021,
        "f": 1.4812551156587173,
        "color": 0.7030799289419314,
        "weight": 0.8294351759861708,
        "variations": {
          "polar": 0.08019304655410231
        }
      },
      {
        "a": -0.848773971800731,
        "b": 0.05718775774143392,
        "c": -0.4705594614173869,
        "d": 0.6339161806929645,
        "e": -0.7480251718370466,
        "f": 1.2601689750246425,
        "color": 0.33300991442885386,
        "weight": 0.7626920770823518,
        "variations": {
          "swirl": 0.3155286425011825
        }
      }
    ],
    "num_points": 2038393,
    "gamma": 2.373711044795774,
    "brightness": 1.2,
    "hue_rotation": 197.7815305956066
  }
}