{
  "seed": "fe15d275-b13f-49aa-99d4-b749ea483538",
  "params": {
    "transforms": [
      {
        "a": -0.1401965198547246,
        "b": -0.9768239781383286,
        "c": -0.9910697050088333,
        "d": 0.20149875070697565,
        "e": -0.9021643831779456,
        "f": -0.1455840554341239,
        "color": 0.12199359167600621,
        "weight": 0.3946777987110587,
        "variations": {
          "sinusoidal": 0.4123873213354371,
          "swirl": 0.8830821441478752,
          "linear": 0.013486800726014936
        }
      },
      {
        "a": 0.8737477545380485,
        "b": 0.12686096676592618,
        "c": -0.16186275261332628,
        "d": -0.2650487260091301,
        "e": -0.8976032536486013,
        "f": -1.0733536234588965,
        "color": 0.4872968185627983,
        "weight": 0.9052594275012864,
        "variations": {
          "polar": 0.22210587931924608
        }
      },
      {
        "a": 0.18970622050650587,
        "b": -0.8533603118763349,
        "c": -0.3308126671925107,
        "d": -0.3477262894995494,
        "e": 0.9553726695052847,
        "f": 0.9516769825180438,
        "color": 0.47063629906959137,
        "weight": 0.10334122519221509,
        "variations": {
          "spherical": 0.008629006633077974
        }
      }
    ],
    "num_points": 1417966,
    "gamma": 2.2143358776176467,
    "brightness": 1.2,
    "hue_rotation": 263.5919222636846
  }
}