{
  "seed": "e88dc7f7-2429-4f33-9a37-d141142b8fbc",
  "params": {
    "transforms": [
      {
        "a": 0.18068437604668985,
        "b": -0.22563546422857272,
        "c": 0.1256400882852342,
        "d": 0.268337988030678,
        "e": -0.900184065789537,
        "f": 0.7850284621044761,
        "color": 0.8249861349164355,
        "weight": 0.24730596747387792,
        "variations": {
          "heart": 0.008362474319415836,
          "polar": 0.4461558281088651,
          "linear": 0.9789424011961422
        }
      },
      {
        "a": 0.015738216666775884,
        "b": 0.699758595790368,
        "c": 0.633592977163149,
        "d": -0.9016179009319094,
        "e": -0.005165722575782183,
        "f": 0.07358146246105601,
        "color": 0.22094213594287404,
        "weight": 0.8736321803007645,
        "variations": {
          "sinusoidal": 0.36394518622916516,
          "polar": 0.636285081200748
        }
      }
    ],
    "num_points": 2638591,
    "gamma": 2.0130987387065735,
    "brightness": 1.2,
    "hue_rotation": 211.70010485967953
  }
}