{
  "seed": "8a68a9bc-2791-4cfd-9937-ddfc0f09b0b9",
  "params": {
    "transforms": [
      {
        "a": -0.7412786745325306,
        "b": -0.836532849717053,
        "c": -0.590356620800605,
        "d": 0.7868364067909541,
        "e": 0.20466361433577474,
        "f": -1.4280383442113722,
        "color": 0.7038098270485306,
        "weight": 0.11557910402375586,
        "variations": {
          "sinusoidal": 0.14280869208820124,
          "swirl": 0.13676361340550924
        }
      },
      {
        "a": 0.5771583210969535,
        "b": -0.572358133505793,
        "c": 0.9077013101211038,
        "d": 0.1539803453839561,
        "e": 1.4135684002284785,
        "f": -1.4993972442625707,
        "color": 0.43204763889474573,
        "weight": 0.2839454732981496,
        "variations": {
          "heart": 0.4659051421717174,
          "swirl": 0.31677892155638687
        }
      },
      {
        "a": 0.5297156860798513,
        "b": 0.6541881726538801,
        "c": -0.931625548944671,
        "d": -0.47508437979691154,
        "e": -0.8227969629903692,
        "f": 0.003021802595214229,
        "color": 0.32402918909545997,
        "weight": 0.8867176940804657,
        "variations": {
          "spherical": 0.045135430226995954,
          "heart": 0.8726040610874695
        }
      }
    ],
    "num_points": 1528552,
    "gamma": 1.9914679227916647,
    "brightness": 1.2,
    "hue_rotation": 165.2727288154277
  }
}