{
  "seed": "5c5f98f0-ded9-4c2e-8539-dd8eafa707fa",
  "params": {
    "transforms": [
      {
        "a": 0.7404138399871505,
        "b": 0.8141257013356267,
        "c": -0.935924004903997,
        "d": 0.2505152506525956,
        "e": -0.2719918261508505,
        "f": -0.3812196117843458,
        "color": 0.8261767118406378,
        "weight": 0.5980225657852714,
        "variations": {
          "linear": 0.7562772568470546,
          "heart": 0.008083114059145857
        }
      },
      {
        "a": 0.27348625039105756,
        "b": 0.5199508555416974,
        "c": 0.6963296514788946,
        "d": -0.01581840069895324,
        "e": 1.4484607863918852,
        "f": -0.9256065549736009,
        "color": 0.5562332310478544,
        "weight": 0.10113844873963851,
        "variations": {
          "heart": 0.5772976644157223,
          "sinusoidal": 0.12099423555622035
        }
      },
      {
        "a": 0.5196531061140874,
        "b": 0.2640589098632866,
        "c": 0.909999552805181,
        "d": -0.9537074378457582,
        "e": 1.313395122098095,
        "f": 0.006899683552759939,
        "color": 0.3396177852244442,
        "weight": 0.7705225454380612,
        "variations": {
          "swirl": 0.8739985170925995,
          "linear": 0.47495250885204277
        }
      }
    ],
    "num_points": 2557513,
    "gamma": 2.0565032546851745,
    "brightness": 1.2,
    "hue_rotation": 46.017356102386806
  }
}