{
  "seed": "073296bb-9c62-4b9b-93b9-9d0010126f65",
  "params": {
    "transforms": [
      {
        "a": -0.6210602607753763,
        "b": -0.4141843809513497,
        "c": -0.9040832341001876,
        "d": -0.12022727221596141,
        "e": 1.4771626301335035,
        "f": 1.3202114626500534,
        "color": 0.39167888242595594,
        "weight": 0.6462744410048785,
        "variations": {
          "linear": 0.6740924338616541
        }
      },
      {
        "a": 0.7058979047496148,
        "b": 0.30720542285304786,
        "c": 0.5808173536955801,
        "d": -0.4484984067625142,
        "e": 0.20181353783666012,
        "f": -0.08710367095228988,
        "color": 0.034453169088112245,
        "weight": 0.6744486831207842,
        "variations": {
          "polar": 0.9106895847864037
        }
      },
      {
        "a": 0.13941970575745866,
        "b": -0.9258474427233778,
        "c": 0.3927574542826102,
        "d": 0.1291252396150575,
        "e": -0.5124618968458047,
        "f": 1.3754771590327568,
        "color": 0.8668384049139609,
        "weight": 0.7985003255889805,
        "variations": {
          "linear": 0.7490828631653946,
          "swirl": 0.11045133040484889
        }
      },
      {
        "a": -0.30069177376242084,
        "b": 0.3353520628764284,
        "c": -0.4501267969473637,
        "d": -0.12056122046976925,
        "e": 0.18412838551941224,
        "f": 1.0560368323567446,
        "color": 0.5412200461736253,
        "weight": 0.820334381077247,
        "variations": {
          "polar": 0.10814239428469852
        }
      }
    ],
    "num_points": 1904888,
    "gamma": 2.3187013591379664,
    "brightness": 1.2,
    "hue_rotation": 246.92548197612444
  }
}