{
  "seed": "9fb9c912-3ab7-4e91-bb5c-30eef515d787",
  "params": {
    "transforms": [
      {
        "a": 0.5905220933365003,
        "b": -0.004776074114176243,
        "c": 0.3008029330455224,
        "d": 0.2745136994803381,
        "e": 0.17141607636047906,
        "f": 0.2550137918411428,
        "color": 0.21913225595518782,
        "weight": 0.8614544083984966,
        "variations": {
          "linear": 0.7051260053153234,
          "sinusoidal": 0.3734701096270573
        }
      },
      {
        "a": 0.09239971352220233,
        "b": 0.6903920385183542,
        "c": 0.6270394111367623,
        "d": -0.7945493186060542,
        "e": -0.11983202365637413,
        "f": 0.9676723533391258,
        "color": 0.17718060112391598,
        "weight": 0.9670006769667391,
        "variations": {
          "polar": 0.9809738912344672,
          "sinusoidal": 0.45630956861714445
        }
      },
      {
        "a": -0.8429036916286334,
        "b": 0.7401635788579899,
        "c": -0.660267111830124,
        "d": -0.13470705215790346,
        "e": -0.01638005427907041,
        "f": 0.7017314565134649,
        "color": 0.24026418657017234,
        "weight": 0.8993212639086896,
        "variations": {
          "polar": 0.9477935789513694,
          "sinusoidal": 0.5869585885023886
        }
      }
    ],
    "num_points": 1522550,
    "gamma": 2.111842158808724,
    "brightness": 1.2,
    "hue_rotation": 294.3962077853952
  }
}