{
  "seed": "32b41b03-7870-4487-a3c0-f698eb1cdb65",
  "params": {
    "transforms": [
      {
        "a": 0.10116303909258195,
        "b": 0.8429351060320509,
        "c": -0.2094805923473133,
        "d": -0.6941419673912552,
        "e": 0.6033790429555239,
        "f": -0.6621329943270805,
        "color": 0.24201738267263784,
        "weight": 0.5264294977287368,
        "variations": {
          "linear": 0.21822253188563523,
          "heart": 0.7735028514486477,
          "swirl": 0.1763969748308276
        }
      },
      {
        "a": 0.7626585289889953,
        "b": 0.10249442436677869,
        "c": 0.10382180836134047,
        "d": 0.8962134693933173,
        "e": 0.8090635032037881,
        "f": 0.004201526650458476,
        "color": 0.33215620715464933,
        "weight": 0.4229772311398893,
        "variations": {
          "polar": 0.19941014009485003
        }
      },
      {
        "a": 0.2443663527434301,
        "b": -0.616722394025472,
        "c": 0.6138469665596453,
        "d": -0.7911315740972094,
        "e": 0.33403104011790763,
        "f": 0.10990501023265375,
        "color": 0.17353159760977777,
        "weight": 0.563576360300985,
        "variations": {
          "linear": 0.5464747721140008,
          "polar": 0.19186087317149536
        }
      }
    ],
    "num_points": 1037624,
    "gamma": 2.390771090292435,
    "brightness": 1.2,
    "hue_rotation": 340.5062412299275
  }
}