{
  "seed": "8181bc1a-b116-44dc-a0fc-fe8464e04962",
  "params": {
    "transforms": [
      {
        "a": 0.07657145963295897,
        "b": -0.5607997232791129,
        "c": 0.07797916821416484,
        "d": -0.365483755414183,
        "e": 1.2645938450886347,
        "f": 0.9289465068497345,
        "color": 0.8202133437688702,
        "weight": 0.19208961034164762,
        "variations": {
          "spherical": 0.2660394833058285,
          "polar": 0.20860326828644715,
          "sinusoidal": 0.32250499259779053
        }
      },
      {
        "a": -0.09653289521546538,
        "b": -0.37778410497711445,
        "c": -0.48872228566133646,
        "d": 0.01707541180534866,
        "e": -0.9881454932858222,
        "f": 1.1822369622536302,
        "color": 0.9480201908663745,
        "weight": 0.35947633250981104,
        "variations": {
          "sinusoidal": 0.8324390981562638
        }
      }
    ],
    "num_points": 1770814,
    "gamma": 2.314505462367667,
    "brightness": 1.2,
    "hue_rotation": 69.82141150290357
  }
}