{
  "seed": "2add7615-7dec-4df9-b340-e1e58bb51adc",
  "params": {
    "transforms": [
      {
        "a": 0.5470191014758892,
        "b": -0.8078538768922463,
        "c": 0.36740209510801725,
        "d": -0.5548030948969205,
        "e": 0.4147361026884737,
        "f": -0.7914914404318099,
        "color": 0.9200887430284441,
        "weight": 0.5256054906408938,
        "variations": {
          "linear": 0.09698071027554167,
          "sinusoidal": 0.8402787592365704,
          "polar": 0.19827019802709422
        }
      },
      {
        "a": -0.4150970388812054,
        "b": -0.1884563409641915,
        "c": -0.7895911324467728,
        "d": -0.3092284775508354,
        "e": -1.188981084064569,
        "f": -1.4292434563152163,
        "color": 0.951609522615624,
        "weight": 0.2587512946024322,
        "variations": {
          "sinusoidal": 0.016044808358968154,
          "swirl": 0.12401130708238595
        }
      },
      {
        "a": 0.6654542816603435,
        "b": 0.46416658954671686,
        "c": 0.8919290695081687,
        "d": 0.9155184116859723,
        "e": -0.13319022964462013,
        "f": 0.07255566691080229,
        "color": 0.8675355580245453,
        "weight": 0.49330905476289044,
        "variations": {
          "spherical": 0.839279170617183,
          "heart": 0.0233547737128027
        }
      },
      {
        "a": 0.7595594077890375,
        "b": -0.39695733975514425,
        "c": -0.09573116868083908,
        "d": -0.9326417059757146,
        "e": -0.0560384906878153,
        "f": 0.22264603834754904,
        "color": 0.905480565138956,
        "weight": 0.39421183261690484,
        "variations": {
          "heart": 0.8123085719188952
        }
      }
    ],
    "num_points": 2940315,
    "gamma": 1.9654345511826623,
    "brightness": 1.2,
    "hue_rotation": 165.02198662477855
  }
}