{
  "seed": "44435c7f-dad8-4986-947e-a615b1ba3ba3",
  "params": {
    "transforms": [
      {
        "a": 0.49178876831287144,
        "b": 0.012348912531596978,
        "c": 0.17106252467365923,
        "d": 0.5746141799780107,
        "e": -1.492028468049514,
        "f": 1.0258634518843515,
        "color": 0.03822520552989861,
        "weight": 0.21033231974204103,
        "variations": {
          "heart": 0.9065754996686117,
          "swirl": 0.5550655395578522,
          "linear": 0.453726182423152
        }
      },
      {
        "a": -0.865044244038254,
        "b": 0.9038547288673715,
        "c": -0.16604510213226442,
        "d": -0.2719223436167717,
        "e": -0.1276040801866647,
        "f": -1.2457876946802018,
        "color": 0.32371190617786494,
        "weight": 0.7300541820107638,
        "variations": {
          "swirl": 0.4368798649306792
        }
      },
      {
        "a": -0.2878807591356969,
        "b": 0.9043263018852539,
        "c": 0.3830253787361275,
        "d": -0.5482971736909985,
        "e": 1.0616317478776054,
        "f": -1.333320863478745,
        "color": 0.496492321380117,
        "weight": 0.16660670049608434,
        "variations": {
          "heart": 0.1730033628816917,
          "swirl": 0.018061722807104275
        }
      },
      {
        "a": -0.5321995299187248,
        "b": 0.7959164818906708,
        "c": -0.6723898514790501,
        "d": -0.6382979458629621,
        "e": 0.7529897001078085,
        "f": -1.2634216336695399,
        "color": 0.6189701507460376,
        "weight": 0.9456493025562912,
        "variations": {
          "linear": 0.09556599059123139
        }
      }
    ],
    "num_points": 2962775,
    "gamma": 1.9654589316795021,
    "brightness": 1.2,
    "hue_rotation": 263.48120962608516
  }
}