{
  "seed": "e2acbedc-c4c6-4f7a-9f86-f94870c7b014",
  "params": {
    "transforms": [
      {
        "a": -0.3410563179981829,
        "b": 0.9707468613665096,
        "c": 0.33282513863725893,
        "d": 0.9478304319512729,
        "e": -1.3665193147850996,
        "f": 1.1344860705557185,
        "color": 0.7829959790202922,
        "weight": 0.761431349289375,
        "variations": {
          "swirl": 0.4754348388196423,
          "heart": 0.9445858682374291
        }
      },
      {
        "a": 0.36408907988396577,
        "b": 0.9275367148987526,
        "c": -0.1534149961578557,
        "d": 0.30858981986524103,
        "e": -0.039423734275866984,
        "f": 0.5584162344087202,
        "color": 0.16108682376008243,
        "weight": 0.42041444420831153,
        "variations": {
          "spherical": 0.9779450070105576
        }
      },
      {
        "a": 0.23502222808343243,
        "b": 0.8318374562651296,
        "c": -0.17668669870026354,
        "d": 0.5215888928415975,
        "e": -1.0981517812091317,
        "f": -1.246980231731461,
        "color": 0.1748773345047433,
        "weight": 0.10365173601082193,
        "variations": {
          "heart": 0.07439358298636056
        }
      }
    ],
    "num_points": 1608545,
    "gamma": 2.446090658567803,
    "brightness": 1.2,
    "hue_rotation": 165.65290751655803
  }
}