{
  "seed": "890a56da-25bd-4b55-b4fe-f7864c80ad5d",
  "params": {
    "transforms": [
      {
        "a": -0.49937600704091434,
        "b": 0.3121676657962691,
        "c": 0.6587452036715551,
        "d": -0.054498287140213764,
        "e": -0.5792485810870767,
        "f": -0.16360297230192078,
        "color": 0.8265921545805058,
        "weight": 0.20145226817506523,
        "variations": {
          "heart": 0.023032101824049578,
          "swirl": 0.7177713860806729
        }
      },
      {
        "a": -0.015170162718979752,
        "b": -0.6138309061150158,
        "c": 0.20595232883164516,
        "d": -0.8624180772441761,
        "e": 0.25341066831192416,
        "f": -1.4498837307520138,
        "color": 0.9996023221279373,
        "weight": 0.7431926170772404,
        "variations": {
          "swirl": 0.28556447132220963
        }
      },
      {
        "a": -0.742020115583008,
        "b": -0.42430777423450405,
        "c": 0.6483063255618022,
        "d": 0.4783370818946695,
        "e": -0.8033789787303951,
        "f": 0.4956966623314152,
        "color": 0.6512574473800897,
        "weight": 0.14583835099245654,
        "variations": {
          "heart": 0.4734077676594457,
          "sinusoidal": 0.050875671937072875
        }
      }
    ],
    "num_points": 2818560,
    "gamma": 2.1277970599438505,
    "brightness": 1.2,
    "hue_rotation": 38.618188684531155
  }
}