{
  "seed": "853e59a1-56b0-4edb-900f-00bfcfc68822",
  "params": {
    "transforms": [
      {
        "a": 0.9084404780378894,
        "b": 0.035763995851712194,
        "c": 0.4145058211705068,
        "d": 0.23482019182141034,
        "e": -1.447377532418643,
        "f": 1.365870640548846,
        "color": 0.6337700203985945,
        "weight": 0.23874911787274816,
        "variations": {
          "sinusoidal": 0.9449247887566717
        }
      },
      {
        "a": -0.8875193149497256,
        "b": 0.3735963642663782,
        "c": -0.5037831018621488,
        "d": -0.8392305245654224,
        "e": -1.4329508572016891,
        "f": 1.3821564185551911,
        "color": 0.5291270640165245,
        "weight": 0.3983416613291473,
        "variations": {
          "polar": 0.24195204925895752
        }
      }
    ],
    "num_points": 2330732,
    "gamma": 2.124121795791936,
    "brightness": 1.2,
    "hue_rotation": 303.3414710896791
  }
}