{
  "seed": "db35f6dc-ea1f-4af6-a3d3-f19636fc38c4",
  "params": {
    "transforms": [
      {
        "a": 0.1547728362942018,
        "b": -0.6593599298447237,
        "c": -0.6107076559412714,
        "d": 0.5652520289551084,
        "e": -0.3939468364039076,
        "f": 0.6459956103691904,
        "color": 0.10023712431236353,
        "weight": 0.9260650791852315,
        "variations": {
          "linear": 0.13532078398729408
        }
      },
      {
        "a": -0.6148670627445036,
        "b": 0.932389769566792,
        "c": -0.6521769818392624,
        "d": 0.7195406304796699,
        "e": -1.4180362239144637,
        "f": -1.4737965327838967,
        "color": 0.5217434972087832,
        "weight": 0.34802246118832636,
        "variations": {
          "heart": 0.1654253720877732,
          "swirl": 0.8597664279114556
        }
      },
      {
        "a": 0.7019229315446718,
        "b": 0.052939785727773137,
        "c": 0.3072239328359103,
        "d": 0.8962610624910177,
        "e": 1.469441559196496,
        "f": 1.0484539074691805,
        "color": 0.13100048629197114,
        "weight": 0.6057661284720868,
        "variations": {
          "polar": 0.9298728236143352
        }
      }
    ],
    "num_points": 1561453,
    "gamma": 2.2867873646061123,
    "brightness": 1.2,
    "hue_rotation": 201.35554397074995
  }
}