{
  "seed": "d12524f5-c081-4dfa-b8a0-6d937abe7486",
  "params": {
    "transforms": [
      {
        "a": 0.5353913787658147,
        "b": -0.2607266019032779,
        "c": 0.3398566307929858,
        "d": -0.20083816359958084,
        "e": 0.9714355336629463,
        "f": 1.2729720164629326,
        "color": 0.3993170705125182,
        "weight": 0.5085097660601774,
        "variations": {
          "polar": 0.5284786571511646,
          "linear": 0.8961639692052742
        }
      },
      {
        "a": 0.07172323344025067,
        "b": 0.2011173769760488,
        "c": -0.500728609477068,
        "d": 0.06807464818590292,
        "e": -1.3613648777070568,
        "f": -1.2857423619587678,
        "color": 0.8842936495057098,
        "weight": 0.4774255995560803,
        "variations": {
          "heart": 0.5503333039314138,
          "sinusoidal": 0.5085297933281375,
          "swirl": 0.05336999602454062
        }
      },
      {
        "a": -0.8829683165001141,
        "b": 0.8720468036674456,
        "c": -0.34046106487511074,
        "d": 0.35130684808791734,
        "e": -1.2076193685870535,
        "f": 1.442226202900112,
        "color": 0.24105665082059247,
        "weight": 0.9804300197439041,
        "variations": {
          "linear": 0.7309743545272014,
          "spherical": 0.712602103530088,
          "swirl": 0.2903776867657081
        }
      }
    ],
    "num_points": 1860819,
    "gamma": 2.3123818037245973,
    "brightness": 1.2,
    "hue_rotation": 150.30180705043216
  }
}