{
  "seed": "0d6ff280-20ae-4307-a935-3fda0ff62a56",
  "params": {
    "transforms": [
      {
        "a": 0.18118645268314282,
        "b": -0.2655249216308391,
        "c": -0.09607460342375806,
        "d": -0.1376318788842803,
        "e": -0.7803811091357145,
        "f": -1.2858057023132599,
        "color": 0.3695099244581155,
        "weight": 0.4243434595176828,
        "variations": {
          "sinusoidal": 0.9003301303436586,
          "spherical": 0.5657027321922478
        }
      },
      {
        "a": 0.6479689854310642,
        "b": -0.18390790861260453,
        "c": 0.5457586311759288,
        "d": 0.8170764337052645,
        "e": -1.0526096523664767,
        "f": 0.37399106686860506,
        "color": 0.5915830570071501,
        "weight": 0.4994637823781496,
        "variations": {
          "spherical": 0.4574631930971601,
          "polar": 0.25082928705936525
        }
      },
      {
        "a": -0.01012947072387238,
        "b": -0.791556372971792,
        "c": -0.8746510149567457,
        "d": -0.24971615302579098,
        "e": -0.9700078401551692,
        "f": -0.6818289143292597,
        "color": 0.19631844429642664,
        "weight": 0.6469847507242833,
        "variations": {
          "sinusoidal": 0.07883654282226227,
          "heart": 0.34172869032412256
        }
      },
      {
        "a": 0.30062851286858816,
        "b": -0.015446777980267612,
        "c": -0.43081872205202654,
        "d": 0.8796528087541673,
        "e": -0.46255144512074775,
        "f": 1.3237034679453585,
        "color": 0.7757688030983353,
        "weight": 0.9749171184803473,
        "variations": {
          "linear": 0.687863174755474,
          "swirl": 0.20673450252390713,
          "polar": 0.5322320569650277
        }
      }
    ],
    "num_points": 1417107,
    "gamma": 2.0684578936062326,
    "brightness": 1.2,
    "hue_rotation": 309.4054727232678
  }
}