{
  "seed": "4fb6ac13-ac06-43fd-af54-96966e36a7ab",
  "params": {
    "transforms": [
      {
        "a": -0.5769317199297037,
        "b": -0.7169585961852865,
        "c": -0.7408484641477846,
        "d": 0.27131285766169877,
        "e": 0.34395988745214057,
        "f": -0.31962627011620626,
        "color": 0.7962090540933366,
        "weight": 0.49207032744961754,
        "variations": {
          "spherical": 0.23827025349601305
        }
      },
      {
        "a": -0.24309437753795016,
        "b": -0.5464858145286944,
        "c": -0.23685858023491413,
        "d": -0.6797985958981929,
        "e": 0.3002889750934292,
        "f": 1.43684199363999,
        "color": 0.9027791214820288,
        "weight": 0.18018516919633298,
        "variations": {
          "heart": 0.5685816105163813,
          "spherical": 0.96271935067504,
          "sinusoidal": 0.0621658448197594
        }
      },
      {
        "a": 0.7173239849923139,
        "b": 0.9828956585170243,
        "c": -0.22741740922107256,
        "d": 0.3030222739908395,
        "e": -0.6015349756972515,
        "f": 1.2040112750640546,
        "color": 0.6455142724489696,
        "weight": 0.6239786211952543,
        "variations": {
          "swirl": 0.9614041511426705
        }
      }
    ],
    "num_points": 2060683,
    "gamma": 2.304825272008226,
    "brightness": 1.2,
    "hue_rotation": 100.26954809164349
  }
}