{
  "seed": "417eb42a-d505-48ac-afdd-23a86d381bb3-37",
  "parameters": {
    "num_transforms": 4,
    "transforms": [
      {
        "a": 0.6202999860300906,
        "b": -0.7676921398650611,
        "c": 1.2828828963210768,
        "d": 0.44883634294425057,
        "e": 1.0133051869769467,
        "f": -1.2210618379923175,
        "color": 0.49166815903940586,
        "variations": {
          "horseshoe": 0.340842839986656,
          "sinusoidal": 0.44722070476106646,
          "linear": 0.9655445357561959,
          "polar": 0.7058330580482733
        },
        "weight": 1.2903944512250745
      },
      {
        "a": -0.3588066150344267,
        "b": -0.27638153173819413,
        "c": 0.13047666927360013,
        "d": -1.25784996657474,
        "e": -0.0445330165723159,
        "f": -0.6316427625189915,
        "color": 0.3329599318334645,
        "variations": {
          "hyperbolic": 0.45437741573282686,
          "swirl": 0.8158789467845721,
          "disc": 0.6781924491569624
        },
        "weight": 1.6447425467413535
      },
      {
        "a": -1.0349421130424725,
        "b": -1.2330485062783254,
        "c": -1.41676119723601,
        "d": 0.08012968970848755,
        "e": 0.3086049744784276,
        "f": -0.12517143911193096,
        "color": 0.9952076505568084,
        "variations": {
          "horseshoe": 0.13873018850029617,
          "swirl": 0.0
        },
        "weight": 0.5108451386167208
      },
      {
        "a": 0.45796332601783174,
        "b": 0.1009443506013592,
        "c": 1.027689804151549,
        "d": -0.729633843375402,
        "e": 0.3346745831596387,
        "f": 0.2493661768801203,
        "color": 0.3482747119998221,
        "variations": {
          "sinusoidal": 0.800394334481374,
          "linear": 0.0
        },
        "weight": 1.8242497475298665
      }
    ],
    "num_points": 1432273,
    "gamma": 1.4781642153661405,
    "brightness": 1.7044258669154975,
    "contrast": 0.7341882084134779,
    "hue_rotation": 340.9956477228054
  }
}