{
  "seed": "4fec7659-0071-4db4-87ec-afbe6eea8f4d",
  "params": {
    "transforms": [
      {
        "a": 0.03264874514143434,
        "b": -0.11109783775362025,
        "c": 0.344596131431252,
        "d": 0.5265133587915898,
        "e": -0.1969551552114286,
        "f": -0.4231251780353875,
        "color": 0.4442559086732494,
        "weight": 0.9109286591604838,
        "variations": {
          "sinusoidal": 0.03955565212819201,
          "polar": 0.4315412078958576
        }
      },
      {
        "a": 0.6968138378450726,
        "b": 0.35427606759218944,
        "c": 0.39653792322282144,
        "d": -0.45171732522444463,
        "e": -1.2071363788856608,
        "f": 0.4656706484444437,
        "color": 0.699751892193032,
        "weight": 0.5435619672469966,
        "variations": {
          "polar": 0.652833175260553
        }
      },
      {
        "a": 0.3595091309152143,
        "b": -0.736508672773825,
        "c": 0.4742382623322676,
        "d": 0.4954428944875622,
        "e": 0.15982856213275287,
        "f": -0.5020247760758916,
        "color": 0.5103423378679263,
        "weight": 0.5094783180667409,
        "variations": {
          "swirl": 0.8617409183649422
        }
      }
    ],
    "num_points": 2548832,
    "gamma": 2.0387517991139807,
    "brightness": 1.2,
    "hue_rotation": 72.53534531669813
  }
}