{
  "seed": "143f86a0-10cc-414e-bd26-af7c7f7cbfbe",
  "params": {
    "transforms": [
      {
        "a": 0.062363769631199384,
        "b": 0.6702747459390641,
        "c": 0.1082184059837612,
        "d": 0.8474496917821506,
        "e": -1.0497136197352492,
        "f": 1.313743677160942,
        "color": 0.15230007133769152,
        "weight": 0.6492613489491595,
        "variations": {
          "swirl": 0.4651344035652011,
          "linear": 0.5905351640641318
        }
      },
      {
        "a": 0.7000942407687014,
        "b": 0.8383877914634819,
        "c": -0.17657762925195652,
        "d": 0.790893427355083,
        "e": 0.0029794352947285496,
        "f": -1.49664826629814,
        "color": 0.017145556394071004,
        "weight": 0.2593485253556814,
        "variations": {
          "spherical": 0.41235478923361935,
          "swirl": 0.9991176361464886,
          "sinusoidal": 0.3499875944946008
        }
      },
      {
        "a": -0.07151225587923649,
        "b": -0.35193925813786153,
        "c": 0.11576873038455182,
        "d": 0.1817529536878113,
        "e": 0.7327389287818735,
        "f": -0.6426557408561856,
        "color": 0.8775495014778136,
        "weight": 0.3889265050260866,
        "variations": {
          "swirl": 0.5332015878529865,
          "sinusoidal": 0.23183359880756493
        }
      }
    ],
    "num_points": 1213901,
    "gamma": 1.858138183431903,
    "brightness": 1.2,
    "hue_rotation": 121.01128770106118
  }
}