{
  "seed": "1d63f33d-2e6c-475e-a113-fd097810ba69",
  "params": {
    "transforms": [
      {
        "a": -0.6361426429911883,
        "b": -0.7141280483024133,
        "c": 0.5398069081523318,
        "d": 0.20258178990408315,
        "e": 0.4251460481183602,
        "f": -1.4134310783685606,
        "color": 0.6624630794770425,
        "weight": 0.4213237360594787,
        "variations": {
          "polar": 0.9106756278876501,
          "swirl": 0.17548382204403934
        }
      },
      {
        "a": -0.5706565507820347,
        "b": -0.4882132034630582,
        "c": 0.5280631139677623,
        "d": -0.08391486569431517,
        "e": 0.6791421880431696,
        "f": -1.4211864747287903,
        "color": 0.06885314635208972,
        "weight": 0.2913516751201093,
        "variations": {
          "polar": 0.537923014085504
        }
      },
      {
        "a": 0.48761444902575657,
        "b": -0.7869604581277607,
        "c": 0.9510769232613421,
        "d": -0.7592186355100918,
        "e": 0.9313854393567351,
        "f": -0.9435307795778621,
        "color": 0.37356613498829716,
        "weight": 0.8053462552472409,
        "variations": {
          "sinusoidal": 0.32776682800166035,
          "polar": 0.17185579510134208
        }
      },
      {
        "a": -0.6448197981181865,
        "b": -0.4446348314433164,
        "c": 0.5091791030072466,
        "d": -0.05719701921487941,
        "e": 1.202276042932815,
        "f": 0.8123491602013382,
        "color": 0.9464288433622091,
        "weight": 0.3586665277550348,
        "variations": {
          "swirl": 0.3121568135271704,
          "heart": 0.9221791672261613,
          "linear": 0.16821072412467664
        }
      }
    ],
    "num_points": 2638102,
    "gamma": 1.9404827615801152,
    "brightness": 1.2,
    "hue_rotation": 145.8497982167995
  }
}