{
  "seed": "8f6e8e5c-d4ad-4199-95e5-9992fc1d4c46",
  "params": {
    "transforms": [
      {
        "a": 0.6325441310172084,
        "b": 0.9800200679892781,
        "c": -0.8845390074265986,
        "d": -0.2650347828777029,
        "e": -0.8113818122948703,
        "f": 0.008918551210392422,
        "color": 0.7333068239778682,
        "weight": 0.8513720016973926,
        "variations": {
          "heart": 0.2648768892516742
        }
      },
      {
        "a": -0.6573951669650455,
        "b": 0.6126137542422148,
        "c": 0.05115165282579803,
        "d": 0.14682149810916023,
        "e": -0.7522821753549584,
        "f": -0.6522008819474122,
        "color": 0.6031247534544237,
        "weight": 0.2817287052919487,
        "variations": {
          "linear": 0.25141728074982117,
          "sinusoidal": 0.37550986323710134
        }
      },
      {
        "a": 0.20544407692954958,
        "b": -0.6362588672576397,
        "c": -0.6941300868344873,
        "d": -0.2611925960669532,
        "e": 1.0375514605124425,
        "f": -0.5709492585216737,
        "color": 0.7980444506557699,
        "weight": 0.7299607962207134,
        "variations": {
          "heart": 0.26441134730316207
        }
      },
      {
        "a": 0.035166691283892604,
        "b": 0.7657659637208576,
        "c": 0.6308288405917273,
        "d": 0.7113260105273989,
        "e": -0.9702976897358048,
        "f": 0.03172485768028377,
        "color": 0.8555813358975831,
        "weight": 0.7066698841548089,
        "variations": {
          "sinusoidal": 0.13230374721070126,
          "swirl": 0.3280048263008467,
          "polar": 0.37350782781741754
        }
      }
    ],
    "num_points": 2495165,
    "gamma": 2.4375053572951995,
    "brightness": 1.2,
    "hue_rotation": 95.70666344589891
  }
}