{
  "seed": "c01b8d03-5ab7-4d23-abcc-009079de8087",
  "params": {
    "transforms": [
      {
        "a": -0.8508856967341079,
        "b": 0.4809995739843349,
        "c": 0.6337573145876598,
        "d": -0.4679678586930296,
        "e": -0.36736599970748784,
        "f": -0.7237884648454124,
        "color": 0.5792260568678825,
        "weight": 0.7725492666807705,
        "variations": {
          "spherical": 0.31226970883801275
        }
      },
      {
        "a": 0.8279660912833056,
        "b": 0.5573731179995005,
        "c": 0.8275167520411606,
        "d": -0.8529539136802495,
        "e": -1.070849892639778,
        "f": -0.21117174379324322,
        "color": 0.9327966236736585,
        "weight": 0.26877467625152995,
        "variations": {
          "polar": 0.468915894566556
        }
      }
    ],
    "num_points": 2297398,
    "gamma": 2.350698904811479,
    "brightness": 1.2,
    "hue_rotation": 38.12456077751342
  }
}