{
  "seed": "6b4b4f25-d72d-48e9-b416-3704b6ec0704",
  "params": {
    "transforms": [
      {
        "a": 0.16003092423053755,
        "b": 0.5168807785624345,
        "c": 0.6820226016974871,
        "d": -0.10850215709378963,
        "e": -0.910269014217725,
        "f": -0.007703780856958664,
        "color": 0.8498219686794433,
        "weight": 0.23908713414021077,
        "variations": {
          "polar": 0.46623073733228115
        }
      },
      {
        "a": 0.6601227162708379,
        "b": -0.7617233073515479,
        "c": 0.7777225369859073,
        "d": 0.0015453335954276337,
        "e": -0.29744204787984696,
        "f": 0.7822052793171936,
        "color": 0.4812625449457084,
        "weight": 0.3910913248500133,
        "variations": {
          "spherical": 0.025506981623865554,
          "swirl": 0.9169908493441884
        }
      },
      {
        "a": -0.1323063832853455,
        "b": -0.32462174570749136,
        "c": 0.7182778577745637,
        "d": -0.5342801250770917,
        "e": -0.6099951256930304,
        "f": -1.2023894799099382,
        "color": 0.24963724306795843,
        "weight": 0.4395898929690605,
        "variations": {
          "swirl": 0.39133174579470253,
          "polar": 0.7328216577826769
        }
      }
    ],
    "num_points": 2871974,
    "gamma": 1.9631457236372891,
    "brightness": 1.2,
    "hue_rotation": 232.02917597500854
  }
}