{
  "seed": "27e7250e-2802-49e5-a273-c17b3c664733",
  "params": {
    "transforms": [
      {
        "a": 0.5037189252242169,
        "b": 0.9255437248055267,
        "c": -0.7699120829460113,
        "d": -0.7253309727578747,
        "e": 0.42555888923208185,
        "f": 1.0273228230894933,
        "color": 0.4932207975211529,
        "weight": 0.1071699051433335,
        "variations": {
          "heart": 0.4827815810243352,
          "spherical": 0.3071904123370027
        }
      },
      {
        "a": 0.9723135724500394,
        "b": 0.2818711306894912,
        "c": 0.062129487651569004,
        "d": 0.910725915315892,
        "e": 1.3423460892131032,
        "f": -0.7625181622892715,
        "color": 0.1880117767932522,
        "weight": 0.2263451716846324,
        "variations": {
          "linear": 0.49851933833335693
        }
      },
      {
        "a": -0.2580443196175224,
        "b": 0.6245906619058612,
        "c": 0.3690967834829779,
        "d": 0.4611313720397412,
        "e": 1.4152466473944627,
        "f": 0.11513219479689862,
        "color": 0.8644777969316862,
        "weight": 0.2901749714531283,
        "variations": {
          "heart": 0.2675380966688413,
          "spherical": 0.9755604418087358
        }
      }
    ],
    "num_points": 1573815,
    "gamma": 2.4474920459661087,
    "brightness": 1.2,
    "hue_rotation": 218.18247549650647
  }
}