{
  "seed": "9634d127-d770-4edd-bbb3-866fa062dd0d",
  "params": {
    "transforms": [
      {
        "a": -0.9203404428106485,
        "b": 0.038062672653820906,
        "c": -0.4939556612424538,
        "d": 0.9670136853514235,
        "e": 0.5502508053507329,
        "f": 0.4884597504356194,
        "color": 0.6271934135054447,
        "weight": 0.1491112277589568,
        "variations": {
          "linear": 0.21686368536249634
        }
      },
      {
        "a": -0.9352125884118101,
        "b": 0.24743260828371882,
        "c": 0.12032378802478694,
        "d": -0.07068080468207216,
        "e": 1.4406109349214633,
        "f": -0.6180516803155999,
        "color": 0.14969530828903754,
        "weight": 0.8243669717363095,
        "variations": {
          "spherical": 0.3854419567409316,
          "swirl": 0.7792576301820571
        }
      }
    ],
    "num_points": 1477324,
    "gamma": 1.9252208286331634,
    "brightness": 1.2,
    "hue_rotation": 23.512152065940594
  }
}