{
  "seed": "9f369e32-06ea-49d0-8002-d641a004e154",
  "params": {
    "transforms": [
      {
        "a": 0.0793094504210532,
        "b": -0.8356417979041768,
        "c": 0.5474799556363612,
        "d": 0.3510063268201391,
        "e": -0.9946368371060549,
        "f": 0.8502488855011978,
        "color": 0.6718733895844123,
        "weight": 0.8847045223057693,
        "variations": {
          "sinusoidal": 0.1746912959571042
        }
      },
      {
        "a": -0.24810484052163395,
        "b": -0.4495477127668577,
        "c": 0.5864135891081865,
        "d": -0.47957703904224736,
        "e": 0.8344935572144538,
        "f": -0.6856194861466973,
        "color": 0.6211291610421579,
        "weight": 0.36347660598620923,
        "variations": {
          "sinusoidal": 0.5242457939781036,
          "swirl": 0.4212652569964124
        }
      },
      {
        "a": 0.9802655553385571,
        "b": -0.13728070017696203,
        "c": 0.35793806093345837,
        "d": 0.3936456904556853,
        "e": -0.8848242434237433,
        "f": -0.471766959259178,
        "color": 0.3653080631612631,
        "weight": 0.9450632821292891,
        "variations": {
          "sinusoidal": 0.5943969221541469,
          "spherical": 0.43675073194543135,
          "heart": 0.8158929351293013
        }
      },
      {
        "a": 0.6445015075237155,
        "b": -0.2588543550462674,
        "c": 0.08464345601598389,
        "d": 0.47149027751104056,
        "e": 0.438785288536057,
        "f": 1.200603655455315,
        "color": 0.7626081992538556,
        "weight": 0.8747691803237068,
        "variations": {
          "polar": 0.4072052377955311,
          "sinusoidal": 0.3509873356277875,
          "linear": 0.2725742548582698
        }
      }
    ],
    "num_points": 2640804,
    "gamma": 2.1298269879384977,
    "brightness": 1.2,
    "hue_rotation": 118.93493693333227
  }
}