{
  "seed": "c180738e-f4dd-4dad-9031-297fcf2ad724",
  "params": {
    "transforms": [
      {
        "a": 0.3456264983059718,
        "b": -0.4043926414962702,
        "c": 0.6893958075439435,
        "d": -0.9886371282963995,
        "e": 0.10446840695783832,
        "f": -0.1903124746527678,
        "color": 0.6284285824385594,
        "weight": 0.6298053483575881,
        "variations": {
          "swirl": 0.29337144389383296,
          "spherical": 0.5105408059916696,
          "sinusoidal": 0.3321820935635952
        }
      },
      {
        "a": 0.517880341500031,
        "b": 0.5183575040405362,
        "c": -0.7688229012467263,
        "d": -0.656525821393773,
        "e": -0.023302606465519515,
        "f": -0.8108688870568551,
        "color": 0.7439370878223274,
        "weight": 0.8936984666243795,
        "variations": {
          "swirl": 0.22312978621632373
        }
      },
      {
        "a": 0.4104927384847399,
        "b": -0.6166230677432212,
        "c": -0.871672077100871,
        "d": 0.667078589475715,
        "e": 0.4214917615553828,
        "f": -0.8816212664650318,
        "color": 0.007881969649513598,
        "weight": 0.9237148953408562,
        "variations": {
          "spherical": 0.4388441804511546,
          "heart": 0.5139806465069582,
          "sinusoidal": 0.29619455792256755
        }
      }
    ],
    "num_points": 1840181,
    "gamma": 2.004025669829306,
    "brightness": 1.2,
    "hue_rotation": 263.73631724999007
  }
}