{
  "seed": "74ebd741-8f48-4b2e-91df-218bfa60824b-305",
  "parameters": {
    "num_transforms": 3,
    "transforms": [
      {
        "a": 1.1469270459360135,
        "b": 0.8553241901165234,
        "c": 0.07097250691535528,
        "d": -0.1544785630751253,
        "e": 1.443499111488408,
        "f": 0.6455945846914908,
        "color": 0.19163007075369753,
        "variations": {
          "polar": 0.0,
          "swirl": 0.4600725347626268,
          "sinusoidal": 0.6582541521453918,
          "horseshoe": 0.3485558139804743
        },
        "weight": 1.0035700770747882
      },
      {
        "a": 0.4428028044763619,
        "b": 0.6221400218120539,
        "c": -0.4432956965594199,
        "d": -1.0511595547265464,
        "e": -1.2159986265830631,
        "f": 1.0797215198970131,
        "color": 0.6024507064442843,
        "variations": {
          "sinusoidal": 0.8099468231698695,
          "hyperbolic": 0.8111206173322519
        },
        "weight": 1.4210436302203913
      },
      {
        "a": 0.5062799639412465,
        "b": 0.8697794409961039,
        "c": 0.39022359957651864,
        "d": 1.2882032970382267,
        "e": 1.166461262442899,
        "f": -0.49075378709403195,
        "color": 0.21741057683855336,
        "variations": {
          "disc": 0.5429352812158215,
          "heart": 0.0
        },
        "weight": 1.7332662595026447
      }
    ],
    "num_points": 3232272,
    "gamma": 2.772780380890084,
    "brightness": 1.190776483058889,
    "contrast": 1.4286001651874343,
    "hue_rotation": 253.12603301361872
  }
}