{
  "seed": "31865c53-a567-4190-b0d0-96f82d342913",
  "params": {
    "transforms": [
      {
        "a": 0.936743079572046,
        "b": 0.6430665458314007,
        "c": 0.8291874792026237,
        "d": -0.9273223798489347,
        "e": -1.35444898370171,
        "f": 0.18887939296376044,
        "color": 0.38996414246847944,
        "weight": 0.19673888954764002,
        "variations": {
          "sinusoidal": 0.6466915976483716,
          "heart": 0.7992893112097922
        }
      },
      {
        "a": -0.6319463305166584,
        "b": 0.17543551614595354,
        "c": 0.9098737315369263,
        "d": 0.06278661412866948,
        "e": 0.07873131311506709,
        "f": 1.1891831561669077,
        "color": 0.9600508789569057,
        "weight": 0.7617173850056855,
        "variations": {
          "spherical": 0.3928652035480098,
          "swirl": 0.0019351939939484808,
          "heart": 0.62347126538387
        }
      },
      {
        "a": 0.9597406243284288,
        "b": -0.717679906484306,
        "c": 0.5122182426096014,
        "d": 0.5630258517203852,
        "e": 1.2825012966938325,
        "f": 0.6736494923500578,
        "color": 0.5256710050142476,
        "weight": 0.43785170390412,
        "variations": {
          "polar": 0.912499407578527,
          "linear": 0.0005827454680238375
        }
      }
    ],
    "num_points": 1938769,
    "gamma": 1.9871250421046693,
    "brightness": 1.2,
    "hue_rotation": 223.60701498100846
  }
}