{
  "seed": "8c3f5a94-a598-4491-9877-5f9c8d730c98",
  "params": {
    "transforms": [
      {
        "a": 0.31104408426863905,
        "b": 0.7275297921284047,
        "c": 0.46871025936580324,
        "d": -0.43873761690691837,
        "e": -0.3001823213551882,
        "f": 1.0443235615223108,
        "color": 0.609597487442921,
        "weight": 0.399882652889908,
        "variations": {
          "linear": 0.7622074143924975
        }
      },
      {
        "a": 0.39184967266833826,
        "b": 0.1079568291149593,
        "c": 0.9392810976751378,
        "d": 0.966456873804763,
        "e": 1.2493982359051135,
        "f": -0.050252669871005295,
        "color": 0.34456549051340934,
        "weight": 0.38524357160832123,
        "variations": {
          "sinusoidal": 0.34165132651631624,
          "heart": 0.036755059003918844,
          "swirl": 0.1504398043182782
        }
      }
    ],
    "num_points": 2161116,
    "gamma": 2.0277382840154794,
    "brightness": 1.2,
    "hue_rotation": 201.74163620357592
  }
}