{
  "seed": "d12fb410-5b61-44ee-85e3-044058e54ac6",
  "params": {
    "transforms": [
      {
        "a": 0.8643909384155262,
        "b": -0.8199030986176317,
        "c": 0.11090438071892361,
        "d": -0.6035223279039557,
        "e": -0.2472322983925339,
        "f": -0.5054381510252632,
        "color": 0.6665894024873379,
        "weight": 0.8941067861223101,
        "variations": {
          "linear": 0.10501440519989924,
          "spherical": 0.5175522950190959
        }
      },
      {
        "a": -0.5690143426513197,
        "b": -0.6898166076940011,
        "c": 0.8847473434650355,
        "d": -0.5453019780267356,
        "e": 0.839205891025216,
        "f": 0.284594828792867,
        "color": 0.16501378098342412,
        "weight": 0.23316698236179811,
        "variations": {
          "spherical": 0.371281311886841,
          "sinusoidal": 0.2372400750090603
        }
      }
    ],
    "num_points": 2438426,
    "gamma": 1.930934356524621,
    "brightness": 1.2,
    "hue_rotation": 301.33993866818867
  }
}