{
  "seed": "db3092ea-e0d6-4a78-be3f-f7e983d3184f",
  "params": {
    "transforms": [
      {
        "a": -0.8035869960509654,
        "b": 0.30062199809731016,
        "c": 0.7614933839270268,
        "d": -0.30376781218867577,
        "e": -1.3690462267700962,
        "f": -1.2833604879099823,
        "color": 0.41201712895045384,
        "weight": 0.6977756666409212,
        "variations": {
          "sinusoidal": 0.7909212315441773,
          "swirl": 0.43397912261261506,
          "linear": 0.17847460520652803
        }
      },
      {
        "a": -0.07308695173326307,
        "b": -0.02066932087328932,
        "c": 0.5800717907033299,
        "d": 0.21756337151606808,
        "e": 0.842895592354374,
        "f": -0.2424026319258097,
        "color": 0.03015676342804574,
        "weight": 0.9164368121998924,
        "variations": {
          "linear": 0.7942495830421169,
          "polar": 0.9099254924451641,
          "heart": 0.6156494320656375
        }
      },
      {
        "a": 0.3741371555450532,
        "b": 0.36063655037218445,
        "c": 0.05853093313692259,
        "d": 0.1466801538732565,
        "e": 0.9306761278104068,
        "f": 0.8859012669501594,
        "color": 0.06484978522007945,
        "weight": 0.2080799015265927,
        "variations": {
          "heart": 0.558779526324742
        }
      }
    ],
    "num_points": 1636530,
    "gamma": 2.4543724264088618,
    "brightness": 1.2,
    "hue_rotation": 49.60100398733027
  }
}