{
  "seed": "5bfa06a3-3711-4db1-841e-f1b331eb452d",
  "params": {
    "transforms": [
      {
        "a": -0.7420232541264657,
        "b": 0.1982150430609546,
        "c": 0.008917822996403313,
        "d": 0.7864852584438882,
        "e": 0.42181199412474224,
        "f": 0.7303533793741499,
        "color": 0.9937936978793763,
        "weight": 0.19761422156700287,
        "variations": {
          "sinusoidal": 0.5285431374167132,
          "heart": 0.7879402908117856,
          "spherical": 0.3699461112562983
        }
      },
      {
        "a": -0.09936174245854001,
        "b": 0.2857778133670339,
        "c": 0.832015697604326,
        "d": 0.8677412318171123,
        "e": -0.3974031297145677,
        "f": 1.2431102985188733,
        "color": 0.6355674260343159,
        "weight": 0.686469215731235,
        "variations": {
          "heart": 0.24866499665157726
        }
      },
      {
        "a": -0.21508381994836356,
        "b": -0.2847441627952372,
        "c": 0.6780918208948332,
        "d": 0.5975630871079227,
        "e": 0.050847176233112634,
        "f": -0.8274391597645498,
        "color": 0.3999734983971266,
        "weight": 0.13690600966174168,
        "variations": {
          "heart": 0.697244338120822
        }
      },
      {
        "a": -0.5544422912997728,
        "b": -0.8944090809096032,
        "c": 0.8971406254491159,
        "d": 0.6578120593287256,
        "e": -0.3065363437753428,
        "f": -0.9454471038360768,
        "color": 0.12712078591552511,
        "weight": 0.22285354207899538,
        "variations": {
          "heart": 0.0265450945926915,
          "spherical": 0.6772666308964651,
          "linear": 0.020218269601148364
        }
      }
    ],
    "num_points": 2273481,
    "gamma": 2.338326003218506,
    "brightness": 1.2,
    "hue_rotation": 165.4508197461281
  }
}