{
  "seed": "0e564475-a0c1-4934-9595-e0cc79154ed4-358",
  "parameters": {
    "num_transforms": 3,
    "transforms": [
      {
        "a": -1.2435992586346258,
        "b": 0.687240027134778,
        "c": 0.7883797309776139,
        "d": -1.0175622888048856,
        "e": -1.3365834586526946,
        "f": -1.0604186603543706,
        "color": 0.47604180221352355,
        "variations": {
          "disc": 0.0,
          "heart": 0.8754362293768567,
          "spiral": 0.8535407487055195
        },
        "weight": 0.817725060494772
      },
      {
        "a": -0.48721258860160677,
        "b": -0.3415990056553788,
        "c": -1.020538446223152,
        "d": -0.9172598363352575,
        "e": -0.2969025491175423,
        "f": 0.09481386947376258,
        "color": 0.06313948151916693,
        "variations": {
          "hyperbolic": 0.13818004184295118,
          "disc": 0.6224945194828764,
          "heart": 0.0,
          "sinusoidal": 0.0
        },
        "weight": 1.1006964110929556
      },
      {
        "a": 0.5328337545111546,
        "b": 0.022983390635696654,
        "c": 0.4320654911732196,
        "d": 0.480261570784132,
        "e": 0.3329642255594194,
        "f": -0.05263354470895365,
        "color": 0.4022386234045665,
        "variations": {
          "hyperbolic": 0.6438906702830041,
          "linear": 0.0,
          "spherical": 0.33582931287606754,
          "swirl": 0.0
        },
        "weight": 1.050329519896092
      }
    ],
    "num_points": 3216201,
    "gamma": 2.6332831934611964,
    "brightness": 0.9941052820560943,
    "contrast": 1.6988443312355122,
    "hue_rotation": 125.93958865318159
  }
}