{
  "seed": "12a67b4b-bc06-4eae-a26d-b63f539ecaad",
  "params": {
    "transforms": [
      {
        "a": 0.29482316878096393,
        "b": 0.834915777610814,
        "c": 0.38190535807749226,
        "d": 0.9682787924078122,
        "e": 0.45373154744808764,
        "f": 1.2068804162250433,
        "color": 0.7954938632501403,
        "weight": 0.23677853862927847,
        "variations": {
          "sinusoidal": 0.09959748840035043
        }
      },
      {
        "a": 0.22181196849620388,
        "b": 0.18371877475723708,
        "c": -0.26978964302078445,
        "d": -0.05651288096795293,
        "e": -0.5780133633483928,
        "f": 0.7769387911350258,
        "color": 0.15952197801183177,
        "weight": 0.7643444944551009,
        "variations": {
          "polar": 0.011391624221390284
        }
      },
      {
        "a": -0.8955085161026142,
        "b": -0.31433630356829645,
        "c": -0.3965035538896182,
        "d": 0.5521994111495667,
        "e": 1.4441899245665688,
        "f": -0.3720033123884874,
        "color": 0.5390588056272593,
        "weight": 0.9957582892807738,
        "variations": {
          "linear": 0.553051004038939,
          "sinusoidal": 0.05179039777426453,
          "swirl": 0.28528597934278854
        }
      }
    ],
    "num_points": 2649561,
    "gamma": 1.8558157143585996,
    "brightness": 1.2,
    "hue_rotation": 212.6252492275907
  }
}