{
  "seed": "d7caa524-0e69-4ed3-854a-a2b9551baea0",
  "params": {
    "transforms": [
      {
        "a": 0.21622913909127095,
        "b": 0.8990185341014807,
        "c": 0.16245642415175765,
        "d": 0.86544362193288,
        "e": 0.07470975742491959,
        "f": 1.2816580889677187,
        "color": 0.47147015197016107,
        "weight": 0.8976794512246152,
        "variations": {
          "spherical": 0.7616020209172617,
          "heart": 0.28856839512599153,
          "polar": 0.773553476923706
        }
      },
      {
        "a": 0.11102841649471329,
        "b": 0.9741622942483978,
        "c": -0.21208930647092328,
        "d": 0.7544427255987569,
        "e": 0.5185249160056604,
        "f": -0.6274138483651172,
        "color": 0.7448837698268721,
        "weight": 0.20537602495739035,
        "variations": {
          "spherical": 0.6452503384257595
        }
      }
    ],
    "num_points": 1731499,
    "gamma": 2.313233444298366,
    "brightness": 1.2,
    "hue_rotation": 64.07812025203262
  }
}