{
  "seed": "5a43ae24-58c0-4a8f-965e-51183b28eea9",
  "params": {
    "transforms": [
      {
        "a": -0.8730704004901813,
        "b": 0.36888396566738324,
        "c": 0.20301969640736317,
        "d": -0.7968832952299882,
        "e": -0.02163039440822856,
        "f": -0.7137525863261639,
        "color": 0.6242257184773826,
        "weight": 0.47716014435738163,
        "variations": {
          "linear": 0.36228970652526815
        }
      },
      {
        "a": -0.9947312725102704,
        "b": -0.110629248867403,
        "c": 0.4194472034371475,
        "d": -0.9664122509501949,
        "e": 0.9106895734234999,
        "f": 0.9053586735413952,
        "color": 0.4152217111443106,
        "weight": 0.9825505035345022,
        "variations": {
          "sinusoidal": 0.6158036092232908,
          "linear": 0.1002425286178037,
          "polar": 0.49209067748843915
        }
      },
      {
        "a": -0.46133889994116495,
        "b": 0.20759183693734684,
        "c": 0.10562625944028214,
        "d": -0.5821308104683443,
        "e": -1.2704269867524736,
        "f": -0.511421666871828,
        "color": 0.9499875612802916,
        "weight": 0.8127725794988211,
        "variations": {
          "linear": 0.7675031554971298,
          "heart": 0.23795517980846337,
          "spherical": 0.9323611870702885
        }
      },
      {
        "a": -0.3332144991811108,
        "b": -0.8230158048144227,
        "c": -0.3596498119624538,
        "d": -0.712637562212336,
        "e": -0.2995164844583984,
        "f": -1.3643719723866479,
        "color": 0.20216432159029096,
        "weight": 0.569819196602229,
        "variations": {
          "linear": 0.3043276026625139,
          "heart": 0.44824867991793804,
          "polar": 0.5617077702058444
        }
      }
    ],
    "num_points": 2184591,
    "gamma": 1.8463613922880875,
    "brightness": 1.2,
    "hue_rotation": 262.8438787617719
  }
}