{
  "seed": "d8dc835e-19c5-4b03-bb02-f6056c9c67f1",
  "params": {
    "transforms": [
      {
        "a": 0.7272922977445626,
        "b": 0.08228785033206143,
        "c": 0.750738177387269,
        "d": -0.26791312519548804,
        "e": 0.9231232580354467,
        "f": -1.3222997760806474,
        "color": 0.9853933703122045,
        "weight": 0.6406127694355119,
        "variations": {
          "swirl": 0.36005797594023026,
          "spherical": 0.18456155822896814,
          "heart": 0.9199992604107884
        }
      },
      {
        "a": -0.9153555432884068,
        "b": 0.1397021480618632,
        "c": 0.8679231383599189,
        "d": 0.2341785329557433,
        "e": -1.26740340100152,
        "f": -0.3857173150891491,
        "color": 0.4971733647901606,
        "weight": 0.891954757625585,
        "variations": {
          "sinusoidal": 0.5530963415287351
        }
      },
      {
        "a": -0.7095031353612438,
        "b": 0.12532599921977106,
        "c": 0.24481053385305773,
        "d": 0.17539095349554223,
        "e": 1.3995190607272954,
        "f": -1.4771662483653065,
        "color": 0.062208703638484186,
        "weight": 0.12729166355486,
        "variations": {
          "linear": 0.7436002973228261,
          "spherical": 0.4137642528409625
        }
      }
    ],
    "num_points": 1096827,
    "gamma": 2.387427220097616,
    "brightness": 1.2,
    "hue_rotation": 78.3963512382584
  }
}