{
  "seed": "c31a41a1-68b9-4b59-9e64-1c5fa650618b",
  "params": {
    "transforms": [
      {
        "a": 0.8051621187028348,
        "b": 0.7516469482594854,
        "c": 0.51715065152382,
        "d": 0.053483395875106865,
        "e": 0.012540541493683666,
        "f": 0.01938578639518118,
        "color": 0.4099671557095942,
        "weight": 0.22608775714312798,
        "variations": {
          "linear": 0.25119350289974784,
          "polar": 0.7405274621207049
        }
      },
      {
        "a": 0.6935073953594066,
        "b": -0.4876842546824236,
        "c": 0.6406355347217612,
        "d": -0.6462041813127546,
        "e": 1.2268259117935525,
        "f": 0.5249043311602821,
        "color": 0.6667532467151638,
        "weight": 0.7854754788523955,
        "variations": {
          "linear": 0.5746257699098094,
          "polar": 0.7859123343684206
        }
      },
      {
        "a": -0.13942269230107018,
        "b": -0.8948363623769868,
        "c": 0.34537055568271247,
        "d": 0.606618963568269,
        "e": 0.5310166408497015,
        "f": 0.5768026981984873,
        "color": 0.7110515413048388,
        "weight": 0.281004031927231,
        "variations": {
          "polar": 0.625539393184824
        }
      }
    ],
    "num_points": 1610870,
    "gamma": 2.2937379973921166,
    "brightness": 1.2,
    "hue_rotation": 337.6897462711191
  }
}