{
  "seed": "20c49027-8f31-4954-b1fd-ebb61172167e",
  "params": {
    "transforms": [
      {
        "a": -0.2876970834485575,
        "b": -0.0571434367884196,
        "c": -0.2198934573157978,
        "d": 0.20513865419817168,
        "e": 0.40234251896119977,
        "f": -0.7845380950751896,
        "color": 0.04632706697059896,
        "weight": 0.7699589657333967,
        "variations": {
          "swirl": 0.6961357692154864,
          "sinusoidal": 0.5808043064663769
        }
      },
      {
        "a": -0.6773221560184681,
        "b": 0.7619831499692891,
        "c": -0.20576189846182213,
        "d": 0.44379179517704537,
        "e": 0.9007789267359687,
        "f": 0.8768509577720458,
        "color": 0.850152890976879,
        "weight": 0.1982995346638522,
        "variations": {
          "swirl": 0.842850848865602,
          "spherical": 0.8121510523985881,
          "linear": 0.7282746914684084
        }
      },
      {
        "a": -0.9327555006186721,
        "b": 0.4217673180983357,
        "c": -0.782377122886404,
        "d": 0.7619813113865965,
        "e": -1.4424370061158913,
        "f": -0.8500383006291382,
        "color": 0.719681786868529,
        "weight": 0.9437214180680239,
        "variations": {
          "heart": 0.16575874553201742,
          "linear": 0.15971364106573582
        }
      }
    ],
    "num_points": 2900549,
    "gamma": 2.0435735969625846,
    "brightness": 1.2,
    "hue_rotation": 46.747188268669426
  }
}