{
  "seed": "079ae210-8205-4895-afd4-fd3506494f4d",
  "params": {
    "transforms": [
      {
        "a": -0.736608938672042,
        "b": 0.7033565288655566,
        "c": 0.14525276251843922,
        "d": 0.015245209218252453,
        "e": -0.8235079904021685,
        "f": -1.2730902639126094,
        "color": 0.21549674655207496,
        "weight": 0.8523890203617084,
        "variations": {
          "linear": 0.14520752888765998,
          "swirl": 0.4746479360365249,
          "polar": 0.049187721958161124
        }
      },
      {
        "a": -0.2979821914461729,
        "b": -0.5875293082916666,
        "c": 0.8437003695527401,
        "d": -0.09088714787465202,
        "e": 0.4631241653113076,
        "f": -1.1869495840648256,
        "color": 0.3807584590006273,
        "weight": 0.2863813533262068,
        "variations": {
          "sinusoidal": 0.03701979011486112,
          "spherical": 0.5101993311848388,
          "heart": 0.034272082033010576
        }
      },
      {
        "a": 0.7808499203169423,
        "b": -0.7950547385717555,
        "c": 0.023239365037932114,
        "d": -0.16526787875556792,
        "e": -0.2706119299806984,
        "f": -1.3377726163851116,
        "color": 0.07491427432015818,
        "weight": 0.7051582729602478,
        "variations": {
          "linear": 0.3897585861971219
        }
      }
    ],
    "num_points": 2490044,
    "gamma": 2.051124707325231,
    "brightness": 1.2,
    "hue_rotation": 154.3440195919657
  }
}