{
  "seed": "9c022472-5a50-4194-8bc0-750fe3524fe7",
  "params": {
    "transforms": [
      {
        "a": -0.5026269901903744,
        "b": -0.10078031869472825,
        "c": 0.3010477175260584,
        "d": 0.2283240875675827,
        "e": 0.12998690545650682,
        "f": 0.21035904143328343,
        "color": 0.30729383582984227,
        "weight": 0.9371111637141532,
        "variations": {
          "polar": 0.9301840741310328,
          "sinusoidal": 0.13192008460999183,
          "heart": 0.7876873128410575
        }
      },
      {
        "a": 0.3797184505716673,
        "b": 0.4626586920160076,
        "c": 0.30162439092880455,
        "d": 0.08569277869081526,
        "e": -1.0611501020117249,
        "f": -1.166094141354494,
        "color": 0.22733243969804273,
        "weight": 0.6985947004866024,
        "variations": {
          "sinusoidal": 0.5876497631590837,
          "spherical": 0.6225464480921128
        }
      },
      {
        "a": -0.14924051930698345,
        "b": -0.5857744605936253,
        "c": 0.005636090249917514,
        "d": 0.21959375560204242,
        "e": -0.796961822078418,
        "f": -1.3850066479008896,
        "color": 0.47617507245134594,
        "weight": 0.6299700266615823,
        "variations": {
          "sinusoidal": 0.9558881143067153,
          "heart": 0.9804234681679936
        }
      }
    ],
    "num_points": 1344219,
    "gamma": 2.2543207189758796,
    "brightness": 1.2,
    "hue_rotation": 46.75530359288038
  }
}