{
  "seed": "f59c24a5-97ba-49c2-8db5-0573e1976a1e",
  "params": {
    "transforms": [
      {
        "a": 0.5929615967658666,
        "b": 0.8759385522561174,
        "c": 0.9547754970034683,
        "d": 0.20128898025845832,
        "e": 0.45695172120905925,
        "f": 0.4046444337380013,
        "color": 0.3094714180007707,
        "weight": 0.5911522057510041,
        "variations": {
          "linear": 0.6899799686235195,
          "heart": 0.35407039870150037
        }
      },
      {
        "a": -0.09658237570497508,
        "b": 0.7906343669411109,
        "c": -0.8098399862542263,
        "d": -0.0014735256126268137,
        "e": 0.129096809945481,
        "f": 0.18605207407675373,
        "color": 0.8098620467732911,
        "weight": 0.18464992459763774,
        "variations": {
          "swirl": 0.18770221157933487,
          "sinusoidal": 0.2313517902863862
        }
      }
    ],
    "num_points": 1703721,
    "gamma": 2.2634293622977766,
    "brightness": 1.2,
    "hue_rotation": 343.0252192183394
  }
}