{
  "seed": "87601b93-7f3a-4391-9d81-86aab593428c",
  "params": {
    "transforms": [
      {
        "a": -0.8941959616496822,
        "b": -0.6529318363880576,
        "c": 0.0979989738593885,
        "d": -0.39320686623833123,
        "e": 0.4810239383965327,
        "f": -0.4526017534450706,
        "color": 0.8421258852992833,
        "weight": 0.9262417670650566,
        "variations": {
          "swirl": 0.043971132811483016,
          "linear": 0.0012133839187993267
        }
      },
      {
        "a": 0.7520378784718607,
        "b": -0.7315347857875951,
        "c": -0.52223628114535,
        "d": -0.2802787808608205,
        "e": 0.22275345339460184,
        "f": 0.3320057016433493,
        "color": 0.8868190012242404,
        "weight": 0.4865940234499233,
        "variations": {
          "sinusoidal": 0.08348270917620282
        }
      },
      {
        "a": -0.8165925764787185,
        "b": -0.2737481787249183,
        "c": 0.1008873040295426,
        "d": -0.8991577260256527,
        "e": 0.3406994080570178,
        "f": 0.4997851694023572,
        "color": 0.24358846300309323,
        "weight": 0.3381032359628937,
        "variations": {
          "sinusoidal": 0.6002719617255777
        }
      }
    ],
    "num_points": 1881081,
    "gamma": 1.8394499120860153,
    "brightness": 1.2,
    "hue_rotation": 279.29608135996006
  }
}