{
  "seed": "4a503d3a-8c13-40b1-83e7-2c4d7d098f56",
  "params": {
    "transforms": [
      {
        "a": 0.5518128729453955,
        "b": -0.61493976997868,
        "c": 0.36493668091273124,
        "d": -0.4280504900222355,
        "e": 0.848745311834672,
        "f": 1.0441260763176752,
        "color": 0.09422152426302544,
        "weight": 0.466529329375307,
        "variations": {
          "spherical": 0.5771096402243978,
          "linear": 0.5308553813769572,
          "polar": 0.40043079938738213
        }
      },
      {
        "a": -0.9966754643533999,
        "b": 0.8506597732636838,
        "c": 0.7715138849719878,
        "d": 0.7662791518744849,
        "e": 0.07963045308901573,
        "f": -0.0221875188245384,
        "color": 0.9003250028698956,
        "weight": 0.9547642184486822,
        "variations": {
          "linear": 0.8255352765627652,
          "swirl": 0.032245974862046944,
          "spherical": 0.7493750718908574
        }
      }
    ],
    "num_points": 1630629,
    "gamma": 2.112751277345214,
    "brightness": 1.2,
    "hue_rotation": 95.83582778799273
  }
}