{
  "seed": "9a3bcce2-fa77-4a7c-ba09-136d218cc51b",
  "params": {
    "transforms": [
      {
        "a": 0.44769423037864464,
        "b": -0.10170800215830722,
        "c": -0.9989886674418054,
        "d": -0.6886277182876033,
        "e": 0.7990203290961642,
        "f": 0.8433876690808697,
        "color": 0.8138461793871932,
        "weight": 0.8181555531056686,
        "variations": {
          "heart": 0.609130705865519,
          "polar": 0.6433357973955192
        }
      },
      {
        "a": -0.140299571552712,
        "b": 0.032605709504686775,
        "c": 0.126487328539725,
        "d": -0.8532466226359612,
        "e": 0.8043318569010909,
        "f": -1.4864104977010637,
        "color": 0.1300700713013403,
        "weight": 0.23818200722403088,
        "variations": {
          "linear": 0.31659517386836755,
          "spherical": 0.6909054111729401,
          "swirl": 0.9327961667444536
        }
      },
      {
        "a": 0.8400506119670548,
        "b": 0.6849262541664876,
        "c": 0.9149581568562011,
        "d": 0.6824432515151315,
        "e": 1.012080008482326,
        "f": 0.378316579374288,
        "color": 0.681197069486888,
        "weight": 0.7717976822227348,
        "variations": {
          "polar": 0.7927163452803263,
          "sinusoidal": 0.5333080127030363
        }
      }
    ],
    "num_points": 1349984,
    "gamma": 1.9863442131745628,
    "brightness": 1.2,
    "hue_rotation": 324.7550460193337
  }
}