{
  "seed": "b263d31b-b6de-4d48-91b0-b65c6780f4b3",
  "params": {
    "transforms": [
      {
        "a": -0.15654783764975821,
        "b": -0.8215191447816492,
        "c": -0.8852988351895552,
        "d": -0.42200820667306815,
        "e": -1.3118932180509826,
        "f": 0.2259342583685391,
        "color": 0.2131560066942093,
        "weight": 0.6970463579240188,
        "variations": {
          "polar": 0.8313323068617234,
          "heart": 0.7339653635278217,
          "sinusoidal": 0.9105450829184815
        }
      },
      {
        "a": 0.9567870542051766,
        "b": -0.4029463273380436,
        "c": -0.08252327072315402,
        "d": -0.557476587235108,
        "e": -1.3971331381972947,
        "f": 1.0114195650862667,
        "color": 0.9241627371843526,
        "weight": 0.1600890328447697,
        "variations": {
          "polar": 0.7131921986605341,
          "linear": 0.8335394842914697,
          "swirl": 0.047885146534115686
        }
      }
    ],
    "num_points": 1667920,
    "gamma": 2.2333287228510663,
    "brightness": 1.2,
    "hue_rotation": 163.81817117665932
  }
}