{
  "seed": "1458bc8b-6257-4484-a707-97b961009199",
  "params": {
    "transforms": [
      {
        "a": 0.3636863895892841,
        "b": 0.5989445497473975,
        "c": 0.7090390180244812,
        "d": -0.09914852233561455,
        "e": -1.2868101982138094,
        "f": -1.2077770642871826,
        "color": 0.17382836606825003,
        "weight": 0.6610978450683879,
        "variations": {
          "linear": 0.0508744613712897,
          "sinusoidal": 0.2536756428719925,
          "swirl": 0.4508341193793205
        }
      },
      {
        "a": -0.6537671638341214,
        "b": 0.4032048402195272,
        "c": 0.18285796454091918,
        "d": -0.37822103123880435,
        "e": -0.8670645058919251,
        "f": -0.3685351282418907,
        "color": 0.6930855200626491,
        "weight": 0.7431426208407647,
        "variations": {
          "sinusoidal": 0.7093286840420585,
          "swirl": 0.8526117233287142
        }
      },
      {
        "a": -0.21510242535163848,
        "b": 0.24502524739312337,
        "c": -0.561383029490931,
        "d": 0.5229764821409828,
        "e": 0.7506308242341548,
        "f": 0.16743038096502794,
        "color": 0.44206085414981344,
        "weight": 0.9696490289338007,
        "variations": {
          "linear": 0.9437676819615162
        }
      },
      {
        "a": -0.1886178609635536,
        "b": -0.20293649622319831,
        "c": -0.41667430889941426,
        "d": -0.21553147608172685,
        "e": 0.9826482871628044,
        "f": 0.7338657358688496,
        "color": 0.7763715447851899,
        "weight": 0.38547532356273917,
        "variations": {
          "sinusoidal": 0.9256390810951158
        }
      }
    ],
    "num_points": 1454631,
    "gamma": 2.477618902656113,
    "brightness": 1.2,
    "hue_rotation": 122.06690712101451
  }
}