{
  "seed": "7288547e-9379-4c80-ade4-6db118ec8db3",
  "params": {
    "transforms": [
      {
        "a": 0.8045549774461687,
        "b": -0.8626445099091393,
        "c": 0.03521578852378937,
        "d": -0.13556524439133133,
        "e": -1.053998026752788,
        "f": -0.4647424977595609,
        "color": 0.175218333569239,
        "weight": 0.21103227802719104,
        "variations": {
          "spherical": 0.227588444856469
        }
      },
      {
        "a": 0.7730243903426686,
        "b": -0.5424949023821573,
        "c": -0.6829525617740835,
        "d": 0.2574256865460611,
        "e": 0.14401628834526004,
        "f": -0.9407512553197571,
        "color": 0.6471765702931546,
        "weight": 0.5468414052484971,
        "variations": {
          "heart": 0.19068933211946548
        }
      },
      {
        "a": -0.432602252583689,
        "b": -0.8569388270597518,
        "c": 0.8928857173029205,
        "d": -0.324156330104465,
        "e": -0.15326190603776313,
        "f": 0.4628124463910934,
        "color": 0.2625487455543676,
        "weight": 0.23437145622242064,
        "variations": {
          "heart": 0.21170358054656357
        }
      },
      {
        "a": -0.8689663515288195,
        "b": -0.8211383518194566,
        "c": -0.6971361810443877,
        "d": -0.5325609613422693,
        "e": 0.4500605995361402,
        "f": 1.278560422220791,
        "color": 0.2731878352011714,
        "weight": 0.9666144830535742,
        "variations": {
          "swirl": 0.6740009726653536,
          "heart": 0.3384728268229429
        }
      }
    ],
    "num_points": 1406812,
    "gamma": 2.0816049171991646,
    "brightness": 1.2,
    "hue_rotation": 235.21311028105785
  }
}