{
  "seed": "96791f92-4f99-4bf3-9951-951f68b60823",
  "params": {
    "transforms": [
      {
        "a": 0.0826407464325205,
        "b": 0.2832876059914311,
        "c": -0.31600298110625435,
        "d": 0.18719398459405157,
        "e": 1.1849000016138684,
        "f": 0.7978161066011484,
        "color": 0.8841470143599042,
        "weight": 0.565393354175896,
        "variations": {
          "swirl": 0.09280364943089903
        }
      },
      {
        "a": 0.9045081049035772,
        "b": 0.6941676100020304,
        "c": 0.3157425024670457,
        "d": -0.3240280313964068,
        "e": -0.28405436296232844,
        "f": -0.8501950088650047,
        "color": 0.040869244741849386,
        "weight": 0.580148819943695,
        "variations": {
          "swirl": 0.29930920364334657,
          "sinusoidal": 0.6377166747429953,
          "linear": 0.09958468343794857
        }
      }
    ],
    "num_points": 2910083,
    "gamma": 1.9081596643741536,
    "brightness": 1.2,
    "hue_rotation": 192.02143759255392
  }
}