{
  "seed": "41042b22-adde-4fc5-aa57-e0f4a6e52516",
  "params": {
    "transforms": [
      {
        "a": 0.953268247336355,
        "b": 0.8724637424761577,
        "c": 0.4352302408276385,
        "d": 0.3524131161362474,
        "e": -1.2802809392750492,
        "f": 0.9095651368186193,
        "color": 0.062304303366789826,
        "weight": 0.8431523673292481,
        "variations": {
          "swirl": 0.9963953020147938,
          "heart": 0.1056475535651954
        }
      },
      {
        "a": 0.17340685934943334,
        "b": 0.6058463998785915,
        "c": -0.9500691949720932,
        "d": -0.6917818659655792,
        "e": -0.1344945026053619,
        "f": -1.4633073793212887,
        "color": 0.9156285895085728,
        "weight": 0.4743189146187273,
        "variations": {
          "polar": 0.9198320063127285
        }
      },
      {
        "a": 0.7036882750425331,
        "b": 0.415370869380419,
        "c": 0.87133303678034,
        "d": -0.39576014100333934,
        "e": -0.0600425198090897,
        "f": -0.1756568683029629,
        "color": 0.8205210220247889,
        "weight": 0.9402185293845589,
        "variations": {
          "polar": 0.9075577643260603
        }
      },
      {
        "a": -0.3034113888090042,
        "b": -0.8881747404037337,
        "c": 0.3046037073279817,
        "d": 0.6225289321788889,
        "e": 0.5005603153957532,
        "f": -0.3008001592502656,
        "color": 0.7142138699292302,
        "weight": 0.3203476556265674,
        "variations": {
          "linear": 0.18727750944446364
        }
      }
    ],
    "num_points": 1968149,
    "gamma": 1.8447601282529704,
    "brightness": 1.2,
    "hue_rotation": 61.63256931157657
  }
}