{
  "seed": "8edaee1d-ed51-407d-abeb-cc52f2eb823b",
  "params": {
    "transforms": [
      {
        "a": -0.09557507616081273,
        "b": 0.7760297003760601,
        "c": -0.5689616699063336,
        "d": 0.8403233050301613,
        "e": 1.449667398916187,
        "f": 0.16190576582589777,
        "color": 0.6747370248743343,
        "weight": 0.4729364223328799,
        "variations": {
          "spherical": 0.8602621080485764,
          "heart": 0.7608843125194268,
          "swirl": 0.37471193962987215
        }
      },
      {
        "a": 0.409809085848013,
        "b": 0.1395702528678051,
        "c": 0.41253749269058804,
        "d": 0.5859200600958878,
        "e": 0.13794444643971615,
        "f": -0.5782625879995007,
        "color": 0.35904868392417166,
        "weight": 0.13013897610945227,
        "variations": {
          "sinusoidal": 0.1650761478483218,
          "heart": 0.3852993037430489,
          "swirl": 0.2678667208237915
        }
      },
      {
        "a": -0.9833472679920991,
        "b": -0.7517320003528376,
        "c": 0.355369413172655,
        "d": -0.36420072003206916,
        "e": -1.1939771473160277,
        "f": -0.6660948964505046,
        "color": 0.4118660843122278,
        "weight": 0.5778206951813589,
        "variations": {
          "linear": 0.09129650315758242,
          "polar": 0.18631431369671614
        }
      }
    ],
    "num_points": 1212163,
    "gamma": 1.9153515396031642,
    "brightness": 1.2,
    "hue_rotation": 96.49011559977906
  }
}