{
  "seed": "01c5149f-c053-4f15-a6a5-44642ef50f5c",
  "params": {
    "transforms": [
      {
        "a": -0.10305507951219761,
        "b": -0.9466024103417443,
        "c": 0.48991361823531876,
        "d": 0.8130505523922238,
        "e": -0.20616655331116007,
        "f": -0.4761086684657154,
        "color": 0.3946695694317339,
        "weight": 0.2811677734602242,
        "variations": {
          "spherical": 0.18013678684458834,
          "polar": 0.26738828003433235,
          "swirl": 0.6479367253437812
        }
      },
      {
        "a": -0.8126537886631204,
        "b": -0.6752792651031021,
        "c": -0.5066753280249292,
        "d": 0.7178801603670029,
        "e": 1.1240969272700867,
        "f": 0.9558675603976208,
        "color": 0.48110895999130154,
        "weight": 0.6018566031555538,
        "variations": {
          "polar": 0.9882711920290477,
          "swirl": 0.44429008229489286,
          "heart": 0.657992589681909
        }
      },
      {
        "a": -0.612535145793325,
        "b": -0.013020938724983555,
        "c": 0.6647048559126874,
        "d": 0.7751672502875633,
        "e": -0.8232502309834077,
        "f": -0.5885884481925802,
        "color": 0.4937987659718892,
        "weight": 0.12979308619412097,
        "variations": {
          "sinusoidal": 0.9937115990597991,
          "linear": 0.021930419061068518
        }
      },
      {
        "a": 0.17379436881841404,
        "b": -0.926217349572009,
        "c": -0.9747406937740433,
        "d": -0.753145978084125,
        "e": 0.27235425214690623,
        "f": 0.9042742873476604,
        "color": 0.9309633345618523,
        "weight": 0.15763365547811936,
        "variations": {
          "polar": 0.18398339597157298,
          "heart": 0.8486319652631029
        }
      }
    ],
    "num_points": 2854407,
    "gamma": 2.4022821550919424,
    "brightness": 1.2,
    "hue_rotation": 253.7293794334525
  }
}