{
  "seed": "98fb8c7f-ca8e-4f94-8b88-a6b02df23b5f",
  "params": {
    "transforms": [
      {
        "a": 0.16133500724636884,
        "b": -0.9812992212510387,
        "c": 0.7744350639346556,
        "d": -0.45692911897253174,
        "e": -0.2946301501393829,
        "f": 0.6218646923945856,
        "color": 0.6383883883140882,
        "weight": 0.16714969266119936,
        "variations": {
          "sinusoidal": 0.34650827362229375,
          "swirl": 0.023310612746198944,
          "spherical": 0.6712565124729223
        }
      },
      {
        "a": 0.9138807128272066,
        "b": 0.8610925080406173,
        "c": 0.3158313445854941,
        "d": 0.7702146418715194,
        "e": 0.6220118481481687,
        "f": -1.4695938877169508,
        "color": 0.6135581192651918,
        "weight": 0.9839099530089769,
        "variations": {
          "heart": 0.8595688969065425
        }
      }
    ],
    "num_points": 2789306,
    "gamma": 2.3299428234742816,
    "brightness": 1.2,
    "hue_rotation": 25.314969819353074
  }
}