{
  "seed": "fafe28d6-63d1-403a-8a4e-d8a36d022c9f",
  "params": {
    "transforms": [
      {
        "a": 0.8280741587209699,
        "b": 0.5828989927815424,
        "c": -0.5612110814708162,
        "d": -0.2394417879930162,
        "e": 0.03678745610928935,
        "f": 0.47686866175507836,
        "color": 0.9609832990209474,
        "weight": 0.7818990347663178,
        "variations": {
          "polar": 0.7438346942570745,
          "spherical": 0.8994613974911367,
          "linear": 0.5242099452465879
        }
      },
      {
        "a": -0.1386789292390347,
        "b": 0.6109191084555416,
        "c": -0.7086290980795893,
        "d": -0.8793636917017951,
        "e": 1.2617867670720293,
        "f": 0.5633571106568107,
        "color": 0.1998344284509146,
        "weight": 0.6185774420281944,
        "variations": {
          "swirl": 0.08402099438339405,
          "spherical": 0.13527116334855238
        }
      },
      {
        "a": -0.6610662888633847,
        "b": 0.8759650700866008,
        "c": 0.06318262738380853,
        "d": 0.7071799307549367,
        "e": 0.5117308001710339,
        "f": 0.3540957969224099,
        "color": 0.950557544780572,
        "weight": 0.5452404394157996,
        "variations": {
          "sinusoidal": 0.11716980437606439,
          "swirl": 0.8362917553402146,
          "spherical": 0.3243079979621356
        }
      },
      {
        "a": -0.49200691791013296,
        "b": 0.4016603813094197,
        "c": 0.34432557095730143,
        "d": 0.5882389394406908,
        "e": -1.4894446003947406,
        "f": 0.9873894295092711,
        "color": 0.4453003533318357,
        "weight": 0.18420545698820545,
        "variations": {
          "spherical": 0.5389751545849681
        }
      }
    ],
    "num_points": 2953885,
    "gamma": 2.1430723752140772,
    "brightness": 1.2,
    "hue_rotation": 64.02386397233212
  }
}