{
  "seed": "b6b14b02-c59e-4b12-b0d3-4f6e77bc67cb",
  "params": {
    "transforms": [
      {
        "a": 0.28240661295311775,
        "b": -0.293861591043461,
        "c": 0.42395340699659645,
        "d": -0.7923103835408567,
        "e": 0.12017356576098814,
        "f": 0.06724105687170479,
        "color": 0.12432834015401151,
        "weight": 0.3456059484748135,
        "variations": {
          "sinusoidal": 0.9593399045874718,
          "polar": 0.9557960522215053,
          "heart": 0.3482489288326449
        }
      },
      {
        "a": 0.6626685755457966,
        "b": -0.22101442121254355,
        "c": 0.8800184822864612,
        "d": -0.5007563329314919,
        "e": -1.3681884425096706,
        "f": 0.07162707206343999,
        "color": 0.2613849849152182,
        "weight": 0.7407844589992743,
        "variations": {
          "linear": 0.15599204850105752
        }
      },
      {
        "a": -0.07841425106087785,
        "b": 0.6762674138475078,
        "c": -0.30093030322258163,
        "d": -0.44180113762708917,
        "e": -0.9645819798965013,
        "f": -0.0628706040845648,
        "color": 0.6885140288432097,
        "weight": 0.5026267886168492,
        "variations": {
          "heart": 0.9434690608113879,
          "linear": 0.5989316165134894
        }
      }
    ],
    "num_points": 2504494,
    "gamma": 1.8461273489448604,
    "brightness": 1.2,
    "hue_rotation": 37.511142746763745
  }
}