{
  "seed": "175cb6ed-d749-4dc4-9b0b-9fb3ff9959a7",
  "params": {
    "transforms": [
      {
        "a": 0.6162068220737404,
        "b": 0.43319396387446485,
        "c": 0.9819805680869282,
        "d": -0.6726103719789545,
        "e": 0.3373052336341775,
        "f": 0.5830391632655312,
        "color": 0.2100479204833109,
        "weight": 0.12168072935538504,
        "variations": {
          "swirl": 0.21639056053364658,
          "spherical": 0.15200700756020258,
          "polar": 0.07241278367140436
        }
      },
      {
        "a": 0.1893007775866602,
        "b": 0.6536073377856961,
        "c": -0.05371246876812297,
        "d": 0.19246918162571358,
        "e": 0.46256443604539776,
        "f": 1.2541805623958022,
        "color": 0.7804001038554026,
        "weight": 0.5582306120352183,
        "variations": {
          "linear": 0.5749894841565844,
          "polar": 0.6245652630686856,
          "swirl": 0.993953376592305
        }
      },
      {
        "a": -0.0333252270529345,
        "b": 0.6127515488813489,
        "c": 0.21334424519200956,
        "d": -0.15676720027227953,
        "e": -0.7968679240023465,
        "f": -0.8264162328133631,
        "color": 0.4612286680192411,
        "weight": 0.74071618566874,
        "variations": {
          "spherical": 0.3238808949129981
        }
      }
    ],
    "num_points": 1773714,
    "gamma": 2.035815223383879,
    "brightness": 1.2,
    "hue_rotation": 322.85077714191806
  }
}