{
  "seed": "3a210454-0230-4092-9680-1b039a593fa2-221",
  "parameters": {
    "num_transforms": 3,
    "transforms": [
      {
        "a": -1.3014275032680063,
        "b": -0.6145242068790961,
        "c": -0.5402527155643275,
        "d": -1.0706422304170942,
        "e": -1.1798132021154688,
        "f": 0.31356308667284516,
        "color": 0.07687653284211049,
        "variations": {
          "linear": 0.0,
          "handkerchief": 0.18766401087250606
        },
        "weight": 1.6051541574492927
      },
      {
        "a": -0.6468806349898952,
        "b": 0.9288863714897895,
        "c": -1.246894134873983,
        "d": 0.12394132326779794,
        "e": 0.6174283713033328,
        "f": 1.122673267638301,
        "color": 0.0819855166530149,
        "variations": {
          "swirl": 0.8051728075715698,
          "handkerchief": 0.0,
          "spiral": 0.24407611123235962
        },
        "weight": 0.9416273550455138
      },
      {
        "a": 0.9583049435890474,
        "b": 1.174226372381792,
        "c": -1.2059154267286043,
        "d": -1.1788735224642728,
        "e": 1.1235491539604139,
        "f": 0.349088240787538,
        "color": 0.617957913911784,
        "variations": {
          "handkerchief": 0.0018126737448008745,
          "spiral": 0.8947010199200692,
          "hyperbolic": 0.791826459367636
        },
        "weight": 1.8013713126639623
      }
    ],
    "num_points": 3021874,
    "gamma": 2.5932797377402954,
    "brightness": 0.7233815044642088,
    "contrast": 0.9770453513354662,
    "hue_rotation": 15.574348570256209
  }
}