{
  "seed": "99357b26-37ca-41e3-a7ac-af26030aa575",
  "params": {
    "transforms": [
      {
        "a": -0.9781140012111513,
        "b": 0.47624502582584327,
        "c": -0.20415329885685418,
        "d": -0.40581324650757256,
        "e": 0.21116941992779092,
        "f": -0.10907061466949908,
        "color": 0.30817735337771124,
        "weight": 0.6736214596007565,
        "variations": {
          "polar": 0.9042522867926271,
          "sinusoidal": 0.5654803455245968
        }
      },
      {
        "a": 0.6032489844622098,
        "b": 0.6588362181107057,
        "c": 0.33435609245367903,
        "d": -0.5190669323824955,
        "e": 0.6913557845054736,
        "f": 0.027379172777157734,
        "color": 0.7778943991778393,
        "weight": 0.28506005304159043,
        "variations": {
          "heart": 0.08094952203768302,
          "polar": 0.8111289647210297
        }
      },
      {
        "a": 0.5024502592745566,
        "b": -0.7580480090717359,
        "c": 0.05237012324595991,
        "d": -0.02330535240042253,
        "e": 0.12601429378264828,
        "f": 0.4914635725468839,
        "color": 0.27382926966995014,
        "weight": 0.8588964483171068,
        "variations": {
          "swirl": 0.4218217493754378,
          "spherical": 0.2888466190864366,
          "linear": 0.5016296220953366
        }
      }
    ],
    "num_points": 2369253,
    "gamma": 2.3371628232752224,
    "brightness": 1.2,
    "hue_rotation": 328.517651081486
  }
}