{
  "seed": "87bdc2df-a767-4b4b-8d2a-6dc2b08f4172",
  "params": {
    "transforms": [
      {
        "a": -0.8608194346781812,
        "b": -0.19326094324982934,
        "c": 0.6459263575180496,
        "d": -0.6021787934613723,
        "e": -0.9580352694051095,
        "f": 1.4433318544279627,
        "color": 0.3745154590527141,
        "weight": 0.1230411008989146,
        "variations": {
          "spherical": 0.43498334192818233,
          "swirl": 0.6613381752741707
        }
      },
      {
        "a": 0.05784209978488297,
        "b": -0.8348551834986861,
        "c": 0.7718501172308316,
        "d": -0.9079879105337343,
        "e": -0.7978068688462299,
        "f": 1.0953217312908468,
        "color": 0.3904316853781875,
        "weight": 0.44828091926113367,
        "variations": {
          "polar": 0.6495412568276437
        }
      },
      {
        "a": 0.9977153625205042,
        "b": -0.630263597958503,
        "c": -0.532208493581968,
        "d": 0.04649892786148557,
        "e": 1.3086443433528503,
        "f": 0.881712985294195,
        "color": 0.9787023857471023,
        "weight": 0.7435538809620963,
        "variations": {
          "polar": 0.20631792112378577,
          "linear": 0.17024476018898993
        }
      },
      {
        "a": 0.8109124876428846,
        "b": -0.6283836475477751,
        "c": -0.4299234189812713,
        "d": 0.6633584375259145,
        "e": 0.6721406161487615,
        "f": 0.02742965662129615,
        "color": 0.6032693043912791,
        "weight": 0.506469276764411,
        "variations": {
          "sinusoidal": 0.506087861924723,
          "linear": 0.9280157049932981,
          "polar": 0.6503209447397332
        }
      }
    ],
    "num_points": 1705215,
    "gamma": 2.481075750350225,
    "brightness": 1.2,
    "hue_rotation": 75.11403013087244
  }
}