{
  "seed": "2da1dde3-b3d4-4ee9-aeb9-0cf3a7d6dd0c",
  "params": {
    "transforms": [
      {
        "a": 0.9012942728703457,
        "b": -0.46093451105791017,
        "c": 0.7075283187493631,
        "d": -0.9893792842756548,
        "e": -0.6666164738142519,
        "f": -0.8240979920730628,
        "color": 0.560625135695345,
        "weight": 0.905317007705223,
        "variations": {
          "linear": 0.28693025360477253,
          "sinusoidal": 0.050537706412632
        }
      },
      {
        "a": -0.032580700058353784,
        "b": 0.423761682514634,
        "c": 0.24991247379168557,
        "d": 0.9501373950081959,
        "e": 0.031228202193443133,
        "f": 1.3721190647535857,
        "color": 0.8565816111777675,
        "weight": 0.19570578081470238,
        "variations": {
          "heart": 0.03529541174155215,
          "spherical": 0.41965580059433605,
          "swirl": 0.9257780929285401
        }
      },
      {
        "a": -0.7680916368194495,
        "b": -0.5305724990780731,
        "c": 0.7433817296220548,
        "d": -0.5925011156919615,
        "e": 1.1674391167476692,
        "f": -0.26462707259755547,
        "color": 0.8058193222928404,
        "weight": 0.15008383563670002,
        "variations": {
          "swirl": 0.9620551306264962,
          "linear": 0.4746595530121116,
          "sinusoidal": 0.14991965577792077
        }
      }
    ],
    "num_points": 1328374,
    "gamma": 2.477676922543421,
    "brightness": 1.2,
    "hue_rotation": 75.53277110920408
  }
}