{
  "seed": "e031aa89-f5f4-4840-a5f3-dfe8a440aab2",
  "params": {
    "transforms": [
      {
        "a": 0.8965218347618173,
        "b": -0.8836978190880742,
        "c": -0.8596946096676275,
        "d": -0.6074185598625996,
        "e": 0.6074925695696844,
        "f": 0.9217776408350327,
        "color": 0.04301465093658763,
        "weight": 0.6081839003895998,
        "variations": {
          "swirl": 0.44266648219215865,
          "sinusoidal": 0.7923391786066387,
          "heart": 0.1327151550990895
        }
      },
      {
        "a": 0.6673760632360397,
        "b": 0.9282263710357479,
        "c": -0.5863807864048765,
        "d": 0.8371660218108978,
        "e": -0.8189467783012573,
        "f": -0.6630038753329341,
        "color": 0.598623979290212,
        "weight": 0.6544309051665613,
        "variations": {
          "sinusoidal": 0.7096954802045454
        }
      }
    ],
    "num_points": 2634769,
    "gamma": 2.1122251377117554,
    "brightness": 1.2,
    "hue_rotation": 146.14578839630198
  }
}