{
  "seed": "f1f6c231-4767-44cb-9032-ed3d865ced6a",
  "params": {
    "transforms": [
      {
        "a": -0.6839537042409805,
        "b": -0.9256590219878287,
        "c": 0.5234283561235575,
        "d": -0.22003372231924145,
        "e": -0.9926817166047048,
        "f": 0.42503648040884556,
        "color": 0.19900356987976875,
        "weight": 0.12209219230369672,
        "variations": {
          "linear": 0.15699545006928628,
          "spherical": 0.42098857157027847
        }
      },
      {
        "a": 0.7961802767704662,
        "b": 0.8187805856851744,
        "c": 0.45290450351394274,
        "d": 0.8510459815754234,
        "e": -0.6631238596590824,
        "f": 0.44155193311254237,
        "color": 0.21230016645108252,
        "weight": 0.1485865544676066,
        "variations": {
          "swirl": 0.8600779590729428
        }
      }
    ],
    "num_points": 2435345,
    "gamma": 2.3971164388088804,
    "brightness": 1.2,
    "hue_rotation": 23.044769272061497
  }
}