{
  "seed": "33e92067-003c-4a00-b58c-12bc89d9c968",
  "params": {
    "transforms": [
      {
        "a": -0.505445619198919,
        "b": -0.5237092252958131,
        "c": 0.18742924272895523,
        "d": 0.9357071979510236,
        "e": -0.28292245762593193,
        "f": 1.0964739033441395,
        "color": 0.06264641122041825,
        "weight": 0.6559612950546533,
        "variations": {
          "swirl": 0.3033829370858312,
          "polar": 0.4387270084283016,
          "linear": 0.18187449458646854
        }
      },
      {
        "a": -0.22986309877879996,
        "b": -0.6098333738416157,
        "c": -0.8031365816538589,
        "d": 0.23887280780708386,
        "e": -0.7962384144795213,
        "f": 1.0570620115289522,
        "color": 0.6119867565254041,
        "weight": 0.7332430501665208,
        "variations": {
          "sinusoidal": 0.8438615117116051,
          "swirl": 0.26358131951369024
        }
      },
      {
        "a": -0.6520836229100924,
        "b": -0.8835278790522425,
        "c": -0.7784614333090423,
        "d": -0.3226724859019259,
        "e": 1.2014848175378066,
        "f": 0.8208043347478942,
        "color": 0.768984033832359,
        "weight": 0.698141911254442,
        "variations": {
          "sinusoidal": 0.4402963804433718,
          "spherical": 0.18345829892385201,
          "linear": 0.0394925363594445
        }
      }
    ],
    "num_points": 2699821,
    "gamma": 2.3673891783021004,
    "brightness": 1.2,
    "hue_rotation": 129.54943474378794
  }
}