{
  "seed": "752dd021-83b7-4ba0-bb34-0237682efbda",
  "params": {
    "transforms": [
      {
        "a": 0.9936493927300063,
        "b": 0.9102860532597918,
        "c": 0.5941205562138772,
        "d": 0.38984580381504275,
        "e": 1.205668318093319,
        "f": -1.3479893050780776,
        "color": 0.772146324361584,
        "weight": 0.8230637378244103,
        "variations": {
          "polar": 0.3474989570648689
        }
      },
      {
        "a": -0.31437437423087,
        "b": -0.6943098234053071,
        "c": 0.6586273535854614,
        "d": 0.8915179167275533,
        "e": -0.3891664073242622,
        "f": -0.18251995852255853,
        "color": 0.9990984146993653,
        "weight": 0.15046112012242466,
        "variations": {
          "linear": 0.6509844332530605,
          "swirl": 0.2835552972500015
        }
      }
    ],
    "num_points": 1455767,
    "gamma": 2.481061996864284,
    "brightness": 1.2,
    "hue_rotation": 283.41435440283647
  }
}