{
  "seed": "e8b17627-2530-46f0-a2af-44de5c42aa31",
  "params": {
    "transforms": [
      {
        "a": 0.013705611157776687,
        "b": 0.8291234733428126,
        "c": -0.3984053236098628,
        "d": 0.2379830509316181,
        "e": 0.7029214526375864,
        "f": -0.32881026958502035,
        "color": 0.664894202248237,
        "weight": 0.4361754202210192,
        "variations": {
          "linear": 0.13621091841232402,
          "swirl": 0.2706929702069858
        }
      },
      {
        "a": 0.16144700156694913,
        "b": -0.4751974110805546,
        "c": -0.14355178131013124,
        "d": 0.9248641333053613,
        "e": -0.11224176391335217,
        "f": -0.264427084504516,
        "color": 0.29854947948435084,
        "weight": 0.9736041538555681,
        "variations": {
          "polar": 0.17821207465331568
        }
      }
    ],
    "num_points": 2008567,
    "gamma": 2.355601707147968,
    "brightness": 1.2,
    "hue_rotation": 174.1318987724714
  }
}