{
  "seed": "fc7b4fac-ced9-49ba-a63e-a6b360194fc6",
  "params": {
    "transforms": [
      {
        "a": 0.7646037665180658,
        "b": 0.8896104020744706,
        "c": 0.5186015530928114,
        "d": -0.13453707513153224,
        "e": 1.1967722249673445,
        "f": 0.6511667999231743,
        "color": 0.6759586764346802,
        "weight": 0.6202777323631007,
        "variations": {
          "spherical": 0.274017670135666,
          "polar": 0.7603672404682489,
          "heart": 0.022706269095252196
        }
      },
      {
        "a": -0.5817725598325914,
        "b": -0.9394242636139885,
        "c": -0.6321316521710973,
        "d": 0.9167617580559699,
        "e": 0.8970044735509797,
        "f": -0.9737263495336813,
        "color": 0.5559540283133662,
        "weight": 0.28219491068554425,
        "variations": {
          "spherical": 0.8441863239631201
        }
      }
    ],
    "num_points": 2361124,
    "gamma": 2.0482821993231326,
    "brightness": 1.2,
    "hue_rotation": 294.2743243975144
  }
}