{
  "seed": "e0d71238-0387-467e-8b38-814c7e4bc0fa",
  "params": {
    "transforms": [
      {
        "a": 0.2041434287647399,
        "b": -0.4571108156033441,
        "c": -0.12668804124122457,
        "d": 0.9916427732540232,
        "e": 1.1683351125707384,
        "f": -1.2421743246801995,
        "color": 0.7263705513362679,
        "weight": 0.28707317295031093,
        "variations": {
          "linear": 0.5298025879446323,
          "sinusoidal": 0.7833854587064557,
          "swirl": 0.3700950999914895
        }
      },
      {
        "a": 0.00738431869118239,
        "b": -0.01931718945151939,
        "c": -0.18854614285553462,
        "d": 0.23581610936873787,
        "e": -1.091626444690943,
        "f": -1.035886121371406,
        "color": 0.5831835345945086,
        "weight": 0.6187417332883365,
        "variations": {
          "sinusoidal": 0.5814611126777522
        }
      },
      {
        "a": 0.40150771265257035,
        "b": 0.12200851979236393,
        "c": -0.5631393072243511,
        "d": 0.10033362012039193,
        "e": 0.5764980610625257,
        "f": -0.5656569308017595,
        "color": 0.03393944599359233,
        "weight": 0.5924803008033226,
        "variations": {
          "linear": 0.09740247726017037
        }
      }
    ],
    "num_points": 2259470,
    "gamma": 1.9928053769015415,
    "brightness": 1.2,
    "hue_rotation": 152.8690960445303
  }
}