{
  "seed": "4f8a3a87-2f4c-4cbd-848b-b080590f2ded",
  "params": {
    "transforms": [
      {
        "a": 0.5912780697852131,
        "b": 0.40851723157869,
        "c": -0.8715954481248551,
        "d": -0.24588878922555235,
        "e": 1.4138744057438393,
        "f": 0.08265644963283547,
        "color": 0.1114309277869181,
        "weight": 0.8414261868636831,
        "variations": {
          "polar": 0.2424637318160321
        }
      },
      {
        "a": -0.8093651919425349,
        "b": -0.09652306260781396,
        "c": -0.7992941168283048,
        "d": 0.3339556002330393,
        "e": 1.2775941776024187,
        "f": 0.7037057417274477,
        "color": 0.42575257497859464,
        "weight": 0.8323234563560715,
        "variations": {
          "sinusoidal": 0.8697585185105167,
          "linear": 0.38996296844590517
        }
      },
      {
        "a": -0.833570884068243,
        "b": -0.5584224284735793,
        "c": -0.6717773131700555,
        "d": -0.7521973824094128,
        "e": -1.4332081855032646,
        "f": 0.23851969598076694,
        "color": 0.8951824749422064,
        "weight": 0.5547474621754224,
        "variations": {
          "swirl": 0.15934606650572336,
          "polar": 0.2041303868023977,
          "spherical": 0.5305234214529808
        }
      },
      {
        "a": -0.853326964563742,
        "b": -0.5852554524488909,
        "c": 0.5931256424124354,
        "d": -0.33222325044410317,
        "e": -0.9579016478991292,
        "f": 1.122976701139471,
        "color": 0.6751507279078331,
        "weight": 0.10000188042961933,
        "variations": {
          "spherical": 0.18471465195208703
        }
      }
    ],
    "num_points": 1441145,
    "gamma": 2.206249147220435,
    "brightness": 1.2,
    "hue_rotation": 335.67097168078584
  }
}