{
  "seed": "3f00e208-f13b-43f2-8b2e-c426ab46cfbc",
  "params": {
    "transforms": [
      {
        "a": -0.18814358565808287,
        "b": 0.7854247217328199,
        "c": 0.6613147842295972,
        "d": 0.35094371291651427,
        "e": 0.0655304782002939,
        "f": 0.2381825802077313,
        "color": 0.9282896465202994,
        "weight": 0.8103031672071319,
        "variations": {
          "polar": 0.001176588884688301,
          "heart": 0.5258853018241672,
          "swirl": 0.9902076678410178
        }
      },
      {
        "a": -0.03155962052848116,
        "b": 0.8472742390218375,
        "c": 0.7895362957543774,
        "d": 0.12639884447679184,
        "e": -1.0549977561391755,
        "f": 1.192342481241281,
        "color": 0.3323355123088676,
        "weight": 0.4386326131824404,
        "variations": {
          "linear": 0.11205710081705733,
          "polar": 0.08301028301286784
        }
      }
    ],
    "num_points": 2837279,
    "gamma": 2.0887180420530234,
    "brightness": 1.2,
    "hue_rotation": 322.50252549467865
  }
}