{
  "seed": "99cc7546-d7bd-497a-9ad3-7e64e64fe3d3",
  "params": {
    "transforms": [
      {
        "a": -0.4691483954558511,
        "b": -0.9338775584249932,
        "c": 0.7613216233217361,
        "d": 0.9841835685750189,
        "e": -1.221962060484482,
        "f": 0.5031487895316311,
        "color": 0.9965684290352056,
        "weight": 0.8846158626413978,
        "variations": {
          "linear": 0.8022245057758213,
          "heart": 0.2737647521875314,
          "polar": 0.02848837517286451
        }
      },
      {
        "a": 0.1561724136177809,
        "b": -0.9529737304471528,
        "c": 0.47851942638724054,
        "d": 0.8049516970517916,
        "e": -1.3626661969234073,
        "f": 0.6472334352071969,
        "color": 0.5221507013455023,
        "weight": 0.7076928645444744,
        "variations": {
          "swirl": 0.25226485221951245,
          "spherical": 0.8405391586446774,
          "linear": 0.7336748266611633
        }
      }
    ],
    "num_points": 1940444,
    "gamma": 2.444484108986788,
    "brightness": 1.2,
    "hue_rotation": 333.7269229823441
  }
}