{
  "seed": "cf8daf7e-79ea-44b7-af9b-b9eec7d56978",
  "params": {
    "transforms": [
      {
        "a": 0.027572151223686836,
        "b": 0.1964842983406303,
        "c": 0.13521350327970172,
        "d": -0.9177013058507402,
        "e": 0.77603374173759,
        "f": 1.4593036890615956,
        "color": 0.8485646263208679,
        "weight": 0.9539175121560339,
        "variations": {
          "polar": 0.9867332094200508,
          "linear": 0.12604975491469683
        }
      },
      {
        "a": 0.6185835839175065,
        "b": 0.5924438661459757,
        "c": 0.7728834358171408,
        "d": 0.8515881527665676,
        "e": -1.3740133267094272,
        "f": 0.8425622357631131,
        "color": 0.3354602635182191,
        "weight": 0.8865829050765957,
        "variations": {
          "heart": 0.5139855036192166
        }
      }
    ],
    "num_points": 1388140,
    "gamma": 2.3380066275681095,
    "brightness": 1.2,
    "hue_rotation": 188.95726275613447
  }
}