{
  "seed": "9ee1f31c-b670-4ed1-a702-d172e468273e",
  "params": {
    "transforms": [
      {
        "a": 0.2961829140561405,
        "b": 0.8299462191119624,
        "c": -0.14123049714131874,
        "d": 0.6664116242888769,
        "e": 0.9063057341387504,
        "f": -1.348612395429744,
        "color": 0.17026699573916815,
        "weight": 0.9854031358842172,
        "variations": {
          "spherical": 0.990566230005466
        }
      },
      {
        "a": 0.5689029022620071,
        "b": 0.0914684692514216,
        "c": -0.23005440717765713,
        "d": 0.6991700342452489,
        "e": 0.37620936180989184,
        "f": -0.766383764652709,
        "color": 0.4825247152755876,
        "weight": 0.8571643180423348,
        "variations": {
          "polar": 0.48878743573169614,
          "heart": 0.4285871498620881
        }
      }
    ],
    "num_points": 1245438,
    "gamma": 2.0039250895383045,
    "brightness": 1.2,
    "hue_rotation": 42.49414982105841
  }
}