{
  "seed": "71d92110-0494-4e5d-96c2-aed29e011386",
  "params": {
    "transforms": [
      {
        "a": -0.41845009083381624,
        "b": 0.853008093505119,
        "c": 0.10052024289718964,
        "d": 0.6725755800691935,
        "e": -1.2893158362282269,
        "f": 0.8419941406332958,
        "color": 0.8188703006719228,
        "weight": 0.14955858502452066,
        "variations": {
          "swirl": 0.19152616875526152,
          "spherical": 0.8360990580574158
        }
      },
      {
        "a": -0.49575541110605914,
        "b": 0.6889181962881172,
        "c": 0.6020943213268348,
        "d": -0.6624143947116528,
        "e": 0.6911691021385504,
        "f": 0.5781220602175066,
        "color": 0.8550401215384543,
        "weight": 0.3256873981494627,
        "variations": {
          "polar": 0.31247747593705255,
          "sinusoidal": 0.1218756337218766,
          "spherical": 0.7907415300050439
        }
      },
      {
        "a": -0.6917517108692799,
        "b": -0.13425407354668129,
        "c": -0.9522897324700721,
        "d": -0.6188229662709888,
        "e": -1.385352461378098,
        "f": 0.48343825106084903,
        "color": 0.7355757465947731,
        "weight": 0.1688266147528441,
        "variations": {
          "swirl": 0.6236340934183532
        }
      }
    ],
    "num_points": 2771015,
    "gamma": 2.36853595804582,
    "brightness": 1.2,
    "hue_rotation": 256.77456981993043
  }
}