{
  "seed": "ea7af5d5-8c9e-49cb-aeb1-cae8a15d666e",
  "params": {
    "transforms": [
      {
        "a": -0.12872111719124746,
        "b": 0.29052122628277366,
        "c": -0.5552750964595823,
        "d": 0.13565576126556134,
        "e": 0.8329120122979363,
        "f": -0.07394174111650442,
        "color": 0.09926682293214417,
        "weight": 0.21057648088057795,
        "variations": {
          "swirl": 0.8822192674132373,
          "linear": 0.8994399996826148
        }
      },
      {
        "a": -0.5312312164414497,
        "b": 0.8359397047502961,
        "c": 0.5246682950749855,
        "d": -0.2594361479991336,
        "e": -0.22632218634688872,
        "f": 0.3901865754963225,
        "color": 0.9159200216837354,
        "weight": 0.7440033567224538,
        "variations": {
          "polar": 0.1858396219992975,
          "spherical": 0.0931875885741632
        }
      },
      {
        "a": 0.04817454655842712,
        "b": 0.11259259683765221,
        "c": 0.5132601444541496,
        "d": -0.15114372844810298,
        "e": -0.3923142745106256,
        "f": 0.3226406182429342,
        "color": 0.7209526714067648,
        "weight": 0.15782022200376308,
        "variations": {
          "polar": 0.5573561908980004,
          "heart": 0.9149127060239842,
          "linear": 0.8629650290804556
        }
      },
      {
        "a": 0.126494867034046,
        "b": 0.6307095830717979,
        "c": -0.8320556652583395,
        "d": -0.91791460923903,
        "e": 0.012395789162636506,
        "f": -0.23961939367513052,
        "color": 0.9918822180857381,
        "weight": 0.7518339981528993,
        "variations": {
          "sinusoidal": 0.4089731751658724
        }
      }
    ],
    "num_points": 1678371,
    "gamma": 2.035376947021024,
    "brightness": 1.2,
    "hue_rotation": 336.5535257774824
  }
}