{
  "seed": "d895e473-d004-4943-aea8-d494074e52d5",
  "params": {
    "transforms": [
      {
        "a": -0.9062361804163079,
        "b": 0.9764648231439421,
        "c": 0.6106250806362936,
        "d": 0.1761547327497912,
        "e": 1.337655904491585,
        "f": 1.2687587869095824,
        "color": 0.4759859125700514,
        "weight": 0.20917610296052772,
        "variations": {
          "spherical": 0.9192385181982607,
          "linear": 0.18383233520718412,
          "swirl": 0.8120462459133686
        }
      },
      {
        "a": -0.22389193539330088,
        "b": -0.38129784043174775,
        "c": 0.130692112359879,
        "d": -0.9766666221904534,
        "e": -1.2756649483309028,
        "f": 1.2862435861581072,
        "color": 0.003970997545161392,
        "weight": 0.2999878241801113,
        "variations": {
          "swirl": 0.1447952137313474
        }
      },
      {
        "a": -0.7006204062931178,
        "b": -0.9501625062019319,
        "c": 0.26824864428369644,
        "d": -0.8913283914408405,
        "e": 0.561527420761033,
        "f": -1.1908084274028994,
        "color": 0.6824646734866044,
        "weight": 0.8423772313287228,
        "variations": {
          "spherical": 0.15457413682534826,
          "swirl": 0.2039810227558967
        }
      },
      {
        "a": 0.052578502508638936,
        "b": 0.32803082023927677,
        "c": -0.4548984627393371,
        "d": -0.0770957436987445,
        "e": 0.842026934698898,
        "f": -0.27861436079021873,
        "color": 0.30377587241632664,
        "weight": 0.28169192737200577,
        "variations": {
          "polar": 0.011038801680572918,
          "swirl": 0.26728924231818196,
          "spherical": 0.1814410593340715
        }
      }
    ],
    "num_points": 1260687,
    "gamma": 1.8190311500503094,
    "brightness": 1.2,
    "hue_rotation": 238.66864364875187
  }
}