{
  "seed": "90868081-269b-4750-94cd-b07cda3683e6",
  "params": {
    "transforms": [
      {
        "a": 0.2924608027413136,
        "b": 0.4817907054063262,
        "c": -0.05351776775377459,
        "d": -0.867499094179037,
        "e": -1.3547392054273186,
        "f": 0.9157323771539359,
        "color": 0.526118806889901,
        "weight": 0.9584571935172219,
        "variations": {
          "polar": 0.4008628171190939,
          "swirl": 0.30231648789790244
        }
      },
      {
        "a": 0.4534918138343824,
        "b": -0.6790733406167626,
        "c": -0.9658491807617204,
        "d": 0.9754803549109334,
        "e": -0.27416342621972056,
        "f": -0.6619516763900412,
        "color": 0.38443267117804714,
        "weight": 0.7829588185672457,
        "variations": {
          "sinusoidal": 0.19708406156196068,
          "polar": 0.031191068569625835
        }
      },
      {
        "a": -0.505966345403783,
        "b": -0.9112291106803914,
        "c": 0.667164563587668,
        "d": -0.8482906934496035,
        "e": -0.5464926313067991,
        "f": 1.2611197249798414,
        "color": 0.06124783412843526,
        "weight": 0.10418086820017197,
        "variations": {
          "polar": 0.06344310186326052
        }
      },
      {
        "a": 0.7864468047828987,
        "b": -0.2244225867104157,
        "c": -0.45259638592950235,
        "d": 0.22669006030802752,
        "e": -0.7463869584329058,
        "f": 0.10937426776034087,
        "color": 0.8523414077729746,
        "weight": 0.2230485776752391,
        "variations": {
          "sinusoidal": 0.9721822170202858
        }
      }
    ],
    "num_points": 1579692,
    "gamma": 1.9526846054007816,
    "brightness": 1.2,
    "hue_rotation": 30.866238361002907
  }
}