{
  "seed": "311afc1a-1f38-4b6d-bf4a-80dc14e3863f",
  "params": {
    "transforms": [
      {
        "a": -0.3863725624616301,
        "b": 0.8113210477268373,
        "c": -0.5060649095934677,
        "d": 0.7034348579242962,
        "e": 1.0387053119610057,
        "f": 0.2837095723906753,
        "color": 0.7564515484927631,
        "weight": 0.618212348231791,
        "variations": {
          "spherical": 0.01797946491737068
        }
      },
      {
        "a": -0.7235995056916749,
        "b": 0.6777545129721769,
        "c": -0.31413356805039694,
        "d": -0.30020902771635694,
        "e": -1.3293002090920174,
        "f": 1.2645945985175944,
        "color": 0.8820701409404084,
        "weight": 0.530797893384056,
        "variations": {
          "spherical": 0.22317817816976837
        }
      },
      {
        "a": -0.6146730864605487,
        "b": 0.382212755048833,
        "c": 0.9309893749714488,
        "d": 0.28969681433622974,
        "e": -0.5737675215322295,
        "f": 0.6994447938335009,
        "color": 0.2738989930018628,
        "weight": 0.42058794061879323,
        "variations": {
          "linear": 0.9635860985402896
        }
      },
      {
        "a": -0.21874368073985018,
        "b": -0.6359709282750012,
        "c": 0.04095935091718572,
        "d": 0.21911141149682245,
        "e": -1.469304549391881,
        "f": 0.8241384041255673,
        "color": 0.3120253409244057,
        "weight": 0.11400140986341631,
        "variations": {
          "swirl": 0.9326938552653495,
          "linear": 0.33637210429236086,
          "polar": 0.34032265087999447
        }
      }
    ],
    "num_points": 2244911,
    "gamma": 2.419646755678756,
    "brightness": 1.2,
    "hue_rotation": 236.55348892606662
  }
}