{
  "seed": "bb4e7f58-727f-425a-a72b-39cc5a50a849",
  "params": {
    "transforms": [
      {
        "a": 0.2858763917622429,
        "b": 0.9634475124312933,
        "c": -0.8310503370278197,
        "d": 0.6172831785681792,
        "e": -1.1843791119753375,
        "f": 1.2053265903652948,
        "color": 0.2325034277488417,
        "weight": 0.4851906421225799,
        "variations": {
          "spherical": 0.09145631300056845,
          "sinusoidal": 0.9356149748685997,
          "linear": 0.13535730416322134
        }
      },
      {
        "a": 0.5300339430366472,
        "b": 0.8774180540008829,
        "c": -0.7201522875992847,
        "d": 0.13127891018495497,
        "e": 0.44309148418038813,
        "f": 0.5340169975477065,
        "color": 0.5101480121558369,
        "weight": 0.9591559846765029,
        "variations": {
          "linear": 0.7494501896718843,
          "swirl": 0.8924755623137091
        }
      }
    ],
    "num_points": 1251406,
    "gamma": 1.804046733955583,
    "brightness": 1.2,
    "hue_rotation": 335.44399506790234
  }
}