{
  "seed": "cd49a095-e8db-42e0-8ca8-1e6f0a39f4aa",
  "params": {
    "transforms": [
      {
        "a": -0.3063797932231693,
        "b": 0.015901236998610457,
        "c": 0.20529633121305624,
        "d": 0.14022725075711473,
        "e": -0.10786812806458523,
        "f": -1.0305854547855429,
        "color": 0.5123072793778625,
        "weight": 0.19387921083249327,
        "variations": {
          "linear": 0.7850320792757871
        }
      },
      {
        "a": -0.4990023333559539,
        "b": 0.16314915847712363,
        "c": -0.818358572387301,
        "d": 0.05170385663866606,
        "e": 1.4539744402143646,
        "f": 1.4723905326707851,
        "color": 0.6522126351685239,
        "weight": 0.6152932601334379,
        "variations": {
          "heart": 0.6638813542950894,
          "swirl": 0.41247459648791995,
          "spherical": 0.2208056272045228
        }
      }
    ],
    "num_points": 2481559,
    "gamma": 2.1384023395750846,
    "brightness": 1.2,
    "hue_rotation": 321.5239483530747
  }
}