{
  "seed": "61121285-82a3-4fb7-bc4f-fd5f74ae4164",
  "params": {
    "transforms": [
      {
        "a": -0.6664658224283451,
        "b": -0.7836134053897754,
        "c": 0.21130923211068775,
        "d": -0.9923356389979796,
        "e": -0.8225122500632601,
        "f": 0.826719539976478,
        "color": 0.12901889966703461,
        "weight": 0.6139185293824834,
        "variations": {
          "linear": 0.6134835558205608,
          "sinusoidal": 0.44162288755625734
        }
      },
      {
        "a": -0.6243509316381781,
        "b": 0.9592328346753718,
        "c": -0.7133819263739496,
        "d": -0.11598565931729254,
        "e": 0.6576818779430882,
        "f": -0.6628973224370366,
        "color": 0.5325689983487136,
        "weight": 0.49034935971936555,
        "variations": {
          "polar": 0.7066905104568023,
          "heart": 0.2350101296540552,
          "sinusoidal": 0.07120994863539265
        }
      },
      {
        "a": -0.18172435244889273,
        "b": -0.2980269913822413,
        "c": 0.4662894067774037,
        "d": -0.2811000638140779,
        "e": 0.30934105367383413,
        "f": -0.7899228507854461,
        "color": 0.9005654133737592,
        "weight": 0.49259891134404554,
        "variations": {
          "heart": 0.7000049345924494,
          "spherical": 0.9597754549804796,
          "sinusoidal": 0.9794247095247386
        }
      },
      {
        "a": 0.2432738958420093,
        "b": -0.3469944789542252,
        "c": -0.522486569694468,
        "d": -0.8521266186392729,
        "e": -1.0689789933243294,
        "f": 0.5839848941891335,
        "color": 0.0193246126028489,
        "weight": 0.8982353744395506,
        "variations": {
          "sinusoidal": 0.8756292867238632
        }
      }
    ],
    "num_points": 2845400,
    "gamma": 1.863527241313284,
    "brightness": 1.2,
    "hue_rotation": 209.65671026298807
  }
}