{
  "seed": "b8882c49-127e-460b-8241-7c009b3dc42c",
  "params": {
    "transforms": [
      {
        "a": 0.1565716569386153,
        "b": -0.3085484839679611,
        "c": 0.6356050697185911,
        "d": 0.8578072808842616,
        "e": -0.6655048981061646,
        "f": -0.11318857404079452,
        "color": 0.757421978319573,
        "weight": 0.6368143256809009,
        "variations": {
          "sinusoidal": 0.8495132868669407,
          "linear": 0.2003156756958575,
          "spherical": 0.046793944082018535
        }
      },
      {
        "a": 0.014546371321213725,
        "b": 0.6780413694252838,
        "c": 0.67800017133652,
        "d": 0.11590499774401697,
        "e": -1.4341713372869807,
        "f": -0.11586762933590466,
        "color": 0.6676879280209023,
        "weight": 0.30753043510993305,
        "variations": {
          "swirl": 0.6068768598457964
        }
      },
      {
        "a": -0.0034838934286958168,
        "b": -0.09405732892348007,
        "c": 0.7783040215453416,
        "d": -0.26309781357053974,
        "e": 0.4856433485716156,
        "f": -0.2441961344904815,
        "color": 0.2876862522264353,
        "weight": 0.13186734350418175,
        "variations": {
          "swirl": 0.8035228154762438,
          "spherical": 0.5339644796352995,
          "linear": 0.31447519692294423
        }
      }
    ],
    "num_points": 1004705,
    "gamma": 1.8053913559123593,
    "brightness": 1.2,
    "hue_rotation": 288.6072831876712
  }
}