{
  "seed": "b9a1f460-b033-40f4-9cf9-22721a00c80e",
  "params": {
    "transforms": [
      {
        "a": -0.4222578950254603,
        "b": 0.5485127701155743,
        "c": -0.0003603469495894185,
        "d": 0.41365641505385975,
        "e": -1.434568209895307,
        "f": -0.9259856679333122,
        "color": 0.508497649863965,
        "weight": 0.4530697799516674,
        "variations": {
          "spherical": 0.349546073832969,
          "sinusoidal": 0.5298522255959109,
          "polar": 0.02640580501160139
        }
      },
      {
        "a": -0.2925036278862039,
        "b": 0.12360519536339654,
        "c": 0.817138638391089,
        "d": 0.6037049524522793,
        "e": 0.11124488998263304,
        "f": 0.11740590731191136,
        "color": 0.6136757060278576,
        "weight": 0.19559386953302732,
        "variations": {
          "polar": 0.6412433439439472,
          "sinusoidal": 0.8757148607818442
        }
      },
      {
        "a": 0.2943944544216013,
        "b": 0.26873896854036117,
        "c": -0.5782600218835416,
        "d": -0.10272587248427856,
        "e": -1.2724432866123756,
        "f": 1.4670411431067927,
        "color": 0.9393159687584982,
        "weight": 0.18013524108336768,
        "variations": {
          "linear": 0.037569273158796324,
          "spherical": 0.029458848489853917
        }
      }
    ],
    "num_points": 1048794,
    "gamma": 2.300552255076952,
    "brightness": 1.2,
    "hue_rotation": 269.096362381267
  }
}