{
  "seed": "9b992be1-3bb3-4f86-af7d-dbbee948126e",
  "params": {
    "transforms": [
      {
        "a": -0.39365005251392304,
        "b": -0.3198488534442443,
        "c": -0.9820429709730951,
        "d": -0.015920784049684,
        "e": 0.06222758384227234,
        "f": -1.3165918777952934,
        "color": 0.6377585191391215,
        "weight": 0.14450541983951687,
        "variations": {
          "spherical": 0.903783910943313,
          "polar": 0.9208852999926261,
          "swirl": 0.7343103733866316
        }
      },
      {
        "a": 0.4671261478081947,
        "b": -0.11305273615178568,
        "c": -0.37142498972418303,
        "d": 0.7653020544632372,
        "e": -0.3594866140769444,
        "f": -0.29641219888084014,
        "color": 0.06377470795748885,
        "weight": 0.8643962033805773,
        "variations": {
          "linear": 0.01014978638128572
        }
      },
      {
        "a": -0.9971362804284394,
        "b": -0.6309719286837245,
        "c": -0.2240092050078779,
        "d": 0.4282716763832921,
        "e": -0.8604293318415188,
        "f": -1.2739665541407188,
        "color": 0.2718970095382085,
        "weight": 0.4587923374216355,
        "variations": {
          "spherical": 0.754819913947138,
          "linear": 0.9130454471705469,
          "sinusoidal": 0.21460497664454303
        }
      },
      {
        "a": 0.1233681597097358,
        "b": -0.8183273078579449,
        "c": -0.35612224870709763,
        "d": 0.9443833012641063,
        "e": 0.009534103968095176,
        "f": 0.8714215010331925,
        "color": 0.37567844983568177,
        "weight": 0.9685420620166362,
        "variations": {
          "spherical": 0.04287355121010472,
          "linear": 0.8996373373049511
        }
      }
    ],
    "num_points": 1809353,
    "gamma": 2.3504663147581484,
    "brightness": 1.2,
    "hue_rotation": 329.9307255449474
  }
}