{
  "seed": "af86dcd9-face-4d71-b1f1-88982b89c099",
  "params": {
    "transforms": [
      {
        "a": -0.7247926563869689,
        "b": -0.634158758673661,
        "c": 0.717486304139749,
        "d": -0.1497830997962255,
        "e": 1.379031134701035,
        "f": 0.5789185769125513,
        "color": 0.9447580834111037,
        "weight": 0.41080737867948736,
        "variations": {
          "linear": 0.7309994770989235,
          "swirl": 0.8189907347852701,
          "spherical": 0.5411990297090712
        }
      },
      {
        "a": -0.7484219207042433,
        "b": 0.7031816810849865,
        "c": 0.9940928747775548,
        "d": -0.4827693115444134,
        "e": 0.10536796026953166,
        "f": 0.5440375756154179,
        "color": 0.2431995166194416,
        "weight": 0.8759236013596524,
        "variations": {
          "swirl": 0.9748708356764645,
          "polar": 0.16153795354785683,
          "heart": 0.1861330601166985
        }
      }
    ],
    "num_points": 2717151,
    "gamma": 2.4113487488907555,
    "brightness": 1.2,
    "hue_rotation": 278.6448770280933
  }
}