{
  "seed": "9132b472-6fe6-4a29-aaf4-7d102c7d9bae",
  "params": {
    "transforms": [
      {
        "a": 0.370320230784718,
        "b": -0.7216709767502507,
        "c": -0.5257360905765069,
        "d": -0.7015341745438644,
        "e": -0.46586666685930567,
        "f": -0.6764423628848781,
        "color": 0.6159687521145696,
        "weight": 0.48130369516473404,
        "variations": {
          "polar": 0.056228753617609595,
          "sinusoidal": 0.04377998381264381,
          "linear": 0.03707736741328016
        }
      },
      {
        "a": 0.4493641576182177,
        "b": -0.00894585282184246,
        "c": 0.07385483688424155,
        "d": 0.2937061748403105,
        "e": -0.5648941405776081,
        "f": 0.9247922239013966,
        "color": 0.6341019486108717,
        "weight": 0.5692067090975663,
        "variations": {
          "sinusoidal": 0.6071324444628923,
          "heart": 0.2760816819879892,
          "spherical": 0.3744113639159148
        }
      }
    ],
    "num_points": 2128354,
    "gamma": 2.323741447954065,
    "brightness": 1.2,
    "hue_rotation": 83.33380380285173
  }
}