{
  "seed": "29438689-a127-4735-8d8e-f0f6755e0f8f",
  "params": {
    "transforms": [
      {
        "a": -0.48776591450365303,
        "b": -0.6864690887990867,
        "c": 0.9387961768204887,
        "d": -0.5846594013516564,
        "e": -0.9275905924053248,
        "f": -1.083243108360637,
        "color": 0.6213664332206016,
        "weight": 0.8602122501765377,
        "variations": {
          "polar": 0.7648714412383921,
          "sinusoidal": 0.8758372291290518,
          "heart": 0.3914713904742827
        }
      },
      {
        "a": 0.6811401056792714,
        "b": 0.8968429175477537,
        "c": 0.34276084867885315,
        "d": -0.8741611985062856,
        "e": -0.6023089078126108,
        "f": -1.1885426926428724,
        "color": 0.39534244302532195,
        "weight": 0.8854548439474431,
        "variations": {
          "linear": 0.20824809389097643,
          "spherical": 0.5218147236709201,
          "sinusoidal": 0.1350710496225972
        }
      },
      {
        "a": -0.7860687440318446,
        "b": 0.04839825896113603,
        "c": 0.5155923202613588,
        "d": 0.7995830182046233,
        "e": 1.02763432043766,
        "f": -0.16256563023745008,
        "color": 0.9123259995545142,
        "weight": 0.17099493978961672,
        "variations": {
          "linear": 0.10880262066536717,
          "polar": 0.455330544083141,
          "swirl": 0.20060794278894412
        }
      },
      {
        "a": -0.05918108198658367,
        "b": 0.8196287130387379,
        "c": 0.9613996693265674,
        "d": -0.7099507217741865,
        "e": -1.4503454470147092,
        "f": 1.0343206257831188,
        "color": 0.7737394716218978,
        "weight": 0.25901229198786546,
        "variations": {
          "linear": 0.00842430042955189
        }
      }
    ],
    "num_points": 2810585,
    "gamma": 2.3126854184816357,
    "brightness": 1.2,
    "hue_rotation": 9.933812390002515
  }
}