{
  "seed": "96b0c96f-33cc-408f-b18d-48d5e536209d",
  "params": {
    "transforms": [
      {
        "a": 0.7430638730306771,
        "b": 0.436874218350086,
        "c": -0.490021377624817,
        "d": 0.8002672806693629,
        "e": -1.0179987845265956,
        "f": -0.9970539676122708,
        "color": 0.8768556289014228,
        "weight": 0.5766568495623532,
        "variations": {
          "spherical": 0.3019279868392578,
          "linear": 0.08930507982439251,
          "heart": 0.77520563050882
        }
      },
      {
        "a": 0.7113458014769642,
        "b": -0.3010678814634138,
        "c": 0.8443708642029593,
        "d": 0.3978396527156558,
        "e": -0.7163766599682341,
        "f": 1.108861572519217,
        "color": 0.35947649443808893,
        "weight": 0.2513129159480379,
        "variations": {
          "sinusoidal": 0.8857476664041236,
          "linear": 0.8442604871471638
        }
      }
    ],
    "num_points": 1326928,
    "gamma": 2.4578578826590194,
    "brightness": 1.2,
    "hue_rotation": 181.90116742637602
  }
}