{
  "seed": "b36ed5bd-d46d-4e21-b9f0-3aa408592abe",
  "params": {
    "transforms": [
      {
        "a": 0.5180857507960126,
        "b": 0.6257197101350169,
        "c": -0.6282954043512798,
        "d": 0.6829534207520025,
        "e": 0.5239451411442024,
        "f": -0.6950753806870105,
        "color": 0.02013993244799417,
        "weight": 0.36800203207855053,
        "variations": {
          "spherical": 0.028002712156015797,
          "polar": 0.5632836612210481,
          "swirl": 0.8657969768572528
        }
      },
      {
        "a": 0.9701366066738666,
        "b": 0.2851404021412647,
        "c": 0.9589280564162099,
        "d": 0.44095038778150575,
        "e": 1.120824803198749,
        "f": 0.3042258516629617,
        "color": 0.6003546981068776,
        "weight": 0.5660186969368922,
        "variations": {
          "swirl": 0.5432495046805218,
          "linear": 0.17698327067822062
        }
      }
    ],
    "num_points": 1324744,
    "gamma": 2.0790915181979086,
    "brightness": 1.2,
    "hue_rotation": 212.36939281190715
  }
}