{
  "seed": "18d66554-ada8-4758-a0bf-3a8fbfdb0e0b",
  "params": {
    "transforms": [
      {
        "a": 0.4560946709323037,
        "b": -0.369184319398268,
        "c": -0.4414545328104815,
        "d": 0.586681295752681,
        "e": -0.33720450960912585,
        "f": 0.041975136774014654,
        "color": 0.04239040444516928,
        "weight": 0.5744404456857762,
        "variations": {
          "linear": 0.9057758038140865
        }
      },
      {
        "a": -0.6932333695346198,
        "b": 0.6429953188433808,
        "c": -0.8889758213613408,
        "d": -0.7856597043455502,
        "e": -0.7880631081258862,
        "f": 0.839993027064375,
        "color": 0.679522878685037,
        "weight": 0.3392370703439687,
        "variations": {
          "polar": 0.5881603473998448,
          "sinusoidal": 0.23035380349031387,
          "swirl": 0.42740069098851385
        }
      },
      {
        "a": -0.2182806160847348,
        "b": 0.9805691610968734,
        "c": -0.35021730564089193,
        "d": -0.09429725713584136,
        "e": -1.0451700235445078,
        "f": 1.148814293349298,
        "color": 0.29636568879733594,
        "weight": 0.6159102222629896,
        "variations": {
          "sinusoidal": 0.05204100674278622,
          "spherical": 0.9598458826823429,
          "polar": 0.606008969407142
        }
      },
      {
        "a": 0.7349963776576427,
        "b": -0.09777876274022312,
        "c": 0.15710068756978646,
        "d": -0.3738228063498903,
        "e": 0.4254408245833976,
        "f": 1.2974249634119355,
        "color": 0.1799274549912574,
        "weight": 0.4698783249869367,
        "variations": {
          "spherical": 0.07972532234416918
        }
      }
    ],
    "num_points": 1379779,
    "gamma": 2.3646359084386948,
    "brightness": 1.2,
    "hue_rotation": 235.5981685393896
  }
}