{
  "seed": "3062b5f2-7e38-4312-bd03-ffc0c5418549",
  "params": {
    "transforms": [
      {
        "a": -0.5070371033741694,
        "b": 0.781585989835279,
        "c": -0.871697269796273,
        "d": 0.5646799448194166,
        "e": 0.058878043422458504,
        "f": -1.1400380378020605,
        "color": 0.8698004982011887,
        "weight": 0.24075043533686138,
        "variations": {
          "swirl": 0.20438074149511698,
          "spherical": 0.7821463993775994,
          "heart": 0.7870453813637455
        }
      },
      {
        "a": -0.9887823511430123,
        "b": 0.1442436138728198,
        "c": -0.14384887314712302,
        "d": 0.14787144612589387,
        "e": 1.2382477512362264,
        "f": 1.4102881599993013,
        "color": 0.320362220142565,
        "weight": 0.2533321443858039,
        "variations": {
          "heart": 0.14690265931183355,
          "polar": 0.4185250358556848
        }
      }
    ],
    "num_points": 1230105,
    "gamma": 1.9066113923001375,
    "brightness": 1.2,
    "hue_rotation": 123.28976390136134
  }
}