{
  "seed": "94546257-8d76-4ec1-92fc-1a7d0000ce27",
  "params": {
    "transforms": [
      {
        "a": -0.1258482774063132,
        "b": 0.17945166272525226,
        "c": -0.41648334390289676,
        "d": 0.2347023368898551,
        "e": -0.19945294096502186,
        "f": 0.5624438320156986,
        "color": 0.09935452221631091,
        "weight": 0.7562662369876206,
        "variations": {
          "swirl": 0.6045287251039521,
          "heart": 0.9930314398936193,
          "linear": 0.8792057837885616
        }
      },
      {
        "a": -0.9635817495785013,
        "b": -0.6356409539656562,
        "c": -0.11906220234541687,
        "d": 0.8274032004458274,
        "e": 1.1213113878345111,
        "f": -0.7033542308778262,
        "color": 0.33198379135929434,
        "weight": 0.5895508580498569,
        "variations": {
          "heart": 0.23218557508023308
        }
      }
    ],
    "num_points": 2919573,
    "gamma": 2.380033948386112,
    "brightness": 1.2,
    "hue_rotation": 160.88918802300236
  }
}