{
  "seed": "a74e8836-9f3d-47e7-9e03-f6850e8efc7d",
  "params": {
    "transforms": [
      {
        "a": -0.6958131450814717,
        "b": 0.7361132063872313,
        "c": 0.44726772758740707,
        "d": -0.6032472001522826,
        "e": -0.4087682036332274,
        "f": -0.9417567975800424,
        "color": 0.4756603671174302,
        "weight": 0.3253262488509347,
        "variations": {
          "swirl": 0.7982773647561905
        }
      },
      {
        "a": 0.5948340533221157,
        "b": 0.538869058769508,
        "c": -0.02817755488780871,
        "d": 0.7421606597508965,
        "e": 0.4940477384754032,
        "f": 0.48555975705267684,
        "color": 0.005889316649174914,
        "weight": 0.7352046283830312,
        "variations": {
          "heart": 0.6230944305828136,
          "polar": 0.7706264584040093,
          "sinusoidal": 0.4505776816705134
        }
      }
    ],
    "num_points": 2842891,
    "gamma": 2.490590668253767,
    "brightness": 1.2,
    "hue_rotation": 273.4492357717247
  }
}