{
  "seed": "206480d0-38c7-430f-9567-df20da10460f",
  "params": {
    "transforms": [
      {
        "a": -0.4382394220376149,
        "b": 0.7577767330379896,
        "c": -0.3340626026502749,
        "d": -0.7949166004074288,
        "e": 1.374704467178021,
        "f": 1.47471555600516,
        "color": 0.4460367361884997,
        "weight": 0.7775422270228551,
        "variations": {
          "sinusoidal": 0.2874095650396806,
          "polar": 0.6510787016217732
        }
      },
      {
        "a": 0.9073612228625076,
        "b": -0.43360841817170437,
        "c": 0.6392131388002227,
        "d": 0.49626624232255656,
        "e": 0.23212462057672534,
        "f": 1.0348168408655347,
        "color": 0.05520008382374253,
        "weight": 0.854387156872937,
        "variations": {
          "sinusoidal": 0.7332305358437601,
          "spherical": 0.9098486908450824
        }
      },
      {
        "a": -0.6083607195275531,
        "b": -0.23811059633051945,
        "c": -0.4063320305638989,
        "d": -0.5867035262355254,
        "e": -0.12429390383651429,
        "f": 0.6898337505605636,
        "color": 0.9506965873353939,
        "weight": 0.9944203092060659,
        "variations": {
          "swirl": 0.634692024037527
        }
      },
      {
        "a": 0.1727110713757034,
        "b": -0.8796820395786917,
        "c": -0.18113765658149816,
        "d": -0.7529331053111883,
        "e": -0.12193726598820609,
        "f": -0.44952670331283273,
        "color": 0.30138389223942097,
        "weight": 0.7091940739900412,
        "variations": {
          "swirl": 0.04269285789836896,
          "polar": 0.962146179876695
        }
      }
    ],
    "num_points": 1056929,
    "gamma": 2.2232649725856097,
    "brightness": 1.2,
    "hue_rotation": 101.97838052333401
  }
}