{
  "seed": "4913a7e4-d8c1-4183-b90b-19226b624d83",
  "params": {
    "transforms": [
      {
        "a": -0.5182428612913796,
        "b": -0.5024977297468545,
        "c": 0.5956050914428319,
        "d": 0.2056142909087424,
        "e": -1.2714934975831578,
        "f": -0.1936172482339975,
        "color": 0.8360412812427207,
        "weight": 0.38073876034798926,
        "variations": {
          "sinusoidal": 0.9522624863789679
        }
      },
      {
        "a": 0.09708863354973651,
        "b": -0.9915086456956566,
        "c": 0.8740268288780242,
        "d": -0.21092485945756057,
        "e": -0.57702854411166,
        "f": 0.4090368960186812,
        "color": 0.010311855284743432,
        "weight": 0.1784793730180372,
        "variations": {
          "heart": 0.23360736050320585
        }
      }
    ],
    "num_points": 1591385,
    "gamma": 2.0820666182519187,
    "brightness": 1.2,
    "hue_rotation": 166.25751158430788
  }
}