{
  "seed": "f0b1c6fa-84dd-47cf-b23c-c036ebd88529",
  "params": {
    "transforms": [
      {
        "a": 0.08000893274629672,
        "b": 0.5066188025241525,
        "c": -0.16498584516412906,
        "d": 0.5687439552924123,
        "e": -0.18488383096216854,
        "f": -1.3693584564966446,
        "color": 0.7467223555043685,
        "weight": 0.7382042253771158,
        "variations": {
          "spherical": 0.9710126940609961
        }
      },
      {
        "a": 0.15420725769084043,
        "b": -0.6518258942072115,
        "c": 0.44920497838226625,
        "d": 0.2645598658808881,
        "e": 1.4776439100548049,
        "f": -0.5854179031908027,
        "color": 0.7993766920828735,
        "weight": 0.6428143610713078,
        "variations": {
          "sinusoidal": 0.18774520567688835
        }
      },
      {
        "a": -0.14584761856442263,
        "b": -0.694221032381666,
        "c": 0.7889475370811567,
        "d": 0.9050454071842446,
        "e": -1.1250694844629807,
        "f": 0.5172670037819902,
        "color": 0.9534539280973908,
        "weight": 0.22426289967882235,
        "variations": {
          "sinusoidal": 0.0089689483684402,
          "heart": 0.8932130193994083
        }
      }
    ],
    "num_points": 1020296,
    "gamma": 2.201587936635728,
    "brightness": 1.2,
    "hue_rotation": 72.45583605675068
  }
}