{
  "seed": "16303926-cef8-46ab-ae50-7d5c8e7d67e5",
  "params": {
    "transforms": [
      {
        "a": 0.1596977980227996,
        "b": -0.8280413803649704,
        "c": 0.13455649251087531,
        "d": -0.3609206319920195,
        "e": 0.9952578693271787,
        "f": -1.4437775929544678,
        "color": 0.37788336017477,
        "weight": 0.4959788144230165,
        "variations": {
          "heart": 0.32575675979202945,
          "linear": 0.2591226241204049,
          "swirl": 0.33423357431947154
        }
      },
      {
        "a": 0.6710526671312813,
        "b": -0.6910783518155648,
        "c": 0.5632107186642843,
        "d": -0.7150395174389845,
        "e": 1.2977894342646623,
        "f": 1.0092658876154124,
        "color": 0.6611409700316196,
        "weight": 0.7744153962624487,
        "variations": {
          "heart": 0.48667416321193313,
          "linear": 0.950132911928446
        }
      },
      {
        "a": -0.4640660786247086,
        "b": 0.14656674010362702,
        "c": 0.5972347433887981,
        "d": -0.43014712488566986,
        "e": 0.5608368172945317,
        "f": 0.39213554760713465,
        "color": 0.7568285882050595,
        "weight": 0.38011307252023063,
        "variations": {
          "sinusoidal": 0.9920251225896282
        }
      }
    ],
    "num_points": 2435037,
    "gamma": 2.0141411155910705,
    "brightness": 1.2,
    "hue_rotation": 79.7170713792457
  }
}