{
  "seed": "0aa1ccca-0ebb-405b-b169-9defc7651e70",
  "params": {
    "transforms": [
      {
        "a": 0.8300661229713284,
        "b": 0.7674788981986636,
        "c": 0.8531281728722495,
        "d": 0.8133492594103486,
        "e": 0.19781468065131724,
        "f": 0.382672707735046,
        "color": 0.13250512733994235,
        "weight": 0.2050204230609818,
        "variations": {
          "heart": 0.02311203609457657
        }
      },
      {
        "a": 0.05835083360735194,
        "b": -0.4714008791584432,
        "c": 0.20542757511806187,
        "d": -0.11085494921520933,
        "e": -0.23717193766230382,
        "f": -0.8265115782758486,
        "color": 0.05999581879266491,
        "weight": 0.6255135717909459,
        "variations": {
          "sinusoidal": 0.3632040972129178,
          "linear": 0.51537253047561
        }
      }
    ],
    "num_points": 1883394,
    "gamma": 2.281801694181066,
    "brightness": 1.2,
    "hue_rotation": 195.70963290608245
  }
}