{
  "seed": "bdb24bd4-6c52-4b1a-9c35-d49a64235734",
  "params": {
    "transforms": [
      {
        "a": 0.5523157042910656,
        "b": -0.2542041820640357,
        "c": -0.8534347248562497,
        "d": -0.003762318872205128,
        "e": -0.9724642803793758,
        "f": -0.8466203108296741,
        "color": 0.6334506412893723,
        "weight": 0.9283901586175992,
        "variations": {
          "swirl": 0.29208780022170766,
          "spherical": 0.4907464003593971
        }
      },
      {
        "a": 0.2742557131265686,
        "b": 0.17385667366947422,
        "c": -0.36212031904170816,
        "d": 0.444326410853352,
        "e": 1.1715228443995986,
        "f": -0.10928591444144997,
        "color": 0.1800545195414498,
        "weight": 0.8896945625258519,
        "variations": {
          "sinusoidal": 0.9172050470151462,
          "polar": 0.8374533199302897,
          "heart": 0.5061947748470117
        }
      },
      {
        "a": -0.5883238395635357,
        "b": -0.1872307225285006,
        "c": -0.9443473926960613,
        "d": -0.15660832327468177,
        "e": 1.273824123293699,
        "f": 1.4275198556657935,
        "color": 0.8776135359576974,
        "weight": 0.5261956213128619,
        "variations": {
          "sinusoidal": 0.5635343548769424,
          "spherical": 0.33241688700250405
        }
      },
      {
        "a": -0.9700911216154857,
        "b": -0.876238808085833,
        "c": 0.8650686332948994,
        "d": 0.5000874596700438,
        "e": -0.14472852252061852,
        "f": 0.5932247575908702,
        "color": 0.19779775965717583,
        "weight": 0.2724943606481347,
        "variations": {
          "linear": 0.2533788497098779,
          "polar": 0.8661633562952659,
          "sinusoidal": 0.059744000536218644
        }
      }
    ],
    "num_points": 1471853,
    "gamma": 2.0301630013176046,
    "brightness": 1.2,
    "hue_rotation": 151.32715152344824
  }
}