{
  "seed": "02bf2ea3-47a5-47ba-b42a-5f5b36033ecc",
  "params": {
    "transforms": [
      {
        "a": 0.9971183819532696,
        "b": 0.3565684215586258,
        "c": 0.5336646038481039,
        "d": -0.7399376572352161,
        "e": -1.0370454179952378,
        "f": -1.0660078323767639,
        "color": 0.6740481190917416,
        "weight": 0.4971416045155507,
        "variations": {
          "swirl": 0.3877835733540965,
          "spherical": 0.3800983132316097
        }
      },
      {
        "a": -0.3232134420006383,
        "b": 0.5609836121698513,
        "c": -0.5870826330347798,
        "d": -0.685973860450269,
        "e": 0.6635059895410094,
        "f": -1.245939611126353,
        "color": 0.22210002376869298,
        "weight": 0.7821512524922184,
        "variations": {
          "spherical": 0.1951323593579377,
          "linear": 0.11032585720521204
        }
      },
      {
        "a": 0.266514820711113,
        "b": -0.7154261296570732,
        "c": 0.9116450435029446,
        "d": 0.350032162336116,
        "e": -1.2930492715537683,
        "f": -0.9642346901251022,
        "color": 0.9203955165299837,
        "weight": 0.11556206753911594,
        "variations": {
          "spherical": 0.630066246707698,
          "linear": 0.04145064589483194,
          "polar": 0.8619692632457799
        }
      }
    ],
    "num_points": 2264072,
    "gamma": 1.9392944990964383,
    "brightness": 1.2,
    "hue_rotation": 196.673912037964
  }
}