{
  "seed": "4f8cd023-beb3-4280-b10c-52bdf1fc7e75",
  "params": {
    "transforms": [
      {
        "a": -0.10078081782138293,
        "b": 0.02928093931272735,
        "c": 0.6266553154739367,
        "d": 0.18538440080069618,
        "e": 1.1542091112714603,
        "f": -1.043590562856182,
        "color": 0.07352369770608203,
        "weight": 0.422273599508578,
        "variations": {
          "polar": 0.3679776426163617
        }
      },
      {
        "a": -0.9047143412853214,
        "b": 0.15103779539467288,
        "c": -0.6104891560873842,
        "d": -0.8268312084963376,
        "e": 1.237786195200731,
        "f": 0.3952398817683074,
        "color": 0.15125000334607164,
        "weight": 0.6612677841439801,
        "variations": {
          "sinusoidal": 0.09034276878443237,
          "linear": 0.08461632443721523,
          "spherical": 0.26538534942494774
        }
      },
      {
        "a": -0.21301010786716312,
        "b": 0.11475589887951232,
        "c": -0.6718080018038419,
        "d": 0.4060863982208862,
        "e": -0.24270770160917565,
        "f": 0.9870610721521089,
        "color": 0.5084089311882601,
        "weight": 0.8442882030873649,
        "variations": {
          "polar": 0.7066604335258809
        }
      }
    ],
    "num_points": 2042251,
    "gamma": 1.9669296976386264,
    "brightness": 1.2,
    "hue_rotation": 259.5267618580849
  }
}