{
  "seed": "4ee61767-7e10-4b77-969f-27250db13de6",
  "params": {
    "transforms": [
      {
        "a": 0.38394358519479965,
        "b": -0.9049232756469119,
        "c": 0.0010056745383180132,
        "d": 0.024379794488024853,
        "e": -1.1974659870933868,
        "f": 0.20449844966450792,
        "color": 0.9824468165834561,
        "weight": 0.15600842909839374,
        "variations": {
          "polar": 0.8731799698280108
        }
      },
      {
        "a": 0.8023786101419224,
        "b": -0.1518699139305506,
        "c": 0.40137847089709755,
        "d": -0.6884617442849792,
        "e": 0.5204058049389744,
        "f": 0.11325297707480186,
        "color": 0.1908135302028695,
        "weight": 0.6121290800548883,
        "variations": {
          "linear": 0.6369323611813069
        }
      },
      {
        "a": -0.9632344733349569,
        "b": -0.20209514958202868,
        "c": -0.8959679754207053,
        "d": 0.05886188206766518,
        "e": 0.4048781591566515,
        "f": 0.5007177600319337,
        "color": 0.5350742419549535,
        "weight": 0.9435392632903167,
        "variations": {
          "sinusoidal": 0.09035096199875148,
          "linear": 0.4614902318446147
        }
      }
    ],
    "num_points": 2113553,
    "gamma": 2.3678218394568917,
    "brightness": 1.2,
    "hue_rotation": 58.65248047058407
  }
}