{
  "seed": "d991a206-f1e9-4c1c-b97b-054e946208dd",
  "params": {
    "transforms": [
      {
        "a": -0.6436653078001799,
        "b": -0.7745060045735288,
        "c": 0.3127799713288446,
        "d": -0.36812850631038385,
        "e": -0.775019650326354,
        "f": -0.1305423636233396,
        "color": 0.823823467702262,
        "weight": 0.7011567382480935,
        "variations": {
          "spherical": 0.268018009226759,
          "sinusoidal": 0.25255836817294064,
          "linear": 0.4173590581307276
        }
      },
      {
        "a": -0.9038239775655887,
        "b": -0.6569642400249776,
        "c": 0.510434007926319,
        "d": -0.4536595224385813,
        "e": -0.1310804093337956,
        "f": 0.4181325260180544,
        "color": 0.8457343234588346,
        "weight": 0.9711674653266122,
        "variations": {
          "heart": 0.6603662415282022
        }
      }
    ],
    "num_points": 1469666,
    "gamma": 2.230249312864937,
    "brightness": 1.2,
    "hue_rotation": 215.35468093465423
  }
}