{
  "seed": "d08bc600-d08b-427b-bab1-b3ce690311cf",
  "params": {
    "transforms": [
      {
        "a": -0.1893213225646737,
        "b": 0.92786661325361,
        "c": 0.15443802251713246,
        "d": 0.6181692595222201,
        "e": 0.017569494497212235,
        "f": 0.8207487860254146,
        "color": 0.40570470950936643,
        "weight": 0.5475275823820267,
        "variations": {
          "linear": 0.7666405190793146
        }
      },
      {
        "a": -0.36300718015527145,
        "b": 0.15764454827151675,
        "c": -0.036475143217707506,
        "d": 0.9341121459901784,
        "e": 0.6989545230673979,
        "f": 0.8291766863212056,
        "color": 0.5376564342708903,
        "weight": 0.9277330602369112,
        "variations": {
          "polar": 0.32237021876886685
        }
      },
      {
        "a": 0.3480010718195188,
        "b": -0.8021446372452081,
        "c": 0.15935275966019824,
        "d": -0.20723652129877768,
        "e": 1.4972008287174057,
        "f": 0.7462682798598688,
        "color": 0.028434720169352,
        "weight": 0.6692465998938796,
        "variations": {
          "linear": 0.05224620168162253,
          "swirl": 0.6431353563459931
        }
      }
    ],
    "num_points": 2042962,
    "gamma": 2.33215303660985,
    "brightness": 1.2,
    "hue_rotation": 340.1107107523314
  }
}