{
  "seed": "6b694061-f15a-49e5-92ed-9a96b02af42a",
  "params": {
    "transforms": [
      {
        "a": -0.6434983391292581,
        "b": 0.27076969702050513,
        "c": -0.6467547115914449,
        "d": 0.3262460580505788,
        "e": 0.7063237970149285,
        "f": -1.0608267814273802,
        "color": 0.7735394177805898,
        "weight": 0.60951429581126,
        "variations": {
          "polar": 0.8790615192012674
        }
      },
      {
        "a": 0.6614205687832697,
        "b": 0.9563931251934861,
        "c": -0.4833611119833623,
        "d": 0.32129773464729583,
        "e": -0.24544689354286486,
        "f": -0.6604048497198179,
        "color": 0.3264463170847306,
        "weight": 0.9711195238581917,
        "variations": {
          "heart": 0.620253403056938,
          "polar": 0.6964408958862346
        }
      },
      {
        "a": 0.07161528930630445,
        "b": 0.27388211843512744,
        "c": 0.7499187053709404,
        "d": 0.676494942756676,
        "e": -1.3128627803883917,
        "f": 1.0233469156392316,
        "color": 0.9464975975732787,
        "weight": 0.42577277892354304,
        "variations": {
          "heart": 0.6387813176255205,
          "swirl": 0.8077494704331376,
          "sinusoidal": 0.8436081386827098
        }
      }
    ],
    "num_points": 1633919,
    "gamma": 2.4784630144999245,
    "brightness": 1.2,
    "hue_rotation": 317.19372014623906
  }
}