{
  "seed": "3c6a87d4-3d5b-4970-ac8e-a36216326a8b",
  "params": {
    "transforms": [
      {
        "a": 0.8493761614560777,
        "b": 0.5554177005199772,
        "c": 0.5735557060991971,
        "d": 0.7192090502041628,
        "e": 1.1609323509638743,
        "f": 0.982351013029735,
        "color": 0.638420889412471,
        "weight": 0.34890453634030927,
        "variations": {
          "sinusoidal": 0.9410008493169815,
          "spherical": 0.47129216801658425,
          "heart": 0.6710060646083997
        }
      },
      {
        "a": 0.8430682504154359,
        "b": 0.7089107204364398,
        "c": -0.003632406880376804,
        "d": -0.7526455442143274,
        "e": 1.451264772523147,
        "f": 0.2356744639487598,
        "color": 0.47226200673185426,
        "weight": 0.7695089704108246,
        "variations": {
          "linear": 0.5700130793383761,
          "polar": 0.01445381773386245
        }
      }
    ],
    "num_points": 1358561,
    "gamma": 2.4928908965074226,
    "brightness": 1.2,
    "hue_rotation": 136.7288316138303
  }
}