{
  "seed": "8a8c083b-812f-44aa-819a-4fbe524554d1",
  "params": {
    "transforms": [
      {
        "a": 0.19099140906002288,
        "b": -0.1144434585073868,
        "c": -0.014097659345927216,
        "d": -0.2796472937226322,
        "e": 0.07011548541368917,
        "f": -0.6228947343434615,
        "color": 0.4514748078137193,
        "weight": 0.14669024051921997,
        "variations": {
          "linear": 0.6589018414930973
        }
      },
      {
        "a": -0.8129056753198687,
        "b": 0.460934767506749,
        "c": -0.13838483169029314,
        "d": -0.2426155444167537,
        "e": 0.2398592516045983,
        "f": 1.4283663925341932,
        "color": 0.6433813961523265,
        "weight": 0.3113441517174162,
        "variations": {
          "sinusoidal": 0.18752290350599032,
          "polar": 0.16278395340256024,
          "spherical": 0.3699087760696036
        }
      },
      {
        "a": -0.3469663503192879,
        "b": -0.6688176932562853,
        "c": -0.8627126783551462,
        "d": 0.6579021443280402,
        "e": 0.9225593051430625,
        "f": -1.0361927060737128,
        "color": 0.37320657521307343,
        "weight": 0.323825909930041,
        "variations": {
          "sinusoidal": 0.06451725377274375,
          "spherical": 0.5973451191046202,
          "swirl": 0.27497345064882495
        }
      }
    ],
    "num_points": 2266192,
    "gamma": 2.043296389557088,
    "brightness": 1.2,
    "hue_rotation": 130.49947479114633
  }
}