{
  "seed": "1122fb84-5333-4a37-b4f2-f93da242d4ec",
  "params": {
    "transforms": [
      {
        "a": 0.8650522663812703,
        "b": -0.46224312985694715,
        "c": 0.06618911682897965,
        "d": 0.530624534693688,
        "e": -0.21594219937764425,
        "f": 1.3490406998634317,
        "color": 0.2896281182047702,
        "weight": 0.37367730777057173,
        "variations": {
          "spherical": 0.18565568317078396,
          "swirl": 0.18847431756039923
        }
      },
      {
        "a": 0.7621056852334225,
        "b": -0.6407969232894346,
        "c": -0.8596868371226127,
        "d": -0.6724504103664626,
        "e": 1.130749594917483,
        "f": -0.7636947264722124,
        "color": 0.12601604177208536,
        "weight": 0.4083073249442314,
        "variations": {
          "spherical": 0.2760618993807291,
          "heart": 0.6450351265767786
        }
      }
    ],
    "num_points": 2579566,
    "gamma": 2.3347332660184823,
    "brightness": 1.2,
    "hue_rotation": 244.45082917917148
  }
}