{
  "seed": "fb1effda-2227-446a-8257-f241181faccb",
  "params": {
    "transforms": [
      {
        "a": 0.5227586851407222,
        "b": 0.410072721598604,
        "c": 0.5759799734621327,
        "d": -0.40083680347907125,
        "e": -0.36373705651302224,
        "f": 0.5725810791510892,
        "color": 0.9655819666412689,
        "weight": 0.22866622134674003,
        "variations": {
          "heart": 0.08763404488602,
          "sinusoidal": 0.4699045467329551,
          "polar": 0.36215250486154893
        }
      },
      {
        "a": 0.6942711306598777,
        "b": -0.7772324581353693,
        "c": -0.5998895774403634,
        "d": -0.1441200797703026,
        "e": 1.1786320865112598,
        "f": 1.2954933479767368,
        "color": 0.4435966647438623,
        "weight": 0.3063047640588974,
        "variations": {
          "linear": 0.7796073435987171,
          "spherical": 0.1668794553546875,
          "swirl": 0.2180699952702394
        }
      }
    ],
    "num_points": 2582529,
    "gamma": 2.25055063083892,
    "brightness": 1.2,
    "hue_rotation": 350.4263712053053
  }
}