{
  "seed": "53b8701a-88a6-442f-8a00-a0bf850dc926-545",
  "parameters": {
    "num_transforms": 4,
    "transforms": [
      {
        "a": -1.01488180083315,
        "b": -0.18255954951020015,
        "c": 0.2331092487450348,
        "d": -0.38770038537837714,
        "e": 0.9162642194963535,
        "f": 0.9142465472040318,
        "color": 0.7687574494241215,
        "variations": {
          "linear": 0.7333644342512755,
          "heart": 0.042562644277735595,
          "polar": 0.664009592324923
        },
        "weight": 1.513747607161651
      },
      {
        "a": 1.1469920494549046,
        "b": 0.31839919229951263,
        "c": -1.095483408744975,
        "d": -0.3838004467203464,
        "e": 0.6756075207384895,
        "f": -0.6810344977829226,
        "color": 0.3299260144637496,
        "variations": {
          "linear": 0.5744770668435096,
          "handkerchief": 0.0
        },
        "weight": 1.4439487318382758
      },
      {
        "a": -0.8836264543126654,
        "b": -1.4733767214807436,
        "c": -0.9826169786602954,
        "d": -1.2141428128789609,
        "e": 0.9540954760994875,
        "f": 0.018019514874499043,
        "color": 0.13591374597292738,
        "variations": {
          "spiral": 0.9709803340360109,
          "handkerchief": 0.0,
          "polar": 0.41570580966230175
        },
        "weight": 1.8623279177220666
      },
      {
        "a": -0.9189205395982339,
        "b": -0.6403367307409199,
        "c": 0.45853086706125223,
        "d": -0.5535420927230718,
        "e": -0.8309560701129727,
        "f": -0.19813223457102858,
        "color": 0.6771386805282281,
        "variations": {
          "horseshoe": 0.41089501399735273,
          "swirl": 0.5659727004975816,
          "hyperbolic": 0.8505516768468581,
          "linear": 0.9869976153327202
        },
        "weight": 0.5195994897002644
      }
    ],
    "num_points": 3567814,
    "gamma": 3.472943701020658,
    "brightness": 1.2195759973411036,
    "contrast": 1.998696178453738,
    "hue_rotation": 46.49177134275816
  }
}