{
  "seed": "a94e659f-bf4a-4b46-bfcd-a5bb6a83ec61",
  "params": {
    "transforms": [
      {
        "a": 0.05193293430440571,
        "b": 0.6230446155192482,
        "c": -0.6795779120095748,
        "d": -0.8443485300169813,
        "e": 1.321377239132099,
        "f": 1.105343865165906,
        "color": 0.3232499196408287,
        "weight": 0.24000945159740295,
        "variations": {
          "polar": 0.30501609671261165,
          "heart": 0.6905184345147667
        }
      },
      {
        "a": -0.23721748109294793,
        "b": 0.9175590522855843,
        "c": 0.8154213611240768,
        "d": -0.09584392977746892,
        "e": -0.5237584129986423,
        "f": -0.4153607400232211,
        "color": 0.26593391214788753,
        "weight": 0.30201487789894693,
        "variations": {
          "spherical": 0.47966669422300157
        }
      }
    ],
    "num_points": 2365561,
    "gamma": 2.3398399737196036,
    "brightness": 1.2,
    "hue_rotation": 204.10716816613635
  }
}