{
  "seed": "dc3c05c9-06d3-4504-af49-448d6c34807d",
  "params": {
    "transforms": [
      {
        "a": 0.5603617016319187,
        "b": -0.22038709221715314,
        "c": -0.6125913140789065,
        "d": -0.25591320054322697,
        "e": 1.4044952742834824,
        "f": -0.20447349989226415,
        "color": 0.39418865374609946,
        "weight": 0.14531591784099943,
        "variations": {
          "spherical": 0.9398963011736117
        }
      },
      {
        "a": -0.172521915296453,
        "b": 0.6124345434209231,
        "c": -0.06818688186334443,
        "d": 0.6092581644268531,
        "e": 1.37107482762109,
        "f": -0.6780313819235717,
        "color": 0.7929227698480708,
        "weight": 0.7450862903668198,
        "variations": {
          "heart": 0.5220551068604387
        }
      }
    ],
    "num_points": 1016210,
    "gamma": 2.4445753275285917,
    "brightness": 1.2,
    "hue_rotation": 358.1616835954574
  }
}