{
  "seed": "7d247f3a-991b-463a-89c8-69664a4fbb96",
  "params": {
    "transforms": [
      {
        "a": -0.10823139699146234,
        "b": 0.993820553071814,
        "c": 0.017758051056874447,
        "d": -0.16257809723340655,
        "e": -1.2362021383187938,
        "f": 1.417281268033527,
        "color": 0.3921685460731965,
        "weight": 0.514584361786147,
        "variations": {
          "spherical": 0.2863814921342883,
          "sinusoidal": 0.019653010711480845
        }
      },
      {
        "a": 0.4397413998023507,
        "b": -0.8308807958535889,
        "c": 0.557129786680612,
        "d": 0.2676744056172904,
        "e": 0.18216105845228414,
        "f": 0.19351927974218275,
        "color": 0.8009798229546649,
        "weight": 0.8705543337056434,
        "variations": {
          "linear": 0.8370840724764239,
          "spherical": 0.4608839358791398,
          "sinusoidal": 0.07167526666852209
        }
      },
      {
        "a": -0.7230940109556832,
        "b": -0.6554675021078644,
        "c": 0.9537748606804421,
        "d": -0.8813658253383376,
        "e": 0.7418048491026865,
        "f": 1.4867131735735644,
        "color": 0.5944647404027646,
        "weight": 0.915426344766858,
        "variations": {
          "linear": 0.08399468101858665,
          "polar": 0.6692265676575656
        }
      }
    ],
    "num_points": 2088305,
    "gamma": 2.3592284276489397,
    "brightness": 1.2,
    "hue_rotation": 105.32825907619855
  }
}