{
  "seed": "9690c035-08e1-44be-9096-4798d218adee",
  "params": {
    "transforms": [
      {
        "a": 0.9427363976678729,
        "b": -0.3655921659843522,
        "c": 0.3386100235063232,
        "d": -0.20879685286246863,
        "e": -0.5014634868164457,
        "f": -0.9636806299381333,
        "color": 0.7640616307328664,
        "weight": 0.4109277618612893,
        "variations": {
          "heart": 0.008551828719201349
        }
      },
      {
        "a": 0.8616303279627502,
        "b": -0.019831308073774423,
        "c": 0.04645607539690899,
        "d": 0.2685228847810537,
        "e": 0.32093977483421887,
        "f": 1.1856200451786494,
        "color": 0.8320987002457502,
        "weight": 0.2418469690310728,
        "variations": {
          "sinusoidal": 0.9545951433009696,
          "heart": 0.8398830205052631
        }
      },
      {
        "a": 0.13766590579061733,
        "b": -0.8919145057022089,
        "c": 0.050517849449803975,
        "d": 0.043664527713544565,
        "e": -1.3587767293856832,
        "f": 0.28461773602951634,
        "color": 0.16938022947963538,
        "weight": 0.19396441985932816,
        "variations": {
          "linear": 0.634464440220098,
          "heart": 0.749775552238532,
          "spherical": 0.07247457294593962
        }
      },
      {
        "a": 0.13994868189975462,
        "b": -0.9720451844698357,
        "c": 0.8371143543214599,
        "d": 0.534794814769227,
        "e": 1.1285542736668788,
        "f": 0.9533972069747207,
        "color": 0.09586370567211444,
        "weight": 0.5388588992713261,
        "variations": {
          "sinusoidal": 0.8914602009458283,
          "swirl": 0.7854964197811931,
          "polar": 0.2986493678688553
        }
      }
    ],
    "num_points": 1941599,
    "gamma": 2.192448235497462,
    "brightness": 1.2,
    "hue_rotation": 34.599762533358785
  }
}