{
  "seed": "873c84c0-452e-4360-a78a-6b54f1e62a09",
  "params": {
    "transforms": [
      {
        "a": -0.9043783115606676,
        "b": -0.9896482563643723,
        "c": 0.784035741379959,
        "d": -0.16398320531663835,
        "e": -0.56826462104847,
        "f": -1.2286170571844663,
        "color": 0.5221650015863258,
        "weight": 0.19244127254115773,
        "variations": {
          "sinusoidal": 0.12030517641786853,
          "swirl": 0.9107987371028576
        }
      },
      {
        "a": -0.5018902776152783,
        "b": -0.6356958414301186,
        "c": -0.854263385607338,
        "d": 0.015179060344216344,
        "e": -1.2744617404936804,
        "f": 0.828673009283146,
        "color": 0.24257602691739166,
        "weight": 0.21308075855752362,
        "variations": {
          "sinusoidal": 0.4130115685973911,
          "spherical": 0.6714167561197847
        }
      }
    ],
    "num_points": 2939890,
    "gamma": 2.064401924660849,
    "brightness": 1.2,
    "hue_rotation": 111.14086903046432
  }
}