{
  "seed": "6e1cecb2-b564-46b4-9722-3d86acec6e9a",
  "params": {
    "transforms": [
      {
        "a": 0.8037836955878352,
        "b": -0.7902318544113358,
        "c": 0.4371409748479671,
        "d": 0.5599321313005572,
        "e": -0.5311565487720298,
        "f": 1.294859999460404,
        "color": 0.5844778295414882,
        "weight": 0.18427533979139965,
        "variations": {
          "linear": 0.5234329522569217,
          "heart": 0.7380789123045802,
          "spherical": 0.5293243590861231
        }
      },
      {
        "a": 0.8025763958915686,
        "b": -0.02268926553391526,
        "c": -0.16448617201265336,
        "d": 0.428392595337203,
        "e": -0.6650728742663098,
        "f": -0.012894964396395148,
        "color": 0.5774379939791181,
        "weight": 0.4806095402757964,
        "variations": {
          "swirl": 0.07096551680473284,
          "heart": 0.5902017368915037,
          "polar": 0.7267382270111407
        }
      }
    ],
    "num_points": 1799084,
    "gamma": 2.36115692441547,
    "brightness": 1.2,
    "hue_rotation": 26.946552952292265
  }
}