{
  "seed": "9f464b92-2952-40b0-846d-5065a4aa2f89",
  "params": {
    "transforms": [
      {
        "a": -0.8929581582772483,
        "b": 0.0006954394320504154,
        "c": 0.4373987499310972,
        "d": -0.3626791234713982,
        "e": 0.7218310402343304,
        "f": -0.3778658239325168,
        "color": 0.3574544355374407,
        "weight": 0.946788430053149,
        "variations": {
          "linear": 0.6031765736538992
        }
      },
      {
        "a": -0.3465725334736587,
        "b": -0.2531727095637022,
        "c": -0.33868257445285055,
        "d": -0.6400202749131993,
        "e": -1.2877262811420973,
        "f": -0.511638220431044,
        "color": 0.7395586611964435,
        "weight": 0.39860514497801747,
        "variations": {
          "polar": 0.4862735893968271
        }
      },
      {
        "a": 0.4897318313554606,
        "b": 0.053783356594287124,
        "c": -0.1618749040702392,
        "d": -0.6379958771077656,
        "e": -0.947835195790856,
        "f": -1.3957619285712253,
        "color": 0.2604071823233074,
        "weight": 0.5880944012537631,
        "variations": {
          "sinusoidal": 0.8953569920332041,
          "swirl": 0.7565011164148572,
          "polar": 0.38753255670162
        }
      },
      {
        "a": 0.471925953692083,
        "b": 0.9762026877270653,
        "c": 0.5485749979366401,
        "d": 0.7649098079749221,
        "e": -1.1984700339626815,
        "f": -0.30841089315633896,
        "color": 0.35996875892001734,
        "weight": 0.7286180236793262,
        "variations": {
          "sinusoidal": 0.9586033006079353
        }
      }
    ],
    "num_points": 2886644,
    "gamma": 2.1796342942660623,
    "brightness": 1.2,
    "hue_rotation": 194.9995718514447
  }
}