{
  "seed": "7646ba33-2b8d-4efb-95e9-d06445150fa2-508",
  "parameters": {
    "num_transforms": 3,
    "transforms": [
      {
        "a": -0.9277056848881466,
        "b": 0.6057679642068061,
        "c": -0.4416220761788403,
        "d": -0.3001508375996236,
        "e": 1.0018560238088394,
        "f": 0.9952136749931282,
        "color": 0.37112838158872996,
        "variations": {
          "spiral": 0.6840451755649977,
          "spherical": 0.880568582502194,
          "disc": 0.3413753689449236,
          "horseshoe": 0.0
        },
        "weight": 0.7087967226958605
      },
      {
        "a": 0.5529444843252183,
        "b": 0.7386948066392316,
        "c": 0.3608485446807215,
        "d": 1.4762856146946386,
        "e": -0.010731362756119633,
        "f": 0.31403458349443825,
        "color": 0.45546348029046235,
        "variations": {
          "handkerchief": 0.1593520673412877,
          "spherical": 0.0,
          "hyperbolic": 0.9351615889796754,
          "horseshoe": 0.0
        },
        "weight": 0.5203228931145756
      },
      {
        "a": 0.8018932050742547,
        "b": -1.2764797073718368,
        "c": 1.2007717221822025,
        "d": -0.9018312419565624,
        "e": -1.3362808292129364,
        "f": 0.4464916441586466,
        "color": 0.2426473230327405,
        "variations": {
          "hyperbolic": 0.2439325119298793,
          "sinusoidal": 0.6494162581731454,
          "horseshoe": 0.18044990657274673,
          "polar": 0.0
        },
        "weight": 1.3805232702488923
      }
    ],
    "num_points": 2238128,
    "gamma": 3.0906625501833314,
    "brightness": 1.9878568505631842,
    "contrast": 0.7713222380201559,
    "hue_rotation": 346.4050206436164
  }
}