{
  "seed": "62bada86-16f9-4207-91c1-799a0b18ad90",
  "params": {
    "transforms": [
      {
        "a": -0.5422215260364913,
        "b": -0.3615729641719463,
        "c": 0.4504043626881613,
        "d": 0.36359195309616177,
        "e": -0.28743858166320413,
        "f": 0.4623372348100083,
        "color": 0.7579264783005436,
        "weight": 0.19081453325095593,
        "variations": {
          "sinusoidal": 0.1260995562738132,
          "linear": 0.4664398043688255,
          "heart": 0.43848886736113923
        }
      },
      {
        "a": 0.22958404105636365,
        "b": -0.3828708090392585,
        "c": -0.5988977633056611,
        "d": 0.3944969813134791,
        "e": -0.9065597470637715,
        "f": -0.9687619058786056,
        "color": 0.8351666134580346,
        "weight": 0.3378213315105024,
        "variations": {
          "linear": 0.8508384329512453
        }
      },
      {
        "a": -0.5890374165724226,
        "b": 0.8905739639324735,
        "c": 0.4753012051967256,
        "d": -0.8330395131888659,
        "e": 0.3864892103491022,
        "f": -1.3522304696165888,
        "color": 0.9793009812953579,
        "weight": 0.9760117627333896,
        "variations": {
          "linear": 0.562023471575284,
          "heart": 0.2197653099412824
        }
      },
      {
        "a": 0.4509490354538741,
        "b": -0.4341925572669174,
        "c": 0.46940003086304083,
        "d": -0.40533683240488627,
        "e": 1.0843341524918184,
        "f": -0.46089589626600524,
        "color": 0.1891571356762456,
        "weight": 0.8151914418716951,
        "variations": {
          "sinusoidal": 0.17153742391460902,
          "polar": 0.7099623341345875
        }
      }
    ],
    "num_points": 1480026,
    "gamma": 2.124157920123152,
    "brightness": 1.2,
    "hue_rotation": 174.180623429139
  }
}