{
  "seed": "b867b140-491f-4960-8d89-a80093de035d",
  "params": {
    "transforms": [
      {
        "a": 0.6594783978745773,
        "b": 0.37516130316760554,
        "c": 0.5812466973005914,
        "d": -0.4897110476474029,
        "e": 0.21426130806272825,
        "f": -0.5316081570371861,
        "color": 0.6924530877393604,
        "weight": 0.46194610749351506,
        "variations": {
          "sinusoidal": 0.21409597731470076,
          "polar": 0.857367571919286
        }
      },
      {
        "a": -0.0419312273799195,
        "b": -0.4194249480524377,
        "c": -0.5128367092697501,
        "d": 0.7114903829617563,
        "e": 1.2446833557334531,
        "f": -0.46089685422728754,
        "color": 0.9787716032125896,
        "weight": 0.3032738653801004,
        "variations": {
          "swirl": 0.1577784425272879
        }
      },
      {
        "a": 0.22818264857593462,
        "b": -0.5719567074902996,
        "c": 0.7548823582608537,
        "d": -0.259645579896872,
        "e": -0.8774495858315134,
        "f": -0.1411533459878891,
        "color": 0.28382761947172674,
        "weight": 0.13711431757324524,
        "variations": {
          "swirl": 0.14134598861567949,
          "linear": 0.9186770685616436
        }
      }
    ],
    "num_points": 1791487,
    "gamma": 2.064196071046004,
    "brightness": 1.2,
    "hue_rotation": 201.1008995925881
  }
}