{
  "seed": "e2e9ea4c-d7f9-451a-b7be-0904af07a5ac",
  "params": {
    "transforms": [
      {
        "a": -0.3984478895856238,
        "b": 0.17658655023001502,
        "c": 0.6537834370501914,
        "d": 0.6016409956524331,
        "e": -1.1589578156088673,
        "f": -0.7219376718824526,
        "color": 0.8330712202818029,
        "weight": 0.847803526247034,
        "variations": {
          "polar": 0.06062316676397139,
          "heart": 0.47604616415261203,
          "sinusoidal": 0.7472352609672899
        }
      },
      {
        "a": -0.6370269035295415,
        "b": 0.5628380755825135,
        "c": -0.8685173708804463,
        "d": 0.678564120335216,
        "e": 0.9836392766200963,
        "f": -0.022798010020460335,
        "color": 0.5617217203253023,
        "weight": 0.17149329796171325,
        "variations": {
          "sinusoidal": 0.8860950709600384,
          "heart": 0.6995742127979273
        }
      },
      {
        "a": -0.12874249353790068,
        "b": -0.4705041830828476,
        "c": -0.7078012879425595,
        "d": 0.06170727019102973,
        "e": -1.4006076458989256,
        "f": 0.7017428547476645,
        "color": 0.5504232697201127,
        "weight": 0.9537206553086681,
        "variations": {
          "sinusoidal": 0.3588366908374736
        }
      }
    ],
    "num_points": 2851884,
    "gamma": 2.199306377481034,
    "brightness": 1.2,
    "hue_rotation": 240.52441810296935
  }
}