{
  "seed": "016b5c73-f45e-441e-a109-60ccbdfa6f6b",
  "params": {
    "transforms": [
      {
        "a": -0.8622348961904753,
        "b": -0.8043940632983746,
        "c": 0.8576061207901062,
        "d": -0.5051738549052112,
        "e": 0.20549880475434534,
        "f": 1.2412718151197772,
        "color": 0.9676461552299758,
        "weight": 0.6655419648023473,
        "variations": {
          "linear": 0.6032801973080565
        }
      },
      {
        "a": -0.6876256846803699,
        "b": 0.3916262626071332,
        "c": -0.08621863246774719,
        "d": -0.4231952851205236,
        "e": 0.875766554496225,
        "f": -0.5872000923236533,
        "color": 0.3052230947913399,
        "weight": 0.3901833078649588,
        "variations": {
          "heart": 0.3200461104607828,
          "swirl": 0.13628187828083183
        }
      },
      {
        "a": 0.8228550233574192,
        "b": 0.5077533934989971,
        "c": 0.21953402267792055,
        "d": 0.28314019113001776,
        "e": 0.20760112437108624,
        "f": 1.1434984801828083,
        "color": 0.4422356883387685,
        "weight": 0.5304642991522815,
        "variations": {
          "linear": 0.00743738442729458,
          "spherical": 0.20999196532290676
        }
      },
      {
        "a": 0.2680180778071042,
        "b": -0.4327466799737383,
        "c": -0.423157915280171,
        "d": 0.12102772401191708,
        "e": 0.554615508323256,
        "f": 0.16032589545971732,
        "color": 0.22389192172993777,
        "weight": 0.7548966206807151,
        "variations": {
          "swirl": 0.06608349728228313,
          "heart": 0.8371286871924845,
          "sinusoidal": 0.2783490590225143
        }
      }
    ],
    "num_points": 2876831,
    "gamma": 2.3336108127872435,
    "brightness": 1.2,
    "hue_rotation": 190.264049442803
  }
}