{
  "seed": "c9759eb1-6592-40a4-853c-cc82bf2ef8f0",
  "params": {
    "transforms": [
      {
        "a": 0.49074610904836,
        "b": -0.08742282119317579,
        "c": 0.5390787415299076,
        "d": 0.6920616785251994,
        "e": -0.8276952312382126,
        "f": 0.641906621363221,
        "color": 0.17158226121288656,
        "weight": 0.11012161162093836,
        "variations": {
          "heart": 0.49181093561084344,
          "linear": 0.7802264355733269
        }
      },
      {
        "a": -0.39410593992781395,
        "b": 0.7227270969754402,
        "c": 0.08711296211451525,
        "d": -0.3424092190176642,
        "e": 0.7026348027324456,
        "f": 0.28302155211602376,
        "color": 0.5866451584041089,
        "weight": 0.7806580930578507,
        "variations": {
          "spherical": 0.9791206777798512
        }
      }
    ],
    "num_points": 2767713,
    "gamma": 2.4469790373216176,
    "brightness": 1.2,
    "hue_rotation": 83.25741551699923
  }
}