{
  "seed": "367effec-bb09-49bf-9f7c-ceaeb1d92e75",
  "params": {
    "transforms": [
      {
        "a": -0.8412859346804262,
        "b": -0.19965131787391854,
        "c": -0.49082438658326955,
        "d": -0.30717719038590396,
        "e": 0.1365692770679272,
        "f": 0.5586789179888232,
        "color": 0.8846530806628502,
        "weight": 0.26352594217772496,
        "variations": {
          "swirl": 0.07651796779447706,
          "heart": 0.6809728961506807,
          "spherical": 0.042513481024039845
        }
      },
      {
        "a": -0.2178487606863373,
        "b": -0.5197516801988298,
        "c": 0.8611517946076037,
        "d": 0.06361584413513266,
        "e": 0.06715637312592104,
        "f": -0.22968447765386868,
        "color": 0.1200065196372716,
        "weight": 0.7269433301512421,
        "variations": {
          "heart": 0.44822202273916756,
          "sinusoidal": 0.40559103404482555
        }
      },
      {
        "a": -0.7920739441432709,
        "b": 0.7669680599422473,
        "c": -0.5190702449801736,
        "d": -0.07153428794010996,
        "e": 0.7774492652267719,
        "f": 0.8098185724886195,
        "color": 0.5533291902301045,
        "weight": 0.6638061426178586,
        "variations": {
          "linear": 0.03228656861936019,
          "sinusoidal": 0.938878551102492
        }
      },
      {
        "a": -0.32064777353917684,
        "b": 0.08625205977055383,
        "c": -0.31030384122632104,
        "d": -0.5942276830667965,
        "e": 1.3676344162275766,
        "f": 0.9324400381038833,
        "color": 0.3231491287121755,
        "weight": 0.3594909292830334,
        "variations": {
          "spherical": 0.48409323488656564
        }
      }
    ],
    "num_points": 2818554,
    "gamma": 2.2276269294359277,
    "brightness": 1.2,
    "hue_rotation": 7.529399600061524
  }
}