{
  "seed": "972cbf27-eb98-44a2-b2b2-c1eead6a3bc5",
  "params": {
    "transforms": [
      {
        "a": -0.9333116979092229,
        "b": 0.09781358692858477,
        "c": 0.07648475471985705,
        "d": 0.6863253366231032,
        "e": 1.0623914089771267,
        "f": -1.204284230185606,
        "color": 0.7591848587310629,
        "weight": 0.7133014320584781,
        "variations": {
          "polar": 0.2948538304973094,
          "spherical": 0.6311313417715505,
          "heart": 0.7800244782599418
        }
      },
      {
        "a": 0.29702302200130926,
        "b": 0.7529237608279709,
        "c": -0.46650916963118627,
        "d": -0.9174436270333284,
        "e": 0.8599076228215328,
        "f": -1.41604543970957,
        "color": 0.1874718836312529,
        "weight": 0.45830190481270805,
        "variations": {
          "sinusoidal": 0.21249793769080705,
          "polar": 0.3120292926426408
        }
      }
    ],
    "num_points": 1732283,
    "gamma": 1.9584441024107515,
    "brightness": 1.2,
    "hue_rotation": 86.77839321626442
  }
}