{
  "seed": "54d44380-751c-43af-b8a8-45c62c4d11ae",
  "params": {
    "transforms": [
      {
        "a": 0.4628497588946223,
        "b": 0.6974696073701347,
        "c": -0.5642806375725691,
        "d": -0.8273986224429271,
        "e": -1.3118476929355758,
        "f": -1.460123264474801,
        "color": 0.4270889987918516,
        "weight": 0.43743982164161277,
        "variations": {
          "spherical": 0.8454147912498493,
          "polar": 0.18134041663303924
        }
      },
      {
        "a": 0.3923703752856622,
        "b": 0.37143434198707825,
        "c": -0.43534044639073777,
        "d": -0.3938927001587984,
        "e": 0.08309862134822632,
        "f": -1.1866719534521528,
        "color": 0.19006068514457697,
        "weight": 0.5694959042259731,
        "variations": {
          "heart": 0.8397013092876561,
          "polar": 0.2983555078325165,
          "sinusoidal": 0.8178499604102354
        }
      }
    ],
    "num_points": 1762279,
    "gamma": 1.946739005171723,
    "brightness": 1.2,
    "hue_rotation": 141.5675440412816
  }
}