{
  "seed": "109eab02-458d-48f5-82c9-2668e0d002f9",
  "params": {
    "transforms": [
      {
        "a": 0.8128535015026463,
        "b": -0.5945142816280082,
        "c": -0.8880919750674265,
        "d": -0.7914757206467684,
        "e": 1.0252004141063336,
        "f": -0.16035346070572443,
        "color": 0.18754597150036545,
        "weight": 0.9526529287333485,
        "variations": {
          "swirl": 0.6396771327328242,
          "sinusoidal": 0.15176411392874
        }
      },
      {
        "a": 0.8818850402103073,
        "b": 0.5761226738192169,
        "c": 0.020212357800036607,
        "d": -0.24095339374758407,
        "e": -1.1814571450533613,
        "f": -1.3883985147103257,
        "color": 0.4958443603757595,
        "weight": 0.4229100664090507,
        "variations": {
          "polar": 0.1424164989924558,
          "linear": 0.8445185489217495
        }
      },
      {
        "a": 0.244292686759239,
        "b": 0.7529071526530424,
        "c": -0.15240964534250856,
        "d": 0.04871337091700201,
        "e": 1.2125971648821978,
        "f": 1.075603613889009,
        "color": 0.1517122867505929,
        "weight": 0.5461600790022999,
        "variations": {
          "heart": 0.9581838127555513,
          "spherical": 0.8636211889289491,
          "swirl": 0.5569396566476048
        }
      },
      {
        "a": 0.20431792945829041,
        "b": -0.5380598524677109,
        "c": -0.3004456791874621,
        "d": -0.5782755373791775,
        "e": 0.7970962854002162,
        "f": 1.2208463388082036,
        "color": 0.2451980129639435,
        "weight": 0.48285731147768207,
        "variations": {
          "polar": 0.3539686264079257,
          "swirl": 0.9814971429018389,
          "heart": 0.952689467434793
        }
      }
    ],
    "num_points": 1265697,
    "gamma": 2.216718750256322,
    "brightness": 1.2,
    "hue_rotation": 169.86359878351158
  }
}