{
  "seed": "96c680ee-52a1-4758-a334-ec72e2b9df00",
  "params": {
    "transforms": [
      {
        "a": 0.9705419134840207,
        "b": 0.457122891488426,
        "c": 0.8699935493680591,
        "d": 0.48688030810847294,
        "e": 1.3342895043773861,
        "f": -0.9783610640242366,
        "color": 0.7877315732111511,
        "weight": 0.8214866815704575,
        "variations": {
          "linear": 0.008181364655289292,
          "spherical": 0.3144846570487303
        }
      },
      {
        "a": -0.018311473066095596,
        "b": 0.4464553250619794,
        "c": 0.14558071914261217,
        "d": 0.5420873327034827,
        "e": -0.40852416495186095,
        "f": -0.13275273844046875,
        "color": 0.3050960350274534,
        "weight": 0.7724603452694003,
        "variations": {
          "swirl": 0.5437499032757093,
          "heart": 0.2851893094580703
        }
      },
      {
        "a": 0.42351467227295814,
        "b": -0.8289777526647344,
        "c": 0.644142535157114,
        "d": 0.29581315126338703,
        "e": -1.0131885575297592,
        "f": 0.486872107408173,
        "color": 0.5627137781756353,
        "weight": 0.33960063067126345,
        "variations": {
          "spherical": 0.6837103308753117,
          "sinusoidal": 0.6944248099848515
        }
      },
      {
        "a": -0.7175748120064716,
        "b": 0.0005332582571495603,
        "c": -0.4026372799422968,
        "d": -0.9854683871840919,
        "e": -0.6433808355773886,
        "f": 0.831076368675022,
        "color": 0.3411270505879297,
        "weight": 0.9870383125576596,
        "variations": {
          "swirl": 0.9184197405114238,
          "heart": 0.98099802163046,
          "spherical": 0.45668134906336366
        }
      }
    ],
    "num_points": 1018271,
    "gamma": 2.0837282486094724,
    "brightness": 1.2,
    "hue_rotation": 35.506826445932205
  }
}