{
  "seed": "99a01ce9-225f-4b2c-9842-05d4d647d51f",
  "params": {
    "transforms": [
      {
        "a": 0.6312737013167427,
        "b": 0.543282169895942,
        "c": 0.4607689246703184,
        "d": -0.020115027945301955,
        "e": -0.26822720420163715,
        "f": 0.5977890567004067,
        "color": 0.5271436027007546,
        "weight": 0.8512333086851869,
        "variations": {
          "linear": 0.3835512187406993
        }
      },
      {
        "a": 0.1381392146279341,
        "b": 0.7570328100794892,
        "c": -0.15253060008792874,
        "d": -0.294720728127829,
        "e": 1.2942817111698264,
        "f": -1.4043770722810547,
        "color": 0.9681225256889566,
        "weight": 0.7096588513619971,
        "variations": {
          "sinusoidal": 0.49423646164378066
        }
      }
    ],
    "num_points": 2963305,
    "gamma": 2.471209178087835,
    "brightness": 1.2,
    "hue_rotation": 350.00927274157675
  }
}