{
  "seed": "1e606b83-06c6-44e2-911b-406d4f6cec9d",
  "params": {
    "transforms": [
      {
        "a": -0.5776858182514455,
        "b": 0.21673100155346448,
        "c": 0.4917142361166509,
        "d": -0.5527220323074988,
        "e": -0.4021454466876102,
        "f": -0.8614425596328187,
        "color": 0.9253505468959027,
        "weight": 0.21208693339032952,
        "variations": {
          "swirl": 0.8261624217770024,
          "sinusoidal": 0.09574475353066081
        }
      },
      {
        "a": 0.26531773527739144,
        "b": 0.7715813047000148,
        "c": 0.18491458010655348,
        "d": -0.7865981013283618,
        "e": 0.876071486616901,
        "f": 0.2103431736258603,
        "color": 0.921183272888856,
        "weight": 0.5589923894072413,
        "variations": {
          "sinusoidal": 0.4625503279536485
        }
      }
    ],
    "num_points": 2881322,
    "gamma": 2.352848919937892,
    "brightness": 1.2,
    "hue_rotation": 106.4319259131924
  }
}