{
  "seed": "266fe4f1-4a32-4c39-b149-02ea3d946ff0",
  "params": {
    "transforms": [
      {
        "a": 0.39627227396230413,
        "b": 0.45945411223797716,
        "c": -0.6255798889798867,
        "d": -0.8838157471493773,
        "e": -1.1897406581317662,
        "f": 1.0437352917578786,
        "color": 0.9769195686777865,
        "weight": 0.4373941704922215,
        "variations": {
          "swirl": 0.944491633840735,
          "polar": 0.8796612605942267
        }
      },
      {
        "a": -0.09853989307027744,
        "b": -0.8768345283546151,
        "c": -0.37892330952405273,
        "d": 0.7284399801101911,
        "e": 0.5360105607754928,
        "f": 0.911289431017372,
        "color": 0.17581254114187972,
        "weight": 0.38963502619139345,
        "variations": {
          "spherical": 0.0769294590722931,
          "heart": 0.29746058522436813,
          "sinusoidal": 0.6601013509212746
        }
      }
    ],
    "num_points": 1270409,
    "gamma": 2.4768427366051156,
    "brightness": 1.2,
    "hue_rotation": 134.95567668476494
  }
}