{
  "seed": "1e088c71-c19a-4b5f-b32c-1fe5c8bddb3f",
  "params": {
    "transforms": [
      {
        "a": 0.8383101749149318,
        "b": -0.0209938963617613,
        "c": -0.39976294140057456,
        "d": -0.1500471005534092,
        "e": -0.9447113471250661,
        "f": 0.40246455988976937,
        "color": 0.44123647655271014,
        "weight": 0.8525194763726288,
        "variations": {
          "sinusoidal": 0.40955293057625064,
          "polar": 0.43283298852238805,
          "swirl": 0.3641583204365011
        }
      },
      {
        "a": 0.9452350305878439,
        "b": 0.29802876535083556,
        "c": -0.06152764167817759,
        "d": -0.2448488985026933,
        "e": -0.5727899453208566,
        "f": 1.482801039177954,
        "color": 0.07746969834115591,
        "weight": 0.6174547392812384,
        "variations": {
          "spherical": 0.28716150217187086,
          "polar": 0.8149300813605559,
          "linear": 0.5990339640566203
        }
      }
    ],
    "num_points": 2655715,
    "gamma": 2.3793803871945736,
    "brightness": 1.2,
    "hue_rotation": 178.40111391260044
  }
}