{
  "seed": "6fb3a3e9-32de-4e56-bce4-654ef5db05bc-353",
  "parameters": {
    "num_transforms": 2,
    "transforms": [
      {
        "a": -0.2878078240519273,
        "b": -0.7125970608691578,
        "c": 1.4893006938309132,
        "d": 1.4529644025259696,
        "e": -0.013943406384418822,
        "f": 0.5909734737960135,
        "color": 0.1363813599896856,
        "variations": {
          "linear": 0.11714610250834889,
          "spherical": 0.0
        },
        "weight": 1.2849044903582132
      },
      {
        "a": -0.3424289581162294,
        "b": 0.8244495918067516,
        "c": -0.8194475097753242,
        "d": -0.9188356603616916,
        "e": 0.5775575579158829,
        "f": -1.2929536751244481,
        "color": 0.9797622967684624,
        "variations": {
          "hyperbolic": 0.8186778088419717,
          "handkerchief": 0.2772429426097358,
          "polar": 0.7856296493970164
        },
        "weight": 1.6849939515913617
      }
    ],
    "num_points": 1598870,
    "gamma": 3.318483440215993,
    "brightness": 1.2711814009854403,
    "contrast": 1.7994922342204158,
    "hue_rotation": 318.01914084597405
  }
}