{
  "seed": "a154d2c0-a81d-4d7e-bed5-322369c5677d",
  "params": {
    "transforms": [
      {
        "a": 0.365859200939876,
        "b": -0.5956664758778403,
        "c": 0.44908436243442895,
        "d": -0.9612284605119217,
        "e": 1.0442284422041865,
        "f": 0.9780800329108081,
        "color": 0.6933029010967137,
        "weight": 0.20423359769952687,
        "variations": {
          "sinusoidal": 0.6991715244285169,
          "linear": 0.02997009141743201
        }
      },
      {
        "a": 0.24736081016765388,
        "b": 0.808483620901499,
        "c": -0.0042004461515221525,
        "d": -0.23955400272428284,
        "e": -1.1587899184061858,
        "f": 0.15092104029912923,
        "color": 0.5413565081231975,
        "weight": 0.29954304769835405,
        "variations": {
          "linear": 0.14366111671529846,
          "sinusoidal": 0.5775875412558659
        }
      },
      {
        "a": -0.05978356980289501,
        "b": -0.21436671947565578,
        "c": -0.8308833358276875,
        "d": 0.7176113028265174,
        "e": 1.316876637189067,
        "f": 0.0624071131335453,
        "color": 0.5852502433810002,
        "weight": 0.7197309359406437,
        "variations": {
          "swirl": 0.6082863805030435
        }
      }
    ],
    "num_points": 1826957,
    "gamma": 2.4896438441072637,
    "brightness": 1.2,
    "hue_rotation": 149.77915638019147
  }
}