{
  "seed": "07496e07-ac94-4776-941f-57d64b9254a0",
  "params": {
    "transforms": [
      {
        "a": 0.22403612667577044,
        "b": 0.3493812984751372,
        "c": -0.8619651230267209,
        "d": -0.1290506326928107,
        "e": -1.1924373725592488,
        "f": -0.05019712064140558,
        "color": 0.9195332152719035,
        "weight": 0.9082207685253498,
        "variations": {
          "heart": 0.6978734139844234,
          "polar": 0.9896608372852955
        }
      },
      {
        "a": 0.3185192457527102,
        "b": 0.2681204197878062,
        "c": 0.06918428900031315,
        "d": 0.4924251886275186,
        "e": -0.1098344054776188,
        "f": -1.105068720121476,
        "color": 0.6043934877408629,
        "weight": 0.8054021202677822,
        "variations": {
          "linear": 0.3000601092053117,
          "heart": 0.4275419446122609,
          "sinusoidal": 0.04288521466566464
        }
      },
      {
        "a": -0.8490459575133884,
        "b": -0.1223995212321578,
        "c": 0.7426597542776971,
        "d": -0.7823962342213071,
        "e": -1.3035150552006805,
        "f": 1.2770775789138291,
        "color": 0.869733842868928,
        "weight": 0.851099436662677,
        "variations": {
          "spherical": 0.3024480922825067,
          "heart": 0.6222157976112357
        }
      }
    ],
    "num_points": 2134626,
    "gamma": 2.1811342560139018,
    "brightness": 1.2,
    "hue_rotation": 303.0370489173574
  }
}