{
  "seed": "f3a255a2-a775-4836-b630-e02a9173b029",
  "params": {
    "transforms": [
      {
        "a": -0.7567878973344107,
        "b": 0.23620222805878988,
        "c": -0.9217597643109248,
        "d": -0.6664257823523854,
        "e": -1.02096171717835,
        "f": 0.6915869264488155,
        "color": 0.22019450302952248,
        "weight": 0.4835993423346565,
        "variations": {
          "sinusoidal": 0.014623050000447946
        }
      },
      {
        "a": 0.44852987181635817,
        "b": 0.07708537584314157,
        "c": 0.58711654527442,
        "d": -0.7543484878850579,
        "e": -0.31987262673494543,
        "f": -0.8344123298143565,
        "color": 0.1802430660012555,
        "weight": 0.5372304460303133,
        "variations": {
          "heart": 0.2563097440849159,
          "sinusoidal": 0.6220456754180502,
          "polar": 0.04770323637349738
        }
      }
    ],
    "num_points": 2100801,
    "gamma": 2.113909952792566,
    "brightness": 1.2,
    "hue_rotation": 315.7240510217716
  }
}