{
  "seed": "b39a2a39-c588-4da5-b2e4-1b898685961e",
  "params": {
    "transforms": [
      {
        "a": 0.37765117654537006,
        "b": 0.22259740046125565,
        "c": -0.7319942035722136,
        "d": -0.8847121955834645,
        "e": -1.3341980883689732,
        "f": -0.9936498824025051,
        "color": 0.8966317211441356,
        "weight": 0.6318532750159584,
        "variations": {
          "spherical": 0.0664045749287232,
          "linear": 0.8528716994265919
        }
      },
      {
        "a": 0.07913789228130641,
        "b": 0.32747307034186535,
        "c": 0.3152825482516872,
        "d": -0.24472541395076308,
        "e": -0.42792223023278897,
        "f": -0.21395773028277665,
        "color": 0.3158195954620876,
        "weight": 0.8601204069127996,
        "variations": {
          "linear": 0.3698084731340503,
          "heart": 0.04101374741846897,
          "sinusoidal": 0.7040593140076107
        }
      },
      {
        "a": 0.6777985800522743,
        "b": 0.31560557813083046,
        "c": -0.2825198112622742,
        "d": -0.9088517777102096,
        "e": 1.4934699582985989,
        "f": -0.9335051458488262,
        "color": 0.33678960914292777,
        "weight": 0.2845589035282265,
        "variations": {
          "swirl": 0.3115208499830088
        }
      },
      {
        "a": -0.21532085132099255,
        "b": -0.7748071956250475,
        "c": -0.40764721965392203,
        "d": -0.4487871628657527,
        "e": -1.4757421167906524,
        "f": -0.16836858066992577,
        "color": 0.7664113529022221,
        "weight": 0.8098214327318025,
        "variations": {
          "swirl": 0.8388062943792686,
          "polar": 0.7424701482357824
        }
      }
    ],
    "num_points": 2542936,
    "gamma": 1.8090005837272085,
    "brightness": 1.2,
    "hue_rotation": 267.681329096671
  }
}