{
  "seed": "d535641b-e14b-4838-babc-507f29a603d8",
  "params": {
    "transforms": [
      {
        "a": -0.3555536872676206,
        "b": -0.3214658576577354,
        "c": 0.9143942134164769,
        "d": 0.8393433767790137,
        "e": -1.368674883188337,
        "f": -0.8287405832783142,
        "color": 0.6626360278478476,
        "weight": 0.45781673002823065,
        "variations": {
          "spherical": 0.4862233737694921
        }
      },
      {
        "a": -0.5769521066201526,
        "b": 0.7826002130793821,
        "c": 0.6502642149046014,
        "d": -0.02914041511949783,
        "e": 0.7190077227207095,
        "f": -0.03502504660475836,
        "color": 0.5989124290012057,
        "weight": 0.42405341498711513,
        "variations": {
          "polar": 0.5508008871715351
        }
      },
      {
        "a": -0.44026212918721264,
        "b": 0.4019816779972456,
        "c": 0.5588639960510045,
        "d": 0.3304210519667605,
        "e": 0.1474724631804618,
        "f": -1.0936025595341596,
        "color": 0.7201191852822304,
        "weight": 0.7302269591057882,
        "variations": {
          "heart": 0.014215608070413666
        }
      }
    ],
    "num_points": 1624404,
    "gamma": 1.8870469247461361,
    "brightness": 1.2,
    "hue_rotation": 67.76514007156992
  }
}