{
  "seed": "1745e27d-d92d-4293-a380-f204ea281644",
  "params": {
    "transforms": [
      {
        "a": -0.1946143771608131,
        "b": -0.07296472326020687,
        "c": 0.8040200332741243,
        "d": 0.10711088336287156,
        "e": 0.168849763933542,
        "f": -1.0786649544619835,
        "color": 0.00706694078934178,
        "weight": 0.41257038667839807,
        "variations": {
          "spherical": 0.6995843169838787,
          "polar": 0.8860125363602988
        }
      },
      {
        "a": -0.9614429981017669,
        "b": -0.5862108323171991,
        "c": -0.9415729555249086,
        "d": 0.33521442421989134,
        "e": 0.6518104198854271,
        "f": -1.4760088703955487,
        "color": 0.8712743371004089,
        "weight": 0.5850328630394391,
        "variations": {
          "spherical": 0.2565676458596936
        }
      },
      {
        "a": 0.5143221341230211,
        "b": 0.38644482107233835,
        "c": -0.15576068388787379,
        "d": -0.636860828986243,
        "e": 0.1466053499882236,
        "f": -0.6151018258166647,
        "color": 0.5674865563458986,
        "weight": 0.4250505521876786,
        "variations": {
          "heart": 0.2976945508209894
        }
      },
      {
        "a": -0.22273527575805874,
        "b": -0.7862735827790481,
        "c": -0.7547136415668498,
        "d": 0.3271250813830917,
        "e": -0.8400505695410737,
        "f": -1.4487658259632084,
        "color": 0.6922842721684935,
        "weight": 0.6195170385139117,
        "variations": {
          "heart": 0.189193798507863,
          "swirl": 0.041681219876082753,
          "linear": 0.8440060081968822
        }
      }
    ],
    "num_points": 1071950,
    "gamma": 2.37422149630448,
    "brightness": 1.2,
    "hue_rotation": 272.24406763507625
  }
}