{
  "seed": "edccc71f-e6d3-49b1-ac41-455cc09be0fd",
  "params": {
    "transforms": [
      {
        "a": 0.2188280971411689,
        "b": -0.16470300496899215,
        "c": 0.8359406784670638,
        "d": 0.647317554244802,
        "e": -0.5748502721190439,
        "f": -0.4689226281706671,
        "color": 0.12898290158451287,
        "weight": 0.7432000947050835,
        "variations": {
          "heart": 0.7819298869130183,
          "polar": 0.9922940564154193,
          "spherical": 0.36694765633551507
        }
      },
      {
        "a": -0.961395219241858,
        "b": -0.20449376893656712,
        "c": -0.6831606457706985,
        "d": -0.7698158214536128,
        "e": -1.0693646845788127,
        "f": -0.7593920413942485,
        "color": 0.11474222160243885,
        "weight": 0.6015117170685593,
        "variations": {
          "heart": 0.17271995536814833,
          "swirl": 0.5764512140746967
        }
      },
      {
        "a": 0.2951635472235199,
        "b": -0.7685548328182357,
        "c": 0.36203734655249376,
        "d": -0.8557515859181806,
        "e": -1.3261045332451058,
        "f": -0.25761486444001847,
        "color": 0.8511913837925774,
        "weight": 0.40394096778861843,
        "variations": {
          "heart": 0.5245681309283515,
          "linear": 0.6993972499427139,
          "sinusoidal": 0.9327846877237586
        }
      },
      {
        "a": 0.38576369139141176,
        "b": 0.5337697422634913,
        "c": 0.1427890161217762,
        "d": 0.5045832172533593,
        "e": 1.2044264361893475,
        "f": 1.1367068282694142,
        "color": 0.4001844152921624,
        "weight": 0.9357303421024934,
        "variations": {
          "polar": 0.9288040930718502
        }
      }
    ],
    "num_points": 2399953,
    "gamma": 2.3789461573705832,
    "brightness": 1.2,
    "hue_rotation": 225.8815688459572
  }
}