{
  "seed": "2fc8534c-6945-472c-9d12-c239f2f71017",
  "params": {
    "transforms": [
      {
        "a": -0.056919195125929134,
        "b": 0.7501036342972149,
        "c": -0.8690321862827195,
        "d": 0.6192874473094079,
        "e": -0.6747896934369193,
        "f": 1.3855018745940701,
        "color": 0.0027672978285170347,
        "weight": 0.6389306370855522,
        "variations": {
          "polar": 0.07386081882011675
        }
      },
      {
        "a": -0.41141857387759884,
        "b": 0.43299889717508844,
        "c": -0.6196700577715186,
        "d": 0.39082816958801003,
        "e": -1.4146636480054107,
        "f": -1.3789693456811587,
        "color": 0.23218123118751388,
        "weight": 0.37619194259608946,
        "variations": {
          "spherical": 0.16864819159116273,
          "swirl": 0.6330954964831992,
          "polar": 0.9836253140811486
        }
      },
      {
        "a": 0.980304026929921,
        "b": 0.6393990126846119,
        "c": -0.11575848658093357,
        "d": -0.47725874314239136,
        "e": -0.4898314711747922,
        "f": 0.8678029964299094,
        "color": 0.055655131676018654,
        "weight": 0.6741302675172555,
        "variations": {
          "linear": 0.8270970605247121,
          "heart": 0.051507032190242,
          "spherical": 0.6686848451825489
        }
      },
      {
        "a": 0.2639907447931791,
        "b": 0.7583133969111582,
        "c": -0.22996779406279022,
        "d": -0.10682282460259751,
        "e": -0.2594356076819495,
        "f": -1.002037260717238,
        "color": 0.9884981936170028,
        "weight": 0.13243014355119206,
        "variations": {
          "polar": 0.7810151244615463
        }
      }
    ],
    "num_points": 1182017,
    "gamma": 2.1915711418151282,
    "brightness": 1.2,
    "hue_rotation": 28.82028964615246
  }
}