{
  "seed": "2a6fa53c-f4bf-4d27-9824-913607d43433",
  "params": {
    "transforms": [
      {
        "a": 0.8471357881935284,
        "b": -0.9055101005402908,
        "c": 0.3993306449500167,
        "d": 0.22025887272232048,
        "e": 0.6373359478592011,
        "f": 1.3306114433147185,
        "color": 0.5478963207310815,
        "weight": 0.6513786089180298,
        "variations": {
          "spherical": 0.9765624670960542
        }
      },
      {
        "a": 0.5834027543537776,
        "b": 0.7037043998529782,
        "c": 0.9863578096317718,
        "d": -0.47465626166389474,
        "e": 1.2838546037756822,
        "f": 0.5050805251880002,
        "color": 0.8964066614086709,
        "weight": 0.8069330325886325,
        "variations": {
          "spherical": 0.47793791362927696,
          "swirl": 0.9878521261161085
        }
      },
      {
        "a": -0.02705418458035158,
        "b": -0.19209198857780851,
        "c": 0.09022615531077238,
        "d": 0.9659033549112772,
        "e": -0.17453583077773605,
        "f": 0.8300292901436781,
        "color": 0.25545643441223376,
        "weight": 0.6452928922115055,
        "variations": {
          "heart": 0.9612788341923205,
          "sinusoidal": 0.009545888446062523
        }
      },
      {
        "a": 0.12963088922184562,
        "b": -0.39204348871755257,
        "c": 0.9559314378347104,
        "d": -0.03376336865610097,
        "e": -0.6454626644025758,
        "f": 1.1100530376456903,
        "color": 0.39323993158474047,
        "weight": 0.30859954670125456,
        "variations": {
          "sinusoidal": 0.676862135342138
        }
      }
    ],
    "num_points": 1077629,
    "gamma": 1.999220243879244,
    "brightness": 1.2,
    "hue_rotation": 332.23845298714156
  }
}