{
  "seed": "7413c2f8-05ba-497d-9c41-73b2f4629541-260",
  "parameters": {
    "num_transforms": 3,
    "transforms": [
      {
        "a": 1.2178679220289084,
        "b": -0.8312370042258226,
        "c": 0.9398097289279788,
        "d": 1.44835609527295,
        "e": -0.7103019238151985,
        "f": 0.026557732683471613,
        "color": 0.3097928451026615,
        "variations": {
          "swirl": 0.4711880543870137,
          "handkerchief": 0.0994834856311484,
          "spherical": 0.7124886931174594
        },
        "weight": 1.571705557676807
      },
      {
        "a": -0.6784830071613743,
        "b": 0.3642592172324979,
        "c": 1.1915784373130696,
        "d": 0.4401769036851486,
        "e": 1.2894495981964447,
        "f": -0.3980256103560724,
        "color": 0.369205716405297,
        "variations": {
          "swirl": 0.1071252208042065,
          "handkerchief": 0.0,
          "hyperbolic": 0.0,
          "spiral": 0.7227194467729374
        },
        "weight": 0.8774885164457418
      },
      {
        "a": 1.4601526955237012,
        "b": -0.04525005870651411,
        "c": -0.8957078324271821,
        "d": -0.5819281518721846,
        "e": -0.3609078207034062,
        "f": 1.074087830860655,
        "color": 0.3671125333426585,
        "variations": {
          "sinusoidal": 0.8718726257661465,
          "horseshoe": 0.0,
          "swirl": 0.3715332572348278,
          "disc": 0.0
        },
        "weight": 0.5832973608281407
      }
    ],
    "num_points": 4241367,
    "gamma": 3.807612639555449,
    "brightness": 0.8364186651883022,
    "contrast": 1.3982528127835347,
    "hue_rotation": 173.47284297719617
  }
}