{
  "seed": "5a08fe91-5949-4167-86fc-188c856f3cdf",
  "params": {
    "transforms": [
      {
        "a": 0.7257887601737505,
        "b": 0.15715870229581785,
        "c": 0.7104856591139916,
        "d": 0.04601687150834599,
        "e": 0.25666981588336557,
        "f": -1.1296952897416572,
        "color": 0.5781578945035927,
        "weight": 0.29539063816907973,
        "variations": {
          "linear": 0.6428274830017012,
          "swirl": 0.1969166515176629
        }
      },
      {
        "a": 0.0934276663163125,
        "b": 0.48063581615141127,
        "c": -0.7353984198191885,
        "d": 0.8084186819040913,
        "e": 1.2685196429439638,
        "f": -0.6016161466724848,
        "color": 0.29619259837963696,
        "weight": 0.7502786357268977,
        "variations": {
          "linear": 0.5140385024936065,
          "polar": 0.3764008265607943
        }
      },
      {
        "a": -0.4808906076476611,
        "b": -0.30492581465487767,
        "c": -0.8419729999316807,
        "d": 0.4707956454529427,
        "e": 1.3678019641229264,
        "f": 0.0873269733814328,
        "color": 0.3149486375485797,
        "weight": 0.9388644318524282,
        "variations": {
          "spherical": 0.9238355815334937,
          "sinusoidal": 0.06213541745369511,
          "polar": 0.14791225509138994
        }
      }
    ],
    "num_points": 2476926,
    "gamma": 2.302707780836408,
    "brightness": 1.2,
    "hue_rotation": 123.89844158413383
  }
}