{
  "seed": "2078d0d8-4fea-4794-8801-b02bb4c34db6",
  "params": {
    "transforms": [
      {
        "a": 0.19827926510041483,
        "b": -0.9694838563563999,
        "c": 0.13273478848943787,
        "d": -0.6540854344966924,
        "e": 0.2638300227210135,
        "f": 0.3032248037512455,
        "color": 0.736756277255998,
        "weight": 0.5381364397798959,
        "variations": {
          "sinusoidal": 0.1666595980963369
        }
      },
      {
        "a": -0.2981700685417885,
        "b": 0.4962808975112398,
        "c": 0.43554991532263565,
        "d": 0.31611776198157737,
        "e": -0.2661042200892261,
        "f": 1.3630427633545428,
        "color": 0.14563244067754233,
        "weight": 0.4664107254679698,
        "variations": {
          "linear": 0.9260803563981096
        }
      },
      {
        "a": 0.00195008478964942,
        "b": 0.3864255241141057,
        "c": 0.05483412684827904,
        "d": -0.503370556263252,
        "e": -0.11476166078138261,
        "f": -0.3866851684267978,
        "color": 0.5482551321594186,
        "weight": 0.23542687247619182,
        "variations": {
          "swirl": 0.5274256430572805,
          "sinusoidal": 0.05471545835999214
        }
      }
    ],
    "num_points": 1227308,
    "gamma": 2.417560623049063,
    "brightness": 1.2,
    "hue_rotation": 5.372456210178935
  }
}