{
  "seed": "68c07097-bd32-4471-ba4d-abbade94040a",
  "params": {
    "transforms": [
      {
        "a": -0.5174669710027051,
        "b": 0.9046007030115268,
        "c": 0.7107666404338155,
        "d": 0.21093113735831914,
        "e": -0.05161543263482371,
        "f": -0.768681106518833,
        "color": 0.8668211175507252,
        "weight": 0.27685719889643445,
        "variations": {
          "sinusoidal": 0.9384671644927849
        }
      },
      {
        "a": -0.239094447622769,
        "b": 0.3869983927099545,
        "c": 0.8750195006522856,
        "d": -0.5127880677997552,
        "e": 1.402772457399378,
        "f": 0.317462231675985,
        "color": 0.4173806318629273,
        "weight": 0.580280896582952,
        "variations": {
          "heart": 0.73990418986174
        }
      },
      {
        "a": 0.8717773506296125,
        "b": 0.09303612596512001,
        "c": 0.9656085906242475,
        "d": 0.4706958307913698,
        "e": -0.1438641353721577,
        "f": -0.7602979174606199,
        "color": 0.33523560621644244,
        "weight": 0.286282292169168,
        "variations": {
          "polar": 0.3139581598091964
        }
      }
    ],
    "num_points": 2278469,
    "gamma": 2.143938750078034,
    "brightness": 1.2,
    "hue_rotation": 78.60040654128854
  }
}