{
  "seed": "d6536ee4-aeff-4658-a962-aa45cee0403c",
  "params": {
    "transforms": [
      {
        "a": -0.01823354971630531,
        "b": 0.15013651953966312,
        "c": -0.16950515424991974,
        "d": -0.10164320219225287,
        "e": -0.8421903606818012,
        "f": -0.7143421670472182,
        "color": 0.8405978748430426,
        "weight": 0.9758095818781595,
        "variations": {
          "linear": 0.8333595634756196,
          "sinusoidal": 0.1325287500558061,
          "polar": 0.7758675820739561
        }
      },
      {
        "a": -0.4699084704694214,
        "b": 0.003462128579896584,
        "c": 0.8935531304387838,
        "d": -0.5311012069071928,
        "e": 0.19526978441769227,
        "f": 0.32880577114214304,
        "color": 0.8496748719520207,
        "weight": 0.7130746418672312,
        "variations": {
          "heart": 0.6792192759813405
        }
      }
    ],
    "num_points": 2322311,
    "gamma": 1.885418315268344,
    "brightness": 1.2,
    "hue_rotation": 165.81600716414593
  }
}