{
  "seed": "791f23fc-f7c0-4961-a70d-28fffbca86f8",
  "params": {
    "transforms": [
      {
        "a": -0.9440934767899245,
        "b": -0.8990491154924396,
        "c": -0.7551307921364181,
        "d": 0.40873353988993233,
        "e": -0.17821669478646096,
        "f": -1.417097243941036,
        "color": 0.15045990011346,
        "weight": 0.13777158645331855,
        "variations": {
          "sinusoidal": 0.48747602017515024
        }
      },
      {
        "a": -0.9149506334229731,
        "b": 0.7782745422863595,
        "c": 0.8077343350895587,
        "d": 0.9152292159638138,
        "e": -0.579899690190944,
        "f": -1.1948477121537215,
        "color": 0.6230610197681307,
        "weight": 0.12013590440883215,
        "variations": {
          "swirl": 0.805510760044464
        }
      }
    ],
    "num_points": 1563237,
    "gamma": 2.235713118686183,
    "brightness": 1.2,
    "hue_rotation": 285.20356631673303
  }
}