{
  "seed": "4d3b1330-2a48-4e49-9467-ad1f8f3744fb",
  "params": {
    "transforms": [
      {
        "a": 0.04621590395460995,
        "b": -0.9600231151050187,
        "c": 0.4263279174355503,
        "d": 0.39928841802790727,
        "e": 1.3298120771289552,
        "f": 1.2777773271761586,
        "color": 0.6044597202494757,
        "weight": 0.39048448328155905,
        "variations": {
          "swirl": 0.5864506889245051,
          "linear": 0.561372241018471,
          "heart": 0.2139663723449058
        }
      },
      {
        "a": -0.5259399887465206,
        "b": 0.08926091689272164,
        "c": 0.30975740032702714,
        "d": 0.7589208474786373,
        "e": -0.20088494163431148,
        "f": 0.7684632499679243,
        "color": 0.754123921297289,
        "weight": 0.42459523931220544,
        "variations": {
          "sinusoidal": 0.026962596875120814,
          "polar": 0.557592220275776
        }
      }
    ],
    "num_points": 1728291,
    "gamma": 2.3154231355146453,
    "brightness": 1.2,
    "hue_rotation": 146.29953514125955
  }
}