{
  "seed": "07f8db58-c9a8-4d4c-90c8-cf17b660cbe5",
  "params": {
    "transforms": [
      {
        "a": -0.7304761810815719,
        "b": 0.7393976835967648,
        "c": 0.6938210773885021,
        "d": -0.7453283697822124,
        "e": 1.3342759602332501,
        "f": -0.05510106911109225,
        "color": 0.3561655030943206,
        "weight": 0.8251855464009255,
        "variations": {
          "sinusoidal": 0.679051817865954
        }
      },
      {
        "a": 0.5878948588047099,
        "b": -0.6309579236667189,
        "c": 0.22388236433398534,
        "d": -0.7539623881387831,
        "e": -0.2506425417216014,
        "f": 1.3350725248935151,
        "color": 0.9935039874215748,
        "weight": 0.46103350213374983,
        "variations": {
          "spherical": 0.3385195836502056,
          "linear": 0.49468229573221256
        }
      }
    ],
    "num_points": 1160584,
    "gamma": 2.078228031040458,
    "brightness": 1.2,
    "hue_rotation": 340.8617971346756
  }
}