{
  "seed": "c327329e-af04-4b8d-ac68-0ae5a73da432",
  "params": {
    "transforms": [
      {
        "a": -0.11365748446674351,
        "b": 0.27591911639581856,
        "c": 0.7184123185995237,
        "d": -0.7759534583350498,
        "e": 1.1178508846500659,
        "f": 0.20703433822481632,
        "color": 0.9633051400055958,
        "weight": 0.23158018126834545,
        "variations": {
          "sinusoidal": 0.8028290288822536
        }
      },
      {
        "a": -0.9045228157164849,
        "b": -0.7641610528140004,
        "c": -0.746886486905324,
        "d": -0.8604559869007642,
        "e": -1.0751826261122757,
        "f": -1.0411486167608999,
        "color": 0.7914707372012713,
        "weight": 0.7736797996100548,
        "variations": {
          "swirl": 0.32775159820709576,
          "sinusoidal": 0.8116272571201395,
          "spherical": 0.09148842662292112
        }
      },
      {
        "a": -0.7478576783547994,
        "b": -0.9071700996419598,
        "c": 0.6428428981030612,
        "d": 0.8688532388244741,
        "e": 0.6409704809977028,
        "f": 1.400078387166804,
        "color": 0.2695414288868955,
        "weight": 0.16222192243021338,
        "variations": {
          "linear": 0.7146819275455992,
          "sinusoidal": 0.9108470287151729,
          "swirl": 0.20223148404798075
        }
      }
    ],
    "num_points": 1637257,
    "gamma": 2.082073321769605,
    "brightness": 1.2,
    "hue_rotation": 135.53874816427762
  }
}