{
  "seed": "97339a38-6bf5-4e88-b539-7c1957ae667c",
  "params": {
    "transforms": [
      {
        "a": 0.5242176462954957,
        "b": -0.39306307490423853,
        "c": -0.8561334897848063,
        "d": 0.8874619919940898,
        "e": 0.43184930474236527,
        "f": -0.7292198746478747,
        "color": 0.43170551546306624,
        "weight": 0.4153543790456702,
        "variations": {
          "polar": 0.38078140024018015,
          "swirl": 0.8698880521258652
        }
      },
      {
        "a": -0.8381729135236751,
        "b": -0.8103250830604827,
        "c": -0.4384200689168427,
        "d": 0.09679507973999679,
        "e": 0.9112160653871877,
        "f": 1.075510206737187,
        "color": 0.5428090311572359,
        "weight": 0.25335648437926517,
        "variations": {
          "linear": 0.0346197637845308
        }
      },
      {
        "a": -0.27662354171677594,
        "b": 0.9904124291226206,
        "c": 0.7079416780573682,
        "d": 0.13522046958574618,
        "e": 0.756553420064118,
        "f": -0.06618283527164293,
        "color": 0.598445961293653,
        "weight": 0.15677219509692655,
        "variations": {
          "polar": 0.9372092369057134,
          "linear": 0.018818186373098955
        }
      },
      {
        "a": 0.871981470808536,
        "b": -0.25118799905935196,
        "c": -0.4843058051557201,
        "d": 0.24893368836759655,
        "e": -1.3927897475388846,
        "f": 0.5314848133740178,
        "color": 0.4691319183925996,
        "weight": 0.21866644703524207,
        "variations": {
          "polar": 0.38102333205146177
        }
      }
    ],
    "num_points": 2499655,
    "gamma": 1.8343888978804221,
    "brightness": 1.2,
    "hue_rotation": 258.9144231272645
  }
}