{
  "seed": "feea29eb-410a-4aef-9031-80340aa76ca1",
  "params": {
    "transforms": [
      {
        "a": -0.10072721847307253,
        "b": 0.0507682074325293,
        "c": 0.9632891369446952,
        "d": 0.25118624557689584,
        "e": 0.06827171652680875,
        "f": -1.1482972220785446,
        "color": 0.1001328236206086,
        "weight": 0.962577417934644,
        "variations": {
          "linear": 0.5051454752786558
        }
      },
      {
        "a": 0.6320000318290997,
        "b": 0.953274430763172,
        "c": -0.08948824375349296,
        "d": -0.41503783204097733,
        "e": -1.1674231220512157,
        "f": -0.026199627194850805,
        "color": 0.21550387941824023,
        "weight": 0.8953540937473443,
        "variations": {
          "heart": 0.7137215666191786,
          "linear": 0.29143352648777476,
          "polar": 0.5252115913440494
        }
      }
    ],
    "num_points": 2189397,
    "gamma": 1.9558754255511532,
    "brightness": 1.2,
    "hue_rotation": 301.640121965863
  }
}