{
  "seed": "c934d09e-d03a-49b9-a97d-c678f2899602",
  "params": {
    "transforms": [
      {
        "a": -0.8776139253942321,
        "b": -0.9296660244965693,
        "c": 0.6352309204159325,
        "d": 0.06506544327739361,
        "e": -1.269198322219554,
        "f": -1.3213273973193926,
        "color": 0.5384879943043978,
        "weight": 0.2670750219746542,
        "variations": {
          "linear": 0.40789920866980467,
          "swirl": 0.9974654113416452,
          "heart": 0.37599766068847584
        }
      },
      {
        "a": 0.9333055962961363,
        "b": -0.06390021052479744,
        "c": 0.13451491376069669,
        "d": -0.8857334943626933,
        "e": -0.28477365280838995,
        "f": -0.05795747803239237,
        "color": 0.5815404181580432,
        "weight": 0.6547064512674422,
        "variations": {
          "linear": 0.9946684682053933
        }
      },
      {
        "a": -0.7714962074093563,
        "b": -0.41308172539447807,
        "c": 0.8143160955547271,
        "d": -0.6292604325201041,
        "e": -0.13395776794076042,
        "f": 0.24929622928088913,
        "color": 0.2539076238693617,
        "weight": 0.4157132714856224,
        "variations": {
          "swirl": 0.6372804986531985
        }
      }
    ],
    "num_points": 1885688,
    "gamma": 2.499198047647566,
    "brightness": 1.2,
    "hue_rotation": 20.963103656990434
  }
}