{
  "seed": "762a63df-4415-439e-a017-a6eed1c58f12",
  "params": {
    "transforms": [
      {
        "a": 0.6157108800953006,
        "b": -0.2794770854975881,
        "c": 0.3406432381973379,
        "d": -0.3779763250853929,
        "e": -0.08698835094928148,
        "f": -0.5877732845256921,
        "color": 0.8423914397291641,
        "weight": 0.11800336555372783,
        "variations": {
          "swirl": 0.2893504162393681
        }
      },
      {
        "a": 0.5866355364400275,
        "b": -0.41745868938134256,
        "c": 0.5887740385999485,
        "d": -0.9921780671102587,
        "e": 0.06136526229579076,
        "f": -0.23804408203426508,
        "color": 0.962029417753201,
        "weight": 0.9820495438180245,
        "variations": {
          "swirl": 0.5424683512999223,
          "linear": 0.8329812262926735,
          "sinusoidal": 0.4535544105047462
        }
      },
      {
        "a": 0.16548530515028403,
        "b": 0.7018971060310295,
        "c": -0.7326068762927056,
        "d": 0.4817235991778843,
        "e": -0.46620211484695506,
        "f": 0.4412499014499831,
        "color": 0.09398630546582631,
        "weight": 0.6803154766656726,
        "variations": {
          "heart": 0.07042873366295699,
          "spherical": 0.3704677246796413,
          "linear": 0.7921408782050016
        }
      }
    ],
    "num_points": 2896379,
    "gamma": 2.2583043815691064,
    "brightness": 1.2,
    "hue_rotation": 41.19931707530122
  }
}