{
  "seed": "51a20d79-862a-465d-bbd3-3144d17928b3",
  "params": {
    "transforms": [
      {
        "a": -0.842165317436159,
        "b": -0.19940038953446293,
        "c": -0.6580969516321169,
        "d": 0.24678525025191544,
        "e": -0.9575958988734371,
        "f": -0.7122867658513788,
        "color": 0.17824767706350142,
        "weight": 0.921297145744007,
        "variations": {
          "heart": 0.30251345146573627,
          "sinusoidal": 0.3237977185880885,
          "linear": 0.625169412366741
        }
      },
      {
        "a": -0.2555334262094713,
        "b": -0.16367029959349155,
        "c": -0.9469263311567282,
        "d": 0.44821570059216165,
        "e": -1.0764873702180184,
        "f": -1.388708013073734,
        "color": 0.5121660790548093,
        "weight": 0.19077857192623496,
        "variations": {
          "linear": 0.4888180812197708,
          "heart": 0.8425530507525666
        }
      }
    ],
    "num_points": 2199556,
    "gamma": 2.0676974190016906,
    "brightness": 1.2,
    "hue_rotation": 233.91635840312915
  }
}