{
  "seed": "169cff44-abbb-4744-8eaf-41a927fb56b2",
  "params": {
    "transforms": [
      {
        "a": -0.9469207297616358,
        "b": -0.7862713777107946,
        "c": 0.5762555134193763,
        "d": 0.8061815070089791,
        "e": 0.6032824976362781,
        "f": 1.3257265694047278,
        "color": 0.6034759408200574,
        "weight": 0.5596998052061289,
        "variations": {
          "linear": 0.3578537616089821,
          "swirl": 0.5270584460396182
        }
      },
      {
        "a": 0.1219039019005752,
        "b": -0.6506866901444377,
        "c": -0.37916244243803177,
        "d": -0.39694314184997403,
        "e": -0.9246466906501536,
        "f": 0.9954943394356728,
        "color": 0.20640211597661984,
        "weight": 0.909392476136776,
        "variations": {
          "spherical": 0.9865496364084834
        }
      },
      {
        "a": -0.06677655676307492,
        "b": -0.3073595863870717,
        "c": 0.5803273869588665,
        "d": -0.15637652412478098,
        "e": -0.2560308747382911,
        "f": 1.1737331556505963,
        "color": 0.2593455114168366,
        "weight": 0.4577004767013825,
        "variations": {
          "spherical": 0.7532972321504126,
          "heart": 0.32800909381733323
        }
      }
    ],
    "num_points": 1919752,
    "gamma": 2.353792892551172,
    "brightness": 1.2,
    "hue_rotation": 289.21519498180174
  }
}