{
  "seed": "c193a753-0508-45ca-a1db-d5292a637c15",
  "params": {
    "transforms": [
      {
        "a": 0.6277655605236037,
        "b": 0.17845685559834523,
        "c": -0.9872291383307374,
        "d": 0.8592294135948408,
        "e": 0.5967303665796067,
        "f": -1.0736596028834748,
        "color": 0.3505148831503243,
        "weight": 0.5407971394949785,
        "variations": {
          "swirl": 0.835723399012721,
          "spherical": 0.5190840869980404,
          "heart": 0.8997075493855505
        }
      },
      {
        "a": -0.156943701418228,
        "b": 0.5454962107727066,
        "c": 0.9560822321796258,
        "d": 0.4719338876514201,
        "e": 1.4705490874741605,
        "f": 0.06497735230610102,
        "color": 0.6970293532656917,
        "weight": 0.8636236564442772,
        "variations": {
          "linear": 0.9979410805238501
        }
      }
    ],
    "num_points": 2789639,
    "gamma": 1.930796715173371,
    "brightness": 1.2,
    "hue_rotation": 114.53487098632168
  }
}