{
  "seed": "b4b1a07c-7ba0-4678-82ca-820224f3bad3",
  "params": {
    "transforms": [
      {
        "a": 0.041901526182918536,
        "b": 0.955120174381261,
        "c": -0.4832738051951253,
        "d": 0.8849456111198202,
        "e": 1.3585353329449514,
        "f": -1.3243769833005454,
        "color": 0.14123161961706343,
        "weight": 0.8314133375799155,
        "variations": {
          "swirl": 0.3162740224751326
        }
      },
      {
        "a": 0.03163306554173384,
        "b": -0.40447265417662814,
        "c": -0.4273291954223606,
        "d": 0.3965557185827471,
        "e": -0.6064709553577315,
        "f": 1.0966647855860137,
        "color": 0.16361647708141125,
        "weight": 0.7527863136126839,
        "variations": {
          "heart": 0.7872075290666958
        }
      },
      {
        "a": -0.8450709783303048,
        "b": 0.1746372326256591,
        "c": 0.6891745456863565,
        "d": 0.5662544213930476,
        "e": -0.371802694341306,
        "f": 1.26758338592352,
        "color": 0.4072352518862995,
        "weight": 0.46541886068005434,
        "variations": {
          "swirl": 0.7095423207255047,
          "heart": 0.6886033564860968,
          "linear": 0.38169711418463537
        }
      },
      {
        "a": -0.6653430949157888,
        "b": -0.5030252368105006,
        "c": -0.13811604249102083,
        "d": 0.18520396693677577,
        "e": -0.9482041090325157,
        "f": -0.5824102967050014,
        "color": 0.827359446566195,
        "weight": 0.681854021221504,
        "variations": {
          "heart": 0.9169666969261209,
          "spherical": 0.5421158150681921,
          "sinusoidal": 0.8654815868743878
        }
      }
    ],
    "num_points": 2347812,
    "gamma": 2.4160307158681307,
    "brightness": 1.2,
    "hue_rotation": 131.37731830812658
  }
}