{
  "seed": "6a87fd25-84f5-48e4-aba5-63a572dd76dc",
  "params": {
    "transforms": [
      {
        "a": 0.6068668460811124,
        "b": 0.502777276963762,
        "c": 0.4640554949825557,
        "d": 0.09126096185710342,
        "e": 0.3545253985150083,
        "f": 1.2241645169627695,
        "color": 0.5435972564958425,
        "weight": 0.18199453112282094,
        "variations": {
          "polar": 0.8216967099603679,
          "spherical": 0.5923470718813766
        }
      },
      {
        "a": 0.8163595705968589,
        "b": -0.4740121919571816,
        "c": 0.36093192966826537,
        "d": -0.43905037294246796,
        "e": -0.775631174842487,
        "f": 0.5972449321555078,
        "color": 0.29502842911748917,
        "weight": 0.5021852363077451,
        "variations": {
          "polar": 0.557380726118534
        }
      },
      {
        "a": -0.8992262104403055,
        "b": -0.446215956709924,
        "c": -0.6055756201388136,
        "d": 0.653500225891321,
        "e": -1.32755276558665,
        "f": 0.07153921455162338,
        "color": 0.8327522585799434,
        "weight": 0.5280061304832401,
        "variations": {
          "spherical": 0.28674610919024757,
          "heart": 0.6694102160420163,
          "sinusoidal": 0.3749075347152584
        }
      }
    ],
    "num_points": 1066287,
    "gamma": 2.345543037329418,
    "brightness": 1.2,
    "hue_rotation": 304.8894031430848
  }
}