{
  "seed": "2447dc16-230a-4beb-9b4b-bfe2314137f3",
  "params": {
    "transforms": [
      {
        "a": 0.9879369835991476,
        "b": -0.5304523830268395,
        "c": 0.18235382910667108,
        "d": 0.9374446678877681,
        "e": 1.0266564250397678,
        "f": -1.0584598567867465,
        "color": 0.8832415365983801,
        "weight": 0.5884229787871473,
        "variations": {
          "polar": 0.26602299650782635,
          "sinusoidal": 0.3009985516306317
        }
      },
      {
        "a": -0.033706670366456803,
        "b": 0.4609966508056116,
        "c": -0.051397651259097676,
        "d": 0.5758641244086344,
        "e": 0.025484686956986913,
        "f": -0.11404306106646334,
        "color": 0.08627399071830699,
        "weight": 0.2142671750629695,
        "variations": {
          "sinusoidal": 0.44357621526731494
        }
      }
    ],
    "num_points": 2424349,
    "gamma": 1.9466561388403165,
    "brightness": 1.2,
    "hue_rotation": 159.81180754617108
  }
}