{
  "seed": "f0856875-79b9-4934-8fc4-acb985b8595c",
  "params": {
    "transforms": [
      {
        "a": -0.7789841003031739,
        "b": -0.19374527599047653,
        "c": -0.3740563317021355,
        "d": 0.00953821591015025,
        "e": 0.8464538552417595,
        "f": 1.3768933695758436,
        "color": 0.3574464179759963,
        "weight": 0.8809872783752782,
        "variations": {
          "spherical": 0.46819351995763403,
          "swirl": 0.975977982367677
        }
      },
      {
        "a": -0.7906324142741559,
        "b": -0.7664266877837944,
        "c": 0.9351134276538717,
        "d": 0.3686424695780406,
        "e": -0.8628221053931329,
        "f": 0.6477265317256813,
        "color": 0.04499185841916775,
        "weight": 0.8615784529604377,
        "variations": {
          "sinusoidal": 0.16645440226938435,
          "linear": 0.765372448919236
        }
      },
      {
        "a": -0.3647941442773055,
        "b": -0.5825077234329641,
        "c": -0.4203714037553379,
        "d": 0.17825387415222926,
        "e": 0.6794709000544987,
        "f": -0.23467277053169466,
        "color": 0.3753981118004892,
        "weight": 0.5032149822717227,
        "variations": {
          "swirl": 0.3815379829195078,
          "linear": 0.5681741964871353,
          "heart": 0.7728224099037266
        }
      }
    ],
    "num_points": 1746103,
    "gamma": 2.262778515918045,
    "brightness": 1.2,
    "hue_rotation": 193.7373351603881
  }
}