{
  "seed": "af9898eb-a9a3-4418-a72a-447e65817589",
  "params": {
    "transforms": [
      {
        "a": -0.7447883941534812,
        "b": 0.9581903520654358,
        "c": -0.9111511169528523,
        "d": -0.3248159297875417,
        "e": 0.2604653102228178,
        "f": 0.23354300876212863,
        "color": 0.4701315340405915,
        "weight": 0.43650091389788914,
        "variations": {
          "swirl": 0.358995339739553,
          "spherical": 0.31823735564916333,
          "polar": 0.1306865006712733
        }
      },
      {
        "a": -0.9420464250116727,
        "b": 0.7197578346921005,
        "c": 0.4785807732413374,
        "d": -0.32741903968015795,
        "e": -1.0371371451858056,
        "f": -0.8194180238685713,
        "color": 0.20096067242038063,
        "weight": 0.6836432864893144,
        "variations": {
          "polar": 0.5902063011974434,
          "heart": 0.5035651671994936
        }
      },
      {
        "a": 0.3140246473687529,
        "b": -0.6950294211710801,
        "c": -0.29244515470570076,
        "d": -0.8789188181907606,
        "e": 1.4366188814360976,
        "f": -0.45772496808895524,
        "color": 0.6287897995567598,
        "weight": 0.7449432426555587,
        "variations": {
          "swirl": 0.4245526131014321,
          "polar": 0.36015761004735336,
          "sinusoidal": 0.7261244673406385
        }
      },
      {
        "a": 0.7885884484382404,
        "b": 0.0498261049727311,
        "c": 0.9683335676072606,
        "d": 0.7751635743303771,
        "e": 0.6518881667614145,
        "f": -1.3931757643144353,
        "color": 0.4032065797929213,
        "weight": 0.9558509437532888,
        "variations": {
          "linear": 0.07836322516435101
        }
      }
    ],
    "num_points": 2130893,
    "gamma": 1.9970240139009356,
    "brightness": 1.2,
    "hue_rotation": 245.61384263800846
  }
}