{
  "seed": "dfb2e28c-65c5-4af3-903b-48a76e50842d",
  "params": {
    "transforms": [
      {
        "a": -0.05558051026420352,
        "b": 0.6732295375828601,
        "c": -0.798608597914432,
        "d": -0.6906714068157473,
        "e": -1.2629596250013662,
        "f": 0.830182489303029,
        "color": 0.6995995916834801,
        "weight": 0.7235963677429694,
        "variations": {
          "sinusoidal": 0.418382326676476
        }
      },
      {
        "a": -0.8765187727806698,
        "b": 0.2734792253405225,
        "c": 0.022991854176575677,
        "d": 0.6723560760092966,
        "e": -0.07171472546921942,
        "f": -0.8628140557980077,
        "color": 0.8428914305777251,
        "weight": 0.37570221397795733,
        "variations": {
          "swirl": 0.3641591186540256
        }
      },
      {
        "a": -0.791215247570606,
        "b": 0.25590413064848083,
        "c": -0.8251269339759977,
        "d": -0.9148733503729396,
        "e": 0.48095240700151587,
        "f": -1.4846730296105681,
        "color": 0.885545444995848,
        "weight": 0.3647360219407375,
        "variations": {
          "swirl": 0.07874711971843473,
          "heart": 0.9186701741811374,
          "linear": 0.0070194853805557456
        }
      },
      {
        "a": -0.9818225434911705,
        "b": -0.0588335252781409,
        "c": 0.14210313462802726,
        "d": -0.5723022492680641,
        "e": 0.41903081135220943,
        "f": -1.3945348276021425,
        "color": 0.9435428560487233,
        "weight": 0.4440472260316599,
        "variations": {
          "swirl": 0.46474422614434474
        }
      }
    ],
    "num_points": 2285901,
    "gamma": 2.0375287537885542,
    "brightness": 1.2,
    "hue_rotation": 267.46736187707637
  }
}