{
  "seed": "8e6cf4ca-556f-4a4e-9040-0b5bf0a8137c",
  "params": {
    "transforms": [
      {
        "a": 0.39109258493562615,
        "b": 0.4847141117898943,
        "c": 0.47252958057076766,
        "d": 0.9827596528577445,
        "e": -1.0979247462998845,
        "f": -0.3816210961181943,
        "color": 0.32557869670656103,
        "weight": 0.7940175794799532,
        "variations": {
          "swirl": 0.8642570730527596,
          "heart": 0.4890357008815812,
          "linear": 0.14648406637616818
        }
      },
      {
        "a": 0.4043722559190308,
        "b": 0.54768565025392,
        "c": -0.6407838579255738,
        "d": -0.839708839613301,
        "e": 1.2328706703978902,
        "f": 1.4858136675581406,
        "color": 0.25940594212908297,
        "weight": 0.43140717547062357,
        "variations": {
          "swirl": 0.30129149599692806
        }
      }
    ],
    "num_points": 1721814,
    "gamma": 2.4039419483245346,
    "brightness": 1.2,
    "hue_rotation": 349.11593016765903
  }
}