{
  "seed": "6913a24e-9627-459f-b5b2-54d2b0cab1ef",
  "params": {
    "transforms": [
      {
        "a": 0.5030726758803874,
        "b": -0.18452291774582918,
        "c": -0.7564520784256104,
        "d": -0.4921837551546735,
        "e": 0.06403449204040679,
        "f": 1.4474734631609305,
        "color": 0.9248158606218168,
        "weight": 0.9741455067131866,
        "variations": {
          "polar": 0.4111208654846745,
          "linear": 0.16100435878844865,
          "sinusoidal": 0.11445286557177292
        }
      },
      {
        "a": 0.49594828017447656,
        "b": -0.5583882544096044,
        "c": -0.8521076217363122,
        "d": -0.32798501621097764,
        "e": -1.4145505996245875,
        "f": -1.239259274431765,
        "color": 0.662766759097258,
        "weight": 0.2005879977661411,
        "variations": {
          "swirl": 0.7526063363425061
        }
      },
      {
        "a": 0.03731205093987455,
        "b": 0.9370925914806574,
        "c": -0.8680669064004938,
        "d": -0.6139747357368737,
        "e": 0.36674538321758887,
        "f": -1.1431794433967553,
        "color": 0.5531994286305019,
        "weight": 0.3168952111733173,
        "variations": {
          "linear": 0.23248412082055459
        }
      }
    ],
    "num_points": 1199744,
    "gamma": 2.367176825419449,
    "brightness": 1.2,
    "hue_rotation": 21.731606341588858
  }
}