{
  "seed": "584135c6-4e21-4ffc-969f-a8a74b463ebc",
  "params": {
    "transforms": [
      {
        "a": -0.6248108712073868,
        "b": 0.9485094752420804,
        "c": -0.17194714126605715,
        "d": -0.9572910947686346,
        "e": 0.4288936123216289,
        "f": 0.5400730595539671,
        "color": 0.7520212457954335,
        "weight": 0.9464750932441933,
        "variations": {
          "spherical": 0.3276622748989756,
          "polar": 0.5020570747074375,
          "swirl": 0.7560256498271329
        }
      },
      {
        "a": -0.06158921527983785,
        "b": 0.2978000077891294,
        "c": 0.5531752679638102,
        "d": -0.6700935610291174,
        "e": 0.4933287748367716,
        "f": 1.0101765827225329,
        "color": 0.4880833574430965,
        "weight": 0.6434021456765924,
        "variations": {
          "linear": 0.8485192556594403,
          "heart": 0.620799294862421
        }
      }
    ],
    "num_points": 2051491,
    "gamma": 1.9477781776480547,
    "brightness": 1.2,
    "hue_rotation": 269.7686857289974
  }
}