{
  "seed": "502309dc-8a97-42b9-8f37-73bd4f2e5dff",
  "params": {
    "transforms": [
      {
        "a": -0.12844488171075152,
        "b": 0.24092512947266354,
        "c": 0.823273801117649,
        "d": -0.8526816368985259,
        "e": 0.22053789001311008,
        "f": 1.4843392467756567,
        "color": 0.6289595137729544,
        "weight": 0.5614214561006055,
        "variations": {
          "swirl": 0.23265222068903524,
          "linear": 0.7695471225575795
        }
      },
      {
        "a": 0.6183791503343778,
        "b": 0.22162431599775,
        "c": -0.6686328521020724,
        "d": -0.42668250375304484,
        "e": 0.8323086770393422,
        "f": -0.5018566041698966,
        "color": 0.014824933052759226,
        "weight": 0.9980295075111084,
        "variations": {
          "linear": 0.5054391166709279,
          "swirl": 0.7759000847565654
        }
      },
      {
        "a": -0.28396631248356874,
        "b": -0.4172161372439196,
        "c": -0.8242759470599339,
        "d": -0.8113443839113235,
        "e": 0.7993554247755927,
        "f": -0.008468100138530499,
        "color": 0.5602970597354576,
        "weight": 0.3199788089167628,
        "variations": {
          "polar": 0.5685928475033155,
          "linear": 0.6076559432221667
        }
      }
    ],
    "num_points": 2072127,
    "gamma": 2.0459729239698192,
    "brightness": 1.2,
    "hue_rotation": 165.87044785763896
  }
}