{
  "seed": "768fb35c-73a5-41a9-90b5-a8b777106eb7",
  "params": {
    "transforms": [
      {
        "a": 0.4885755777454259,
        "b": 0.005360926279527334,
        "c": 0.9878011170041898,
        "d": 0.5339574947455474,
        "e": 1.2112700909142013,
        "f": 1.0647730496666683,
        "color": 0.7939028743883226,
        "weight": 0.7430456333277601,
        "variations": {
          "sinusoidal": 0.3804670835868341,
          "polar": 0.7910265061893018,
          "swirl": 0.8680405901086063
        }
      },
      {
        "a": 0.5092163753511048,
        "b": -0.7423880302150949,
        "c": -0.36330228054360103,
        "d": -0.9206586355022905,
        "e": -0.04250100186490391,
        "f": -1.2773354902512017,
        "color": 0.004490680990300255,
        "weight": 0.6681745311341768,
        "variations": {
          "sinusoidal": 0.39868174231714737
        }
      }
    ],
    "num_points": 1863101,
    "gamma": 1.9528768157290606,
    "brightness": 1.2,
    "hue_rotation": 217.98601540075353
  }
}