{
  "seed": "a72dfbdf-0595-47bf-87b5-77e54581048b",
  "params": {
    "transforms": [
      {
        "a": -0.30310565592722094,
        "b": 0.23682471086875,
        "c": 0.34085858597765273,
        "d": -0.24932392462614716,
        "e": 0.1663120838797485,
        "f": 1.490911184542849,
        "color": 0.24070073388262914,
        "weight": 0.6816534385200919,
        "variations": {
          "swirl": 0.024360718446498564,
          "polar": 0.7581617340087431,
          "sinusoidal": 0.8612081470562459
        }
      },
      {
        "a": 0.5811849299099414,
        "b": -0.6960876070543982,
        "c": -0.3837479570380111,
        "d": -0.4443117945648043,
        "e": -1.3216236776250927,
        "f": 0.8338252051041404,
        "color": 0.1564256341598257,
        "weight": 0.19738905085398206,
        "variations": {
          "polar": 0.07899911995986553,
          "spherical": 0.8115164995199589
        }
      },
      {
        "a": -0.8546228491150065,
        "b": 0.5444019220650298,
        "c": 0.48743696838554196,
        "d": 0.4872238300797185,
        "e": 1.1967317292371282,
        "f": -0.32855527160938647,
        "color": 0.21574419222395635,
        "weight": 0.9904568973386412,
        "variations": {
          "polar": 0.4611481839213052,
          "linear": 0.6429746889980984,
          "spherical": 0.839117324789102
        }
      }
    ],
    "num_points": 1213644,
    "gamma": 2.3629246613515766,
    "brightness": 1.2,
    "hue_rotation": 336.213509855177
  }
}