{
  "seed": "70f00f70-c87e-4e7b-a29c-6ae3810d6cec",
  "params": {
    "transforms": [
      {
        "a": 0.5751536454638964,
        "b": -0.35789458999621115,
        "c": 0.9106384352458554,
        "d": 0.47573936598589506,
        "e": -0.17308467119288662,
        "f": 1.0370848720881773,
        "color": 0.0251860369316369,
        "weight": 0.9602108353503035,
        "variations": {
          "sinusoidal": 0.351209261784449,
          "spherical": 0.7128286242401584
        }
      },
      {
        "a": 0.5328082585317722,
        "b": -0.5111399182456469,
        "c": -0.9402470381879562,
        "d": -0.8068625392811064,
        "e": -0.9677652358247808,
        "f": 1.2435320660243159,
        "color": 0.5861839270194664,
        "weight": 0.9761472095658046,
        "variations": {
          "sinusoidal": 0.5132287995355546,
          "polar": 0.4534452029225793,
          "spherical": 0.5476688381450865
        }
      },
      {
        "a": -0.9389376262630993,
        "b": -0.5728598553350115,
        "c": 0.7230510220505748,
        "d": 0.5083770751052938,
        "e": 0.4279004506597235,
        "f": 1.3226502056415899,
        "color": 0.22272180253991436,
        "weight": 0.22563822542032405,
        "variations": {
          "polar": 0.5213348764550999,
          "linear": 0.799286002103997
        }
      },
      {
        "a": -0.6764839686494175,
        "b": 0.4351459192458049,
        "c": -0.4370295897308025,
        "d": 0.9836695607493393,
        "e": -0.8752282798965104,
        "f": 0.6524148095850189,
        "color": 0.638331416564172,
        "weight": 0.5595954324878285,
        "variations": {
          "swirl": 0.7238832336067643,
          "polar": 0.06465047569899596
        }
      }
    ],
    "num_points": 2483911,
    "gamma": 2.0292745001920665,
    "brightness": 1.2,
    "hue_rotation": 178.99054668957902
  }
}