{
  "seed": "1435f19b-d65d-4a14-86be-e776476811aa",
  "params": {
    "transforms": [
      {
        "a": -0.19567162063313503,
        "b": 0.5514929944609732,
        "c": 0.2807046566852156,
        "d": -0.39714566790662964,
        "e": -1.378463345644346,
        "f": -0.26822171357789193,
        "color": 0.9567964062488732,
        "weight": 0.7109824660727508,
        "variations": {
          "linear": 0.7131904898013691,
          "heart": 0.06397820908253238
        }
      },
      {
        "a": 0.40123387064365157,
        "b": 0.5150286891486819,
        "c": -0.3206578877755386,
        "d": -0.9130154491553928,
        "e": 0.10844004804451668,
        "f": -0.636771418890152,
        "color": 0.8429057801867661,
        "weight": 0.5694924167524265,
        "variations": {
          "linear": 0.9550092580718231,
          "sinusoidal": 0.783263360063219,
          "swirl": 0.02614437706100492
        }
      },
      {
        "a": 0.978514079290784,
        "b": -0.5327826054606022,
        "c": -0.5506108040770226,
        "d": -0.5542235278549124,
        "e": 0.46689279852891175,
        "f": 0.47355242377051754,
        "color": 0.3640253175404182,
        "weight": 0.5876953683344129,
        "variations": {
          "linear": 0.2965067779482775,
          "swirl": 0.4190807375698087,
          "sinusoidal": 0.10328195643935156
        }
      },
      {
        "a": 0.38604437102498745,
        "b": -0.4813766245796325,
        "c": 0.41320021353375536,
        "d": -0.14785947405969058,
        "e": 0.38984941622940994,
        "f": -0.19582665695830914,
        "color": 0.06706453284419522,
        "weight": 0.7883940448317115,
        "variations": {
          "spherical": 0.018626481433027697
        }
      }
    ],
    "num_points": 1593362,
    "gamma": 1.8953300348160658,
    "brightness": 1.2,
    "hue_rotation": 106.74288147664032
  }
}