{
  "seed": "079cfc74-e21e-443b-aa5c-8a922a488f2e",
  "params": {
    "transforms": [
      {
        "a": 0.38858931372164673,
        "b": -0.4175448153335666,
        "c": 0.9296245401962335,
        "d": 0.45029024744351864,
        "e": 1.2030607619774747,
        "f": -1.2407366582652108,
        "color": 0.809630308791218,
        "weight": 0.7899717916053488,
        "variations": {
          "spherical": 0.8898614986144618,
          "linear": 0.043106466661934184
        }
      },
      {
        "a": 0.08577231548842268,
        "b": 0.8356491995846407,
        "c": 0.6776056024408745,
        "d": -0.7372830612142369,
        "e": -1.1481208607850877,
        "f": -0.5425335424852382,
        "color": 0.29580490399962056,
        "weight": 0.20399216933436076,
        "variations": {
          "heart": 0.1359780856686117
        }
      }
    ],
    "num_points": 1117397,
    "gamma": 2.093585819827257,
    "brightness": 1.2,
    "hue_rotation": 78.97778629866048
  }
}