{
  "seed": "4c995fe3-e154-43c1-a963-46a025a72be8",
  "params": {
    "transforms": [
      {
        "a": -0.5281036470248905,
        "b": 0.014382701104767248,
        "c": -0.735593779339268,
        "d": 0.8635555968861357,
        "e": 0.2965015615032074,
        "f": 0.6364621043545142,
        "color": 0.5926306354572818,
        "weight": 0.8189752841530544,
        "variations": {
          "linear": 0.5168496815713687,
          "swirl": 0.8931380196031743
        }
      },
      {
        "a": -0.6461754690566504,
        "b": -0.9622918075878246,
        "c": -0.5374393234610584,
        "d": 0.10099919560168136,
        "e": 1.0536461965435584,
        "f": -0.5885736158722829,
        "color": 0.35078354722303473,
        "weight": 0.38125748251136793,
        "variations": {
          "heart": 0.5143725769922383
        }
      },
      {
        "a": 0.995500070967748,
        "b": 0.16298319345024992,
        "c": 0.8218774864083067,
        "d": 0.3105897039960639,
        "e": -1.3745258124368607,
        "f": -0.6729978774989169,
        "color": 0.2421456229716875,
        "weight": 0.5898092779198125,
        "variations": {
          "sinusoidal": 0.5901591231867146,
          "swirl": 0.11521006371325726
        }
      },
      {
        "a": 0.8163860995186261,
        "b": 0.9291726270790743,
        "c": 0.8196147386177244,
        "d": 0.0927833262608122,
        "e": 0.27472741604759676,
        "f": 0.2569908066623505,
        "color": 0.32409067672584324,
        "weight": 0.9878799339530601,
        "variations": {
          "swirl": 0.007954745913822503,
          "linear": 0.5280390810422614
        }
      }
    ],
    "num_points": 2956056,
    "gamma": 2.366371629452999,
    "brightness": 1.2,
    "hue_rotation": 317.3100941276773
  }
}