{
  "seed": "8269e43c-f42a-4051-9567-5ef4d81ca52e",
  "params": {
    "transforms": [
      {
        "a": 0.8328783479265303,
        "b": 0.5826854918329403,
        "c": -0.1905624933555201,
        "d": -0.22238555806214344,
        "e": -0.8385442481771592,
        "f": -0.423643841623323,
        "color": 0.35172461073867334,
        "weight": 0.9062852601025158,
        "variations": {
          "linear": 0.29946292340681624,
          "swirl": 0.49794095627370916,
          "heart": 0.04950906089937668
        }
      },
      {
        "a": 0.8866842181496839,
        "b": -0.5304143989087899,
        "c": -0.8020129369765963,
        "d": 0.7605512463869315,
        "e": -0.2087797808695493,
        "f": -0.6712116516577084,
        "color": 0.29051599897455516,
        "weight": 0.6603431128157757,
        "variations": {
          "linear": 0.41488131620269875,
          "heart": 0.22018043788178643
        }
      }
    ],
    "num_points": 1039408,
    "gamma": 2.449895502926694,
    "brightness": 1.2,
    "hue_rotation": 235.52462008173293
  }
}