{
  "seed": "e0a09b77-abb1-4e54-8ad4-b6e76bc32d3a",
  "params": {
    "transforms": [
      {
        "a": 0.9074361273720464,
        "b": -0.33520973171971,
        "c": 0.9229333331078671,
        "d": 0.9609533465273155,
        "e": 0.8747804294035579,
        "f": 1.1838382864328292,
        "color": 0.10968243931538335,
        "weight": 0.8425769821788873,
        "variations": {
          "spherical": 0.363908445178433
        }
      },
      {
        "a": 0.07616636917020347,
        "b": 0.9585817595003308,
        "c": 0.12138213325490987,
        "d": 0.08866413098727044,
        "e": 0.6974300828613083,
        "f": 0.6700724564387919,
        "color": 0.3126647024682022,
        "weight": 0.2786541410488844,
        "variations": {
          "sinusoidal": 0.8676496875556902
        }
      },
      {
        "a": 0.5189640959880835,
        "b": 0.0380268348380437,
        "c": 0.600561207744718,
        "d": 0.10529660023598764,
        "e": -0.32592924752501906,
        "f": 0.20730978200030847,
        "color": 0.46642268555459676,
        "weight": 0.753906338603494,
        "variations": {
          "linear": 0.3497107137014781
        }
      },
      {
        "a": -0.6426137775458685,
        "b": 0.5650654211784267,
        "c": -0.1178193599447821,
        "d": -0.9462174050933363,
        "e": 1.248514736302412,
        "f": -1.2685289360865957,
        "color": 0.7844975974135201,
        "weight": 0.3423357373161756,
        "variations": {
          "spherical": 0.022292586357484212
        }
      }
    ],
    "num_points": 1508586,
    "gamma": 2.257367253174592,
    "brightness": 1.2,
    "hue_rotation": 359.584474470814
  }
}