{
  "seed": "c6ea3842-1b18-4e48-b0ae-86032d13b0a6",
  "params": {
    "transforms": [
      {
        "a": 0.10028782205384834,
        "b": 0.4626382772099453,
        "c": 0.480188397701506,
        "d": -0.3036082731216301,
        "e": 0.3153633329713803,
        "f": 0.3769089695876695,
        "color": 0.5340925265345364,
        "weight": 0.31062752179516373,
        "variations": {
          "heart": 0.4093506702383831,
          "sinusoidal": 0.40708300531090114
        }
      },
      {
        "a": -0.2317148171404082,
        "b": -0.33487361597388476,
        "c": -0.02150943958202256,
        "d": -0.599411025041884,
        "e": -0.05229017046073947,
        "f": 0.3753744944468833,
        "color": 0.6844436033097316,
        "weight": 0.4950849971530594,
        "variations": {
          "swirl": 0.7772224933301919,
          "linear": 0.59992205760585,
          "sinusoidal": 0.735969284412646
        }
      }
    ],
    "num_points": 1339361,
    "gamma": 2.4191003075744986,
    "brightness": 1.2,
    "hue_rotation": 358.1318858724529
  }
}