{
  "seed": "3b8bb60a-f4cd-487c-bceb-d7740eee6122",
  "params": {
    "transforms": [
      {
        "a": -0.5176709606832286,
        "b": 0.5848040686604088,
        "c": 0.11630367927430152,
        "d": -0.9010311852786415,
        "e": 0.10142165689167748,
        "f": 1.1987240569814994,
        "color": 0.34950269373501175,
        "weight": 0.12303515918645605,
        "variations": {
          "heart": 0.32571566678723773,
          "polar": 0.8833077750869299,
          "swirl": 0.43423878545862915
        }
      },
      {
        "a": 0.5157100956636089,
        "b": 0.9814729174495231,
        "c": -0.9724434421029573,
        "d": -0.6064500282692171,
        "e": 0.3706509868684926,
        "f": 1.0201365819589228,
        "color": 0.1422011826419569,
        "weight": 0.5897423609186113,
        "variations": {
          "linear": 0.1726278331550135,
          "swirl": 0.03691908583702774,
          "spherical": 0.10087610232493671
        }
      }
    ],
    "num_points": 2491714,
    "gamma": 1.8835494149863434,
    "brightness": 1.2,
    "hue_rotation": 1.4694148785621364
  }
}