{
  "seed": "2d0a39ca-c756-4718-a833-69d01f9c288a",
  "params": {
    "transforms": [
      {
        "a": -0.32097212383055274,
        "b": -0.9294366890861592,
        "c": 0.45595989916988566,
        "d": 0.2946995533569805,
        "e": -0.027806005809804413,
        "f": 0.15234616863029804,
        "color": 0.518173944851764,
        "weight": 0.24914785906885872,
        "variations": {
          "linear": 0.4377918169753193,
          "swirl": 0.5487056166354102
        }
      },
      {
        "a": -0.36972110776526956,
        "b": -0.489852231869325,
        "c": -0.4978362949917654,
        "d": -0.06986522801627304,
        "e": 0.8453071423639091,
        "f": 1.0882967195558315,
        "color": 0.35110961855899847,
        "weight": 0.8138789603393936,
        "variations": {
          "heart": 0.8613981067370754
        }
      }
    ],
    "num_points": 1495108,
    "gamma": 1.9669677613586958,
    "brightness": 1.2,
    "hue_rotation": 75.7924032211438
  }
}