{
  "seed": "48a7d393-9158-4db4-ba03-9d2d96ba7b1e",
  "params": {
    "transforms": [
      {
        "a": 0.8287345523713219,
        "b": 0.8619500903907931,
        "c": 0.14167601809567953,
        "d": -0.9673112771269816,
        "e": -0.7271481058782857,
        "f": -1.194520021786083,
        "color": 0.207897621865892,
        "weight": 0.5391292503969729,
        "variations": {
          "sinusoidal": 0.4137391887710684,
          "swirl": 0.19402155736276416,
          "heart": 0.34151860533726786
        }
      },
      {
        "a": -0.8668196253872451,
        "b": 0.47876169176318206,
        "c": 0.15870315696115034,
        "d": 0.3204916944303371,
        "e": -0.1516272911656631,
        "f": -1.2205908843270428,
        "color": 0.2810983463322181,
        "weight": 0.45999001119705585,
        "variations": {
          "polar": 0.39429885710404344
        }
      },
      {
        "a": 0.7672024012508318,
        "b": 0.9841286379051606,
        "c": 0.1524125121308737,
        "d": -0.2701938000779691,
        "e": 1.2001214870314039,
        "f": -0.8857990562258162,
        "color": 0.34933466987732154,
        "weight": 0.22038011596349977,
        "variations": {
          "sinusoidal": 0.765182026862603
        }
      },
      {
        "a": -0.19181345675155304,
        "b": 0.2836731274173936,
        "c": 0.7257837030722745,
        "d": -0.8401410261484779,
        "e": -0.7501762796974368,
        "f": -0.781325144952949,
        "color": 0.3852091639046894,
        "weight": 0.7445272352247623,
        "variations": {
          "linear": 0.44899977982671113
        }
      }
    ],
    "num_points": 1638191,
    "gamma": 2.452722332885141,
    "brightness": 1.2,
    "hue_rotation": 265.91124529404254
  }
}