{
  "seed": "5246ebef-7b7a-4dea-93d4-9cfce38e04fb",
  "params": {
    "transforms": [
      {
        "a": 0.9992043871693292,
        "b": 0.5281340730920485,
        "c": -0.84252653891737,
        "d": 0.30747235763307823,
        "e": -0.2569087636200893,
        "f": -1.2040208613488494,
        "color": 0.7580105862809131,
        "weight": 0.9489000574316816,
        "variations": {
          "sinusoidal": 0.8755642739715838
        }
      },
      {
        "a": -0.0052692839118533286,
        "b": -0.04255113197246496,
        "c": -0.09526292769004252,
        "d": -0.2223883227612684,
        "e": -0.7357064073769576,
        "f": 0.23437263481695525,
        "color": 0.26365840283308817,
        "weight": 0.41140017762820535,
        "variations": {
          "spherical": 0.14704364719400176,
          "linear": 0.6196701671497182,
          "heart": 0.3163393563049377
        }
      },
      {
        "a": 0.3530075015479739,
        "b": -0.8663982837575785,
        "c": -0.33695791346394866,
        "d": 0.38068168101681255,
        "e": -1.2733381472534897,
        "f": -1.3087017932545946,
        "color": 0.9132102883851103,
        "weight": 0.36712012092849444,
        "variations": {
          "linear": 0.5032107346326219,
          "sinusoidal": 0.009357315099577379
        }
      },
      {
        "a": -0.44537701775119865,
        "b": 0.43339095892440493,
        "c": 0.22398045086608542,
        "d": -0.22011002669369617,
        "e": 0.19073467642183584,
        "f": 0.7157267602334758,
        "color": 0.04669911484179268,
        "weight": 0.4396412602806654,
        "variations": {
          "spherical": 0.6731739804616489,
          "polar": 0.4381211967782861,
          "linear": 0.08119115697173718
        }
      }
    ],
    "num_points": 2045239,
    "gamma": 2.302648364925729,
    "brightness": 1.2,
    "hue_rotation": 181.60721090753256
  }
}