{
  "seed": "1bde239c-53fa-4518-9e06-491b2bdc4394",
  "params": {
    "transforms": [
      {
        "a": 0.03990816094201666,
        "b": -0.9698976791109388,
        "c": -0.871428410887451,
        "d": 0.7018254261180972,
        "e": 0.7797058070650498,
        "f": -0.5722261377723601,
        "color": 0.6902202346435757,
        "weight": 0.4739186601648442,
        "variations": {
          "swirl": 0.510123380758289,
          "linear": 0.3948693950256711,
          "spherical": 0.8028733697894215
        }
      },
      {
        "a": -0.388865538438226,
        "b": -0.5394225802303829,
        "c": -0.9007389684056928,
        "d": 0.06150297726755283,
        "e": 1.4715119764993778,
        "f": -1.398657318213877,
        "color": 0.6108246075963489,
        "weight": 0.5067128145215187,
        "variations": {
          "spherical": 0.030299314967219604
        }
      },
      {
        "a": 0.624973871340428,
        "b": -0.7971948994060525,
        "c": 0.4138011080517785,
        "d": -0.027145356556184996,
        "e": 0.8828566218417722,
        "f": -0.020732464050212673,
        "color": 0.5265404949082959,
        "weight": 0.9390323314753277,
        "variations": {
          "swirl": 0.4005202056978726,
          "linear": 0.504460279379249,
          "sinusoidal": 0.2740824164164656
        }
      }
    ],
    "num_points": 2781067,
    "gamma": 2.2106939689742684,
    "brightness": 1.2,
    "hue_rotation": 175.28204726904815
  }
}