{
  "seed": "bf7b10f5-d080-4e36-ad3a-73cfb4d20b79",
  "params": {
    "transforms": [
      {
        "a": -0.7108448193066164,
        "b": 0.8679732000281299,
        "c": -0.4205565634151083,
        "d": -0.8291241743790756,
        "e": -0.10314456699249552,
        "f": 0.03091791623937734,
        "color": 0.2890637084013362,
        "weight": 0.27641695874774763,
        "variations": {
          "polar": 0.34830124835821585
        }
      },
      {
        "a": 0.326550721778877,
        "b": 0.11103209138658143,
        "c": -0.3041661874153867,
        "d": 0.4860677059553271,
        "e": 0.13737192186365776,
        "f": 0.002113513372243414,
        "color": 0.17397221731234191,
        "weight": 0.6428901821356515,
        "variations": {
          "heart": 0.9574206513444671,
          "linear": 0.43502109231698616
        }
      },
      {
        "a": -0.8141907013663165,
        "b": 0.38393874388069293,
        "c": -0.9461172104673183,
        "d": -0.2701177956626415,
        "e": 1.1100058305251674,
        "f": -0.5460446915008639,
        "color": 0.7947733733163234,
        "weight": 0.10123577393837119,
        "variations": {
          "swirl": 0.22013893034308296
        }
      }
    ],
    "num_points": 2069423,
    "gamma": 2.233639408948555,
    "brightness": 1.2,
    "hue_rotation": 61.34106934445648
  }
}