{
  "seed": "7ae107c7-d589-438b-9e10-939bdaf20ced",
  "params": {
    "transforms": [
      {
        "a": 0.38976766950408703,
        "b": -0.4703722398828476,
        "c": -0.03807461632759157,
        "d": -0.724439439542035,
        "e": 0.13370568882140565,
        "f": -0.5815552395596694,
        "color": 0.9290440328772896,
        "weight": 0.9479091635803024,
        "variations": {
          "spherical": 0.2773954565719513,
          "heart": 0.5617778753749786
        }
      },
      {
        "a": 0.40042419684827646,
        "b": -0.2907213442791623,
        "c": -0.6255372534290231,
        "d": -0.9360021482867089,
        "e": -1.083960288033582,
        "f": -0.2983056323255924,
        "color": 0.5515876470909562,
        "weight": 0.7016606196822979,
        "variations": {
          "sinusoidal": 0.9479661939588382,
          "swirl": 0.8166281252057231,
          "polar": 0.11592777712496871
        }
      },
      {
        "a": -0.9510917284781759,
        "b": -0.1931219002524358,
        "c": -0.5477618579429591,
        "d": -0.8246207829977183,
        "e": 1.4759972288057646,
        "f": -1.3940533679160265,
        "color": 0.8475014072206646,
        "weight": 0.4249753056484804,
        "variations": {
          "spherical": 0.505898226370113
        }
      },
      {
        "a": 0.4645717108803089,
        "b": -0.8883899184154975,
        "c": -0.9950501679547343,
        "d": -0.24465873987585018,
        "e": 0.22598254274335683,
        "f": -0.2000630121041458,
        "color": 0.2682808556405274,
        "weight": 0.9654194947741085,
        "variations": {
          "polar": 0.48180016010482074,
          "heart": 0.9731429790009903
        }
      }
    ],
    "num_points": 1340110,
    "gamma": 2.4880029232031755,
    "brightness": 1.2,
    "hue_rotation": 176.1603633838551
  }
}