{
  "seed": "81df9696-e844-4658-a20c-eb65eb7ddf0f",
  "params": {
    "transforms": [
      {
        "a": -0.686344170307712,
        "b": 0.5404183580555297,
        "c": 0.6826620591745385,
        "d": 0.7046612428047863,
        "e": 0.18061919485054778,
        "f": 0.1591205661909516,
        "color": 0.24522239206113117,
        "weight": 0.8241013048815666,
        "variations": {
          "sinusoidal": 0.46275575615076747,
          "spherical": 0.7516612954925194
        }
      },
      {
        "a": 0.5308228227388372,
        "b": 0.09842253493534847,
        "c": 0.9073063590926056,
        "d": -0.9313480912607321,
        "e": 0.019687260870040024,
        "f": -1.3852771775586306,
        "color": 0.13148254738081822,
        "weight": 0.50069273214811,
        "variations": {
          "heart": 0.9860982925307686
        }
      }
    ],
    "num_points": 2857798,
    "gamma": 2.174098099027365,
    "brightness": 1.2,
    "hue_rotation": 214.1860245836275
  }
}