{
  "seed": "594ba874-de41-4f6a-a5bc-f726dfb783bf",
  "params": {
    "transforms": [
      {
        "a": -0.6377339863312648,
        "b": -0.8328735934113694,
        "c": 0.06164290646043624,
        "d": -0.2805484356180681,
        "e": 0.484567390141434,
        "f": -0.19421519916093843,
        "color": 0.16253725179631107,
        "weight": 0.7626843793713679,
        "variations": {
          "sinusoidal": 0.8694655683777737,
          "heart": 0.10081744844982887
        }
      },
      {
        "a": 0.5815096023296584,
        "b": -0.215964177626621,
        "c": -0.8418916802754313,
        "d": 0.37309895113495917,
        "e": 1.0385727941564515,
        "f": -1.4415112801809427,
        "color": 0.4784520404163479,
        "weight": 0.9009355987418343,
        "variations": {
          "spherical": 0.713350378252212
        }
      },
      {
        "a": 0.48458517143901414,
        "b": 0.1656054746426585,
        "c": -0.5454023872760396,
        "d": 0.09630091374306016,
        "e": 1.2438552864071677,
        "f": -0.8518440001892792,
        "color": 0.6170562504477971,
        "weight": 0.1959435652883162,
        "variations": {
          "sinusoidal": 0.6266431917822443,
          "polar": 0.14189281409824783,
          "spherical": 0.3510125662921436
        }
      }
    ],
    "num_points": 2446838,
    "gamma": 2.419616742802219,
    "brightness": 1.2,
    "hue_rotation": 302.4091777964849
  }
}