{
  "seed": "728314f0-dabc-4b5f-9113-1da0cd61cffc",
  "params": {
    "transforms": [
      {
        "a": -0.5141513295719344,
        "b": -0.5705313692674059,
        "c": -0.8358575161270498,
        "d": -0.4609080109158654,
        "e": 0.2890130348019966,
        "f": 0.68577754469794,
        "color": 0.9094656951636947,
        "weight": 0.35532087023275927,
        "variations": {
          "heart": 0.9232767908067182,
          "linear": 0.9762731625388128,
          "spherical": 0.34155295543418607
        }
      },
      {
        "a": 0.06695624508415188,
        "b": -0.4846209685939431,
        "c": -0.33377377921676543,
        "d": -0.09932001493383313,
        "e": 0.09251197195797278,
        "f": 0.34622457514601646,
        "color": 0.11490597036043937,
        "weight": 0.4864557384011855,
        "variations": {
          "linear": 0.1548058507022324,
          "polar": 0.08725704030531167,
          "heart": 0.20621004114743124
        }
      }
    ],
    "num_points": 1636431,
    "gamma": 2.1166735913500894,
    "brightness": 1.2,
    "hue_rotation": 21.555572721538997
  }
}