{
  "seed": "194faee4-d937-4427-9896-04f8312eca58",
  "params": {
    "transforms": [
      {
        "a": -0.7686655107857421,
        "b": 0.09806467097438132,
        "c": 0.3022573343784558,
        "d": -0.3972882891437146,
        "e": 1.1624061252646545,
        "f": -0.1845476134606292,
        "color": 0.9786426398723885,
        "weight": 0.23020605025814145,
        "variations": {
          "sinusoidal": 0.979738910803355
        }
      },
      {
        "a": -0.1273701665722602,
        "b": -0.6305391182266589,
        "c": 0.3581173080980602,
        "d": -0.17044904825055274,
        "e": -1.095782786412073,
        "f": 0.45957948951864047,
        "color": 0.42995079803114433,
        "weight": 0.9144179523184807,
        "variations": {
          "linear": 0.16640139915125374,
          "spherical": 0.1801270868678062
        }
      },
      {
        "a": -0.10041222443128994,
        "b": 0.7484565682873037,
        "c": -0.8140417556172479,
        "d": 0.7301723496496153,
        "e": -0.14195962931778117,
        "f": -0.5851766167081703,
        "color": 0.9150003012127089,
        "weight": 0.8738222804571912,
        "variations": {
          "heart": 0.05735433203177254
        }
      }
    ],
    "num_points": 1755287,
    "gamma": 1.9453363438846352,
    "brightness": 1.2,
    "hue_rotation": 245.03669512480656
  }
}