{
  "seed": "5c2cc9ef-f1c8-494e-b785-522efd26d62b",
  "params": {
    "transforms": [
      {
        "a": -0.28355681762259755,
        "b": -0.6716874298899311,
        "c": -0.9566247772358991,
        "d": -0.10167313385451449,
        "e": -0.10177573920819016,
        "f": -0.7678306752304198,
        "color": 0.8732438369829927,
        "weight": 0.6765316079086959,
        "variations": {
          "swirl": 0.961576254172786
        }
      },
      {
        "a": 0.7608351687782817,
        "b": 0.616126447370726,
        "c": -0.05760144669692946,
        "d": 0.5809986045776259,
        "e": 1.3910360294179447,
        "f": 0.23046993485958,
        "color": 0.5682884424205453,
        "weight": 0.25281240779454317,
        "variations": {
          "sinusoidal": 0.5638486698512417
        }
      }
    ],
    "num_points": 2836177,
    "gamma": 2.046657341044773,
    "brightness": 1.2,
    "hue_rotation": 89.43413920807612
  }
}