{
  "seed": "a1d92a72-6d6d-470a-8a62-4a924cbca023",
  "params": {
    "transforms": [
      {
        "a": -0.9455681569641294,
        "b": -0.2408654869226199,
        "c": -0.9672327685160571,
        "d": 0.5650656511725365,
        "e": 0.2747894537925164,
        "f": 1.498350263306544,
        "color": 0.3289654124853729,
        "weight": 0.7759168040959578,
        "variations": {
          "sinusoidal": 0.2450606370444487,
          "heart": 0.12420414955129855,
          "spherical": 0.582451117782265
        }
      },
      {
        "a": 0.39580754100129445,
        "b": 0.16606681511753463,
        "c": 0.2812775249442101,
        "d": 0.6032201292588095,
        "e": 1.4986369069256842,
        "f": -0.24211188757557034,
        "color": 0.21686195695636423,
        "weight": 0.4945527596213646,
        "variations": {
          "sinusoidal": 0.16644558967494305,
          "polar": 0.9597654556779239
        }
      }
    ],
    "num_points": 1581281,
    "gamma": 2.2239562317390784,
    "brightness": 1.2,
    "hue_rotation": 84.80404010763695
  }
}