{
  "seed": "8afdec3d-bf62-46fb-a44e-7dcd76730af9",
  "params": {
    "transforms": [
      {
        "a": -0.646441376622594,
        "b": -0.9888713377499558,
        "c": -0.8235136070888549,
        "d": -0.5586545039718733,
        "e": 0.7414466000388393,
        "f": -1.3571705974389316,
        "color": 0.5503140817841924,
        "weight": 0.9335232553716737,
        "variations": {
          "spherical": 0.3113982931504168,
          "swirl": 0.10944810948343087,
          "heart": 0.6728017955410984
        }
      },
      {
        "a": -0.1385636874573266,
        "b": -0.09958610710174676,
        "c": 0.5194545938213544,
        "d": 0.9563306220528711,
        "e": 0.8548745220449074,
        "f": 0.3372537165767975,
        "color": 0.9633311130229928,
        "weight": 0.32075324935483424,
        "variations": {
          "spherical": 0.6916352131008839,
          "sinusoidal": 0.21691965367894395
        }
      }
    ],
    "num_points": 2735443,
    "gamma": 2.2198597852313986,
    "brightness": 1.2,
    "hue_rotation": 193.23221310220762
  }
}