{
  "seed": "c65a6bc6-b6d9-4fa1-8716-bbeebb3f0e8e",
  "params": {
    "transforms": [
      {
        "a": 0.9029845411088999,
        "b": -0.23999059188769878,
        "c": -0.8935223467507065,
        "d": -0.6908213905461786,
        "e": 0.18163745493561123,
        "f": 1.4751685484649286,
        "color": 0.9827527551192182,
        "weight": 0.17510437017817024,
        "variations": {
          "polar": 0.38054005245381295,
          "heart": 0.6584282512957876,
          "linear": 0.009529802930568043
        }
      },
      {
        "a": 0.7353591889481967,
        "b": 0.12083975603486974,
        "c": 0.30282886767976436,
        "d": -0.15037744590991076,
        "e": 0.18097011075477631,
        "f": 0.23746484098889642,
        "color": 0.3885853107183903,
        "weight": 0.6425208547982679,
        "variations": {
          "spherical": 0.7994800331792907,
          "linear": 0.12642984630117926
        }
      }
    ],
    "num_points": 2281862,
    "gamma": 2.3390031542584135,
    "brightness": 1.2,
    "hue_rotation": 181.8538078853125
  }
}