{
  "seed": "952a7881-3ccb-485b-a7db-dc34caf28fdc",
  "params": {
    "transforms": [
      {
        "a": -0.9105588779016451,
        "b": -0.8132686264631654,
        "c": 0.8865872160831123,
        "d": -0.9816237481980843,
        "e": -0.5361872469782003,
        "f": 0.885088782131235,
        "color": 0.5080422889895138,
        "weight": 0.3326134768323755,
        "variations": {
          "spherical": 0.8053499472692358,
          "heart": 0.49716423088495576,
          "sinusoidal": 0.5053885858455703
        }
      },
      {
        "a": -0.6807852309907785,
        "b": -0.8659936222045206,
        "c": 0.37375890306328174,
        "d": -0.2660374791043647,
        "e": -0.8388083884122643,
        "f": -0.8392812817561925,
        "color": 0.09675175079817777,
        "weight": 0.16367287246321574,
        "variations": {
          "sinusoidal": 0.6912230508523619,
          "linear": 0.39293102265228386,
          "heart": 0.5059572558145193
        }
      },
      {
        "a": 0.8217728067179062,
        "b": -0.4751736545814398,
        "c": 0.23191493036990352,
        "d": -0.4260717232274014,
        "e": -0.1604297711189493,
        "f": 0.26991234930390684,
        "color": 0.8707194650571914,
        "weight": 0.3676495704337128,
        "variations": {
          "swirl": 0.3530026181507131,
          "linear": 0.8729128842158698,
          "polar": 0.35036749007141843
        }
      }
    ],
    "num_points": 1793252,
    "gamma": 2.279309445741822,
    "brightness": 1.2,
    "hue_rotation": 32.28160123719876
  }
}