{
  "seed": "463a29ed-7145-4f6d-b45b-81037cecc77c",
  "params": {
    "transforms": [
      {
        "a": -0.6696075251660452,
        "b": 0.6685049665013982,
        "c": 0.7609898606173795,
        "d": 0.9884345033109854,
        "e": 1.357736106428694,
        "f": -1.2779264707671107,
        "color": 0.5469112959843557,
        "weight": 0.8746274951404222,
        "variations": {
          "sinusoidal": 0.6921513127409369,
          "heart": 0.5580306421308071,
          "spherical": 0.2738230210159318
        }
      },
      {
        "a": -0.08999152489175999,
        "b": -0.752173406404701,
        "c": 0.2686320265276123,
        "d": -0.46815588652502793,
        "e": 0.7015716641401757,
        "f": 0.7428845394517389,
        "color": 0.7638690451170004,
        "weight": 0.847735494092229,
        "variations": {
          "heart": 0.7779273453605277,
          "polar": 0.6685473599443456,
          "spherical": 0.21620884516300287
        }
      },
      {
        "a": 0.3236077290348758,
        "b": -0.7108054654630716,
        "c": -0.9011751905867533,
        "d": 0.6743183132808892,
        "e": -0.5202427642044106,
        "f": -0.13058711897967257,
        "color": 0.24801179010149443,
        "weight": 0.9295564046269476,
        "variations": {
          "linear": 0.10265737015083942,
          "heart": 0.9791430231645749,
          "swirl": 0.9579274828466632
        }
      },
      {
        "a": 0.5664165030931332,
        "b": 0.12336423299405674,
        "c": 0.5870161661412581,
        "d": 0.2532765201195635,
        "e": -1.4578589114446783,
        "f": -0.4380375024178449,
        "color": 0.10675681345129351,
        "weight": 0.7148854087457304,
        "variations": {
          "heart": 0.8921022761285321,
          "spherical": 0.45149200179438664,
          "polar": 0.053661347313726515
        }
      }
    ],
    "num_points": 1914269,
    "gamma": 1.9918618676521753,
    "brightness": 1.2,
    "hue_rotation": 265.9942205249336
  }
}