{
  "seed": "4977bd65-e595-4363-bed8-ea6781280285",
  "params": {
    "transforms": [
      {
        "a": -0.4425327380337847,
        "b": 0.48437462497211103,
        "c": 0.14308153623696462,
        "d": 0.04201639848467065,
        "e": 1.0968398176400096,
        "f": 0.738192672281027,
        "color": 0.1804613700253177,
        "weight": 0.14226185640773611,
        "variations": {
          "sinusoidal": 0.8943458970253818,
          "heart": 0.7277455434027268
        }
      },
      {
        "a": -0.1604915518720773,
        "b": 0.9222771557392939,
        "c": 0.8382881378766134,
        "d": -0.8107471857577515,
        "e": 0.8190523523575517,
        "f": -0.9575813550126707,
        "color": 0.9039897452549298,
        "weight": 0.6292085436705774,
        "variations": {
          "polar": 0.1294431279383007
        }
      },
      {
        "a": -0.17491076580766363,
        "b": 0.043938910443912516,
        "c": 0.7092852043443296,
        "d": -0.13886583818774256,
        "e": -0.21662390900489958,
        "f": 0.7711737435485464,
        "color": 0.2636997691928229,
        "weight": 0.7238763878120126,
        "variations": {
          "heart": 0.7572618154104412
        }
      },
      {
        "a": -0.5909863403073399,
        "b": 0.5349965598814734,
        "c": 0.8973066968458381,
        "d": -0.42455352331681384,
        "e": 1.3997723808991558,
        "f": -0.6460435368894847,
        "color": 0.5100169883225225,
        "weight": 0.215664194366939,
        "variations": {
          "linear": 0.1737426435685866,
          "heart": 0.8237846145856664
        }
      }
    ],
    "num_points": 2198344,
    "gamma": 2.2449990486785953,
    "brightness": 1.2,
    "hue_rotation": 4.515771378767783
  }
}