{
  "seed": "6a5129f1-aaed-4e00-9ffc-24eb0ef99cd5",
  "params": {
    "transforms": [
      {
        "a": 0.7671392409507378,
        "b": -0.497644052634451,
        "c": 0.141036223144557,
        "d": 0.7232941477881689,
        "e": 0.5162667154325211,
        "f": 0.8141648132038446,
        "color": 0.09591629987961947,
        "weight": 0.31927902680150844,
        "variations": {
          "swirl": 0.597607919664692
        }
      },
      {
        "a": 0.13654339120977022,
        "b": 0.297520673337887,
        "c": 0.2249764065416373,
        "d": -0.28810078397703287,
        "e": -1.080091021746385,
        "f": -1.3928710094445023,
        "color": 0.5745533457494986,
        "weight": 0.7146451793530476,
        "variations": {
          "swirl": 0.020965329240186903,
          "heart": 0.5291129026995277,
          "linear": 0.6316872356580442
        }
      },
      {
        "a": 0.7357779790530512,
        "b": 0.7472959733913518,
        "c": -0.8847166241719511,
        "d": 0.4293874680830949,
        "e": -1.4204182298062986,
        "f": -0.6163894374179001,
        "color": 0.6934391026533524,
        "weight": 0.8697283394270308,
        "variations": {
          "sinusoidal": 0.6044903856837633,
          "linear": 0.7127627296539212,
          "swirl": 0.20251814124215928
        }
      }
    ],
    "num_points": 1472078,
    "gamma": 2.023430972257573,
    "brightness": 1.2,
    "hue_rotation": 193.19615403417814
  }
}