{
  "seed": "b05f19da-0157-4485-b58b-6907bd2dfe3d",
  "params": {
    "transforms": [
      {
        "a": -0.9213567035015133,
        "b": -0.5468447947009245,
        "c": 0.9831665364357316,
        "d": -0.12877424197306353,
        "e": -1.0655831549504566,
        "f": -1.3840998485802574,
        "color": 0.28010510904634023,
        "weight": 0.928983957463787,
        "variations": {
          "linear": 0.8360966824746706,
          "polar": 0.12959574640569904
        }
      },
      {
        "a": 0.41403989800314767,
        "b": -0.502636549462647,
        "c": 0.9670289749338985,
        "d": -0.029293138767908955,
        "e": 0.09146802564993184,
        "f": 0.37028348146863044,
        "color": 0.7651453160513211,
        "weight": 0.605895357473642,
        "variations": {
          "swirl": 0.3977067535868426,
          "spherical": 0.8775687158665144,
          "linear": 0.4882809024198197
        }
      }
    ],
    "num_points": 2393319,
    "gamma": 2.4375531257379097,
    "brightness": 1.2,
    "hue_rotation": 258.59502492083624
  }
}