{
  "seed": "0f6e0d02-8cd2-4e97-a2ac-e67195ca1e35-349",
  "parameters": {
    "num_transforms": 3,
    "transforms": [
      {
        "a": 0.00182728186286929,
        "b": 0.24717012365926383,
        "c": -0.4476318912059716,
        "d": 1.0012690359153296,
        "e": -1.3946249999574967,
        "f": 0.05768092850192286,
        "color": 0.07685113905683183,
        "variations": {
          "linear": 0.0,
          "spiral": 0.5152291660599374,
          "sinusoidal": 0.6412384735449127
        },
        "weight": 1.555175670754665
      },
      {
        "a": 0.4638206266649989,
        "b": -1.069146489292327,
        "c": 0.39161427845284025,
        "d": 1.0679026348058072,
        "e": -1.443477955869985,
        "f": 1.1591882363603103,
        "color": 0.7669342800864233,
        "variations": {
          "sinusoidal": 0.6436318082245425,
          "swirl": 0.0
        },
        "weight": 0.6532178398259214
      },
      {
        "a": 0.396992972066631,
        "b": 1.360922361110101,
        "c": 0.49876338970751877,
        "d": -0.7931262409771171,
        "e": -1.0995095493103317,
        "f": -1.2184009209721163,
        "color": 0.23941877665884148,
        "variations": {
          "hyperbolic": 0.0,
          "horseshoe": 0.334131777257769
        },
        "weight": 0.5610082586904379
      }
    ],
    "num_points": 4311714,
    "gamma": 2.0163975817335236,
    "brightness": 1.2632190692636736,
    "contrast": 1.5048612894066051,
    "hue_rotation": 346.6120285247477
  }
}