{
  "seed": "32d1176c-1d21-466a-ab60-b619f64e7a02",
  "params": {
    "transforms": [
      {
        "a": -0.6852385215602119,
        "b": 0.8190717125509703,
        "c": 0.8907374255793679,
        "d": 0.03186327754446716,
        "e": 0.14853407621921533,
        "f": 0.35653651826025046,
        "color": 0.5495881879664162,
        "weight": 0.9519860352718447,
        "variations": {
          "heart": 0.9896032659294979,
          "linear": 0.8562780298639086,
          "sinusoidal": 0.5662681435512237
        }
      },
      {
        "a": 0.05666288077451043,
        "b": 0.18461080185439993,
        "c": -0.4358424347994232,
        "d": 0.5929561128319314,
        "e": -0.023432357988465213,
        "f": -1.1292131321193528,
        "color": 0.4566061258942131,
        "weight": 0.2084737437426215,
        "variations": {
          "polar": 0.8172505921048143
        }
      },
      {
        "a": -0.7852142174300893,
        "b": 0.12006603478085243,
        "c": -0.49677710503672556,
        "d": 0.27847993381777614,
        "e": 0.14237156247522975,
        "f": 0.8417261194801937,
        "color": 0.3296580637871902,
        "weight": 0.8042120015988904,
        "variations": {
          "heart": 0.11471344336606559,
          "polar": 0.23913302989148422
        }
      },
      {
        "a": 0.1267906683514981,
        "b": -0.7250301954524794,
        "c": 0.015241031931729765,
        "d": 0.718439143609612,
        "e": 0.8679497783447236,
        "f": 0.0016836355271683257,
        "color": 0.5434404392699645,
        "weight": 0.2859888911823024,
        "variations": {
          "sinusoidal": 0.4188226438578211,
          "polar": 0.02424917871892418
        }
      }
    ],
    "num_points": 2249301,
    "gamma": 1.963777523402528,
    "brightness": 1.2,
    "hue_rotation": 52.96312566607399
  }
}