{
  "seed": "a278d458-44da-4885-90ff-fb6d28d529d9",
  "params": {
    "transforms": [
      {
        "a": -0.46106599307650065,
        "b": -0.590071355290912,
        "c": 0.7008029408376324,
        "d": 0.7716683048417077,
        "e": 1.1791740159379307,
        "f": -0.9239960168759369,
        "color": 0.24901713234514222,
        "weight": 0.2758450777338973,
        "variations": {
          "heart": 0.08547286055985803,
          "swirl": 0.7708428784568857
        }
      },
      {
        "a": 0.29136871883854587,
        "b": -0.49998907160647943,
        "c": 0.7687405618227203,
        "d": 0.004154809164610196,
        "e": 0.91639895883982,
        "f": -0.7916464906333052,
        "color": 0.03432974562881741,
        "weight": 0.8484534943454014,
        "variations": {
          "heart": 0.9064246165321569,
          "polar": 0.76266279927771,
          "sinusoidal": 0.5959431743238299
        }
      },
      {
        "a": 0.3296600697965286,
        "b": -0.904677436728285,
        "c": 0.7503642015515206,
        "d": 0.35416155165301655,
        "e": 0.6006338830921356,
        "f": -0.8532406108811106,
        "color": 0.46486192252574043,
        "weight": 0.5276544770204054,
        "variations": {
          "polar": 0.5630338946475929,
          "sinusoidal": 0.5138414743538412
        }
      }
    ],
    "num_points": 2919646,
    "gamma": 1.8250322882010266,
    "brightness": 1.2,
    "hue_rotation": 334.7589896812
  }
}