{
  "seed": "5383db59-ddb7-4bdb-a5ca-4e6b14d86589",
  "params": {
    "transforms": [
      {
        "a": -0.5156706119958259,
        "b": -0.570235771353196,
        "c": 0.6717523865223252,
        "d": -0.23269924147875565,
        "e": -0.025264502010455825,
        "f": 0.1395882487068354,
        "color": 0.7008353604997298,
        "weight": 0.3142108455747676,
        "variations": {
          "heart": 0.02773890818150626,
          "linear": 0.09824869086404331,
          "spherical": 0.6747707871584627
        }
      },
      {
        "a": -0.9294659800123997,
        "b": 0.6669503848521208,
        "c": 0.7422478123820706,
        "d": 0.14649226451956254,
        "e": -1.240302987681825,
        "f": 1.3270367110989651,
        "color": 0.3276785063256378,
        "weight": 0.8197546239459231,
        "variations": {
          "spherical": 0.82786898496461,
          "sinusoidal": 0.32719038461767336
        }
      }
    ],
    "num_points": 2966675,
    "gamma": 2.2304835694677188,
    "brightness": 1.2,
    "hue_rotation": 315.3007758030422
  }
}