{
  "seed": "93db12ec-4251-4644-a83a-23c9d24c7047",
  "params": {
    "transforms": [
      {
        "a": 0.26281412236893864,
        "b": 0.8412884647121033,
        "c": -0.09167200700273814,
        "d": -0.8187605829126514,
        "e": -0.5331529569390369,
        "f": -0.442922843088974,
        "color": 0.02074962052454432,
        "weight": 0.8008919602354007,
        "variations": {
          "spherical": 0.11550431077509526,
          "swirl": 0.483726180875212,
          "linear": 0.7819295720827937
        }
      },
      {
        "a": 0.883614640301549,
        "b": 0.9368974331248983,
        "c": -0.023494221668310056,
        "d": -0.39257326052360964,
        "e": -0.38905726222232273,
        "f": 0.3101619166713734,
        "color": 0.9406535206016308,
        "weight": 0.7373247003828438,
        "variations": {
          "heart": 0.2075719586392344
        }
      },
      {
        "a": 0.3335435471127841,
        "b": -0.9785694633803923,
        "c": 0.9046196323403899,
        "d": 0.6182416519149234,
        "e": 0.8215724147943,
        "f": 0.13040511009681577,
        "color": 0.8815747028339928,
        "weight": 0.8477801667142024,
        "variations": {
          "linear": 0.7431440070620629,
          "sinusoidal": 0.4371060841322293
        }
      },
      {
        "a": 0.7212788335887959,
        "b": -0.08214236890510018,
        "c": -0.8644798330977022,
        "d": 0.41423806880209324,
        "e": 0.17847149456403555,
        "f": 1.1021153457828712,
        "color": 0.8197215249364422,
        "weight": 0.3310167655915529,
        "variations": {
          "swirl": 0.5249374417195717
        }
      }
    ],
    "num_points": 1743887,
    "gamma": 1.8958792787184282,
    "brightness": 1.2,
    "hue_rotation": 244.76146786585826
  }
}