{
  "seed": "6be4c815-338d-4c5d-bac6-f20756cf248d",
  "params": {
    "transforms": [
      {
        "a": 0.45487429967375603,
        "b": 0.07370889765108801,
        "c": -0.933024057628129,
        "d": -0.6894704397543647,
        "e": -1.1603474977646628,
        "f": 0.7791442151654318,
        "color": 0.6998495530142071,
        "weight": 0.747639460175779,
        "variations": {
          "polar": 0.6434645702343664,
          "heart": 0.1428740308045029,
          "spherical": 0.035939514649774185
        }
      },
      {
        "a": 0.04157604479425814,
        "b": -0.6513140229936294,
        "c": -0.4558654437276277,
        "d": -0.3906656914787314,
        "e": -1.4783457456739806,
        "f": 1.254113058402321,
        "color": 0.9068624096407287,
        "weight": 0.15580030682842264,
        "variations": {
          "polar": 0.4460706187810263,
          "swirl": 0.6324668820202335
        }
      }
    ],
    "num_points": 1552917,
    "gamma": 2.3681797467344334,
    "brightness": 1.2,
    "hue_rotation": 256.52665021546863
  }
}