{
  "seed": "a9e2399f-c8ab-4d15-9d19-897908a3f005",
  "params": {
    "transforms": [
      {
        "a": 0.2050062653301994,
        "b": 0.5754572729676846,
        "c": 0.5723855548010264,
        "d": -0.35376809001630605,
        "e": -0.8609315382168126,
        "f": 0.4596860744076756,
        "color": 0.4549371199963139,
        "weight": 0.11845656281555328,
        "variations": {
          "spherical": 0.8380958337668504,
          "linear": 0.12825441820071237,
          "polar": 0.4967541891142402
        }
      },
      {
        "a": -0.2875304068242517,
        "b": 0.01291587565621577,
        "c": 0.5992355391911199,
        "d": 0.01950420303645073,
        "e": -0.7143272873600688,
        "f": 0.10211483046603864,
        "color": 0.05763342009627204,
        "weight": 0.19765715961006386,
        "variations": {
          "swirl": 0.060420831489399696,
          "polar": 0.86214138210476
        }
      },
      {
        "a": 0.10675561477619877,
        "b": 0.7201295570283017,
        "c": 0.15228830875662802,
        "d": 0.2897969240489504,
        "e": -1.495557302685678,
        "f": -0.5718743722626793,
        "color": 0.16905388730530002,
        "weight": 0.49378055269151033,
        "variations": {
          "sinusoidal": 0.28764426985728453,
          "linear": 0.15424103293942104,
          "heart": 0.634726869583866
        }
      }
    ],
    "num_points": 2467512,
    "gamma": 2.051840559017381,
    "brightness": 1.2,
    "hue_rotation": 279.6409007035764
  }
}