{
  "seed": "d9a40aab-83b2-492d-8e09-26a6b33dd001",
  "params": {
    "transforms": [
      {
        "a": -0.008343780318083693,
        "b": 0.9079049164304143,
        "c": -0.630891074641801,
        "d": -0.48864458509786113,
        "e": 0.7397828291869564,
        "f": -0.9689137256363594,
        "color": 0.2897110326120107,
        "weight": 0.7046529534178185,
        "variations": {
          "spherical": 0.8064047613609442
        }
      },
      {
        "a": -0.004470706653601608,
        "b": -0.6959373135671645,
        "c": -0.6111774221923691,
        "d": 0.3678011568188817,
        "e": -0.22969656068166078,
        "f": 0.19553991441854013,
        "color": 0.2567046873695934,
        "weight": 0.4693564092295103,
        "variations": {
          "polar": 0.3038079973911926,
          "linear": 0.16458922382729135
        }
      },
      {
        "a": -0.30602706974723604,
        "b": -0.8518748682754584,
        "c": 0.7993972949302481,
        "d": 0.6940254364861538,
        "e": 1.2484321593003949,
        "f": -1.0518676526932484,
        "color": 0.5541185103966878,
        "weight": 0.8767920994397252,
        "variations": {
          "heart": 0.08920671345310638,
          "swirl": 0.09678082214531847
        }
      }
    ],
    "num_points": 2391814,
    "gamma": 2.308855210901936,
    "brightness": 1.2,
    "hue_rotation": 271.39210776895595
  }
}