{
  "seed": "f04a9e2c-f7e3-4e9e-b384-792f838dc3e8",
  "params": {
    "transforms": [
      {
        "a": 0.6419495681296252,
        "b": -0.28127763539984474,
        "c": 0.8689861853359846,
        "d": -0.019553425168462812,
        "e": -0.6062459894474711,
        "f": -0.8948021929022392,
        "color": 0.17903209129910835,
        "weight": 0.8097826748298067,
        "variations": {
          "spherical": 0.7724063017604406,
          "linear": 0.22835472211709262
        }
      },
      {
        "a": 0.15230996016230347,
        "b": 0.5870738500372199,
        "c": -0.21794235596582556,
        "d": -0.950077527999925,
        "e": -1.2556948442810092,
        "f": -0.2716141048966487,
        "color": 0.06595747266235463,
        "weight": 0.881940468221074,
        "variations": {
          "sinusoidal": 0.8792332211698626,
          "spherical": 0.9844652000862508,
          "heart": 0.6419873326525851
        }
      },
      {
        "a": 0.11359737294106842,
        "b": -0.801528866811337,
        "c": 0.2550692693364913,
        "d": -0.36206618849823236,
        "e": 0.8075091723337597,
        "f": -0.5029421393777921,
        "color": 0.5803952556544184,
        "weight": 0.4244893051877534,
        "variations": {
          "linear": 0.571165331459931,
          "polar": 0.7942589339219738,
          "swirl": 0.054231259511846375
        }
      }
    ],
    "num_points": 1868089,
    "gamma": 1.9098777134491938,
    "brightness": 1.2,
    "hue_rotation": 209.8156668845981
  }
}