{
  "seed": "026b7f97-9468-4b91-8a85-74119e7a6478",
  "params": {
    "transforms": [
      {
        "a": -0.0052003638054269885,
        "b": 0.27532448198546033,
        "c": 0.3397886364458307,
        "d": -0.9985288763649869,
        "e": 1.3854337312886988,
        "f": -1.0500478211170496,
        "color": 0.7041873708151368,
        "weight": 0.3151126570371375,
        "variations": {
          "sinusoidal": 0.10071992293843135,
          "heart": 0.018083401274910038
        }
      },
      {
        "a": 0.12337909248338264,
        "b": -0.1469973273145686,
        "c": 0.5549472683389938,
        "d": -0.07799676601162941,
        "e": -0.8257737238755557,
        "f": 0.8450279925741047,
        "color": 0.4588703690752247,
        "weight": 0.44737869982368683,
        "variations": {
          "spherical": 0.12377748264012856
        }
      }
    ],
    "num_points": 2159477,
    "gamma": 1.9537148272896376,
    "brightness": 1.2,
    "hue_rotation": 75.6398877457065
  }
}