{
  "seed": "a290107b-4fde-4b65-9f9f-a1166056e76b",
  "params": {
    "transforms": [
      {
        "a": -0.9668503422512618,
        "b": 0.5559106317869376,
        "c": -0.6855791756061025,
        "d": -0.4121494153101235,
        "e": -1.335213916966123,
        "f": 0.9867017043020687,
        "color": 0.19746872105342572,
        "weight": 0.4909788610200775,
        "variations": {
          "polar": 0.8246024236610497
        }
      },
      {
        "a": -0.9926687137519918,
        "b": 0.18082016906802423,
        "c": -0.4554060259832866,
        "d": -0.9176889509421826,
        "e": -1.199214411993186,
        "f": -1.192337415242882,
        "color": 0.005258062832053656,
        "weight": 0.9332473592146383,
        "variations": {
          "linear": 0.4394771021867232
        }
      }
    ],
    "num_points": 1571954,
    "gamma": 2.3293309512370715,
    "brightness": 1.2,
    "hue_rotation": 87.62893876102369
  }
}