{
  "seed": "b67850d7-b610-49eb-965a-f17fca04ae5d",
  "params": {
    "transforms": [
      {
        "a": -0.045684105006364106,
        "b": 0.6498680887568311,
        "c": -0.21633940856139833,
        "d": 0.9525119132308233,
        "e": 0.16780923139712023,
        "f": -1.1504577211493356,
        "color": 0.9530083130687841,
        "weight": 0.29671465957772447,
        "variations": {
          "sinusoidal": 0.5167162596967058
        }
      },
      {
        "a": 0.14239220190595603,
        "b": -0.23386894142603043,
        "c": -0.5253434850309573,
        "d": -0.6786138067769618,
        "e": 0.3820773133652937,
        "f": -0.8495795380616393,
        "color": 0.6668432475132655,
        "weight": 0.8118838741724359,
        "variations": {
          "linear": 0.3218580435210623,
          "swirl": 0.4270195506817335
        }
      }
    ],
    "num_points": 1858236,
    "gamma": 2.2606194871502554,
    "brightness": 1.2,
    "hue_rotation": 148.89072420427294
  }
}