{
  "seed": "92c50772-da7a-4ce0-8d43-f45e3ac07dda",
  "params": {
    "transforms": [
      {
        "a": -0.08735910191051133,
        "b": -0.685781109202553,
        "c": 0.5872717470941589,
        "d": 0.17993855608745668,
        "e": 0.218677194934648,
        "f": 0.7275963073650487,
        "color": 0.39475267019508076,
        "weight": 0.6417777796774243,
        "variations": {
          "heart": 0.9241789192474745,
          "polar": 0.19281912456368455
        }
      },
      {
        "a": 0.7363427473262649,
        "b": -0.7491834342889669,
        "c": -0.9048712724865458,
        "d": -0.9581085637859335,
        "e": -0.5716563584229282,
        "f": -0.6180940334468447,
        "color": 0.9795766326999749,
        "weight": 0.21819261714813282,
        "variations": {
          "linear": 0.17502150456470444,
          "sinusoidal": 0.3721041783742499,
          "swirl": 0.6041813816102546
        }
      }
    ],
    "num_points": 2281911,
    "gamma": 2.2926638938339776,
    "brightness": 1.2,
    "hue_rotation": 155.31288849556952
  }
}