{
  "seed": "ed90e6df-af20-48d8-a8cf-51c8425f8a9e",
  "params": {
    "transforms": [
      {
        "a": -0.2118481404645256,
        "b": 0.7763425048408124,
        "c": -0.0631376891280131,
        "d": 0.8412050776828999,
        "e": 0.10737752164000325,
        "f": -0.36947745419580125,
        "color": 0.8450123958832291,
        "weight": 0.7423179671142224,
        "variations": {
          "swirl": 0.8156106363357432,
          "heart": 0.35569948457399025,
          "sinusoidal": 0.9150344827847328
        }
      },
      {
        "a": 0.5334742788259415,
        "b": -0.3542840818509896,
        "c": 0.8256175244675639,
        "d": 0.07271093550002306,
        "e": 1.0870463191824977,
        "f": 0.7734982815958116,
        "color": 0.3407871710091158,
        "weight": 0.6857478943815773,
        "variations": {
          "spherical": 0.21052539617391763,
          "sinusoidal": 0.8266875024591857
        }
      },
      {
        "a": 0.43316100150539416,
        "b": -0.9042584020517639,
        "c": -0.679309532933853,
        "d": 0.6011712173576118,
        "e": -1.4534402381389055,
        "f": -1.4986553276392163,
        "color": 0.779653004817549,
        "weight": 0.5500059279053918,
        "variations": {
          "polar": 0.22075773399190057,
          "spherical": 0.8345250232154443
        }
      }
    ],
    "num_points": 1417246,
    "gamma": 2.3414112327084178,
    "brightness": 1.2,
    "hue_rotation": 352.7021890839744
  }
}