{
  "seed": "0afb6bfe-104c-4fe9-9774-7b3bf384e3c8-141",
  "parameters": {
    "num_transforms": 4,
    "transforms": [
      {
        "a": 0.8132349774270238,
        "b": -0.6079847371744129,
        "c": 0.5384886497578347,
        "d": 0.9264770323322655,
        "e": 0.30691678994186766,
        "f": -0.9542250991703556,
        "color": 0.3388168726141546,
        "variations": {
          "polar": 0.6808265816996362,
          "heart": 0.37927728875018807,
          "disc": 0.6925285356181077
        },
        "weight": 1.101694111966555
      },
      {
        "a": 0.10307369306031688,
        "b": -1.284737355639672,
        "c": -1.4074119829250842,
        "d": -0.8286790940852733,
        "e": 0.1674990138911454,
        "f": 1.432417459848578,
        "color": 0.6652931921684693,
        "variations": {
          "spherical": 0.0,
          "handkerchief": 0.5237228067153445,
          "linear": 0.0,
          "hyperbolic": 0.7563586214203878
        },
        "weight": 0.6084445609216809
      },
      {
        "a": -0.00200715199239232,
        "b": -1.3708862222835783,
        "c": -0.931705009098876,
        "d": 1.1855122146119528,
        "e": -1.1096215529912516,
        "f": 0.5790359731731707,
        "color": 0.37053745177432196,
        "variations": {
          "horseshoe": 0.0,
          "spherical": 0.0
        },
        "weight": 1.3305410442823997
      },
      {
        "a": -0.7508391480222125,
        "b": -0.9494938439088595,
        "c": 1.017749400401128,
        "d": 0.6037766480396458,
        "e": 0.5996065135718327,
        "f": -1.098750819230935,
        "color": 0.9144282928728495,
        "variations": {
          "handkerchief": 0.9616785286652114,
          "swirl": 0.0442810964603656,
          "hyperbolic": 0.47475546615620834,
          "horseshoe": 0.0
        },
        "weight": 1.7815438474763823
      }
    ],
    "num_points": 4314965,
    "gamma": 1.0833367944896475,
    "brightness": 1.3399352418744406,
    "contrast": 1.80740427014155,
    "hue_rotation": 162.9613228557072
  }
}