{
  "seed": "aec71434-742c-4595-bedc-db4096775a0e",
  "params": {
    "transforms": [
      {
        "a": -0.28900166404496797,
        "b": 0.6475287885618946,
        "c": -0.7871156581551944,
        "d": 0.5736857703573144,
        "e": -0.6847457416283702,
        "f": 1.0206716068364075,
        "color": 0.4350004462240744,
        "weight": 0.2417030080599059,
        "variations": {
          "spherical": 0.2542857859866975,
          "heart": 0.9940133981986962,
          "polar": 0.34095821602758425
        }
      },
      {
        "a": -0.38527929224013757,
        "b": 0.23820760337218405,
        "c": 0.10782505288903721,
        "d": 0.8356883589838215,
        "e": -1.4586918820139352,
        "f": -0.43053667758345826,
        "color": 0.6935862201749816,
        "weight": 0.9022529773537358,
        "variations": {
          "spherical": 0.6181946882863305
        }
      },
      {
        "a": 0.21656321333158912,
        "b": -0.09158901493597837,
        "c": 0.21574328820857636,
        "d": -0.7801996379988465,
        "e": -0.5791253743215148,
        "f": -0.06736199585584224,
        "color": 0.17197402301009757,
        "weight": 0.45481378914582227,
        "variations": {
          "polar": 0.7480212490294313,
          "linear": 0.542696933330617,
          "heart": 0.5199801909538289
        }
      }
    ],
    "num_points": 1466192,
    "gamma": 1.971615537955498,
    "brightness": 1.2,
    "hue_rotation": 214.69233453386306
  }
}