{
  "seed": "ef6c3445-c638-4c65-8d69-299cf120861f",
  "params": {
    "transforms": [
      {
        "a": -0.8244998275082558,
        "b": 0.36448696819740567,
        "c": -0.01078785002009619,
        "d": -0.8521320006528847,
        "e": -0.27129392879451864,
        "f": 1.0268665717828678,
        "color": 0.5881694558972445,
        "weight": 0.9205271031935316,
        "variations": {
          "swirl": 0.4493032831258398,
          "polar": 0.15085134862613603,
          "linear": 0.07014090776954918
        }
      },
      {
        "a": 0.8864888946584897,
        "b": -0.0857796603121097,
        "c": -0.12335982213623264,
        "d": -0.22670238053043867,
        "e": 0.3609663715696989,
        "f": -1.3517281172166915,
        "color": 0.8082830935503449,
        "weight": 0.7904421309797601,
        "variations": {
          "polar": 0.6290743117970341,
          "linear": 0.11287905828368383
        }
      },
      {
        "a": -0.6978150039409141,
        "b": -0.12883016074077736,
        "c": -0.1890139512399429,
        "d": -0.4684257538956862,
        "e": -1.404771728729621,
        "f": -0.8612383434384681,
        "color": 0.6848664602968788,
        "weight": 0.40115813666880207,
        "variations": {
          "sinusoidal": 0.18217332188106317,
          "polar": 0.7918535918842702,
          "spherical": 0.45213295390613206
        }
      }
    ],
    "num_points": 2571901,
    "gamma": 2.1374153557216475,
    "brightness": 1.2,
    "hue_rotation": 187.42603826849697
  }
}