{
  "seed": "7d3c4727-044d-4efe-ac8d-ad45be7dfd60-130",
  "parameters": {
    "num_transforms": 3,
    "transforms": [
      {
        "a": 1.472368812947534,
        "b": 0.48341187309352907,
        "c": 0.17457563116190267,
        "d": 1.084717497011014,
        "e": 0.10128983957527593,
        "f": -0.08581134369929533,
        "color": 0.8636157164625446,
        "variations": {
          "disc": 0.8165006151539366,
          "polar": 0.0,
          "heart": 0.14826639652935525,
          "horseshoe": 0.27424724953895185
        },
        "weight": 1.01178408877759
      },
      {
        "a": 0.7481600010211671,
        "b": 0.1796245637413465,
        "c": 0.5834977839578075,
        "d": 1.2731699257757358,
        "e": 0.505425076532803,
        "f": 0.8494280582777547,
        "color": 0.05560406958013775,
        "variations": {
          "disc": 0.7943533540600404,
          "horseshoe": 0.0,
          "heart": 0.013287710865185431,
          "handkerchief": 0.0
        },
        "weight": 0.7573901724059415
      },
      {
        "a": -1.025908215111564,
        "b": 0.9936900377884319,
        "c": 0.08055853340263308,
        "d": 0.9551869300055218,
        "e": 1.4415074347398145,
        "f": 1.319264704996319,
        "color": 0.7868772883243612,
        "variations": {
          "spherical": 0.0,
          "polar": 0.0,
          "spiral": 0.0
        },
        "weight": 0.6752174512377449
      }
    ],
    "num_points": 2683922,
    "gamma": 2.982889955594147,
    "brightness": 1.3868382184224468,
    "contrast": 0.9674879197553368,
    "hue_rotation": 32.786583404417776
  }
}