{
  "seed": "73bc1810-728b-4e11-a20f-fb9ffbd41072",
  "params": {
    "transforms": [
      {
        "a": 0.004748710456990324,
        "b": 0.9602028339269133,
        "c": -0.03529303346456625,
        "d": 0.12963956627545814,
        "e": -0.1467633922278173,
        "f": -1.153873888053118,
        "color": 0.38829454846036904,
        "weight": 0.12607105736509772,
        "variations": {
          "spherical": 0.4298306431546768,
          "swirl": 0.7795552299959683,
          "sinusoidal": 0.704771453104955
        }
      },
      {
        "a": -0.719377573728295,
        "b": -0.8748869780065738,
        "c": -0.19778992715554722,
        "d": 0.30508390267887786,
        "e": 1.432699853120206,
        "f": -0.644499755686689,
        "color": 0.9442068081202747,
        "weight": 0.5052161845397882,
        "variations": {
          "polar": 0.5212776739453525
        }
      },
      {
        "a": -0.2156747290177108,
        "b": 0.330494378597056,
        "c": 0.3145302994082515,
        "d": -0.3003533738082369,
        "e": -0.9905442069117117,
        "f": -0.1032717421496363,
        "color": 0.10352818645249584,
        "weight": 0.35793184769386577,
        "variations": {
          "spherical": 0.45072767988525786,
          "sinusoidal": 0.5297742602423305,
          "polar": 0.19216499990764346
        }
      },
      {
        "a": 0.2479351793497273,
        "b": -0.6133022678896365,
        "c": 0.7312775821027371,
        "d": -0.1787339095608973,
        "e": -0.2943532613309692,
        "f": 0.7171541680530202,
        "color": 0.0212838635145014,
        "weight": 0.11662450483722572,
        "variations": {
          "polar": 0.25765644269484855,
          "swirl": 0.7646331126471445
        }
      }
    ],
    "num_points": 2121272,
    "gamma": 1.9463156752941557,
    "brightness": 1.2,
    "hue_rotation": 41.39659237655214
  }
}