{
  "seed": "5b5b6f2a-4715-41f7-b2e5-a70d62bf9917",
  "params": {
    "transforms": [
      {
        "a": -0.9973877814760443,
        "b": -0.9128585657904971,
        "c": 0.6970001447499696,
        "d": -0.11828259862142998,
        "e": 0.9276017758620032,
        "f": 0.3058443268109823,
        "color": 0.43354533793927263,
        "weight": 0.10210182521597903,
        "variations": {
          "swirl": 0.4554622327131608
        }
      },
      {
        "a": -0.12702292215708844,
        "b": 0.8648514100924396,
        "c": 0.878564802908292,
        "d": 0.6266629527524716,
        "e": 0.28389400749785443,
        "f": -0.9454072853181942,
        "color": 0.9057439416390968,
        "weight": 0.43470203392154416,
        "variations": {
          "swirl": 0.35267181288255944
        }
      }
    ],
    "num_points": 1034414,
    "gamma": 2.0416072024644714,
    "brightness": 1.2,
    "hue_rotation": 230.0208802341446
  }
}