{
  "seed": "4c8a5147-c328-4d8a-b606-9e57b33d652f",
  "params": {
    "transforms": [
      {
        "a": 0.008263674489572548,
        "b": 0.38007101350339534,
        "c": 0.7698292918167702,
        "d": -0.18996381685818853,
        "e": -0.8518290486495682,
        "f": -0.5653978336444164,
        "color": 0.9274118708524064,
        "weight": 0.45558198917386916,
        "variations": {
          "linear": 0.06321181226688555
        }
      },
      {
        "a": 0.08615554856274321,
        "b": 0.4407502647140509,
        "c": -0.4690011692320366,
        "d": 0.8423099405192176,
        "e": 0.10768129701927265,
        "f": 0.6735513358544685,
        "color": 0.4851220603375922,
        "weight": 0.9705908615866301,
        "variations": {
          "linear": 0.9662688304250079,
          "sinusoidal": 0.9322035014582344,
          "swirl": 0.18218731981046565
        }
      },
      {
        "a": -0.16471772102045845,
        "b": -0.3471096222771899,
        "c": -0.29295300035750893,
        "d": 0.15083688662410588,
        "e": 0.6346955732175816,
        "f": 1.4291616762369808,
        "color": 0.1531260765387178,
        "weight": 0.556564879443728,
        "variations": {
          "polar": 0.7948294594009995,
          "swirl": 0.9186781664501514,
          "heart": 0.06295661285556509
        }
      },
      {
        "a": -0.9264302781757736,
        "b": -0.24249122649439436,
        "c": -0.8049399509573711,
        "d": 0.1688478686894903,
        "e": 0.4524723850740815,
        "f": -0.9063847664673561,
        "color": 0.8812129186556984,
        "weight": 0.6388090397530192,
        "variations": {
          "sinusoidal": 0.39170265422339734,
          "polar": 0.401800005317799,
          "linear": 0.7388286535745104
        }
      }
    ],
    "num_points": 1740410,
    "gamma": 2.4840418626744007,
    "brightness": 1.2,
    "hue_rotation": 328.649507105761
  }
}