{
  "seed": "78782590-c6dd-407e-92cf-e8d570f9c832",
  "params": {
    "transforms": [
      {
        "a": -0.014964695173860676,
        "b": 0.09892124872827246,
        "c": -0.6275153789042978,
        "d": -0.46699653697165333,
        "e": 0.9835817234623518,
        "f": 0.9233864545461508,
        "color": 0.011786348319899997,
        "weight": 0.5165593528637404,
        "variations": {
          "sinusoidal": 0.62359710918709,
          "heart": 0.5598239373509485
        }
      },
      {
        "a": 0.5774978402355397,
        "b": 0.3318819502371908,
        "c": -0.0827489501252614,
        "d": 0.367692870503171,
        "e": 0.07202551483289099,
        "f": -0.9857908354440296,
        "color": 0.7371317773406839,
        "weight": 0.40829667123937585,
        "variations": {
          "swirl": 0.22995685853807835
        }
      },
      {
        "a": -0.2379824830808488,
        "b": 0.9263462413401977,
        "c": -0.26865367030985565,
        "d": -0.4917771635593182,
        "e": -0.7485354347261445,
        "f": 1.014429013424667,
        "color": 0.9343945411513674,
        "weight": 0.24146736896376758,
        "variations": {
          "spherical": 0.7387031646948639,
          "heart": 0.8014330561505155,
          "swirl": 0.9352637442613754
        }
      }
    ],
    "num_points": 1995889,
    "gamma": 2.264899147068827,
    "brightness": 1.2,
    "hue_rotation": 6.558169034608907
  }
}