{
  "seed": "0dfc8775-3763-42db-b212-02836a3d6dba",
  "params": {
    "transforms": [
      {
        "a": -0.31080167432505523,
        "b": -0.29870794203381656,
        "c": 0.5158671674110551,
        "d": -0.4069370879722962,
        "e": -0.5804064323543662,
        "f": -0.5764947477505917,
        "color": 0.10766536595346032,
        "weight": 0.6694714934250713,
        "variations": {
          "linear": 0.1372394949217105,
          "heart": 0.49813210424598553,
          "sinusoidal": 0.176413532200698
        }
      },
      {
        "a": 0.9475900633122414,
        "b": 0.6648174171714802,
        "c": -0.3710093335566764,
        "d": -0.3697073333787222,
        "e": -0.04640850875268332,
        "f": 0.3788870902550032,
        "color": 0.5905386791283561,
        "weight": 0.16539322516567445,
        "variations": {
          "polar": 0.7233282605687175
        }
      },
      {
        "a": 0.13718016984925607,
        "b": 0.7622732723629215,
        "c": -0.9233334868704375,
        "d": 0.8607620907029769,
        "e": -0.9780145087221559,
        "f": -0.1846743091943801,
        "color": 0.27781923606926595,
        "weight": 0.9892517315936026,
        "variations": {
          "polar": 0.006084747550774372,
          "swirl": 0.6681078153983684,
          "heart": 0.331231133277917
        }
      },
      {
        "a": -0.5634089660092558,
        "b": -0.7665571806578506,
        "c": -0.27907246419082,
        "d": 0.7603833261387289,
        "e": 0.4033008297675793,
        "f": 0.9694414879650299,
        "color": 0.6447770861260118,
        "weight": 0.5083844779066885,
        "variations": {
          "swirl": 0.025489165688630133,
          "linear": 0.27628440108511454,
          "polar": 0.8798937822286791
        }
      }
    ],
    "num_points": 1494442,
    "gamma": 2.4029900405016598,
    "brightness": 1.2,
    "hue_rotation": 177.1672375144206
  }
}