{
  "seed": "4fd0bcf3-32af-43ab-b5db-b5b24f7501fb",
  "params": {
    "transforms": [
      {
        "a": 0.5831356119708975,
        "b": -0.7222811025130547,
        "c": 0.023305449677037737,
        "d": -0.4233510841301309,
        "e": 1.2498584069429128,
        "f": -0.37111411046216447,
        "color": 0.3341559289812446,
        "weight": 0.22633251496635645,
        "variations": {
          "sinusoidal": 0.28264789383109645,
          "polar": 0.8752893926931576,
          "linear": 0.5510931505046803
        }
      },
      {
        "a": -0.5589788173713566,
        "b": -0.8974351463412491,
        "c": 0.2490631473757916,
        "d": -0.03246766301915138,
        "e": 1.0001670803286737,
        "f": 0.5177919753955074,
        "color": 0.7052519259481547,
        "weight": 0.5487266728149285,
        "variations": {
          "heart": 0.7890059602526528
        }
      }
    ],
    "num_points": 2819248,
    "gamma": 2.2053085196958317,
    "brightness": 1.2,
    "hue_rotation": 344.5509297133717
  }
}