{
  "seed": "de96aa51-5fbb-494b-afc6-ffda1a8cfeb9-414",
  "parameters": {
    "num_transforms": 3,
    "transforms": [
      {
        "a": 0.4494333876593384,
        "b": 1.2104488933144841,
        "c": -0.8488125953638097,
        "d": -0.8703764858913602,
        "e": -0.33367219328359043,
        "f": -1.3514996443709628,
        "color": 0.36239972948473664,
        "variations": {
          "handkerchief": 0.33529345469173066,
          "spiral": 0.004785993144695966,
          "sinusoidal": 0.35391423303250935,
          "spherical": 0.2731342126697497
        },
        "weight": 1.0632006930443514
      },
      {
        "a": -1.2854540631712714,
        "b": -1.2591672021654496,
        "c": 1.3866122652225226,
        "d": 1.31598419353646,
        "e": 0.34461808657563964,
        "f": 1.4273640647019024,
        "color": 0.9874168037867939,
        "variations": {
          "hyperbolic": 0.4597875320723459,
          "horseshoe": 0.0,
          "sinusoidal": 0.0
        },
        "weight": 0.8312425372406931
      },
      {
        "a": -0.9793934775438492,
        "b": -1.2877004130026528,
        "c": -0.4367018807088381,
        "d": -0.37890561963963476,
        "e": 0.3605323213977438,
        "f": -0.6582662313029285,
        "color": 0.17329845708387148,
        "variations": {
          "swirl": 0.12819582170734434,
          "spherical": 0.41622555076426015,
          "spiral": 0.40658813512696523
        },
        "weight": 1.269759914681997
      }
    ],
    "num_points": 2957436,
    "gamma": 3.497696483775621,
    "brightness": 1.7837172342868832,
    "contrast": 1.0926658819517685,
    "hue_rotation": 359.1496218322811
  }
}