{
  "seed": "7e8f9f02-655a-4c5f-9bff-1706bbbc5cf6",
  "params": {
    "transforms": [
      {
        "a": 0.9551775798365811,
        "b": -0.8999180071437243,
        "c": -0.6424646145493318,
        "d": -0.053363884171489406,
        "e": -0.405014332690945,
        "f": -1.467339833781144,
        "color": 0.015223088629883419,
        "weight": 0.36889444580761,
        "variations": {
          "heart": 0.42225861962416467,
          "swirl": 0.23176246736254358,
          "linear": 0.4530470567889592
        }
      },
      {
        "a": -0.5797325745234705,
        "b": -0.259991782353723,
        "c": 0.5354040209747857,
        "d": -0.9762819318765821,
        "e": 0.12778084208287943,
        "f": 0.5623800809234036,
        "color": 0.0031999588829281223,
        "weight": 0.20081922278102543,
        "variations": {
          "linear": 0.8537127239073955,
          "polar": 0.7421396523916705
        }
      },
      {
        "a": -0.4743957800575118,
        "b": -0.826308220602596,
        "c": 0.06081700591978656,
        "d": 0.9554944031548467,
        "e": 0.6539331008185867,
        "f": -0.6897502229725291,
        "color": 0.417632554449174,
        "weight": 0.9674306256588631,
        "variations": {
          "polar": 0.5999056248737794
        }
      }
    ],
    "num_points": 2499091,
    "gamma": 2.4248019198068365,
    "brightness": 1.2,
    "hue_rotation": 28.834912678310296
  }
}