{
  "seed": "a3f451fc-9012-49a4-8532-0e7d79633cdf",
  "params": {
    "transforms": [
      {
        "a": -0.06533185233376937,
        "b": 0.2998410907543829,
        "c": 0.0558014961396649,
        "d": 0.8357080193560549,
        "e": 0.5912421047294121,
        "f": 0.421238559711989,
        "color": 0.4443889140344147,
        "weight": 0.461531873978389,
        "variations": {
          "linear": 0.9795373495647618,
          "polar": 0.779241122650887
        }
      },
      {
        "a": -0.8044601594231473,
        "b": 0.2274424850325547,
        "c": -0.3802764836161907,
        "d": 0.22300003429664095,
        "e": -0.21877738859067053,
        "f": -0.9915655665991238,
        "color": 0.35410279591183824,
        "weight": 0.32222583350071743,
        "variations": {
          "swirl": 0.6044081793485778,
          "polar": 0.7631609348396102
        }
      },
      {
        "a": -0.015276908215715368,
        "b": -0.7255351179197647,
        "c": -0.24432608107742748,
        "d": -0.6480770872118746,
        "e": 1.0014520731938097,
        "f": 0.4202425752942869,
        "color": 0.03871740697608095,
        "weight": 0.6165013160961467,
        "variations": {
          "polar": 0.7260752419270349,
          "sinusoidal": 0.3722642454167595
        }
      }
    ],
    "num_points": 1690582,
    "gamma": 2.08436464459038,
    "brightness": 1.2,
    "hue_rotation": 144.63222545069985
  }
}