{
  "seed": "cd0fcb76-91d2-4ae1-98c3-02740886c947",
  "params": {
    "transforms": [
      {
        "a": -0.3983207808886198,
        "b": -0.8380096944025115,
        "c": -0.17185988614244052,
        "d": 0.7759040381852422,
        "e": 0.3619647238756585,
        "f": -1.389736156063842,
        "color": 0.6487656478562338,
        "weight": 0.6861253763185048,
        "variations": {
          "linear": 0.38489153907127016,
          "heart": 0.8162612816114982
        }
      },
      {
        "a": 0.5057754710653666,
        "b": 0.7446509544047732,
        "c": 0.9010830187452343,
        "d": -0.8348004992808264,
        "e": 0.04850052403871308,
        "f": 0.9258387847774507,
        "color": 0.4039667042618128,
        "weight": 0.12276740835947611,
        "variations": {
          "heart": 0.9128734500487453,
          "polar": 0.08433401982187216
        }
      },
      {
        "a": 0.21690592966278754,
        "b": 0.47681871526103103,
        "c": 0.8432702878896563,
        "d": -0.8630379876984609,
        "e": -0.7471671628355484,
        "f": 0.13386568816333,
        "color": 0.716165797031557,
        "weight": 0.32995483345930987,
        "variations": {
          "swirl": 0.5960653584503786
        }
      }
    ],
    "num_points": 1196319,
    "gamma": 2.2724229583392606,
    "brightness": 1.2,
    "hue_rotation": 130.63737754286473
  }
}