{
  "seed": "5c55097e-ebca-4040-b6d4-ad3e4a51c5e2",
  "params": {
    "transforms": [
      {
        "a": -0.18205145970024228,
        "b": 0.07579355828974887,
        "c": -0.01850243656042272,
        "d": 0.03521199642747819,
        "e": -0.19469289904065512,
        "f": -1.1751956640285468,
        "color": 0.10213070121782464,
        "weight": 0.5408708656076376,
        "variations": {
          "linear": 0.4626389003689436,
          "polar": 0.6437277223461577,
          "spherical": 0.9999292210662855
        }
      },
      {
        "a": -0.5405189290388859,
        "b": 0.4316814687710575,
        "c": 0.182317166243267,
        "d": -0.9542101909907981,
        "e": 1.3861466647273177,
        "f": 1.3781792321231703,
        "color": 0.46556569797981584,
        "weight": 0.8582685620589363,
        "variations": {
          "spherical": 0.8335249147814954,
          "linear": 0.702016848154687
        }
      },
      {
        "a": -0.4976207284837375,
        "b": -0.20124204942645907,
        "c": 0.07215776332006896,
        "d": 0.9491948580816909,
        "e": -1.0940119336589704,
        "f": -0.7478419907657208,
        "color": 0.9211263481546101,
        "weight": 0.3577912771400975,
        "variations": {
          "swirl": 0.27155594080353274,
          "linear": 0.09768154236273452
        }
      }
    ],
    "num_points": 1800798,
    "gamma": 1.8078661731766623,
    "brightness": 1.2,
    "hue_rotation": 28.966949000335628
  }
}