{
  "seed": "30c30627-cdd7-4e15-a121-7d83196124e2",
  "params": {
    "transforms": [
      {
        "a": -0.8836397832975995,
        "b": 0.239838343754466,
        "c": 0.25104265876238574,
        "d": -0.6691057528202204,
        "e": 0.7956160599221711,
        "f": -0.22841047464020203,
        "color": 0.742216271329045,
        "weight": 0.2748599105360122,
        "variations": {
          "linear": 0.43713460535013027,
          "sinusoidal": 0.8878439172191741,
          "polar": 0.5511164829566603
        }
      },
      {
        "a": 0.33171434258417,
        "b": 0.09383325472926396,
        "c": 0.1359707262776133,
        "d": 0.1835687632939269,
        "e": -1.2296273888910774,
        "f": 0.9113287654142264,
        "color": 0.020125560167272738,
        "weight": 0.44334225291506724,
        "variations": {
          "sinusoidal": 0.35536380188553407
        }
      },
      {
        "a": -0.14048139403923687,
        "b": 0.6919699964203754,
        "c": 0.11723336822108865,
        "d": -0.9321191549860206,
        "e": 1.2499463099662766,
        "f": 0.2839715657146269,
        "color": 0.6720549934336002,
        "weight": 0.926985158571666,
        "variations": {
          "heart": 0.04105924192891364
        }
      },
      {
        "a": 0.45421389579296556,
        "b": -0.9350029109397506,
        "c": 0.7599175476491746,
        "d": 0.15826152411167627,
        "e": 0.8574182082416519,
        "f": 1.4214839139380984,
        "color": 0.21471102658036845,
        "weight": 0.35136867847649556,
        "variations": {
          "swirl": 0.22516085595168378,
          "heart": 0.20444277217291418
        }
      }
    ],
    "num_points": 1785421,
    "gamma": 2.3139005407451627,
    "brightness": 1.2,
    "hue_rotation": 354.9051039013755
  }
}