{
  "seed": "7ccd7043-123f-438c-a1f4-778bdb0cb78a",
  "params": {
    "transforms": [
      {
        "a": -0.06857353598696858,
        "b": 0.787683014515624,
        "c": -0.3748865278686151,
        "d": -0.7140051310044513,
        "e": -1.2064998752097835,
        "f": -1.2277714553528893,
        "color": 0.4623322642008293,
        "weight": 0.25814327696266387,
        "variations": {
          "sinusoidal": 0.000682407810751684,
          "spherical": 0.9145695378390097,
          "linear": 0.408716959180248
        }
      },
      {
        "a": -0.8111658210252424,
        "b": 0.9934921791770523,
        "c": -0.2754378139665157,
        "d": -0.08509871414519754,
        "e": -0.4947701646479232,
        "f": 0.9207479914952121,
        "color": 0.4672684272391856,
        "weight": 0.11834224716526702,
        "variations": {
          "spherical": 0.036017048978372546,
          "linear": 0.10508960032966741
        }
      },
      {
        "a": -0.5124334594220941,
        "b": 0.17862810406673701,
        "c": -0.0832297907324222,
        "d": -0.5439982838539519,
        "e": 0.8680696537942412,
        "f": -0.45636094570550534,
        "color": 0.6505155079198821,
        "weight": 0.2843077519072054,
        "variations": {
          "linear": 0.2104392068485147,
          "swirl": 0.7940026356911457
        }
      }
    ],
    "num_points": 2343281,
    "gamma": 1.8385908525281387,
    "brightness": 1.2,
    "hue_rotation": 166.39312073269937
  }
}