{
  "seed": "d6001b5e-54ff-4d1a-a827-54526011b9a0",
  "params": {
    "transforms": [
      {
        "a": -0.1862086547132622,
        "b": 0.11542650947674593,
        "c": 0.06726953742292063,
        "d": -0.06587962041067463,
        "e": 0.0400183356587982,
        "f": 0.4920428068410252,
        "color": 0.7071486504343811,
        "weight": 0.7613052304748601,
        "variations": {
          "spherical": 0.5757071010342176,
          "swirl": 0.38470915812058726
        }
      },
      {
        "a": 0.0259738017863278,
        "b": -0.0429739359945005,
        "c": 0.6345129414355117,
        "d": -0.7600401209561607,
        "e": 0.8730857884531096,
        "f": -0.5858881083592883,
        "color": 0.7114338639044449,
        "weight": 0.15369747217061658,
        "variations": {
          "polar": 0.8951466283091342
        }
      },
      {
        "a": 0.7208851535971303,
        "b": 0.7235101568254518,
        "c": -0.7889579918202303,
        "d": -0.9238507230186779,
        "e": -0.4226930349748408,
        "f": -0.2006118021538259,
        "color": 0.5273527898130115,
        "weight": 0.47576958072437303,
        "variations": {
          "heart": 0.2992188999759442,
          "sinusoidal": 0.8360693841101523,
          "linear": 0.12043385792016015
        }
      }
    ],
    "num_points": 2746436,
    "gamma": 1.8577164813789522,
    "brightness": 1.2,
    "hue_rotation": 260.61645852944434
  }
}