{
  "seed": "69478b1c-5b80-4f2c-a39f-0abfd491ffc4",
  "params": {
    "transforms": [
      {
        "a": 0.2854869151225954,
        "b": 0.5238908079435227,
        "c": -0.7168386415050374,
        "d": 0.8709891737838069,
        "e": 0.4142352796437214,
        "f": 1.0284674598919286,
        "color": 0.1972271993668958,
        "weight": 0.3365879633609208,
        "variations": {
          "swirl": 0.844394861990376
        }
      },
      {
        "a": 0.6444004795549931,
        "b": -0.9172901628360117,
        "c": -0.47607453639028985,
        "d": 0.19375151249604072,
        "e": -0.04360877297518684,
        "f": -1.3654892608283475,
        "color": 0.9205847532024637,
        "weight": 0.38810157745906726,
        "variations": {
          "linear": 0.387022168588119,
          "sinusoidal": 0.06998374639059024,
          "swirl": 0.6794862142282789
        }
      }
    ],
    "num_points": 1077504,
    "gamma": 2.3877099510562827,
    "brightness": 1.2,
    "hue_rotation": 49.36834143892705
  }
}