{
  "seed": "72758fb3-1b88-400a-bc7d-af5e1b77218f-553",
  "parameters": {
    "num_transforms": 4,
    "transforms": [
      {
        "a": 0.028350971740123576,
        "b": 1.0725813984256898,
        "c": 0.46639607475525313,
        "d": -1.225314206058348,
        "e": -0.7740024823916246,
        "f": 0.45464623206202415,
        "color": 0.13092891423138264,
        "variations": {
          "swirl": 0.17832120288680375,
          "linear": 0.2405154455270322,
          "spherical": 0.7744710271728504,
          "polar": 0.0
        },
        "weight": 1.9904837652174432
      },
      {
        "a": -0.45849432050435435,
        "b": -1.0773767175421614,
        "c": 0.9879709354937245,
        "d": 0.7650238662670308,
        "e": -1.4241113571847483,
        "f": 1.045043478486896,
        "color": 0.13902439164841052,
        "variations": {
          "handkerchief": 0.49973733421566147,
          "disc": 0.0,
          "linear": 0.8771023618000023,
          "spherical": 0.0
        },
        "weight": 1.0773857845675554
      },
      {
        "a": -0.8443425916415909,
        "b": 0.3261541583099521,
        "c": -0.9679811858861205,
        "d": -1.2880316501008462,
        "e": -0.7838175483992886,
        "f": 0.5473307190583379,
        "color": 0.33548334286371084,
        "variations": {
          "disc": 0.1757146928041876,
          "horseshoe": 0.7508184822111595,
          "sinusoidal": 0.0
        },
        "weight": 1.3457009424549191
      },
      {
        "a": -0.8599397428926274,
        "b": -0.7971892003846212,
        "c": -0.03437156528549812,
        "d": 1.3105916609812462,
        "e": -1.0939886404901045,
        "f": 0.09164307876996958,
        "color": 0.7143650865260571,
        "variations": {
          "disc": 0.0,
          "linear": 0.0
        },
        "weight": 1.644072334710942
      }
    ],
    "num_points": 4738370,
    "gamma": 1.180172148555089,
    "brightness": 1.735051152794837,
    "contrast": 0.5041590586388831,
    "hue_rotation": 193.4311073601706
  }
}