{
  "seed": "e3fb54b3-794c-4c3a-8201-c5fee7a62801",
  "params": {
    "transforms": [
      {
        "a": -0.2953228182747545,
        "b": -0.25312449314510377,
        "c": -0.8547388341510842,
        "d": 0.8791911062080449,
        "e": -0.415600187597744,
        "f": 0.4360090595521191,
        "color": 0.7892725260819564,
        "weight": 0.21104250659806756,
        "variations": {
          "linear": 0.1048583913700245,
          "spherical": 0.36547188220655247,
          "polar": 0.13585663577334772
        }
      },
      {
        "a": 0.4106716827418373,
        "b": -0.5478147108030131,
        "c": 0.9565257620880676,
        "d": 0.1788458085797766,
        "e": 0.24454901197999002,
        "f": -1.4604328950819196,
        "color": 0.9862158088138233,
        "weight": 0.18356011749039147,
        "variations": {
          "linear": 0.3469976025180327,
          "heart": 0.061846493523763146,
          "spherical": 0.3312142973305574
        }
      },
      {
        "a": -0.10838772537505514,
        "b": 0.6227902398280931,
        "c": -0.28164620585228306,
        "d": 0.546304291742228,
        "e": 1.1355309366582396,
        "f": 0.9938239846730799,
        "color": 0.599757748013473,
        "weight": 0.9068564495993952,
        "variations": {
          "linear": 0.15522110747428486,
          "swirl": 0.15939154708615044,
          "heart": 0.2760581917049356
        }
      },
      {
        "a": 0.39624896754333805,
        "b": -0.18555293601440015,
        "c": -0.577498799977243,
        "d": -0.38031093157924367,
        "e": 0.06360784378664519,
        "f": -1.3088355461397536,
        "color": 0.49199563214555986,
        "weight": 0.8278405568979853,
        "variations": {
          "sinusoidal": 0.2486086599746824,
          "heart": 0.9910696356681886,
          "polar": 0.6746077943867719
        }
      }
    ],
    "num_points": 2722297,
    "gamma": 1.9445087198044755,
    "brightness": 1.2,
    "hue_rotation": 328.90512846238215
  }
}