{
  "seed": "fd59925f-748d-466b-a4c6-48a41e98da30",
  "params": {
    "transforms": [
      {
        "a": 0.18224718107196258,
        "b": -0.9730017187807316,
        "c": 0.9191027432308383,
        "d": -0.2478870693507551,
        "e": 0.6400509720069625,
        "f": -0.14397035668963376,
        "color": 0.7408982382281247,
        "weight": 0.580837806559374,
        "variations": {
          "spherical": 0.014204109663127906
        }
      },
      {
        "a": 0.85570541107471,
        "b": 0.37600750081095624,
        "c": 0.3269294323636276,
        "d": 0.30451255090505813,
        "e": -0.7277869387095489,
        "f": 0.33774233450696967,
        "color": 0.4208655613754507,
        "weight": 0.45130748939213494,
        "variations": {
          "sinusoidal": 0.13600863376351713,
          "linear": 0.7162724167290018
        }
      },
      {
        "a": -0.2534921486488231,
        "b": -0.025334336270391278,
        "c": -0.7743720519528501,
        "d": -0.08987367925004408,
        "e": 0.9326109817908192,
        "f": -1.0040062226211477,
        "color": 0.23003730055801208,
        "weight": 0.21642470055965313,
        "variations": {
          "sinusoidal": 0.5834562870447498,
          "spherical": 0.38470937230699276,
          "linear": 0.9516587162262883
        }
      }
    ],
    "num_points": 1331030,
    "gamma": 2.4981393439961765,
    "brightness": 1.2,
    "hue_rotation": 214.08234171060974
  }
}