{
  "seed": "1fc6bf3a-0d41-454f-a038-bf972f7a507f",
  "params": {
    "transforms": [
      {
        "a": 0.8964021912632387,
        "b": 0.5755548109575281,
        "c": -0.37070050742145666,
        "d": -0.38609924189914135,
        "e": 0.7589341558327907,
        "f": 1.4721519120398874,
        "color": 0.0423565873676518,
        "weight": 0.4764543703562458,
        "variations": {
          "sinusoidal": 0.5911242622338905
        }
      },
      {
        "a": -0.912475889735892,
        "b": 0.21712240760289103,
        "c": 0.0704794235456081,
        "d": 0.5726341405485711,
        "e": 1.2585396539740676,
        "f": -0.1545548178531091,
        "color": 0.770205450812691,
        "weight": 0.9481652320312154,
        "variations": {
          "spherical": 0.25975699449085554,
          "swirl": 0.39277302075607146
        }
      },
      {
        "a": 0.870321768097438,
        "b": 0.11681551363856957,
        "c": 0.11450315469168992,
        "d": -0.5327459564444512,
        "e": 0.9116821660589487,
        "f": -1.014598648516746,
        "color": 0.4473121818811715,
        "weight": 0.9257436282571014,
        "variations": {
          "sinusoidal": 0.45069393788292056,
          "linear": 0.7660545812415728
        }
      },
      {
        "a": -0.23171497590038692,
        "b": -0.25858149945090814,
        "c": 0.6820035207642439,
        "d": 0.6786505873540967,
        "e": 1.1517681299168703,
        "f": 1.3046546745683436,
        "color": 0.33802099168860855,
        "weight": 0.306142181050427,
        "variations": {
          "heart": 0.37374675330805973,
          "polar": 0.05964714686473882,
          "spherical": 0.4333001929762268
        }
      }
    ],
    "num_points": 2249698,
    "gamma": 2.237219907650031,
    "brightness": 1.2,
    "hue_rotation": 137.1821728152638
  }
}