{
  "seed": "5d757fa6-43ac-42e2-9dc5-f318cf46d790",
  "params": {
    "transforms": [
      {
        "a": -0.560531249764485,
        "b": -0.5161483141101781,
        "c": 0.9380670704842495,
        "d": 0.10834178300034791,
        "e": 0.3157755416739787,
        "f": 0.3826228227219388,
        "color": 0.4782541396595603,
        "weight": 0.9654356253730253,
        "variations": {
          "spherical": 0.07591364823978153,
          "sinusoidal": 0.21508321777333783
        }
      },
      {
        "a": 0.1317459249022077,
        "b": -0.6395207545493466,
        "c": 0.702292707257971,
        "d": 0.18177985704392596,
        "e": 0.859104854608761,
        "f": 0.4277317227881521,
        "color": 0.38374403263072776,
        "weight": 0.30305767192141236,
        "variations": {
          "sinusoidal": 0.07901484327635178,
          "polar": 0.046727026473107336
        }
      },
      {
        "a": 0.4464076765775298,
        "b": -0.8501635669908831,
        "c": -0.5569185394774296,
        "d": 0.3845946201875263,
        "e": -0.863538307380714,
        "f": 0.6625385326935604,
        "color": 0.25672063348203855,
        "weight": 0.9803483046981497,
        "variations": {
          "spherical": 0.3634293741391925,
          "polar": 0.8926516413420464,
          "swirl": 0.9051784695108174
        }
      },
      {
        "a": 0.3690361546174168,
        "b": 0.7246625492963192,
        "c": -0.06298683111441306,
        "d": -0.09431794702450769,
        "e": 0.29094126393129316,
        "f": -1.3196880910988398,
        "color": 0.15792947068441043,
        "weight": 0.3603444017271845,
        "variations": {
          "swirl": 0.554738014466269
        }
      }
    ],
    "num_points": 1493781,
    "gamma": 2.081057872178515,
    "brightness": 1.2,
    "hue_rotation": 256.20855085682797
  }
}