{
  "seed": "9b196848-efa7-412e-a7a3-e1dcd3fff13e",
  "params": {
    "transforms": [
      {
        "a": 0.742202570390539,
        "b": -0.5424763191120283,
        "c": 0.8934826532791891,
        "d": 0.3305038652346928,
        "e": -1.0387969303578424,
        "f": 0.7564828587975749,
        "color": 0.14267309367470704,
        "weight": 0.2324945133395207,
        "variations": {
          "spherical": 0.9758826602661583
        }
      },
      {
        "a": 0.2793768108237866,
        "b": -0.21860824674631596,
        "c": -0.5334497475433146,
        "d": 0.8219813926097563,
        "e": 1.3788190192821883,
        "f": -1.127884684307591,
        "color": 0.0066081091737849595,
        "weight": 0.8581294493352338,
        "variations": {
          "spherical": 0.41312996942792857
        }
      },
      {
        "a": -0.4579777496491011,
        "b": -0.8290680409334439,
        "c": 0.09874950364082835,
        "d": -0.7622334976789154,
        "e": 0.7370125146283453,
        "f": 1.1867701925683365,
        "color": 0.2483061453646085,
        "weight": 0.11507597326535016,
        "variations": {
          "heart": 0.9318185113661305,
          "polar": 0.8342833791832319
        }
      },
      {
        "a": 0.834909476693223,
        "b": 0.89707672387217,
        "c": -0.7815846612111721,
        "d": -0.039747228780771415,
        "e": -0.1092587715997475,
        "f": -1.0303675679221465,
        "color": 0.22805452113719338,
        "weight": 0.7833946405979691,
        "variations": {
          "swirl": 0.98913906094721,
          "polar": 0.20855532003930388,
          "linear": 0.047508199050108946
        }
      }
    ],
    "num_points": 2905358,
    "gamma": 2.231904472152343,
    "brightness": 1.2,
    "hue_rotation": 303.3033967592639
  }
}