{
  "seed": "60ee3f5a-d7e3-434f-a978-8649d177eb4e",
  "params": {
    "transforms": [
      {
        "a": 0.7202491059723541,
        "b": -0.013309833992576792,
        "c": 0.05729375675684811,
        "d": -0.1494911028304624,
        "e": 0.6921608678416424,
        "f": -1.4280662675324434,
        "color": 0.5231798719541341,
        "weight": 0.5790354280792083,
        "variations": {
          "swirl": 0.253448376754145
        }
      },
      {
        "a": -0.472717426658569,
        "b": 0.8250973193363411,
        "c": 0.9884630757523682,
        "d": -0.8910104704069797,
        "e": 0.06101408762612026,
        "f": -0.1505335266875536,
        "color": 0.30727450440581505,
        "weight": 0.9710811001499264,
        "variations": {
          "polar": 0.31709536672779437,
          "sinusoidal": 0.4519792533640785,
          "spherical": 0.14094549165588888
        }
      },
      {
        "a": 0.24617512694166033,
        "b": -0.1418949315167526,
        "c": -0.5816874401931977,
        "d": -0.3023587980390572,
        "e": 0.9316123058492884,
        "f": 0.8366485054673873,
        "color": 0.4424730693506649,
        "weight": 0.8359269156699678,
        "variations": {
          "polar": 0.48457786390938096,
          "spherical": 0.07762132519931286,
          "swirl": 0.2770553747996206
        }
      }
    ],
    "num_points": 1608382,
    "gamma": 2.2136736606665792,
    "brightness": 1.2,
    "hue_rotation": 242.18834209428059
  }
}