{
  "seed": "78e1326c-bf2b-43a3-bbdc-92c56a4a1583",
  "params": {
    "transforms": [
      {
        "a": 0.2377159178732604,
        "b": 0.3508317227282389,
        "c": -0.10552712925587193,
        "d": -0.30504671592506294,
        "e": -0.9894583018295304,
        "f": -0.4479892300143482,
        "color": 0.42141573732259807,
        "weight": 0.156129122374553,
        "variations": {
          "swirl": 0.3224449644581969,
          "sinusoidal": 0.794892350815755,
          "heart": 0.016600056052758827
        }
      },
      {
        "a": 0.8845482521106609,
        "b": -0.08475196363644755,
        "c": 0.9785077350919151,
        "d": -0.38470401109887375,
        "e": 1.3032788332716367,
        "f": -0.0005813008111217322,
        "color": 0.5576909358404916,
        "weight": 0.639950681452839,
        "variations": {
          "swirl": 0.9143093719830961,
          "spherical": 0.19866123091985166
        }
      }
    ],
    "num_points": 1810430,
    "gamma": 2.002206595862401,
    "brightness": 1.2,
    "hue_rotation": 164.82028798285847
  }
}