{
  "seed": "414d8b1d-e241-4d9e-8dcf-567521562b6a",
  "params": {
    "transforms": [
      {
        "a": -0.214819798433737,
        "b": 0.5262090372216395,
        "c": -0.24076653148938187,
        "d": 0.9429581730218304,
        "e": -0.9223891862201228,
        "f": -0.002792091556890419,
        "color": 0.7271300657068611,
        "weight": 0.8754460069404295,
        "variations": {
          "spherical": 0.01431818079251257,
          "heart": 0.12757798608273052,
          "swirl": 0.305630162020211
        }
      },
      {
        "a": 0.5577582037144795,
        "b": -0.3474292670413839,
        "c": -0.590780114894391,
        "d": 0.6729760309030315,
        "e": -0.9858989205443948,
        "f": 1.2213100988098402,
        "color": 0.8188296995062478,
        "weight": 0.1739602743655556,
        "variations": {
          "spherical": 0.4916705560435495,
          "sinusoidal": 0.0051845016374439945,
          "linear": 0.689853838314095
        }
      },
      {
        "a": -0.49095522565846506,
        "b": 0.7023822437019949,
        "c": 0.5498984640717064,
        "d": 0.3273455787322064,
        "e": -1.199379683497134,
        "f": -0.43569242949128784,
        "color": 0.11718510907209301,
        "weight": 0.8134430222695772,
        "variations": {
          "linear": 0.027503488664071818
        }
      },
      {
        "a": -0.9690929229178191,
        "b": 0.9739614750469634,
        "c": 0.18614898852824324,
        "d": -0.8913557995167158,
        "e": -0.03991812749424262,
        "f": 1.4087884621231836,
        "color": 0.9038707988933982,
        "weight": 0.7241990034279802,
        "variations": {
          "heart": 0.4435286900958132,
          "sinusoidal": 0.7318053733254957,
          "polar": 0.08117048540645122
        }
      }
    ],
    "num_points": 1517711,
    "gamma": 2.0508328751630036,
    "brightness": 1.2,
    "hue_rotation": 304.19677600866834
  }
}