{
  "seed": "23e515ad-cc3a-4634-b4e5-a68df927e473",
  "params": {
    "transforms": [
      {
        "a": -0.46640102479996437,
        "b": 0.6773683706159261,
        "c": 0.5859852836218666,
        "d": 0.14552165398613148,
        "e": 0.18105390300020474,
        "f": -0.12884666327749628,
        "color": 0.04894502134190759,
        "weight": 0.6956272559236568,
        "variations": {
          "swirl": 0.5115848613429052,
          "linear": 0.7834335322416587
        }
      },
      {
        "a": 0.7526620274381635,
        "b": 0.8954267534578519,
        "c": -0.9729169389253318,
        "d": -0.6148729656787502,
        "e": -0.14046591264488217,
        "f": 0.5282218029402634,
        "color": 0.752692499926588,
        "weight": 0.648999170824831,
        "variations": {
          "polar": 0.12030058725552317,
          "sinusoidal": 0.7685572032480678,
          "heart": 0.5128696183727487
        }
      },
      {
        "a": -0.8008061341780461,
        "b": -0.8670111712391781,
        "c": 0.6887587415534333,
        "d": 0.42525421115490514,
        "e": 1.425865280115783,
        "f": 0.31440964865139254,
        "color": 0.20531749212725459,
        "weight": 0.5040058746982672,
        "variations": {
          "polar": 0.9073232579381679,
          "sinusoidal": 0.6706876114341652,
          "spherical": 0.14329547740495863
        }
      }
    ],
    "num_points": 1286003,
    "gamma": 1.944073688362196,
    "brightness": 1.2,
    "hue_rotation": 247.82665359906616
  }
}