{
  "seed": "dab44a28-da9d-4db2-8274-1a3d63e1be63",
  "params": {
    "transforms": [
      {
        "a": 0.20060491621809073,
        "b": -0.023052409458866885,
        "c": 0.1071902320742506,
        "d": -0.032879257289830655,
        "e": 1.322781771008573,
        "f": -1.3897200870951791,
        "color": 0.20975217752213438,
        "weight": 0.7261903520157631,
        "variations": {
          "heart": 0.00899936508097643,
          "polar": 0.5710535695017616
        }
      },
      {
        "a": -0.320287614904895,
        "b": -0.535180549984789,
        "c": -0.5681739819118825,
        "d": -0.676148367061842,
        "e": 1.2440356176966665,
        "f": -0.9523750476446071,
        "color": 0.6399081861481104,
        "weight": 0.4476703970239946,
        "variations": {
          "spherical": 0.7388393269332112,
          "swirl": 0.26860498365367536
        }
      }
    ],
    "num_points": 1589583,
    "gamma": 2.102449093283108,
    "brightness": 1.2,
    "hue_rotation": 191.4666646858921
  }
}