{
  "seed": "25337eee-fcb7-4dfc-aa6c-fadd8d8cf459",
  "params": {
    "transforms": [
      {
        "a": 0.9898406554474577,
        "b": -0.28677963358691017,
        "c": -0.12362997080999794,
        "d": 0.93100963089251,
        "e": -0.5857859068978851,
        "f": -0.7339436343246832,
        "color": 0.4763642023421365,
        "weight": 0.8307906814886427,
        "variations": {
          "sinusoidal": 0.27380271432347303,
          "heart": 0.8538553709988954,
          "spherical": 0.31790356339315884
        }
      },
      {
        "a": -0.6780789356891297,
        "b": 0.7275546604369723,
        "c": 0.8823707446774414,
        "d": 0.07631175017329239,
        "e": -0.22182820711437246,
        "f": -1.3460771445261477,
        "color": 0.5779078177999551,
        "weight": 0.8498255717561927,
        "variations": {
          "linear": 0.03496597487929498,
          "spherical": 0.18075686457708617,
          "heart": 0.12017646056867681
        }
      }
    ],
    "num_points": 2823984,
    "gamma": 1.9267891365662593,
    "brightness": 1.2,
    "hue_rotation": 160.94370364712506
  }
}