{
  "seed": "cb8f339d-5ea6-4f65-ad1c-1d0866c64868",
  "params": {
    "transforms": [
      {
        "a": 0.1535502987116688,
        "b": -0.10797522065577536,
        "c": 0.7983973746728152,
        "d": 0.4890483147105722,
        "e": 0.4360849081234406,
        "f": -0.20599354058291275,
        "color": 0.32672997157948613,
        "weight": 0.7325842067540632,
        "variations": {
          "spherical": 0.7471620277572899,
          "linear": 0.6579513283315818,
          "heart": 0.15297823075310446
        }
      },
      {
        "a": 0.6141332365675811,
        "b": -0.2856008485945998,
        "c": 0.3412967156096982,
        "d": -0.8470469294636087,
        "e": -0.04423159965448109,
        "f": 0.8872039479423734,
        "color": 0.15836182574948932,
        "weight": 0.8116790210046355,
        "variations": {
          "sinusoidal": 0.9152792687579014,
          "swirl": 0.12288402415811472
        }
      }
    ],
    "num_points": 2039952,
    "gamma": 1.8195274292790775,
    "brightness": 1.2,
    "hue_rotation": 0.5626723406387679
  }
}