{
  "seed": "5a3a28e2-4e7a-40c3-8169-3a32e654a4c9",
  "params": {
    "transforms": [
      {
        "a": 0.5114569972074225,
        "b": -0.48386881133572546,
        "c": 0.13391118273766667,
        "d": 0.699872980310692,
        "e": -0.6767217109222091,
        "f": -1.3476157224747567,
        "color": 0.5725195838326972,
        "weight": 0.4862794093946218,
        "variations": {
          "heart": 0.08624266758378052,
          "swirl": 0.383221281998848,
          "linear": 0.7462821307522607
        }
      },
      {
        "a": -0.7076519946576005,
        "b": 0.713792678399302,
        "c": -0.23955151285208398,
        "d": -0.22746288652470414,
        "e": -0.02840276138566966,
        "f": 1.04864211010393,
        "color": 0.24465661765741642,
        "weight": 0.47648961483152774,
        "variations": {
          "linear": 0.4506369360257909,
          "sinusoidal": 0.8072509222621983
        }
      },
      {
        "a": 0.20501430979142077,
        "b": -0.02750760163409338,
        "c": -0.3964168256494871,
        "d": -0.4897003927728285,
        "e": 0.7759300591644527,
        "f": -0.1978295204571805,
        "color": 0.06267335085111447,
        "weight": 0.9015365406490199,
        "variations": {
          "sinusoidal": 0.25614720873469077,
          "heart": 0.3428398278786502,
          "swirl": 0.3423382405713562
        }
      }
    ],
    "num_points": 1119277,
    "gamma": 1.8073902947384008,
    "brightness": 1.2,
    "hue_rotation": 329.9532916019459
  }
}