{
  "seed": "c7099cf6-6b46-418c-b6b8-f40c9044924a",
  "params": {
    "transforms": [
      {
        "a": -0.6393389809695096,
        "b": -0.8979108624276742,
        "c": -0.6969636583045902,
        "d": 0.44031016617739094,
        "e": 0.7314595115666629,
        "f": -0.5922851142318509,
        "color": 0.6339496082218948,
        "weight": 0.5609708642766615,
        "variations": {
          "linear": 0.08453013665212084,
          "polar": 0.9682066717546212
        }
      },
      {
        "a": -0.4039924893076827,
        "b": -0.9401252160385059,
        "c": -0.3871195312230742,
        "d": 0.24081188608106974,
        "e": 0.7772652949551881,
        "f": -1.0068639610916128,
        "color": 0.6026984952652121,
        "weight": 0.14898234246410252,
        "variations": {
          "linear": 0.7335912889227925
        }
      },
      {
        "a": 0.9795464395852085,
        "b": -0.704204100716354,
        "c": -0.6948421949429444,
        "d": -0.5280727667677592,
        "e": 0.16951144521024153,
        "f": 0.037083630986010085,
        "color": 0.7901718186337475,
        "weight": 0.7274371862003821,
        "variations": {
          "linear": 0.2961029585898183,
          "swirl": 0.0036681753103504633
        }
      },
      {
        "a": -0.41221797247507674,
        "b": -0.9792934028775262,
        "c": -0.766241049304397,
        "d": -0.22877356921411485,
        "e": -0.5852337320815542,
        "f": -1.0281012857461151,
        "color": 0.03145265410122833,
        "weight": 0.14894297289453093,
        "variations": {
          "polar": 0.26209418183768773
        }
      }
    ],
    "num_points": 2299354,
    "gamma": 1.9221791861750857,
    "brightness": 1.2,
    "hue_rotation": 353.7099844878201
  }
}