{
  "seed": "cfd7ad73-8f5f-460d-a2bc-bb7a8b4e2ba6",
  "params": {
    "transforms": [
      {
        "a": 0.7251013615929294,
        "b": -0.3032560710817853,
        "c": 0.23992621550089188,
        "d": -0.27688786181252967,
        "e": -1.1544171585039744,
        "f": -1.0908638591069655,
        "color": 0.17617147646096087,
        "weight": 0.7017113929859016,
        "variations": {
          "polar": 0.8480887247962939
        }
      },
      {
        "a": -0.9223833859894621,
        "b": -0.5576622370929909,
        "c": 0.4546105426156366,
        "d": -0.5753451887983105,
        "e": -0.27575529277545296,
        "f": -0.9399650298586094,
        "color": 0.8368254035778147,
        "weight": 0.2448038728588337,
        "variations": {
          "swirl": 0.45805980282828684,
          "sinusoidal": 0.3505427420367152,
          "linear": 0.529191116371502
        }
      },
      {
        "a": 0.9187412406083075,
        "b": 0.24124347487200137,
        "c": -0.6363666493781379,
        "d": 0.42239392561495803,
        "e": -0.10007523113073624,
        "f": -0.35788650271981637,
        "color": 0.31462082478537845,
        "weight": 0.7509333193724922,
        "variations": {
          "sinusoidal": 0.21911152444737436
        }
      }
    ],
    "num_points": 2266940,
    "gamma": 2.2339039122513045,
    "brightness": 1.2,
    "hue_rotation": 25.637980659074273
  }
}