{
  "seed": "03d7980e-c9ca-40c1-9239-998f036f45ac",
  "params": {
    "transforms": [
      {
        "a": -0.19648262863838117,
        "b": 0.8652050083795422,
        "c": -0.038419381848494805,
        "d": -0.4732049278022148,
        "e": 0.9287550665821933,
        "f": -0.6738284256213681,
        "color": 0.11192015665347066,
        "weight": 0.5006221930364887,
        "variations": {
          "linear": 0.030501065355901025
        }
      },
      {
        "a": 0.8403354678025383,
        "b": 0.2411748238880651,
        "c": -0.04804030278494964,
        "d": -0.06772813717811266,
        "e": -0.29960999938800237,
        "f": -0.03328536068346932,
        "color": 0.06962013632018704,
        "weight": 0.5075825586979578,
        "variations": {
          "sinusoidal": 0.5232766795944089,
          "linear": 0.864552468597206
        }
      }
    ],
    "num_points": 1693273,
    "gamma": 1.8229551671943325,
    "brightness": 1.2,
    "hue_rotation": 279.21159746639125
  }
}