{
  "seed": "010c29b3-d2ae-4422-8b86-aab565444f3c",
  "params": {
    "transforms": [
      {
        "a": -0.02493618221670535,
        "b": -0.9254005327422223,
        "c": -0.5668290935846496,
        "d": -0.18903291565114255,
        "e": 1.2224415227184267,
        "f": 0.2976204530103579,
        "color": 0.4964780667582096,
        "weight": 0.1271595203532204,
        "variations": {
          "spherical": 0.4878357536694382,
          "heart": 0.49602161921893884
        }
      },
      {
        "a": 0.8457412887891911,
        "b": -0.6481191943414839,
        "c": -0.811405999359385,
        "d": 0.11456095474952166,
        "e": 1.1382837915924,
        "f": 1.4849031455443593,
        "color": 0.5574723642176918,
        "weight": 0.2656889244172378,
        "variations": {
          "linear": 0.9511733119712058,
          "spherical": 0.01336881533534695
        }
      },
      {
        "a": 0.3459333247609162,
        "b": 0.6418829479479753,
        "c": 0.12427785730375973,
        "d": -0.9652694151562298,
        "e": 1.1616811013793207,
        "f": 0.2707551228462963,
        "color": 0.07378185521860203,
        "weight": 0.5762466568184804,
        "variations": {
          "spherical": 0.030262921112004015,
          "heart": 0.3502130708853196,
          "sinusoidal": 0.0511244575669807
        }
      },
      {
        "a": -0.2927357801162278,
        "b": -0.9977698253087388,
        "c": 0.3639087130814016,
        "d": 0.7494417812479011,
        "e": 1.0704653238241777,
        "f": -0.6557577530733397,
        "color": 0.8050891054604854,
        "weight": 0.5025701391804631,
        "variations": {
          "linear": 0.669846071996198,
          "heart": 0.8781007543556256
        }
      }
    ],
    "num_points": 1023106,
    "gamma": 1.920089311704169,
    "brightness": 1.2,
    "hue_rotation": 238.9634114790708
  }
}