{
  "seed": "ed510615-e5c1-430b-a8a7-32a825bf602f",
  "params": {
    "transforms": [
      {
        "a": 0.7383447335389643,
        "b": 0.865173951310934,
        "c": -0.9749908757324983,
        "d": 0.7760222131551329,
        "e": 0.8161848083120828,
        "f": -1.200148599813101,
        "color": 0.8894752394022716,
        "weight": 0.4500520301624884,
        "variations": {
          "sinusoidal": 0.19164637346697178
        }
      },
      {
        "a": 0.8173380063567208,
        "b": 0.6108240296887439,
        "c": -0.3132497820840583,
        "d": 0.6186482744243376,
        "e": -0.9389485791893047,
        "f": -0.37245515614867863,
        "color": 0.15206260874466804,
        "weight": 0.2993984429705363,
        "variations": {
          "spherical": 0.9037298565261125
        }
      },
      {
        "a": 0.2722306068085223,
        "b": -0.49613055263385086,
        "c": -0.421795613226676,
        "d": -0.2661719899547772,
        "e": -1.3279000093460276,
        "f": 0.8329662008501373,
        "color": 0.8377129635328336,
        "weight": 0.651983334000868,
        "variations": {
          "sinusoidal": 0.5498394773410107
        }
      },
      {
        "a": 0.36494279237608174,
        "b": -0.6601122645387585,
        "c": 0.10917504288460167,
        "d": 0.7624583874642858,
        "e": -1.0295951183260903,
        "f": 0.11074777460725604,
        "color": 0.3783669265736975,
        "weight": 0.13024292675658586,
        "variations": {
          "sinusoidal": 0.401844089282658,
          "linear": 0.22591696920245785,
          "swirl": 0.14416607238817503
        }
      }
    ],
    "num_points": 1499857,
    "gamma": 2.231767675903538,
    "brightness": 1.2,
    "hue_rotation": 125.02711707963084
  }
}