{
  "seed": "e819359c-9cca-463f-aecc-51cc70754130",
  "params": {
    "transforms": [
      {
        "a": 0.7393884074306925,
        "b": -0.6731783445572781,
        "c": 0.17723952654824915,
        "d": -0.09809735896469252,
        "e": -0.5905335403081378,
        "f": 0.8425963852445433,
        "color": 0.5524716747845593,
        "weight": 0.5788960550702107,
        "variations": {
          "heart": 0.3208501726394468,
          "polar": 0.4343670322714337,
          "swirl": 0.5029421184298994
        }
      },
      {
        "a": -0.5677011953085351,
        "b": 0.40989069244615295,
        "c": 0.31415534066305484,
        "d": 0.23158169856696986,
        "e": 0.06546122756838368,
        "f": 0.5207808440299839,
        "color": 0.8522353331560119,
        "weight": 0.7007509311097646,
        "variations": {
          "polar": 0.9560632238364666
        }
      },
      {
        "a": -0.8114466181013678,
        "b": 0.3307335877872588,
        "c": -0.7310355132969903,
        "d": -0.2347535661593747,
        "e": -0.020520744489711085,
        "f": -0.49187543199167805,
        "color": 0.9096275962463501,
        "weight": 0.7595120567293441,
        "variations": {
          "heart": 0.212582473229869
        }
      }
    ],
    "num_points": 1496674,
    "gamma": 1.9369333630327994,
    "brightness": 1.2,
    "hue_rotation": 178.69053458129912
  }
}