{
  "seed": "8b84d5ce-92de-4e70-b7b4-6aa3a228030b",
  "params": {
    "transforms": [
      {
        "a": 0.6762589106339396,
        "b": 0.5765726485169396,
        "c": -0.758320535215415,
        "d": 0.15788496993657408,
        "e": 0.9899944633200972,
        "f": 1.0094248343917491,
        "color": 0.09105510122926808,
        "weight": 0.7827568339641157,
        "variations": {
          "polar": 0.42117641613737133,
          "heart": 0.579940956814581
        }
      },
      {
        "a": 0.8777499752373754,
        "b": 0.7824275632808404,
        "c": -0.8342935033653112,
        "d": 0.5412493782169281,
        "e": 1.0782016576573112,
        "f": -0.9439486907616735,
        "color": 0.6199249595543862,
        "weight": 0.4434877829258448,
        "variations": {
          "linear": 0.4884121314245421,
          "sinusoidal": 0.3115481798656735,
          "heart": 0.09182002692015423
        }
      },
      {
        "a": -0.5893847610061731,
        "b": 0.24521731219588738,
        "c": 0.23919210655339884,
        "d": -0.21236851801269596,
        "e": -0.8533567135504875,
        "f": -1.3261128799368778,
        "color": 0.5515534874538129,
        "weight": 0.9722687469497396,
        "variations": {
          "heart": 0.44703318269324943,
          "linear": 0.7395625523783739,
          "sinusoidal": 0.8923395920980071
        }
      }
    ],
    "num_points": 2402800,
    "gamma": 2.1094875621133737,
    "brightness": 1.2,
    "hue_rotation": 92.69921378290331
  }
}