{
  "seed": "27828c8d-c3b1-45de-8d69-b65123545497",
  "params": {
    "transforms": [
      {
        "a": -0.17949280478097074,
        "b": -0.24581719757331055,
        "c": -0.332038475161079,
        "d": -0.23639336278517842,
        "e": -1.2144999584882867,
        "f": 0.6213162168571298,
        "color": 0.6493007357738602,
        "weight": 0.7350501535700212,
        "variations": {
          "linear": 0.1701287738471935
        }
      },
      {
        "a": -0.8273656414679385,
        "b": 0.706573381767224,
        "c": -0.758843719187551,
        "d": 0.8277996032333612,
        "e": 0.6540105026134837,
        "f": -0.8688096978276225,
        "color": 0.6118819273403882,
        "weight": 0.5613965527223037,
        "variations": {
          "polar": 0.2658803563794091,
          "heart": 0.2057795798674118,
          "linear": 0.32297097658181395
        }
      },
      {
        "a": -0.2122081013468453,
        "b": -0.6865808364081665,
        "c": -0.10523858198434688,
        "d": -0.37839507283153107,
        "e": 0.3342854443160237,
        "f": 0.897211879856298,
        "color": 0.03075742563258954,
        "weight": 0.2757073553482111,
        "variations": {
          "heart": 0.10933763792963302,
          "spherical": 0.48661647440752975
        }
      }
    ],
    "num_points": 1944465,
    "gamma": 1.9664144811587316,
    "brightness": 1.2,
    "hue_rotation": 121.5497521858776
  }
}