{
  "seed": "be6ff38f-b0df-4299-a69c-d60690b6a2c8",
  "params": {
    "transforms": [
      {
        "a": 0.4604253952857795,
        "b": 0.9251488983832972,
        "c": 0.007677480516530277,
        "d": 0.8198478979499733,
        "e": -0.8941127839515285,
        "f": 1.1474378384544988,
        "color": 0.5405818332872356,
        "weight": 0.8403149639777842,
        "variations": {
          "sinusoidal": 0.8007514154096885,
          "polar": 0.07801296141793534
        }
      },
      {
        "a": -0.11984100230821038,
        "b": 0.9902359205926097,
        "c": -0.14439901774924824,
        "d": 0.5715852231334071,
        "e": -0.5882554625693657,
        "f": -0.21103117845825659,
        "color": 0.15609693792529034,
        "weight": 0.2008777956120983,
        "variations": {
          "polar": 0.193433617508872,
          "sinusoidal": 0.03971610527145819
        }
      },
      {
        "a": -0.06905828236020994,
        "b": -0.41766439233888986,
        "c": 0.10278093999977167,
        "d": 0.3351210132206919,
        "e": 0.01791047816133773,
        "f": -0.936457386687644,
        "color": 0.48642902774638697,
        "weight": 0.4885867980825017,
        "variations": {
          "swirl": 0.8123272596727901,
          "sinusoidal": 0.4977764688758147
        }
      }
    ],
    "num_points": 2362443,
    "gamma": 2.4323082463199617,
    "brightness": 1.2,
    "hue_rotation": 330.9695598908135
  }
}