{
  "seed": "9a16f66e-7744-4a8a-9810-b98c9c6e9821",
  "params": {
    "transforms": [
      {
        "a": -0.08431716409485257,
        "b": 0.062681855312956,
        "c": 0.1377012367170689,
        "d": -0.08088415341666977,
        "e": 1.152205633687105,
        "f": -1.2280668316017034,
        "color": 0.7377132583279555,
        "weight": 0.544575562703435,
        "variations": {
          "spherical": 0.11208923088631928,
          "linear": 0.48949131120272693,
          "polar": 0.8895755572273285
        }
      },
      {
        "a": 0.9761263395040451,
        "b": -0.1899350605951562,
        "c": -0.03424934936421531,
        "d": 0.021244435275229012,
        "e": 0.10566917617142213,
        "f": 0.5598181130289732,
        "color": 0.5658687611638026,
        "weight": 0.8204022686634358,
        "variations": {
          "heart": 0.43306028714073797,
          "polar": 0.20848171446466857,
          "sinusoidal": 0.8366655665110052
        }
      },
      {
        "a": 0.7307332287982813,
        "b": 0.23537569972299854,
        "c": -0.5460269049359103,
        "d": -0.3004272094668481,
        "e": -0.7881671029961748,
        "f": 1.2991525102097041,
        "color": 0.6915562289410857,
        "weight": 0.9911716402271599,
        "variations": {
          "polar": 0.9677878523812421,
          "sinusoidal": 0.7907290623969515,
          "spherical": 0.045140176715721014
        }
      },
      {
        "a": 0.893483304754894,
        "b": -0.39521884404301155,
        "c": 0.23003988943742604,
        "d": -0.7405257094118229,
        "e": 0.16063347034398934,
        "f": 1.105351236748323,
        "color": 0.340809906648612,
        "weight": 0.15624066228640815,
        "variations": {
          "heart": 0.12192411159489724
        }
      }
    ],
    "num_points": 1284461,
    "gamma": 2.2969793576380644,
    "brightness": 1.2,
    "hue_rotation": 296.889426311495
  }
}