{
  "seed": "10252369-fe3b-4860-aebe-229f4eec69ad",
  "params": {
    "transforms": [
      {
        "a": -0.7156655373185608,
        "b": 0.8569725416222995,
        "c": -0.9112941791685925,
        "d": 0.8400786601866335,
        "e": 0.43666653336669525,
        "f": 0.46596003662878793,
        "color": 0.8893322821871923,
        "weight": 0.690790465700803,
        "variations": {
          "heart": 0.9554018661692927,
          "swirl": 0.013217225312542213,
          "sinusoidal": 0.7819533541543301
        }
      },
      {
        "a": 0.03281827122463632,
        "b": 0.21460749154756043,
        "c": 0.9688632404792652,
        "d": 0.8294419176558472,
        "e": 1.4387223181840003,
        "f": 0.2526957287965592,
        "color": 0.7887951321822656,
        "weight": 0.5329072105382078,
        "variations": {
          "swirl": 0.8670162155324165,
          "heart": 0.5970477883582627,
          "spherical": 0.20272053642440235
        }
      },
      {
        "a": -0.16892257343196748,
        "b": -0.03181345583051898,
        "c": 0.24209367924305525,
        "d": 0.7882451127206698,
        "e": -0.44039719253860676,
        "f": 1.3738009740262824,
        "color": 0.8278669491842836,
        "weight": 0.966719906897885,
        "variations": {
          "spherical": 0.4640626211620428
        }
      },
      {
        "a": -0.8099170355517962,
        "b": 0.04388117850175943,
        "c": -0.9456758351607488,
        "d": 0.17244430769609465,
        "e": -0.3470521468306975,
        "f": -0.3638843873655666,
        "color": 0.8046242534651596,
        "weight": 0.4894914399241944,
        "variations": {
          "sinusoidal": 0.9198055767858966
        }
      }
    ],
    "num_points": 2128886,
    "gamma": 2.347886704094311,
    "brightness": 1.2,
    "hue_rotation": 135.02756943526424
  }
}