{
  "seed": "37edbaea-1c95-468d-b409-ce5829a14037",
  "params": {
    "transforms": [
      {
        "a": -0.9410444936864282,
        "b": -0.054571520777241256,
        "c": -0.6637443845310891,
        "d": -0.09977021717882062,
        "e": 0.7007432289630704,
        "f": -0.7459993295754822,
        "color": 0.1059267549557229,
        "weight": 0.28344439527493115,
        "variations": {
          "sinusoidal": 0.06257718233618093,
          "polar": 0.11033487314595058
        }
      },
      {
        "a": 0.8427503007409529,
        "b": -0.2320991161113437,
        "c": -0.8981303747471356,
        "d": -0.48456838125248614,
        "e": 0.6141524605675754,
        "f": -1.3705901211466915,
        "color": 0.32739470992259156,
        "weight": 0.5619454559737883,
        "variations": {
          "polar": 0.42133328808848625,
          "swirl": 0.5111045196143494
        }
      },
      {
        "a": 0.6811558083971245,
        "b": 0.12477565322478612,
        "c": 0.4758177292115344,
        "d": -0.9257694693585172,
        "e": 0.7142158348670731,
        "f": -0.8357065894477647,
        "color": 0.16454699192939082,
        "weight": 0.5509182472616833,
        "variations": {
          "spherical": 0.28565954482426326,
          "polar": 0.4499862542529469
        }
      }
    ],
    "num_points": 1689250,
    "gamma": 1.9187775693105533,
    "brightness": 1.2,
    "hue_rotation": 181.24652439356282
  }
}