{
  "seed": "32a84579-39e6-4988-811e-1a4d996e4141",
  "params": {
    "transforms": [
      {
        "a": 0.9712628625035742,
        "b": 0.6170866945015805,
        "c": 0.11985804918487886,
        "d": 0.45515627694004857,
        "e": 0.3091366070246382,
        "f": 0.7306601670688662,
        "color": 0.5328985439298657,
        "weight": 0.1378382226357865,
        "variations": {
          "spherical": 0.4614659280760153,
          "heart": 0.29348668983241544,
          "polar": 0.24658502421698025
        }
      },
      {
        "a": -0.9163114447386476,
        "b": 0.6307952778424868,
        "c": -0.6032999555332541,
        "d": 0.16046139774706702,
        "e": -0.4481002135659702,
        "f": -1.3967912287676163,
        "color": 0.46149625885198287,
        "weight": 0.2785203448978097,
        "variations": {
          "heart": 0.15921028867509024,
          "sinusoidal": 0.8473705515102926,
          "polar": 0.0868966301000832
        }
      }
    ],
    "num_points": 2664628,
    "gamma": 1.909668831928434,
    "brightness": 1.2,
    "hue_rotation": 88.62045257844447
  }
}