{
  "seed": "a598a194-19ea-4e44-9228-262d8a518fed",
  "params": {
    "transforms": [
      {
        "a": 0.14854702792810115,
        "b": 0.24053390123873686,
        "c": 0.8951055654140145,
        "d": -0.389424149074731,
        "e": 0.2512632499597429,
        "f": -1.0324471744604122,
        "color": 0.4459342333054386,
        "weight": 0.5413149350302698,
        "variations": {
          "heart": 0.7513558428909731,
          "swirl": 0.2597966750748377
        }
      },
      {
        "a": 0.11737317704826,
        "b": -0.6286478834151026,
        "c": -0.1391335081399867,
        "d": 0.3884042164116124,
        "e": 1.0189887996651081,
        "f": -1.0378494181057158,
        "color": 0.16511276622164472,
        "weight": 0.21488641254356386,
        "variations": {
          "polar": 0.35483796686873925
        }
      }
    ],
    "num_points": 1624024,
    "gamma": 1.9885071334137352,
    "brightness": 1.2,
    "hue_rotation": 185.77958404652196
  }
}