{
  "seed": "966f22d0-8ae0-44c3-86ce-374589a26c15",
  "params": {
    "transforms": [
      {
        "a": -0.42754097747513264,
        "b": 0.34419385639997735,
        "c": -0.017691115416537784,
        "d": 0.09559107730659266,
        "e": 1.029632718981858,
        "f": -0.18316729504903861,
        "color": 0.49319771805568036,
        "weight": 0.7092685627132341,
        "variations": {
          "swirl": 0.883266028956526
        }
      },
      {
        "a": 0.6361086394357589,
        "b": 0.2766145689572108,
        "c": -0.9785618199828832,
        "d": -0.9750912765507715,
        "e": -0.44499737703018827,
        "f": 0.031485528112148664,
        "color": 0.8166600266706787,
        "weight": 0.8834268564761455,
        "variations": {
          "linear": 0.8063474802490774
        }
      },
      {
        "a": 0.542962936536072,
        "b": 0.8130475905753023,
        "c": 0.723570332990985,
        "d": 0.12852684122234104,
        "e": 0.20334087544181845,
        "f": 0.6553771978412435,
        "color": 0.06170309800063156,
        "weight": 0.34625245839115526,
        "variations": {
          "sinusoidal": 0.08718465577079626,
          "polar": 0.03738348811693071,
          "heart": 0.11305672770735553
        }
      },
      {
        "a": -0.1290229515452328,
        "b": 0.9927941584615823,
        "c": -0.739913562056354,
        "d": -0.5914251624619336,
        "e": 1.1608556874794687,
        "f": 0.9122839657380162,
        "color": 0.9410300599775642,
        "weight": 0.2739420306323405,
        "variations": {
          "heart": 0.6896396840303715,
          "swirl": 0.057928970908090016,
          "sinusoidal": 0.776343140492337
        }
      }
    ],
    "num_points": 1547528,
    "gamma": 1.9058565290575722,
    "brightness": 1.2,
    "hue_rotation": 295.2192294669109
  }
}