{
  "seed": "38977d96-8e45-4d2c-b196-3bddde9a6e59",
  "params": {
    "transforms": [
      {
        "a": -0.2461191006062089,
        "b": 0.8270192527837357,
        "c": 0.26840317758172816,
        "d": 0.5544515166088142,
        "e": -0.22645896481887684,
        "f": 1.3529626882618606,
        "color": 0.8399959654820841,
        "weight": 0.7494269028785052,
        "variations": {
          "sinusoidal": 0.6472252114820256,
          "heart": 0.25800965981300517
        }
      },
      {
        "a": -0.2915427150850405,
        "b": 0.997494607347289,
        "c": -0.0420046697944354,
        "d": -0.968704050632198,
        "e": -0.9142821178684847,
        "f": -0.9065091144820645,
        "color": 0.06418279395878601,
        "weight": 0.4075204950659497,
        "variations": {
          "linear": 0.14343140199627036,
          "polar": 0.17915522492677893,
          "spherical": 0.831325064710343
        }
      },
      {
        "a": -0.39178303252472935,
        "b": 0.31349233156412515,
        "c": 0.7745176397680431,
        "d": -0.8591440923620521,
        "e": 0.6909020315399861,
        "f": -0.41274590323490434,
        "color": 0.7514967658143744,
        "weight": 0.8964798896158055,
        "variations": {
          "sinusoidal": 0.45904945837379574,
          "linear": 0.32416202849922315,
          "polar": 0.4531765893737044
        }
      }
    ],
    "num_points": 1260036,
    "gamma": 2.2728733836386845,
    "brightness": 1.2,
    "hue_rotation": 164.27059184152716
  }
}