{
  "seed": "543dbc4a-0a3d-4184-b306-c6cb6a523b44",
  "params": {
    "transforms": [
      {
        "a": 0.7451049683271955,
        "b": -0.38197800469341203,
        "c": 0.2839895619355295,
        "d": 0.46471523773518686,
        "e": 0.17729718955560725,
        "f": -0.18300664633332975,
        "color": 0.38348704625739605,
        "weight": 0.6326134282328899,
        "variations": {
          "spherical": 0.7028785485032975,
          "swirl": 0.3276401109630329
        }
      },
      {
        "a": -0.7936622905604613,
        "b": 0.10513544358438742,
        "c": 0.3060015533903062,
        "d": -0.9552689913123997,
        "e": 0.7739633903200969,
        "f": 1.0522464787001602,
        "color": 0.6835893245879242,
        "weight": 0.7455494783625907,
        "variations": {
          "swirl": 0.4336883673408449,
          "heart": 0.2149201517795063,
          "linear": 0.30821153904913345
        }
      },
      {
        "a": -0.3912015905374211,
        "b": 0.13979268725754923,
        "c": -0.7764958643717992,
        "d": -0.935996311072443,
        "e": -0.8062089688582053,
        "f": 0.9388666187901578,
        "color": 0.2867365938633115,
        "weight": 0.23585404583645697,
        "variations": {
          "sinusoidal": 0.5745768643883257,
          "spherical": 0.3770890608740587
        }
      },
      {
        "a": -0.8682855593494241,
        "b": 0.4415170230493044,
        "c": -0.02992736170664423,
        "d": 0.860713583820301,
        "e": 1.3040457289185596,
        "f": 0.7145221090136777,
        "color": 0.2864231672480497,
        "weight": 0.5494794953245727,
        "variations": {
          "polar": 0.3244545144071025
        }
      }
    ],
    "num_points": 1940369,
    "gamma": 1.984995511165215,
    "brightness": 1.2,
    "hue_rotation": 210.10403219241832
  }
}