{
  "seed": "55b0b445-88b7-4fa4-95eb-bfe9f4b10003",
  "params": {
    "transforms": [
      {
        "a": -0.20473446357463154,
        "b": -0.9661945869233466,
        "c": 0.7982695438177758,
        "d": 0.6032921203670474,
        "e": 0.07415612619920964,
        "f": 1.3185790687931869,
        "color": 0.022584421112325614,
        "weight": 0.523478055184169,
        "variations": {
          "linear": 0.7302101483749003,
          "swirl": 0.24301517155998031,
          "heart": 0.25860514101285703
        }
      },
      {
        "a": -0.39279699518814937,
        "b": 0.055408181483875385,
        "c": 0.08492324027029441,
        "d": -0.6908812027889801,
        "e": -1.4197316063576533,
        "f": 1.051760939351139,
        "color": 0.8109094086238424,
        "weight": 0.7957555595091161,
        "variations": {
          "spherical": 0.1397826016265873,
          "sinusoidal": 0.5696032911023138
        }
      },
      {
        "a": 0.7632584515739993,
        "b": 0.20239645701461195,
        "c": -0.5337981983027205,
        "d": 0.7543670397483093,
        "e": -0.03904211491586418,
        "f": -0.8464520960846129,
        "color": 0.3319521958760153,
        "weight": 0.150471797529299,
        "variations": {
          "polar": 0.9726767628953014
        }
      }
    ],
    "num_points": 2353489,
    "gamma": 2.1820150496453885,
    "brightness": 1.2,
    "hue_rotation": 266.8808493917776
  }
}