{
  "seed": "c81a9c21-a5cf-4103-97eb-d3158360077e",
  "params": {
    "transforms": [
      {
        "a": 0.6809855652769676,
        "b": -0.9664274697892554,
        "c": 0.9523668871628421,
        "d": 0.43115282441316594,
        "e": 0.4190608710256465,
        "f": -0.23278124171789738,
        "color": 0.08557654368432865,
        "weight": 0.8309943986746053,
        "variations": {
          "sinusoidal": 0.0634086090111875
        }
      },
      {
        "a": 0.012402478585048504,
        "b": 0.15861042144469084,
        "c": 0.515366161709637,
        "d": 0.7667723312072052,
        "e": -1.2593009329104747,
        "f": 1.4416916792899204,
        "color": 0.7075544194842965,
        "weight": 0.2880281697247551,
        "variations": {
          "heart": 0.3656332162523549,
          "sinusoidal": 0.54913106427235
        }
      },
      {
        "a": 0.30482259354218844,
        "b": 0.6206658572302584,
        "c": -0.033436256122614916,
        "d": -0.8471910505315698,
        "e": 1.0452105944851255,
        "f": -1.0122854813505513,
        "color": 0.4673845783924748,
        "weight": 0.5214184183928448,
        "variations": {
          "polar": 0.5907689284840385,
          "spherical": 0.07557195312425946,
          "linear": 0.88600554897582
        }
      }
    ],
    "num_points": 1813116,
    "gamma": 2.2649004762083407,
    "brightness": 1.2,
    "hue_rotation": 265.50236195634915
  }
}