{
  "seed": "0a64db42-51b9-4181-8c75-accbadc40d3a",
  "params": {
    "transforms": [
      {
        "a": 0.5765781557654555,
        "b": -0.45166297533725563,
        "c": -0.7092456608741742,
        "d": -0.5977498012945113,
        "e": -1.1598181415850137,
        "f": 0.9739158878122858,
        "color": 0.4540731179490901,
        "weight": 0.4202330481324664,
        "variations": {
          "linear": 0.35711679658962026,
          "spherical": 0.780072494895293,
          "heart": 0.7382993441486823
        }
      },
      {
        "a": 0.6035233055252527,
        "b": 0.4228586120995832,
        "c": 0.2415321302357163,
        "d": 0.7515086305577021,
        "e": 0.33337808567487315,
        "f": 0.08931642062237799,
        "color": 0.9772005171055569,
        "weight": 0.7403392226967371,
        "variations": {
          "swirl": 0.01784067166843284
        }
      }
    ],
    "num_points": 2769368,
    "gamma": 2.4221274428097157,
    "brightness": 1.2,
    "hue_rotation": 76.72586097352564
  }
}