{
  "seed": "158f751c-1182-4050-8dac-bd2728629f3b-563",
  "parameters": {
    "num_transforms": 4,
    "transforms": [
      {
        "a": -1.1615864193681613,
        "b": -0.46545932962798386,
        "c": -0.6781993916088914,
        "d": -1.4077528651627689,
        "e": 0.977581065886568,
        "f": -1.1496532609311516,
        "color": 0.816785994423236,
        "variations": {
          "polar": 0.8572529824469876,
          "hyperbolic": 0.7421783144829814,
          "swirl": 0.0,
          "horseshoe": 0.11473729380838094
        },
        "weight": 0.9030676146142355
      },
      {
        "a": 0.33100338503385984,
        "b": -1.0345895462547252,
        "c": 1.125198460375608,
        "d": -0.8852359077713261,
        "e": 0.8264807952067166,
        "f": 1.2646810996405788,
        "color": 0.32679769150217186,
        "variations": {
          "spiral": 0.840475083707697,
          "handkerchief": 0.0
        },
        "weight": 1.2336909380749583
      },
      {
        "a": 1.2499576007716673,
        "b": 0.9869842460584963,
        "c": 0.15366465556844489,
        "d": 0.4781849814323138,
        "e": -0.7206808550597041,
        "f": -0.7669462059955106,
        "color": 0.11738578094060215,
        "variations": {
          "swirl": 0.0,
          "linear": 0.0
        },
        "weight": 1.9854150524520713
      },
      {
        "a": -0.524655303787525,
        "b": -1.1292906840303758,
        "c": -0.09142528027427277,
        "d": 0.9274745994792575,
        "e": -1.3988823942921544,
        "f": 0.6038757946236304,
        "color": 0.6565739012591967,
        "variations": {
          "spherical": 0.0,
          "linear": 0.8240809702306419,
          "polar": 0.8883525968771093
        },
        "weight": 1.491022024135869
      }
    ],
    "num_points": 3747146,
    "gamma": 3.5253940172564073,
    "brightness": 1.2923958541266778,
    "contrast": 1.929264113882452,
    "hue_rotation": 7.778899741343985
  }
}