{
  "seed": "476be298-06f9-4061-9870-a53c3a4d021a",
  "params": {
    "transforms": [
      {
        "a": 0.31452793150045677,
        "b": -0.04193402196935292,
        "c": -0.7885328489538077,
        "d": -0.16744657932253748,
        "e": -0.7790871820387524,
        "f": -0.9928319378944154,
        "color": 0.5542218913411125,
        "weight": 0.48175951817368723,
        "variations": {
          "swirl": 0.4077012335450556,
          "sinusoidal": 0.32263377627950685
        }
      },
      {
        "a": 0.526218186597887,
        "b": 0.9798925009591934,
        "c": 0.3677850057156702,
        "d": 0.5850969994678084,
        "e": -1.3294540412867772,
        "f": 0.8016278724066499,
        "color": 0.7284124647047935,
        "weight": 0.395114240168035,
        "variations": {
          "spherical": 0.007650700257895382,
          "polar": 0.7960978304334869
        }
      }
    ],
    "num_points": 2790914,
    "gamma": 2.044966886275345,
    "brightness": 1.2,
    "hue_rotation": 343.6548028804301
  }
}