{
  "seed": "f7312f5b-b4bc-48c7-b800-531b81b44d71",
  "params": {
    "transforms": [
      {
        "a": 0.31372504142448365,
        "b": 0.5338067546292875,
        "c": -0.35040479902798394,
        "d": -0.057458599152213186,
        "e": 1.4994483066908906,
        "f": -0.39434301790640136,
        "color": 0.018818267778193842,
        "weight": 0.957980355436862,
        "variations": {
          "spherical": 0.8034743379843213
        }
      },
      {
        "a": 0.5019612013776971,
        "b": -0.9247049963247647,
        "c": 0.06040974237565555,
        "d": 0.7545975836150769,
        "e": -0.41247960752888146,
        "f": 0.3238338044421005,
        "color": 0.8748927170416577,
        "weight": 0.9546625140351264,
        "variations": {
          "sinusoidal": 0.010628540691873356,
          "linear": 0.7171615288773232
        }
      },
      {
        "a": 0.6901115424130848,
        "b": 0.787664146061986,
        "c": -0.9238858174786511,
        "d": 0.14755542670662525,
        "e": -1.034551918549473,
        "f": -0.1533064792198533,
        "color": 0.12299441506606901,
        "weight": 0.63841837688881,
        "variations": {
          "sinusoidal": 0.9951804114829682,
          "swirl": 0.763866787193591,
          "linear": 0.37704608933383277
        }
      }
    ],
    "num_points": 2652777,
    "gamma": 2.462598014866697,
    "brightness": 1.2,
    "hue_rotation": 40.47563661115581
  }
}