{
  "seed": "88e1a06c-84ad-4985-9e2a-af6255e34de8",
  "params": {
    "transforms": [
      {
        "a": -0.2593835015980759,
        "b": -0.8051132226797202,
        "c": 0.949588677024547,
        "d": 0.6856849399244094,
        "e": -0.43416844603883686,
        "f": -0.16908670161591743,
        "color": 0.6912264506108543,
        "weight": 0.2268524658008636,
        "variations": {
          "swirl": 0.30442186598513277,
          "linear": 0.1063580070721295
        }
      },
      {
        "a": -0.21044154994639608,
        "b": -0.4051303097197998,
        "c": -0.46636111629147314,
        "d": 0.17465354048740966,
        "e": -1.0087278894016316,
        "f": -1.0416109672543492,
        "color": 0.560168222673776,
        "weight": 0.16913919630191432,
        "variations": {
          "spherical": 0.21752748283302836
        }
      },
      {
        "a": -0.8513915826928002,
        "b": -0.9589218018977084,
        "c": 0.25333673959154357,
        "d": -0.7111684358294608,
        "e": -0.005821231247883585,
        "f": 0.20582104930246725,
        "color": 0.1850297225228429,
        "weight": 0.4431222573917113,
        "variations": {
          "sinusoidal": 0.18810451559171204
        }
      }
    ],
    "num_points": 1035688,
    "gamma": 2.283929743129899,
    "brightness": 1.2,
    "hue_rotation": 354.9497537253961
  }
}