{
  "seed": "3f155317-2c8f-4d52-b722-6568df48ac72",
  "params": {
    "transforms": [
      {
        "a": 0.28823106475087923,
        "b": -0.5644162938214556,
        "c": -0.6444179570324138,
        "d": -0.31575304738207954,
        "e": 0.8128909257815513,
        "f": 0.00395216841142898,
        "color": 0.3453371016227572,
        "weight": 0.6316636430389795,
        "variations": {
          "spherical": 0.4055358224672586,
          "polar": 0.7702770296085433
        }
      },
      {
        "a": -0.06640583007597689,
        "b": 0.1619601121267118,
        "c": -0.9938529618378313,
        "d": -0.09287996671722021,
        "e": -1.3933649375136032,
        "f": -0.5587285605076433,
        "color": 0.8754545679633354,
        "weight": 0.5804034536747039,
        "variations": {
          "linear": 0.36703852560257,
          "spherical": 0.8246256091755352
        }
      }
    ],
    "num_points": 2543922,
    "gamma": 2.0117683163438063,
    "brightness": 1.2,
    "hue_rotation": 96.72989306627441
  }
}