{
  "seed": "55d95555-9b97-48b5-b5dc-2a0e2e4b1be4",
  "params": {
    "transforms": [
      {
        "a": 0.4894936965059544,
        "b": -0.36985119119347964,
        "c": 0.04491267816954836,
        "d": 0.0895950428482466,
        "e": -0.11200122081014463,
        "f": 0.2078135013920721,
        "color": 0.9480498448335275,
        "weight": 0.37661426666169373,
        "variations": {
          "swirl": 0.621234261269417,
          "spherical": 0.611713277385922,
          "sinusoidal": 0.1606136229865529
        }
      },
      {
        "a": -0.6118121607799216,
        "b": 0.48204857367162757,
        "c": 0.5802298840716098,
        "d": -0.1333603559823766,
        "e": 0.05149150173142747,
        "f": 0.5756816551488946,
        "color": 0.9446789021004404,
        "weight": 0.5420851875841906,
        "variations": {
          "sinusoidal": 0.3788182633122843
        }
      },
      {
        "a": -0.42731894951544924,
        "b": -0.022012384106006033,
        "c": -0.5781827989859807,
        "d": 0.35568539905761054,
        "e": 0.9393512192629889,
        "f": 0.6282815282094614,
        "color": 0.22095241859280323,
        "weight": 0.13551845741878263,
        "variations": {
          "swirl": 0.32537102620162994,
          "sinusoidal": 0.8448065106547685
        }
      },
      {
        "a": -0.1402639713252638,
        "b": -0.9937917002807295,
        "c": 0.31387644049360186,
        "d": 0.7246241091351868,
        "e": 1.2574271567985642,
        "f": 0.10680069031616046,
        "color": 0.6254829974309795,
        "weight": 0.465177024078798,
        "variations": {
          "spherical": 0.2254126184707662,
          "linear": 0.7480680828411846,
          "heart": 0.9894717506213148
        }
      }
    ],
    "num_points": 1564744,
    "gamma": 1.9796484034354525,
    "brightness": 1.2,
    "hue_rotation": 307.834902047357
  }
}