{
  "seed": "bfcb7f8f-f343-4f42-a326-45ee7c0a2bb5",
  "params": {
    "transforms": [
      {
        "a": 0.39924922424854725,
        "b": 0.9377178721122439,
        "c": -0.8975966567643288,
        "d": 0.07016744278612275,
        "e": 0.08675906612769868,
        "f": -1.0604378931659162,
        "color": 0.8482947641717216,
        "weight": 0.7727448529465138,
        "variations": {
          "swirl": 0.5726200753046341,
          "linear": 0.8556641163047696,
          "spherical": 0.8658144782490101
        }
      },
      {
        "a": -0.9410796177577658,
        "b": -0.7203128429611456,
        "c": 0.8188611748236327,
        "d": -0.9308052602347221,
        "e": -0.5787990535271345,
        "f": -0.8863251423071359,
        "color": 0.4493078221217398,
        "weight": 0.8665830679763422,
        "variations": {
          "heart": 0.722046359670517
        }
      },
      {
        "a": -0.13345283672235486,
        "b": -0.10723527654056975,
        "c": -0.6711978583416727,
        "d": 0.7453548598657158,
        "e": 1.320454384897836,
        "f": -1.4972895785042808,
        "color": 0.768308347361543,
        "weight": 0.2625701957375105,
        "variations": {
          "swirl": 0.01265207855815853
        }
      }
    ],
    "num_points": 1829001,
    "gamma": 1.8416621599676646,
    "brightness": 1.2,
    "hue_rotation": 84.70956661981401
  }
}