{
  "seed": "755ae3a1-6fd3-4222-ab62-bd8e38c25101",
  "params": {
    "transforms": [
      {
        "a": -0.6405417720501363,
        "b": 0.1186941033985276,
        "c": -0.8735682786229764,
        "d": -0.01713537139133492,
        "e": 1.029714548693998,
        "f": -0.9274400685568582,
        "color": 0.04841258188583575,
        "weight": 0.7875006082064026,
        "variations": {
          "polar": 0.004013672966009407,
          "heart": 0.8372158851877143
        }
      },
      {
        "a": 0.038704929768579976,
        "b": -0.9445374020885318,
        "c": -0.7170837036335271,
        "d": 0.05428370922538117,
        "e": 0.9907058856808453,
        "f": -0.24196706856291295,
        "color": 0.6722158267905067,
        "weight": 0.189508223416484,
        "variations": {
          "heart": 0.674936397740693,
          "polar": 0.45682278572808566
        }
      },
      {
        "a": -0.004222379607861759,
        "b": -0.012272181969096074,
        "c": -0.715984300830796,
        "d": 0.6570100311178522,
        "e": -0.5914509514029259,
        "f": -1.0091355780802398,
        "color": 0.7293573534225612,
        "weight": 0.9666605646716695,
        "variations": {
          "polar": 0.25723743973889257
        }
      }
    ],
    "num_points": 1235175,
    "gamma": 2.310715595414342,
    "brightness": 1.2,
    "hue_rotation": 72.31386851399772
  }
}