{
  "seed": "8c10ff2d-d242-446f-9a6f-f1cba3a29a3f",
  "params": {
    "transforms": [
      {
        "a": -0.10319067692042139,
        "b": -0.08270749083215723,
        "c": -0.7825817980615786,
        "d": 0.34833734381503145,
        "e": 1.2808614191163814,
        "f": 1.4897182775007405,
        "color": 0.3836345729639221,
        "weight": 0.7265595773431386,
        "variations": {
          "spherical": 0.6307966309603975
        }
      },
      {
        "a": 0.5701038855214879,
        "b": 0.6531404790329376,
        "c": -0.8228356754666843,
        "d": -0.22812701559893145,
        "e": 0.18626617053791072,
        "f": -1.3329637114253905,
        "color": 0.9546319988224354,
        "weight": 0.3700431490980637,
        "variations": {
          "sinusoidal": 0.8364932704315188,
          "swirl": 0.40673330427245624,
          "linear": 0.05114012886314956
        }
      },
      {
        "a": -0.5621894298073802,
        "b": -0.7789789375247715,
        "c": -0.6087818657652766,
        "d": -0.6148791200356218,
        "e": 0.598518008191304,
        "f": -0.7851676338500839,
        "color": 0.1401327108571988,
        "weight": 0.6913354865254303,
        "variations": {
          "heart": 0.9974858421012889,
          "swirl": 0.581034155874593,
          "spherical": 0.5789811294088957
        }
      },
      {
        "a": 0.38875772979215606,
        "b": -0.7944288068016296,
        "c": -0.4898804947617248,
        "d": -0.8383657159587503,
        "e": 0.34177324048114377,
        "f": 0.3253731012134309,
        "color": 0.31502437069739,
        "weight": 0.6206864253590447,
        "variations": {
          "swirl": 0.6837274516844838
        }
      }
    ],
    "num_points": 2168069,
    "gamma": 2.233603402898697,
    "brightness": 1.2,
    "hue_rotation": 239.03926822608767
  }
}