{
  "seed": "422c7078-792c-4259-b6bc-291bbb6c9a71",
  "params": {
    "transforms": [
      {
        "a": -0.6692911470945746,
        "b": 0.700768411360607,
        "c": -0.8159707851663716,
        "d": 0.38461723049060415,
        "e": 0.2552847124241264,
        "f": -0.5702574237652127,
        "color": 0.424088288871751,
        "weight": 0.18499388579254306,
        "variations": {
          "sinusoidal": 0.004758568495300763
        }
      },
      {
        "a": 0.42081929367046933,
        "b": 0.02491052520867032,
        "c": -0.33429977804670585,
        "d": 0.858466128075217,
        "e": 0.675545896034822,
        "f": 1.1737813751068171,
        "color": 0.5781200770338302,
        "weight": 0.2769933618821249,
        "variations": {
          "linear": 0.9968042877306498,
          "sinusoidal": 0.592941495502873,
          "swirl": 0.8082039399476207
        }
      },
      {
        "a": 0.02837891598515263,
        "b": 0.32390911007904366,
        "c": -0.9542153531984741,
        "d": 0.46996736530999117,
        "e": -0.8820376673876245,
        "f": -0.9665771612767725,
        "color": 0.048002923572362466,
        "weight": 0.36108757463671537,
        "variations": {
          "sinusoidal": 0.1845555555346754
        }
      }
    ],
    "num_points": 1132839,
    "gamma": 2.395968676333892,
    "brightness": 1.2,
    "hue_rotation": 269.11834868375854
  }
}