{
  "seed": "0c17c941-6e55-4e96-a2a6-785f5fdc9587",
  "params": {
    "transforms": [
      {
        "a": -0.2080497929905356,
        "b": 0.8261547539662213,
        "c": -0.4457944276698971,
        "d": -0.58788752456994,
        "e": 0.20877611790930928,
        "f": 0.4431320472974192,
        "color": 0.3465896837543089,
        "weight": 0.8321799826789376,
        "variations": {
          "heart": 0.01226366368001186,
          "swirl": 0.8706678844479296,
          "linear": 0.7316443678699164
        }
      },
      {
        "a": -0.999776728402721,
        "b": 0.6156033275969639,
        "c": -0.7548255943723781,
        "d": -0.43602717937192925,
        "e": 1.3782863411295954,
        "f": 1.2287754027569213,
        "color": 0.9631090361459548,
        "weight": 0.39481846907024176,
        "variations": {
          "heart": 0.9404074226232932,
          "polar": 0.871188789535548,
          "linear": 0.8673708334297182
        }
      },
      {
        "a": -0.6488120427134605,
        "b": -0.6288989722145562,
        "c": 0.9530574542051609,
        "d": 0.8939123666935598,
        "e": 0.3574037436266111,
        "f": -0.8631537152230534,
        "color": 0.9432215553307205,
        "weight": 0.2133084082102512,
        "variations": {
          "polar": 0.34446548946777855
        }
      },
      {
        "a": -0.1846528319065528,
        "b": -0.5415236927578855,
        "c": 0.25643232896113166,
        "d": 0.9485466123565731,
        "e": 0.8976349584372265,
        "f": -0.03808090320444757,
        "color": 0.8356033225209819,
        "weight": 0.18272615698004324,
        "variations": {
          "swirl": 0.166051194711764,
          "heart": 0.3504193809318492
        }
      }
    ],
    "num_points": 2510682,
    "gamma": 2.319542107342777,
    "brightness": 1.2,
    "hue_rotation": 42.32128826791697
  }
}