{
  "seed": "8098054c-4568-4db7-863f-bd6dd83967d0",
  "params": {
    "transforms": [
      {
        "a": -0.47364510025890394,
        "b": -0.8110522123562847,
        "c": 0.897799313022378,
        "d": -0.027417516819870036,
        "e": -0.23375130356318663,
        "f": 0.2554312613319474,
        "color": 0.7535734596510218,
        "weight": 0.5078283667156854,
        "variations": {
          "swirl": 0.731132131449493
        }
      },
      {
        "a": -0.0818639809780084,
        "b": 0.19238385367864308,
        "c": 0.9983319734261116,
        "d": 0.22403679845143865,
        "e": -0.679410141882776,
        "f": -0.23234718205803828,
        "color": 0.3393204627983346,
        "weight": 0.6986214603240803,
        "variations": {
          "heart": 0.6755775026963909,
          "swirl": 0.3860632920493746
        }
      }
    ],
    "num_points": 1685340,
    "gamma": 2.4807352290795546,
    "brightness": 1.2,
    "hue_rotation": 97.49066743236652
  }
}