{
  "seed": "76f1c41d-8ff7-4c10-968b-6e1bbba49fc8",
  "params": {
    "transforms": [
      {
        "a": 0.19157459322883863,
        "b": -0.8427839366441723,
        "c": 0.096002478815709,
        "d": -0.9074451742151617,
        "e": 0.886435153380075,
        "f": 0.06388004852154827,
        "color": 0.30718256826295276,
        "weight": 0.24864649655674362,
        "variations": {
          "swirl": 0.2665373887509599,
          "sinusoidal": 0.549387237967472
        }
      },
      {
        "a": -0.9699452784319009,
        "b": 0.016880202677894696,
        "c": 0.5916621652624576,
        "d": 0.5354758607013481,
        "e": 0.3369609442750787,
        "f": -0.8410879757447325,
        "color": 0.052392269182126694,
        "weight": 0.71011175287593,
        "variations": {
          "heart": 0.21721631531276486
        }
      },
      {
        "a": 0.1326600887819669,
        "b": -0.07674545144022904,
        "c": 0.9732348589409423,
        "d": -0.007957999254336823,
        "e": 0.2719809106141793,
        "f": 0.9277000647314915,
        "color": 0.4032141749307556,
        "weight": 0.9557700803701057,
        "variations": {
          "sinusoidal": 0.06334950248398297,
          "heart": 0.9222010878531097,
          "swirl": 0.9210439486167858
        }
      },
      {
        "a": -0.008538163607467508,
        "b": -0.8112335725057445,
        "c": 0.9574775186444306,
        "d": 0.300356179965495,
        "e": 0.11605963206815817,
        "f": -0.7544295912440263,
        "color": 0.7881669561973236,
        "weight": 0.3747983977377999,
        "variations": {
          "sinusoidal": 0.20107706245905588,
          "spherical": 0.8297490856183363
        }
      }
    ],
    "num_points": 1859234,
    "gamma": 2.2754751006308775,
    "brightness": 1.2,
    "hue_rotation": 350.75824549203577
  }
}