{
  "seed": "4bf090ad-f63f-42cd-acb8-26abf455956e",
  "params": {
    "transforms": [
      {
        "a": -0.38445212171765886,
        "b": -0.07720216760415921,
        "c": 0.8053936431160664,
        "d": 0.12593401289365436,
        "e": -0.41251390242879005,
        "f": -1.0304987010823905,
        "color": 0.5508689682888868,
        "weight": 0.8325728325674231,
        "variations": {
          "polar": 0.32661989223231225,
          "sinusoidal": 0.9152098587593684,
          "linear": 0.5329454350677214
        }
      },
      {
        "a": -0.6076974204163335,
        "b": 0.6102666831752395,
        "c": -0.07206733549117317,
        "d": -0.31683066282530103,
        "e": -1.4911944826448182,
        "f": -0.3666771665456574,
        "color": 0.8201323104838506,
        "weight": 0.6404091486481938,
        "variations": {
          "spherical": 0.6919409530893882,
          "sinusoidal": 0.9595744121425168,
          "polar": 0.251679324270925
        }
      },
      {
        "a": -0.08463927170111751,
        "b": 0.7829081824344193,
        "c": 0.12235384116227443,
        "d": 0.8099370587542101,
        "e": 0.7210677558804766,
        "f": 0.5426508707318627,
        "color": 0.6979782913297252,
        "weight": 0.6380666472022931,
        "variations": {
          "sinusoidal": 0.06651034952967005
        }
      }
    ],
    "num_points": 1609145,
    "gamma": 2.4506256260890273,
    "brightness": 1.2,
    "hue_rotation": 141.1504845548455
  }
}