{
  "seed": "588c5df9-3c8b-406d-ba94-090e99851181",
  "params": {
    "transforms": [
      {
        "a": -0.19029035524829152,
        "b": 0.692279583851634,
        "c": -0.0019611058786128677,
        "d": -0.38041203611850816,
        "e": -1.3616307171568014,
        "f": -0.6979355017125305,
        "color": 0.9854576187492303,
        "weight": 0.46183963521091387,
        "variations": {
          "linear": 0.13810157476482654,
          "heart": 0.5204111078980916
        }
      },
      {
        "a": 0.9570113774645901,
        "b": 0.22097134279680009,
        "c": 0.36742862131449416,
        "d": -0.3043754173031441,
        "e": 1.16766744260788,
        "f": -0.24986486759453053,
        "color": 0.26650598712409357,
        "weight": 0.8768595439256965,
        "variations": {
          "spherical": 0.77547232519258
        }
      },
      {
        "a": 0.9154435209709706,
        "b": 0.5428835765209135,
        "c": -0.9332947163283081,
        "d": -0.24826716926146242,
        "e": -0.4194910872894435,
        "f": -1.0523861617899841,
        "color": 0.6837102058250039,
        "weight": 0.8604261472786626,
        "variations": {
          "swirl": 0.742637717858671
        }
      }
    ],
    "num_points": 1745472,
    "gamma": 2.022155749970879,
    "brightness": 1.2,
    "hue_rotation": 351.41046768931585
  }
}