{
  "seed": "f45336f3-7f96-4ad6-9806-8a945c24e81c",
  "params": {
    "transforms": [
      {
        "a": -0.8862883258325833,
        "b": 0.908088231139337,
        "c": 0.2974592364816919,
        "d": 0.2611583738127776,
        "e": 0.05280026069690624,
        "f": 1.2386605737695913,
        "color": 0.4163939420863829,
        "weight": 0.22001442572488591,
        "variations": {
          "sinusoidal": 0.10027424856802658,
          "spherical": 0.6890262257099172
        }
      },
      {
        "a": -0.7725800742661026,
        "b": -0.6991203443952947,
        "c": 0.3343234509613382,
        "d": -0.5566707414278,
        "e": -0.20096710960246034,
        "f": -0.3489455188247841,
        "color": 0.9426797026797221,
        "weight": 0.33623459394203453,
        "variations": {
          "spherical": 0.04954592899884924,
          "polar": 0.5519096067249466,
          "swirl": 0.16361637217041125
        }
      }
    ],
    "num_points": 2319302,
    "gamma": 2.317487896159184,
    "brightness": 1.2,
    "hue_rotation": 349.8346819919206
  }
}