{
  "seed": "bd19c7fc-ed4d-461d-ae0c-1dc362c623e6",
  "params": {
    "transforms": [
      {
        "a": 0.900267080832202,
        "b": 0.08422724251183689,
        "c": -0.10947191232875753,
        "d": -0.23180796110072754,
        "e": -0.5872376784901016,
        "f": -0.09315478476266681,
        "color": 0.5234277088199906,
        "weight": 0.294420671180444,
        "variations": {
          "sinusoidal": 0.7138868850772034,
          "spherical": 0.5628333239094829,
          "swirl": 0.9439198420666456
        }
      },
      {
        "a": -0.5212729251090482,
        "b": -0.7548839048735161,
        "c": 0.3258287479126958,
        "d": 0.5251871701898105,
        "e": 0.5105854891227484,
        "f": 0.28972828489538793,
        "color": 0.35585449541669645,
        "weight": 0.3792968892675215,
        "variations": {
          "heart": 0.030207480050467916,
          "sinusoidal": 0.8690996647466448
        }
      },
      {
        "a": 0.4534216186423172,
        "b": 0.586993195751675,
        "c": 0.9595537289415037,
        "d": -0.9911015625228454,
        "e": -0.9431768038514414,
        "f": 0.43169757413530085,
        "color": 0.04160698913666461,
        "weight": 0.6527393897848297,
        "variations": {
          "sinusoidal": 0.1682172131132028,
          "swirl": 0.06374542541289308,
          "spherical": 0.09542731554832218
        }
      },
      {
        "a": 0.6802231841989161,
        "b": 0.09080034785148072,
        "c": 0.08795797382424664,
        "d": 0.4759386687980054,
        "e": -0.9127644021607997,
        "f": 0.22913344790176726,
        "color": 0.7562630471317371,
        "weight": 0.3749752362204267,
        "variations": {
          "sinusoidal": 0.7372350859253306,
          "heart": 0.1902482131005373
        }
      }
    ],
    "num_points": 1341034,
    "gamma": 2.4910322930140865,
    "brightness": 1.2,
    "hue_rotation": 147.52880660020378
  }
}