{
  "seed": "087c57d1-7067-420e-9fee-b00a9aaf4d54-31",
  "parameters": {
    "num_transforms": 2,
    "transforms": [
      {
        "a": 0.8476017705400576,
        "b": 1.2315349064506682,
        "c": -0.9065363202288312,
        "d": -0.7285759877721886,
        "e": 0.12787064726349517,
        "f": 0.8382629798696555,
        "color": 0.8793605777724939,
        "variations": {
          "handkerchief": 0.016658641544022523,
          "swirl": 0.46216666089601566,
          "linear": 0.9183569706244847
        },
        "weight": 1.622273942597197
      },
      {
        "a": 0.36417164057833595,
        "b": 0.7228858355805352,
        "c": -0.23040998279089453,
        "d": 1.4825101539470316,
        "e": 1.0335624589611303,
        "f": 0.9099670539882587,
        "color": 0.7133492544690188,
        "variations": {
          "polar": 0.4290609787317189,
          "horseshoe": 0.3655275435920866,
          "hyperbolic": 0.36865198201480565
        },
        "weight": 1.141867697771768
      }
    ],
    "num_points": 3596464,
    "gamma": 3.7771328771437656,
    "brightness": 1.2743835600496818,
    "contrast": 1.7726925804402716,
    "hue_rotation": 339.8972271924213
  }
}