{
  "seed": "2c02dcfc-d3cc-41cc-95ac-d209104a4f92",
  "params": {
    "transforms": [
      {
        "a": -0.4112886306886703,
        "b": -0.013151770787997563,
        "c": 0.08410087019840584,
        "d": 0.6414883697685496,
        "e": 0.8584431949971223,
        "f": 0.9080712533564479,
        "color": 0.5032888569104241,
        "weight": 0.37070893285116124,
        "variations": {
          "sinusoidal": 0.3304428429480267,
          "spherical": 0.03191475513897324
        }
      },
      {
        "a": -0.2739317809209312,
        "b": 0.5854358177067802,
        "c": -0.9031775425131208,
        "d": 0.760677458717443,
        "e": -0.8497223323379429,
        "f": -0.3463930733917291,
        "color": 0.2022706323597423,
        "weight": 0.9818536228379042,
        "variations": {
          "polar": 0.3032301541780593,
          "heart": 0.6867445904560491
        }
      },
      {
        "a": -0.7958980289454078,
        "b": -0.7662194865406968,
        "c": 0.3583208324884619,
        "d": 0.7548442975582632,
        "e": 0.7759823678477744,
        "f": -1.0716559704529875,
        "color": 0.500186111242771,
        "weight": 0.23442322489356113,
        "variations": {
          "heart": 0.5252276596329768,
          "spherical": 0.04289744993822542,
          "linear": 0.9220679151256616
        }
      },
      {
        "a": 0.43362790008963614,
        "b": -0.5682160719686922,
        "c": 0.6076018744436948,
        "d": 0.19022770966391933,
        "e": 0.7261558397119479,
        "f": -0.7409976395637642,
        "color": 0.9461032499785353,
        "weight": 0.2881651643057873,
        "variations": {
          "spherical": 0.3172407463920479
        }
      }
    ],
    "num_points": 1072281,
    "gamma": 2.292449850627891,
    "brightness": 1.2,
    "hue_rotation": 224.2896374754266
  }
}