{
  "seed": "f4347c90-5c21-475e-a3c0-08e3f4c1e5a5",
  "params": {
    "transforms": [
      {
        "a": -0.3910012162065133,
        "b": -0.6203711795963387,
        "c": 0.5010264218034763,
        "d": -0.9060321715921071,
        "e": -0.06844448192979025,
        "f": 0.10764020557429133,
        "color": 0.18929516533344926,
        "weight": 0.7703087947484025,
        "variations": {
          "sinusoidal": 0.6463928372600553
        }
      },
      {
        "a": -0.5169756687423843,
        "b": -0.9417848128151476,
        "c": -0.14349647721926373,
        "d": -0.3796611387245319,
        "e": -1.2688252498299821,
        "f": 0.052360749120686556,
        "color": 0.6950098885037597,
        "weight": 0.1461169790969348,
        "variations": {
          "spherical": 0.30682821192891696,
          "linear": 0.5235937552110518,
          "sinusoidal": 0.9624265876194995
        }
      }
    ],
    "num_points": 2550188,
    "gamma": 1.9566091744464225,
    "brightness": 1.2,
    "hue_rotation": 79.21575499116375
  }
}