{
  "seed": "c1463676-be7a-4430-94b2-213f2eaa3c9e",
  "params": {
    "transforms": [
      {
        "a": -0.8359843140016461,
        "b": -0.06065677563067706,
        "c": -0.08703837601461228,
        "d": -0.38465265847579855,
        "e": 1.1584132775338851,
        "f": -0.9445099318476239,
        "color": 0.7226408998822076,
        "weight": 0.6046762356374318,
        "variations": {
          "linear": 0.8159299943677
        }
      },
      {
        "a": -0.43957224235795445,
        "b": -0.02101006979521003,
        "c": 0.3456544550427969,
        "d": -0.8809354708803403,
        "e": -0.952577401415801,
        "f": 0.43212103471962093,
        "color": 0.5581162914522181,
        "weight": 0.6995545229537382,
        "variations": {
          "linear": 0.8252805161751839,
          "swirl": 0.4795641376895945,
          "sinusoidal": 0.29590078265407005
        }
      },
      {
        "a": -0.7872651082735316,
        "b": 0.4773811416180209,
        "c": 0.8406750761952035,
        "d": -0.7065887344256132,
        "e": -1.3872273461085065,
        "f": 1.4264326375684568,
        "color": 0.5947954759845443,
        "weight": 0.24632343187457606,
        "variations": {
          "spherical": 0.11909434219920911,
          "swirl": 0.33162121185188065
        }
      }
    ],
    "num_points": 1257694,
    "gamma": 2.320689897627318,
    "brightness": 1.2,
    "hue_rotation": 299.81474693945495
  }
}