{
  "seed": "a4e9b6c9-48da-430b-b4c2-719969818d6d",
  "params": {
    "transforms": [
      {
        "a": -0.2699248736898159,
        "b": 0.24526019921657327,
        "c": -0.5152978047705881,
        "d": -0.8920231592318724,
        "e": -0.45002523881708445,
        "f": 0.5844583416220566,
        "color": 0.3967955826393861,
        "weight": 0.2382026976508836,
        "variations": {
          "heart": 0.8553757495345273,
          "swirl": 0.8354459292639991
        }
      },
      {
        "a": 0.07523676052156514,
        "b": -0.1235879826057158,
        "c": -0.868136125072146,
        "d": -0.596845770928629,
        "e": -0.5829705000956211,
        "f": -0.6916010250682088,
        "color": 0.12356696869065564,
        "weight": 0.150810329140501,
        "variations": {
          "linear": 0.6048697865955969
        }
      },
      {
        "a": 0.965395928192462,
        "b": -0.8440589790533428,
        "c": -0.7933719900559457,
        "d": -0.5084976735330662,
        "e": -0.5621704149010014,
        "f": 0.39506404834235687,
        "color": 0.0879255625132691,
        "weight": 0.8271173516217338,
        "variations": {
          "heart": 0.3649311741451552,
          "spherical": 0.4628510155205946
        }
      }
    ],
    "num_points": 2993561,
    "gamma": 2.2070556368829894,
    "brightness": 1.2,
    "hue_rotation": 140.0208658762913
  }
}