{
  "seed": "50d1745a-c2b8-4c13-8e8f-1efa8d1b604d",
  "params": {
    "transforms": [
      {
        "a": 0.8719726220142214,
        "b": -0.08258161732012614,
        "c": -0.23027214807597107,
        "d": 0.2852033475940281,
        "e": -0.004449713158411139,
        "f": -0.40145189062203723,
        "color": 0.8538224627312136,
        "weight": 0.39296526296069734,
        "variations": {
          "polar": 0.06452739253413464,
          "linear": 0.9248684210175776
        }
      },
      {
        "a": -0.965492032391243,
        "b": -0.23233208398509886,
        "c": -0.1451265018531398,
        "d": -0.9685009776285118,
        "e": -1.0979767282406367,
        "f": 0.8026096518755468,
        "color": 0.041223300594499634,
        "weight": 0.8718920001339696,
        "variations": {
          "spherical": 0.8166831989631899
        }
      },
      {
        "a": 0.0998399331375297,
        "b": -0.37218252536143903,
        "c": 0.5550393188068434,
        "d": -0.9657025887426531,
        "e": 0.6530819020325245,
        "f": 1.3100901039199662,
        "color": 0.9366264548166514,
        "weight": 0.17636951926161082,
        "variations": {
          "swirl": 0.13507801256269414,
          "heart": 0.03958278364080192
        }
      },
      {
        "a": 0.452903076551612,
        "b": 0.9529957290281246,
        "c": -0.09701206718373734,
        "d": -0.8418179807431252,
        "e": 1.3943361905629237,
        "f": -0.4261269121216986,
        "color": 0.8665145059271678,
        "weight": 0.5354715744265292,
        "variations": {
          "spherical": 0.18919547297398842,
          "sinusoidal": 0.4419477743764392
        }
      }
    ],
    "num_points": 1476140,
    "gamma": 2.4474570658385506,
    "brightness": 1.2,
    "hue_rotation": 135.36341304667525
  }
}