{
  "seed": "4b666441-130d-4614-ac12-efe28abb63e0",
  "params": {
    "transforms": [
      {
        "a": 0.5759819483025428,
        "b": -0.5483266351791276,
        "c": -0.025286795803946882,
        "d": 0.00826724900242537,
        "e": 0.2909380174808327,
        "f": 0.4733146898158942,
        "color": 0.6729975098114344,
        "weight": 0.5828326060731128,
        "variations": {
          "sinusoidal": 0.742717298071584
        }
      },
      {
        "a": 0.9550028923949043,
        "b": 0.3532571330868408,
        "c": -0.8783488166672426,
        "d": 0.6961801877378362,
        "e": -1.3758893693158516,
        "f": 0.6642848283454734,
        "color": 0.4267915826203045,
        "weight": 0.5106795664229555,
        "variations": {
          "spherical": 0.31522782811489036,
          "swirl": 0.9769599800635874,
          "polar": 0.09847460009271525
        }
      },
      {
        "a": 0.9149666653877881,
        "b": 0.45038762212238703,
        "c": -0.3421587752506401,
        "d": 0.24530580798688395,
        "e": 1.3711946363618681,
        "f": 1.481414526611557,
        "color": 0.05437938267555764,
        "weight": 0.8244283187764969,
        "variations": {
          "heart": 0.4564623694073172,
          "swirl": 0.6821704393918576,
          "sinusoidal": 0.6755519939976932
        }
      },
      {
        "a": -0.04858645082756441,
        "b": -0.1906153545858904,
        "c": -0.6586592374834508,
        "d": 0.6874331187548663,
        "e": -0.620278559186892,
        "f": 1.3071717319084306,
        "color": 0.4292011823912799,
        "weight": 0.7773332704425593,
        "variations": {
          "heart": 0.0942709631125137
        }
      }
    ],
    "num_points": 2211703,
    "gamma": 2.402394483170922,
    "brightness": 1.2,
    "hue_rotation": 285.74163133527753
  }
}