{
  "seed": "786b0f21-9f82-463f-94d1-c15a07749691",
  "params": {
    "transforms": [
      {
        "a": -0.13274905315992758,
        "b": 0.11408953530871901,
        "c": -0.02045016055806137,
        "d": 0.6648045517402921,
        "e": 0.6578148703937847,
        "f": 0.26114625586643125,
        "color": 0.40988294387450475,
        "weight": 0.24848528825544636,
        "variations": {
          "sinusoidal": 0.17793922033779153,
          "polar": 0.6559155086606498
        }
      },
      {
        "a": 0.038674569962636296,
        "b": 0.4614230720339494,
        "c": 0.4711297879519436,
        "d": -0.3335379830107048,
        "e": 0.7186822854575263,
        "f": 0.7730233792737482,
        "color": 0.26550400378758043,
        "weight": 0.7751936269008413,
        "variations": {
          "swirl": 0.08705884356687277,
          "heart": 0.9350026590325722,
          "spherical": 0.09057107037896128
        }
      },
      {
        "a": -0.2604919730200681,
        "b": -0.5664566718704978,
        "c": 0.17588325926199988,
        "d": -0.4256478715928016,
        "e": 0.23350649108327315,
        "f": -0.6846309390206883,
        "color": 0.6898095274295637,
        "weight": 0.565231709375886,
        "variations": {
          "heart": 0.684103159196448,
          "sinusoidal": 0.6323880709977187,
          "linear": 0.6816872549444648
        }
      },
      {
        "a": -0.7824573394640388,
        "b": 0.5220603444149288,
        "c": -0.06822234045269315,
        "d": 0.4414669733078598,
        "e": -0.143645426036485,
        "f": 0.001843330599504256,
        "color": 0.33531708479689704,
        "weight": 0.4514265205720178,
        "variations": {
          "polar": 0.07892203442073975
        }
      }
    ],
    "num_points": 2344713,
    "gamma": 2.1263900633889916,
    "brightness": 1.2,
    "hue_rotation": 269.70773013282786
  }
}