{
  "seed": "7f41a8ab-8d0e-4ec9-8e4a-7d94c902fe3e",
  "params": {
    "transforms": [
      {
        "a": 0.3111140247953721,
        "b": 0.6001671788867518,
        "c": -0.6819341395698917,
        "d": -0.8278811110534889,
        "e": 1.2954490667155074,
        "f": -0.5867332300264692,
        "color": 0.4251180927766295,
        "weight": 0.855467412334324,
        "variations": {
          "polar": 0.5515445360631698,
          "sinusoidal": 0.1706764046017033,
          "heart": 0.41739438741415524
        }
      },
      {
        "a": 0.9942963015265411,
        "b": 0.028766737363294048,
        "c": 0.589670670241611,
        "d": 0.8696982304304366,
        "e": -0.6585693960804468,
        "f": -1.065867756734841,
        "color": 0.7433310048604929,
        "weight": 0.6971826510621426,
        "variations": {
          "polar": 0.12761221848237425
        }
      },
      {
        "a": -0.2688441280277396,
        "b": 0.788255526461922,
        "c": -0.3921047178844055,
        "d": 0.4706580034317125,
        "e": 0.21763205924287599,
        "f": -0.5144758130026054,
        "color": 0.7492492362536155,
        "weight": 0.29703546548054766,
        "variations": {
          "swirl": 0.01938605554854178
        }
      },
      {
        "a": 0.6480122761448108,
        "b": -0.014300156467202951,
        "c": -0.050123947522723755,
        "d": 0.9725003036011746,
        "e": 0.6732547158789579,
        "f": -1.229845945666687,
        "color": 0.6593786837532273,
        "weight": 0.9328103973737482,
        "variations": {
          "swirl": 0.8061208251173393,
          "linear": 0.6157824133505037,
          "polar": 0.5742148763490417
        }
      }
    ],
    "num_points": 1924451,
    "gamma": 2.2495936472115283,
    "brightness": 1.2,
    "hue_rotation": 345.0238187165943
  }
}