{
  "seed": "87a1ab2a-aa9f-4c5f-9cd0-1a8982cffed9",
  "params": {
    "transforms": [
      {
        "a": -0.5238940572994581,
        "b": -0.0259417529236583,
        "c": 0.9301328336442087,
        "d": -0.5874136450132292,
        "e": 1.4951672660726514,
        "f": 0.3942239837770454,
        "color": 0.8925288622051838,
        "weight": 0.4840721920371204,
        "variations": {
          "linear": 0.1771057972879616
        }
      },
      {
        "a": 0.15970203556069684,
        "b": -0.6335041494742213,
        "c": 0.40786960334679456,
        "d": -0.16803673886000814,
        "e": -0.7823783094185794,
        "f": -0.811629523939098,
        "color": 0.5413186845652281,
        "weight": 0.2015593062627977,
        "variations": {
          "heart": 0.23306471133242834
        }
      },
      {
        "a": 0.3740290533873727,
        "b": -0.6654692309297747,
        "c": 0.8236628324802384,
        "d": 0.2032535495775658,
        "e": 1.2996458273408322,
        "f": -0.4161764088488886,
        "color": 0.905845543898394,
        "weight": 0.745040218984503,
        "variations": {
          "heart": 0.9575320649666821,
          "linear": 0.25423913838254397
        }
      },
      {
        "a": -0.01473733069904215,
        "b": -0.3741529685610323,
        "c": 0.9113469388780437,
        "d": -0.10413085537983124,
        "e": 0.16111715021545825,
        "f": -0.8867950063410363,
        "color": 0.4082385937348285,
        "weight": 0.76620177049504,
        "variations": {
          "polar": 0.8216510402070119,
          "linear": 0.40608588637163456,
          "swirl": 0.8499442289326763
        }
      }
    ],
    "num_points": 1376896,
    "gamma": 1.8909820846753298,
    "brightness": 1.2,
    "hue_rotation": 120.21735733834635
  }
}