{
  "seed": "c5c3a36f-87e3-4644-8f72-f7e1cde1c52a",
  "params": {
    "transforms": [
      {
        "a": -0.1738829078356119,
        "b": 0.24555917684908524,
        "c": 0.6403257232847643,
        "d": 0.028995326276226585,
        "e": -0.5468627978201047,
        "f": -0.9982291393557713,
        "color": 0.48901190595899047,
        "weight": 0.21050643029013236,
        "variations": {
          "sinusoidal": 0.8240081528916955
        }
      },
      {
        "a": 0.1358262135635202,
        "b": -0.8964738010532289,
        "c": -0.6407215018095849,
        "d": 0.6041706925536128,
        "e": -1.4891900301709424,
        "f": -0.7404594624908886,
        "color": 0.26816150889896806,
        "weight": 0.7372807050714831,
        "variations": {
          "swirl": 0.5148214350230058,
          "spherical": 0.8671398504979443,
          "sinusoidal": 0.5515243082017938
        }
      },
      {
        "a": 0.33848395739908876,
        "b": 0.7148439579222019,
        "c": 0.7750422417463572,
        "d": 0.27908341116201707,
        "e": -0.830061174117669,
        "f": -0.7251681769102217,
        "color": 0.17159015227729257,
        "weight": 0.8418430627933838,
        "variations": {
          "swirl": 0.9426498398111607,
          "polar": 0.8379357011340749,
          "sinusoidal": 0.6805644227302304
        }
      }
    ],
    "num_points": 2590918,
    "gamma": 1.9505279720673196,
    "brightness": 1.2,
    "hue_rotation": 323.1916247100938
  }
}