{
  "seed": "ed73d47d-28f8-43ec-b35f-97741f4ef91d",
  "params": {
    "transforms": [
      {
        "a": -0.8985111067402347,
        "b": 0.48071645960826936,
        "c": 0.3047302225690529,
        "d": -0.9210320007799397,
        "e": -0.5894424141954329,
        "f": -1.3569926860875752,
        "color": 0.3780300457262611,
        "weight": 0.1862174021547333,
        "variations": {
          "sinusoidal": 0.7121216394024452
        }
      },
      {
        "a": -0.5566620954118908,
        "b": 0.7333541765554203,
        "c": -0.8102420996983972,
        "d": -0.21601704545511757,
        "e": 1.4442330755550339,
        "f": 1.4748860672082973,
        "color": 0.7166728328373174,
        "weight": 0.9352380889711408,
        "variations": {
          "spherical": 0.19043185303176802,
          "linear": 0.6739659356905485,
          "sinusoidal": 0.4196683449361992
        }
      },
      {
        "a": -0.3086797991270067,
        "b": 0.866129315147443,
        "c": -0.9198007743042158,
        "d": 0.7592879198269897,
        "e": -0.09943925265581921,
        "f": -0.20889081606643667,
        "color": 0.22610870968815977,
        "weight": 0.8788346371093813,
        "variations": {
          "sinusoidal": 0.22298472709723616
        }
      },
      {
        "a": -0.9628669555356149,
        "b": 0.7650239483996601,
        "c": -0.5132949853595452,
        "d": -0.4704702271943313,
        "e": -0.44111512924550134,
        "f": 0.20942698597750997,
        "color": 0.14066300586751512,
        "weight": 0.6493086051654587,
        "variations": {
          "linear": 0.47561597391603216,
          "spherical": 0.5073890308518063,
          "heart": 0.488247442118232
        }
      }
    ],
    "num_points": 1847192,
    "gamma": 1.853722995690402,
    "brightness": 1.2,
    "hue_rotation": 264.84445038288607
  }
}