{
  "seed": "8702b654-a593-43e2-a4e2-d95405304df2",
  "params": {
    "transforms": [
      {
        "a": -0.30779215527268877,
        "b": 0.12451523887822469,
        "c": 0.8077126110611852,
        "d": -0.5020846097707683,
        "e": 1.4906652367552082,
        "f": -0.4180749748864647,
        "color": 0.8880719539483031,
        "weight": 0.11754206402860094,
        "variations": {
          "polar": 0.5849942648199031,
          "sinusoidal": 0.5928060091670948,
          "heart": 0.9452336116300523
        }
      },
      {
        "a": -0.4696645606792704,
        "b": 0.11094513316570609,
        "c": 0.3240076858610488,
        "d": -0.11150174461518536,
        "e": -0.7650565889680458,
        "f": 0.16671727753481091,
        "color": 0.7749971818993653,
        "weight": 0.7021307316868028,
        "variations": {
          "spherical": 0.7593702332600533
        }
      }
    ],
    "num_points": 1529850,
    "gamma": 2.104414140068657,
    "brightness": 1.2,
    "hue_rotation": 69.91169696942814
  }
}