{
  "seed": "376cb913-e2ec-44cd-907c-462b552cb711",
  "params": {
    "transforms": [
      {
        "a": 0.3319621688641219,
        "b": 0.8467729012497951,
        "c": -0.9794199534042625,
        "d": -0.26017638702557044,
        "e": -0.8209033639535429,
        "f": 1.1787100535583126,
        "color": 0.6071685757305153,
        "weight": 0.3476940471887348,
        "variations": {
          "heart": 0.4516028793556931,
          "spherical": 0.8076009319508141,
          "linear": 0.26500815563022473
        }
      },
      {
        "a": -0.3742029353099703,
        "b": -0.5604430891783383,
        "c": -0.8390369666576032,
        "d": -0.14193345417719683,
        "e": 0.6501986711004384,
        "f": -0.9086352533818476,
        "color": 0.7390164106510433,
        "weight": 0.8031850665407462,
        "variations": {
          "polar": 0.9065038886527064,
          "linear": 0.7836544446603422
        }
      },
      {
        "a": 0.7218170745544576,
        "b": 0.4093226424650671,
        "c": -0.867318914211296,
        "d": -0.6451472382721402,
        "e": 0.5864788708228499,
        "f": 1.4121523664559401,
        "color": 0.4039025806542612,
        "weight": 0.5583118802346619,
        "variations": {
          "polar": 0.08733597661111747,
          "sinusoidal": 0.07043383449232421
        }
      }
    ],
    "num_points": 1235011,
    "gamma": 1.9141606390043269,
    "brightness": 1.2,
    "hue_rotation": 97.63367178261774
  }
}