{
  "seed": "69b46019-3f8d-42a5-8bdb-a3b15e937b32",
  "params": {
    "transforms": [
      {
        "a": 0.41237645114316157,
        "b": 0.7662437172045844,
        "c": -0.14245139001162732,
        "d": -0.5634662662393759,
        "e": -0.37545330045175174,
        "f": -0.5369272590304887,
        "color": 0.22387211607392643,
        "weight": 0.7690267709608807,
        "variations": {
          "swirl": 0.3480010266588279,
          "polar": 0.11533233926581565,
          "spherical": 0.2902267962463334
        }
      },
      {
        "a": -0.7262766520879829,
        "b": 0.6775477609296943,
        "c": 0.07705934310072182,
        "d": 0.6020956076004731,
        "e": 1.0818896836191718,
        "f": -0.5311354348272492,
        "color": 0.9119941123680352,
        "weight": 0.7295326891754473,
        "variations": {
          "spherical": 0.8199428186890536,
          "sinusoidal": 0.9715863863310529
        }
      },
      {
        "a": -0.9738857904367437,
        "b": 0.7100170611902037,
        "c": -0.748747177934417,
        "d": 0.6997511791496471,
        "e": -1.4164341594370793,
        "f": 0.38214461295961644,
        "color": 0.9992843799585095,
        "weight": 0.868165078978674,
        "variations": {
          "polar": 0.9281514935975987,
          "swirl": 0.15139026846207204,
          "sinusoidal": 0.38549706028672925
        }
      }
    ],
    "num_points": 1172374,
    "gamma": 1.8002726369122903,
    "brightness": 1.2,
    "hue_rotation": 257.08586001338597
  }
}