{
  "seed": "1ed37099-7c9c-4c31-8756-740fed3aaa80",
  "params": {
    "transforms": [
      {
        "a": 0.2593542375404365,
        "b": 0.754404109953416,
        "c": -0.2824517276089151,
        "d": -0.7259440024835428,
        "e": 0.843067580050183,
        "f": -0.6948459388628399,
        "color": 0.8279128127365077,
        "weight": 0.48519326467218193,
        "variations": {
          "sinusoidal": 0.9684146051935478,
          "polar": 0.6916089028299228,
          "linear": 0.5050100422210292
        }
      },
      {
        "a": 0.9339101602366462,
        "b": -0.8266769636970666,
        "c": 0.6091546208785779,
        "d": 0.9102461476182684,
        "e": -0.31792056191277873,
        "f": 1.0222222016452598,
        "color": 0.5734205755732797,
        "weight": 0.9251783574031794,
        "variations": {
          "spherical": 0.6032475162017668,
          "swirl": 0.4272911080353067
        }
      },
      {
        "a": -0.8396960789731769,
        "b": -0.1420543810573054,
        "c": 0.05777320726387347,
        "d": 0.1377322822680105,
        "e": 0.4240216689078966,
        "f": -0.8973615560952521,
        "color": 0.4659939984676311,
        "weight": 0.9368632843551329,
        "variations": {
          "sinusoidal": 0.5915962793116395,
          "linear": 0.19667781565590559
        }
      },
      {
        "a": -0.7952578831853849,
        "b": 0.1833828037830263,
        "c": 0.609005579094956,
        "d": 0.6130167724168725,
        "e": 0.23447122189474845,
        "f": -0.22154214314382958,
        "color": 0.13429580175329803,
        "weight": 0.3456002577251761,
        "variations": {
          "polar": 0.6092088554238322
        }
      }
    ],
    "num_points": 1752101,
    "gamma": 2.4371253693561066,
    "brightness": 1.2,
    "hue_rotation": 123.79826297285564
  }
}