{
  "seed": "45dd0ebf-0c2b-4dd5-98c8-c3c894653d2c",
  "params": {
    "transforms": [
      {
        "a": -0.8636069927501071,
        "b": 0.042283059837428416,
        "c": -0.7189808102165893,
        "d": 0.9114250216489845,
        "e": 0.7654557508974924,
        "f": -0.835742982548125,
        "color": 0.020341779245666047,
        "weight": 0.2079764089976242,
        "variations": {
          "linear": 0.38899308342092176,
          "polar": 0.5962645306615144,
          "heart": 0.45389370364892656
        }
      },
      {
        "a": -0.39104139453323583,
        "b": 0.15994113402120957,
        "c": -0.03251630761273616,
        "d": -0.2391173387067136,
        "e": 0.16616468232898285,
        "f": -0.08646737300837803,
        "color": 0.41123171918691026,
        "weight": 0.4090757934496747,
        "variations": {
          "spherical": 0.23709972097825505,
          "heart": 0.3730716785909821
        }
      },
      {
        "a": -0.9957959093784243,
        "b": -0.278580020614829,
        "c": 0.9428908954689705,
        "d": -0.2607829113315314,
        "e": 0.8574448997689146,
        "f": -0.9958295849054297,
        "color": 0.2774730841097037,
        "weight": 0.9090306112973872,
        "variations": {
          "swirl": 0.5203877106837395,
          "spherical": 0.442278456228721
        }
      },
      {
        "a": -0.7109393624974223,
        "b": -0.9034442426606359,
        "c": 0.9697115009170019,
        "d": 0.9838719535698552,
        "e": -1.4649239150707705,
        "f": -0.1977803379187244,
        "color": 0.49234819665197904,
        "weight": 0.9063724929041403,
        "variations": {
          "polar": 0.5778829805760982
        }
      }
    ],
    "num_points": 2462982,
    "gamma": 1.8859779076126222,
    "brightness": 1.2,
    "hue_rotation": 318.0430443089565
  }
}