{
  "seed": "c50f4636-66b0-46a6-a870-86c9278d1775",
  "params": {
    "transforms": [
      {
        "a": -0.9062289915378876,
        "b": -0.4882583545378052,
        "c": 0.417303918341261,
        "d": -0.2883900495246463,
        "e": -0.12751360758869512,
        "f": 0.7183382763704103,
        "color": 0.4204539093767514,
        "weight": 0.8125078653796332,
        "variations": {
          "linear": 0.09812519217010407,
          "heart": 0.7339580305868478
        }
      },
      {
        "a": 0.9306937055741653,
        "b": -0.8348122687432233,
        "c": -0.9574540574559776,
        "d": -0.8517925723367719,
        "e": -1.3188066933257696,
        "f": -0.1125712143437676,
        "color": 0.09928125567960278,
        "weight": 0.7892160852326582,
        "variations": {
          "sinusoidal": 0.2133027836742254,
          "linear": 0.3500459661373351,
          "heart": 0.11113926928622486
        }
      }
    ],
    "num_points": 1199984,
    "gamma": 1.9552581419119648,
    "brightness": 1.2,
    "hue_rotation": 141.93545963194492
  }
}