{
  "seed": "2806b126-d988-4661-a81e-0f853b998fef",
  "params": {
    "transforms": [
      {
        "a": 0.9394346437492205,
        "b": 0.7913952393673302,
        "c": 0.34691762100724266,
        "d": 0.28188599713803986,
        "e": -0.7096381844254583,
        "f": -0.9418245828061972,
        "color": 0.6492646933476869,
        "weight": 0.226883947658241,
        "variations": {
          "swirl": 0.9610101512421273,
          "heart": 0.2796558953004784
        }
      },
      {
        "a": -0.7515814861059562,
        "b": 0.9834521223881691,
        "c": -0.5098710864367368,
        "d": -0.9616866679754072,
        "e": 1.317378064250196,
        "f": 0.8876550330248545,
        "color": 0.8130343210331427,
        "weight": 0.37119467940175255,
        "variations": {
          "heart": 0.15133726102205614,
          "swirl": 0.19294452803361517,
          "linear": 0.8562500014040436
        }
      }
    ],
    "num_points": 1285879,
    "gamma": 2.2168162452334133,
    "brightness": 1.2,
    "hue_rotation": 66.135692771777
  }
}