{
  "seed": "74d8ebee-7209-45fd-9185-094b7d9e575b-363",
  "parameters": {
    "num_transforms": 3,
    "transforms": [
      {
        "a": 0.8979574200267373,
        "b": 0.4009408967767929,
        "c": 0.2973609300852045,
        "d": 0.5620696283788673,
        "e": 0.0771597766290113,
        "f": -0.49992767051056086,
        "color": 0.2122599980084321,
        "variations": {
          "sinusoidal": 0.0,
          "spherical": 0.5029405776005876,
          "horseshoe": 0.054370322748988564
        },
        "weight": 1.8656510431549669
      },
      {
        "a": 0.4773601694063272,
        "b": 0.8999881018778151,
        "c": -0.8320987144509977,
        "d": -0.5500365071631476,
        "e": 1.4988212287592364,
        "f": -0.7067786955653903,
        "color": 0.2802584411648853,
        "variations": {
          "disc": 0.444297390098385,
          "swirl": 0.9963747818685892
        },
        "weight": 1.0915908193668877
      },
      {
        "a": -0.8575052882705736,
        "b": 1.3853347154925504,
        "c": -0.65092037902268,
        "d": 1.2985940636957887,
        "e": 0.03546439978472016,
        "f": 0.7011010998658254,
        "color": 0.5402842708322898,
        "variations": {
          "spherical": 0.625452773183928,
          "disc": 0.6715057445390732,
          "horseshoe": 0.7904425719582938
        },
        "weight": 1.8595376271281738
      }
    ],
    "num_points": 3357747,
    "gamma": 2.3377919569901335,
    "brightness": 1.8057492031458673,
    "contrast": 0.7705100541287377,
    "hue_rotation": 109.36816748036408
  }
}