{
  "seed": "b8e739e4-710e-40da-ac46-5e4b9f1ee3d3",
  "params": {
    "transforms": [
      {
        "a": -0.47620167069024677,
        "b": 0.5140465441101878,
        "c": -0.5661756202214732,
        "d": 0.8987817837670897,
        "e": -1.318494446453332,
        "f": -0.8868024298357379,
        "color": 0.17839994119918035,
        "weight": 0.21999392281849284,
        "variations": {
          "spherical": 0.7515299709600246,
          "heart": 0.6766287351827631
        }
      },
      {
        "a": 0.9361279202329826,
        "b": 0.6712114786793391,
        "c": -0.6855453635636475,
        "d": -0.897370726878282,
        "e": -0.06119909198436746,
        "f": -0.24831553964019815,
        "color": 0.22356338821092536,
        "weight": 0.9682027120001517,
        "variations": {
          "spherical": 0.37656552931206544
        }
      },
      {
        "a": 0.6888364388536128,
        "b": 0.37771906893279206,
        "c": 0.49895485597896827,
        "d": -0.07021573724694763,
        "e": 0.538933205151408,
        "f": -0.21179024347507336,
        "color": 0.9115382579617191,
        "weight": 0.9597716131338783,
        "variations": {
          "linear": 0.8436222653326623,
          "heart": 0.23382817200551886,
          "spherical": 0.5763055797719928
        }
      },
      {
        "a": 0.09205153795717491,
        "b": -0.6366411142734387,
        "c": -0.3399655273334965,
        "d": -0.3448542358462534,
        "e": -0.6258092007987186,
        "f": -0.7835454164725187,
        "color": 0.06485794818037172,
        "weight": 0.7430963656422583,
        "variations": {
          "linear": 0.9540378020196104,
          "sinusoidal": 0.6495260737155468,
          "heart": 0.46382481114749585
        }
      }
    ],
    "num_points": 1587533,
    "gamma": 2.3716067586019287,
    "brightness": 1.2,
    "hue_rotation": 238.64371915561438
  }
}