{
  "seed": "55efdf4c-62fb-4239-a418-04c8be1b7191",
  "params": {
    "transforms": [
      {
        "a": -0.49683937290841573,
        "b": 0.9437727037160679,
        "c": 0.9059132646424553,
        "d": 0.42994960006647687,
        "e": 0.05740780244560795,
        "f": 1.1825282588452914,
        "color": 0.29713928381415,
        "weight": 0.378618041886821,
        "variations": {
          "swirl": 0.3068595580358964,
          "heart": 0.678966962632063
        }
      },
      {
        "a": -0.4232686739947429,
        "b": 0.9332306842114646,
        "c": -0.4964719317173263,
        "d": -0.5331913755823368,
        "e": -0.13411827448146818,
        "f": -1.467684372607525,
        "color": 0.8547148277148358,
        "weight": 0.5169884831771855,
        "variations": {
          "heart": 0.812847818252903
        }
      }
    ],
    "num_points": 1800129,
    "gamma": 2.0008304644283528,
    "brightness": 1.2,
    "hue_rotation": 30.101210567889922
  }
}