{
  "seed": "704fc221-7ab6-4535-95c4-b39b8d99d788",
  "params": {
    "transforms": [
      {
        "a": 0.49222624501997836,
        "b": -0.49524835080124596,
        "c": 0.5495511179512567,
        "d": 0.4445212323223844,
        "e": -1.4279947085732532,
        "f": 0.2799864236511218,
        "color": 0.5202942800728753,
        "weight": 0.26162539906801496,
        "variations": {
          "heart": 0.5977774012143154,
          "swirl": 0.4767576251029655,
          "spherical": 0.6177553446766717
        }
      },
      {
        "a": 0.4072979736502713,
        "b": 0.6334685719151458,
        "c": 0.1901507785460439,
        "d": 0.6249851927445815,
        "e": 0.5682630775690427,
        "f": -0.6130818336467224,
        "color": 0.8003938575774642,
        "weight": 0.7844927071602366,
        "variations": {
          "polar": 0.31170956487370405,
          "heart": 0.9581037064700071
        }
      }
    ],
    "num_points": 2398114,
    "gamma": 2.2423560709501356,
    "brightness": 1.2,
    "hue_rotation": 346.92031985142825
  }
}