{
  "seed": "8fba73d0-cc38-42f8-9a6e-784ab4ab5ded",
  "params": {
    "transforms": [
      {
        "a": -0.1361594168293112,
        "b": 0.5023075488482363,
        "c": -0.6481043586496362,
        "d": -0.49081314541803156,
        "e": -0.39235296715123513,
        "f": 0.5544222637073424,
        "color": 0.1055790306146337,
        "weight": 0.9989142941318511,
        "variations": {
          "polar": 0.07170038145317947,
          "linear": 0.9247968138065977,
          "sinusoidal": 0.9682136156782257
        }
      },
      {
        "a": 0.37990184525675064,
        "b": -0.9527484034239233,
        "c": -0.47592472507889316,
        "d": 0.8671402204690328,
        "e": 1.258396837158759,
        "f": -1.185951401433905,
        "color": 0.44959895373601966,
        "weight": 0.2358445629966002,
        "variations": {
          "swirl": 0.1597602355692722,
          "sinusoidal": 0.25789389520304573,
          "spherical": 0.9526597737466788
        }
      },
      {
        "a": -0.35135049965145826,
        "b": 0.8105754178461688,
        "c": -0.4286326221838799,
        "d": 0.7490531094166211,
        "e": -1.1315086427611427,
        "f": 0.811275667538637,
        "color": 0.9590505864817647,
        "weight": 0.2863636366108888,
        "variations": {
          "spherical": 0.6336493084285025,
          "polar": 0.6221089161377688
        }
      },
      {
        "a": -0.9148822550272222,
        "b": -0.13263792119932738,
        "c": -0.749507056799928,
        "d": -0.014007650147644934,
        "e": -0.5332569955035154,
        "f": 0.1543401538507534,
        "color": 0.3004862738086651,
        "weight": 0.4535865208138379,
        "variations": {
          "spherical": 0.21337850600664265,
          "polar": 0.4189033707201021
        }
      }
    ],
    "num_points": 1845825,
    "gamma": 1.9044835765193324,
    "brightness": 1.2,
    "hue_rotation": 326.21213505140327
  }
}