{
  "seed": "5d4c1f03-68ed-4ef4-99bb-d8b6933933fa",
  "params": {
    "transforms": [
      {
        "a": 0.26740702094643054,
        "b": 0.5673010962065355,
        "c": -0.8967724040935066,
        "d": 0.9785541406651743,
        "e": -1.4047214384881141,
        "f": -0.5216218265996628,
        "color": 0.2165331520479269,
        "weight": 0.7269822802000973,
        "variations": {
          "linear": 0.9415239887446809
        }
      },
      {
        "a": 0.4644409213874048,
        "b": -0.944108648247002,
        "c": 0.8067111948247425,
        "d": 0.09122891799279098,
        "e": 0.38349876762865076,
        "f": -1.3065506863988805,
        "color": 0.3366721177776808,
        "weight": 0.17593313484496814,
        "variations": {
          "spherical": 0.19528036227493561,
          "polar": 0.9814402459250067
        }
      },
      {
        "a": 0.9083870808681058,
        "b": 0.4405861582706032,
        "c": 0.9808250448021552,
        "d": 0.5597264129588588,
        "e": -0.022715015361964852,
        "f": 1.0440563766283448,
        "color": 0.7062000681473792,
        "weight": 0.45157818297748575,
        "variations": {
          "swirl": 0.6273083301662713,
          "spherical": 0.23147676144200569
        }
      },
      {
        "a": -0.8461134096510539,
        "b": -0.021792628375311374,
        "c": -0.1518486234554286,
        "d": -0.5871125484807782,
        "e": -0.9818012581012396,
        "f": -0.5174696981958771,
        "color": 0.9912219457617553,
        "weight": 0.8951430943976729,
        "variations": {
          "linear": 0.8402129821499494,
          "heart": 0.14480646103954242,
          "polar": 0.2201073881801867
        }
      }
    ],
    "num_points": 1451054,
    "gamma": 1.928749454364997,
    "brightness": 1.2,
    "hue_rotation": 91.232093322453
  }
}