{
  "seed": "63ef44ed-efc4-48f5-9109-ef7fddcb88f7",
  "params": {
    "transforms": [
      {
        "a": -0.4729326207003266,
        "b": -0.4985437675200459,
        "c": 0.3773591184289864,
        "d": -0.44997054561187766,
        "e": 0.33901636195181295,
        "f": 0.08438141821670309,
        "color": 0.4890939732849272,
        "weight": 0.23135388629046874,
        "variations": {
          "sinusoidal": 0.42683745243553506
        }
      },
      {
        "a": 0.8060962092061708,
        "b": -0.2568578208184633,
        "c": -0.8496811291624315,
        "d": 0.8552260885682548,
        "e": -1.1376065569434888,
        "f": 0.4159238757496486,
        "color": 0.8582225903057549,
        "weight": 0.4528528680995001,
        "variations": {
          "sinusoidal": 0.26877366893858945,
          "spherical": 0.6781477599100757
        }
      }
    ],
    "num_points": 2463274,
    "gamma": 1.9717968584437122,
    "brightness": 1.2,
    "hue_rotation": 325.2783754746694
  }
}