{
  "seed": "d88947c0-1e85-4776-8d3c-37b7aa5725e7",
  "params": {
    "transforms": [
      {
        "a": -0.4511269308150958,
        "b": -0.2713349403790659,
        "c": -0.7939640307437661,
        "d": -0.8652433729158455,
        "e": -0.03797685406491058,
        "f": 0.39826837095174117,
        "color": 0.17611882132955048,
        "weight": 0.771539947155828,
        "variations": {
          "sinusoidal": 0.7269989688876622,
          "heart": 0.9395541827506506,
          "spherical": 0.5127015128369944
        }
      },
      {
        "a": -0.6741530421162198,
        "b": -0.8589508197080855,
        "c": -0.866976127013056,
        "d": -0.48843004230880305,
        "e": 1.0041374597632697,
        "f": 0.48517566732001893,
        "color": 0.0271263915420924,
        "weight": 0.8788581065181433,
        "variations": {
          "polar": 0.3764330322319611,
          "swirl": 0.5085824770102467,
          "heart": 0.12011718309180297
        }
      }
    ],
    "num_points": 1761630,
    "gamma": 2.308837404751614,
    "brightness": 1.2,
    "hue_rotation": 43.28337816855697
  }
}