{
  "seed": "4a0e0a87-638f-493b-84ec-3b818d222415",
  "params": {
    "transforms": [
      {
        "a": -0.4125427268631392,
        "b": 0.87064893722324,
        "c": 0.3329660842444324,
        "d": 0.9468702550312669,
        "e": -0.9307710871161293,
        "f": -0.8280085448626445,
        "color": 0.19232075708455076,
        "weight": 0.6909605372289305,
        "variations": {
          "heart": 0.4508588567588475,
          "linear": 0.18914022078247827
        }
      },
      {
        "a": 0.4412711263992597,
        "b": 0.47036680475790904,
        "c": 0.5252487878934784,
        "d": 0.653660094940776,
        "e": -1.3141615491466918,
        "f": -1.345464817963736,
        "color": 0.34951334797125366,
        "weight": 0.559273079339077,
        "variations": {
          "polar": 0.39999741731435845,
          "linear": 0.11723421198004191
        }
      }
    ],
    "num_points": 2949357,
    "gamma": 2.3238798421917184,
    "brightness": 1.2,
    "hue_rotation": 299.0757546350493
  }
}