{
  "seed": "01906f6a-bb55-4204-b2a5-4f60d0171d66",
  "params": {
    "transforms": [
      {
        "a": 0.7921673860665981,
        "b": 0.5474873578043995,
        "c": 0.6361998401896851,
        "d": 0.5949609626658336,
        "e": -0.7681907500505276,
        "f": 1.1235268656342985,
        "color": 0.12804204385107432,
        "weight": 0.7707492706716507,
        "variations": {
          "swirl": 0.6325020807152159,
          "sinusoidal": 0.8274312698376881,
          "spherical": 0.16286240406128372
        }
      },
      {
        "a": -0.18114248869122584,
        "b": 0.5682508720472779,
        "c": -0.19506743429422446,
        "d": 0.00720862742649353,
        "e": 0.2784185467756144,
        "f": 1.1050435062549169,
        "color": 0.8565389090432606,
        "weight": 0.12318694913149592,
        "variations": {
          "sinusoidal": 0.10945245775724,
          "linear": 0.9202545077391978,
          "spherical": 0.13503647125601437
        }
      },
      {
        "a": -0.203806228054912,
        "b": 0.6571972831879818,
        "c": 0.6519008568249489,
        "d": -0.5215345951176422,
        "e": 1.0323622296070485,
        "f": 0.7080968262016936,
        "color": 0.10286413974154818,
        "weight": 0.7689220920383036,
        "variations": {
          "polar": 0.5680765814948571,
          "swirl": 0.522786441613321
        }
      }
    ],
    "num_points": 2586173,
    "gamma": 2.0959747648772353,
    "brightness": 1.2,
    "hue_rotation": 241.6434834571707
  }
}