{
  "seed": "5dec02df-0062-47ba-bce2-89579dc4f55e",
  "params": {
    "transforms": [
      {
        "a": 0.6324472587132481,
        "b": -0.5922790502913149,
        "c": 0.6568814081335179,
        "d": -0.29079870576967703,
        "e": 0.03435946900644904,
        "f": 1.243525543878527,
        "color": 0.724339402476248,
        "weight": 0.39191247522807604,
        "variations": {
          "linear": 0.1948861027277924,
          "polar": 0.8594246204940565,
          "sinusoidal": 0.8466481926541174
        }
      },
      {
        "a": -0.5774535874759026,
        "b": -0.06664575110739812,
        "c": 0.5627530126471973,
        "d": 0.6766059072705777,
        "e": 0.20968373467307688,
        "f": 0.3349463414787808,
        "color": 0.3098590780611179,
        "weight": 0.769581992820681,
        "variations": {
          "sinusoidal": 0.00754187134014761,
          "polar": 0.7153172794366044,
          "swirl": 0.07319710794096035
        }
      }
    ],
    "num_points": 2181754,
    "gamma": 2.319052009216432,
    "brightness": 1.2,
    "hue_rotation": 12.282712360748436
  }
}