{
  "seed": "a1b37bcf-44c1-4137-81f1-2c46abc5cf14",
  "params": {
    "transforms": [
      {
        "a": 0.5245314551513649,
        "b": 0.950551000700308,
        "c": 0.3736728028018119,
        "d": 0.721318536531353,
        "e": -0.1777293904310573,
        "f": -1.4790068739823714,
        "color": 0.6972157649646671,
        "weight": 0.44693842957975694,
        "variations": {
          "polar": 0.8430780921363248,
          "sinusoidal": 0.16501268978393402
        }
      },
      {
        "a": 0.6349655874382232,
        "b": 0.6841345567289008,
        "c": -0.41099636317466914,
        "d": 0.5331542595719592,
        "e": 1.0860601742337455,
        "f": -1.0588569665695116,
        "color": 0.6700699733073967,
        "weight": 0.6242854674867173,
        "variations": {
          "sinusoidal": 0.15183093102813472,
          "linear": 0.6148624139436535
        }
      },
      {
        "a": 0.474327639945328,
        "b": -0.9465771503711049,
        "c": -0.6664433292199778,
        "d": 0.3649509686001817,
        "e": -0.19803759367330454,
        "f": -0.8670015856098838,
        "color": 0.9118591891284604,
        "weight": 0.44408822744526644,
        "variations": {
          "polar": 0.8035946857909305,
          "sinusoidal": 0.7960505865421145,
          "heart": 0.05016805666588109
        }
      },
      {
        "a": -0.44337226482828385,
        "b": -0.6824956582921735,
        "c": 0.8814802799851469,
        "d": -0.6653200762804727,
        "e": -0.911961300514022,
        "f": 1.4382833652003826,
        "color": 0.3743986670554176,
        "weight": 0.7409943830199792,
        "variations": {
          "swirl": 0.3926613559074644,
          "linear": 0.4362265836615081,
          "polar": 0.8851168760786681
        }
      }
    ],
    "num_points": 2987060,
    "gamma": 2.458408594157976,
    "brightness": 1.2,
    "hue_rotation": 221.9399037786491
  }
}