{
  "seed": "f51a72fc-5bae-40ea-bbee-93ab3893632a",
  "params": {
    "transforms": [
      {
        "a": -0.2197252933560958,
        "b": 0.7757092307640885,
        "c": 0.3054742935610002,
        "d": -0.4553456517732133,
        "e": 0.7684848001885594,
        "f": 1.241128946185519,
        "color": 0.7908261541274539,
        "weight": 0.6262913139044727,
        "variations": {
          "swirl": 0.3377882738445286
        }
      },
      {
        "a": 0.5936377784952689,
        "b": -0.641629889182521,
        "c": 0.7738331048074683,
        "d": -0.37672038838406485,
        "e": 0.2309693752158546,
        "f": -0.1631875823444453,
        "color": 0.19816232211170082,
        "weight": 0.2757931974988075,
        "variations": {
          "linear": 0.4784366836629095,
          "spherical": 0.5627591131207835,
          "heart": 0.5448557777862107
        }
      },
      {
        "a": -0.9296703711939296,
        "b": 0.13309717950660405,
        "c": -0.4506051483305,
        "d": 0.3760885372934286,
        "e": 1.1715472155074584,
        "f": 0.9595707685409645,
        "color": 0.6780285079968519,
        "weight": 0.31636391467394687,
        "variations": {
          "heart": 0.11550536517288779
        }
      }
    ],
    "num_points": 2145970,
    "gamma": 2.2965207263248812,
    "brightness": 1.2,
    "hue_rotation": 118.85895617121038
  }
}