{
  "seed": "85e3a015-43f8-430b-aef5-d01a0f36cfdf",
  "params": {
    "transforms": [
      {
        "a": -0.14778400439697004,
        "b": -0.5912455662857157,
        "c": 0.15760506561569176,
        "d": 0.3512905850409427,
        "e": 0.8020230715000554,
        "f": 0.4733199910038748,
        "color": 0.7036061014848868,
        "weight": 0.8076776660457317,
        "variations": {
          "heart": 0.9280740494575613
        }
      },
      {
        "a": 0.38126403352902116,
        "b": -0.2365977163652464,
        "c": -0.4544935429491823,
        "d": 0.9427326389167878,
        "e": -1.1194154601157753,
        "f": -1.3161740818875698,
        "color": 0.20252915596353205,
        "weight": 0.28543712087327044,
        "variations": {
          "sinusoidal": 0.4619430594307602,
          "polar": 0.47103891749608884,
          "heart": 0.43279801393550843
        }
      },
      {
        "a": -0.47552985930068115,
        "b": 0.2567049914667232,
        "c": -0.2670993504011241,
        "d": 0.5819595715220647,
        "e": 0.06339267900901246,
        "f": -0.7926295668582763,
        "color": 0.0358117761848612,
        "weight": 0.5417906791644581,
        "variations": {
          "linear": 0.7787893949361266,
          "polar": 0.3845938378180461
        }
      },
      {
        "a": -0.5457947660254472,
        "b": -0.16273083147671685,
        "c": -0.6370546642959871,
        "d": -0.9730842898980083,
        "e": 0.9598513966952322,
        "f": 1.3662899296639641,
        "color": 0.12009237911474713,
        "weight": 0.546563746738322,
        "variations": {
          "spherical": 0.575472793578152,
          "heart": 0.7070065883696119,
          "polar": 0.68466802253518
        }
      }
    ],
    "num_points": 2453752,
    "gamma": 1.9207460114505748,
    "brightness": 1.2,
    "hue_rotation": 274.0055603595279
  }
}