{
  "seed": "a2ce7655-608e-43d1-af17-d273df5c87e3",
  "params": {
    "transforms": [
      {
        "a": 0.6671661893140306,
        "b": 0.6774814992982245,
        "c": 0.044120518961305866,
        "d": -0.42920789600503384,
        "e": 0.36440212072792466,
        "f": -1.0634807624714007,
        "color": 0.17858112027009965,
        "weight": 0.38117704209502656,
        "variations": {
          "spherical": 0.5259945624200428,
          "sinusoidal": 0.27177206271550436,
          "polar": 0.8498177621059824
        }
      },
      {
        "a": 0.38666692360418486,
        "b": 0.04628007215536267,
        "c": 0.47674878899132445,
        "d": -0.7374842916289572,
        "e": -0.403301203355082,
        "f": 0.7980849295826311,
        "color": 0.9584022522253691,
        "weight": 0.35013448034006023,
        "variations": {
          "sinusoidal": 0.4252204262686031,
          "linear": 0.6579754186186599
        }
      },
      {
        "a": 0.7165231676882977,
        "b": 0.8231321330167762,
        "c": -0.1977276149607312,
        "d": 0.49363171565559605,
        "e": -0.6579780296232056,
        "f": 1.4035575782103136,
        "color": 0.10915909898538345,
        "weight": 0.4326123837229101,
        "variations": {
          "spherical": 0.817952309454231
        }
      }
    ],
    "num_points": 1780078,
    "gamma": 2.194725545991741,
    "brightness": 1.2,
    "hue_rotation": 124.16641613490378
  }
}