{
  "seed": "ee01c437-6744-401c-9d39-d4cf192bf8d5",
  "params": {
    "transforms": [
      {
        "a": -0.48029107165715135,
        "b": 0.22606493262948923,
        "c": -0.2598886945973513,
        "d": 0.24542921023971487,
        "e": 1.3523164931887437,
        "f": -0.7717735422565731,
        "color": 0.46542988791845563,
        "weight": 0.8689010092511147,
        "variations": {
          "spherical": 0.26571607164543054,
          "polar": 0.6517694676863011
        }
      },
      {
        "a": -0.5234482767836526,
        "b": 0.02701094017519101,
        "c": -0.3442123818939353,
        "d": 0.8775079604779075,
        "e": 0.6954363750036094,
        "f": 0.3763897179305393,
        "color": 0.16121829144069943,
        "weight": 0.3417418824137188,
        "variations": {
          "linear": 0.6030466875599546,
          "sinusoidal": 0.012578360802261712
        }
      }
    ],
    "num_points": 1174544,
    "gamma": 2.35126517791829,
    "brightness": 1.2,
    "hue_rotation": 214.90807239706882
  }
}