{
  "seed": "822e578f-b9cd-4d60-aab0-e5711115eab6",
  "params": {
    "transforms": [
      {
        "a": 0.5950998267459378,
        "b": -0.7829202522486991,
        "c": -0.4764911178532556,
        "d": -0.4649990857639761,
        "e": 1.31451164839988,
        "f": -0.25550244313043136,
        "color": 0.28287411762406645,
        "weight": 0.4147128698525191,
        "variations": {
          "sinusoidal": 0.4613909302883151
        }
      },
      {
        "a": -0.32571509380675545,
        "b": -0.5776695541371724,
        "c": -0.28339417755076135,
        "d": -0.08135647645129818,
        "e": -0.44897542356197584,
        "f": -0.6602438914251999,
        "color": 0.86698109760778,
        "weight": 0.9037555247784754,
        "variations": {
          "polar": 0.02379356113353792,
          "linear": 0.11981106808347097
        }
      },
      {
        "a": -0.9729344691192281,
        "b": 0.2724094412389473,
        "c": -0.5151206756661157,
        "d": 0.8736343606245693,
        "e": 0.788896486849108,
        "f": 0.264156797089381,
        "color": 0.35901078050649704,
        "weight": 0.14100477895324887,
        "variations": {
          "spherical": 0.8879196024957354
        }
      }
    ],
    "num_points": 2283139,
    "gamma": 2.341441837423524,
    "brightness": 1.2,
    "hue_rotation": 251.87416482013722
  }
}