{
  "seed": "a41bf818-73cf-4069-97fa-d16e16d7f000",
  "params": {
    "transforms": [
      {
        "a": 0.41246682383520294,
        "b": 0.7666533182737176,
        "c": 0.8457146235655928,
        "d": 0.2695398591685909,
        "e": 0.767156261923629,
        "f": 1.1544298203169645,
        "color": 0.10932425088971565,
        "weight": 0.3745314158506017,
        "variations": {
          "heart": 0.36644807573814664,
          "linear": 0.6691541291356617
        }
      },
      {
        "a": -0.34852792620152706,
        "b": 0.5283318852655745,
        "c": -0.7259667335357423,
        "d": -0.5279500615182313,
        "e": 0.6109737848074701,
        "f": -1.096703318720193,
        "color": 0.00436206017891605,
        "weight": 0.9820635642225904,
        "variations": {
          "heart": 0.807604788963333,
          "polar": 0.3849946010232257
        }
      },
      {
        "a": 0.7402370072857025,
        "b": -0.829415082151052,
        "c": -0.6870430424854814,
        "d": 0.18625055076048946,
        "e": 0.1373195320234677,
        "f": 0.9402593097264047,
        "color": 0.5670736588167362,
        "weight": 0.42979815269781374,
        "variations": {
          "heart": 0.27810927240927963
        }
      }
    ],
    "num_points": 1814425,
    "gamma": 2.00771280466485,
    "brightness": 1.2,
    "hue_rotation": 37.51392977168348
  }
}