{
  "seed": "34446097-3e47-4d8e-991a-a8d0b23d27c8",
  "params": {
    "transforms": [
      {
        "a": -0.7682801338013863,
        "b": 0.9028758331068685,
        "c": -0.8474788156653761,
        "d": -0.7700202940009575,
        "e": -0.06835466219453545,
        "f": -1.0572662116313165,
        "color": 0.20908724943972024,
        "weight": 0.8259303393561815,
        "variations": {
          "spherical": 0.9984016162292664,
          "swirl": 0.40792147998444994
        }
      },
      {
        "a": 0.4594100812989501,
        "b": -0.3981949111773704,
        "c": 0.33448989621005265,
        "d": -0.679616964664794,
        "e": 1.3624505018409927,
        "f": -1.3495114714613932,
        "color": 0.12789581060669508,
        "weight": 0.15518816624212023,
        "variations": {
          "swirl": 0.8420567920119764,
          "heart": 0.08026860128335411,
          "polar": 0.8019096879205782
        }
      },
      {
        "a": -0.8827229682347106,
        "b": 0.45092104027321733,
        "c": -0.5520351317823071,
        "d": -0.6977172911160205,
        "e": 1.3465853718169085,
        "f": -0.017366427825727726,
        "color": 0.6757246204123686,
        "weight": 0.23222074050246394,
        "variations": {
          "swirl": 0.1065761730190724,
          "spherical": 0.8152410713812582
        }
      },
      {
        "a": 0.13837642203884037,
        "b": -0.8294412915770215,
        "c": 0.6741160810536728,
        "d": 0.25120866489201243,
        "e": -1.4590941852457688,
        "f": 0.7930312358762683,
        "color": 0.12355778267759265,
        "weight": 0.5003728716450901,
        "variations": {
          "heart": 0.0555459189524532
        }
      }
    ],
    "num_points": 1099953,
    "gamma": 1.8749991570951885,
    "brightness": 1.2,
    "hue_rotation": 8.809610313420478
  }
}