{
  "seed": "79e4ff87-4e61-41f0-8196-d04ebb3157c8",
  "params": {
    "transforms": [
      {
        "a": 0.13130371735495228,
        "b": -0.8821180658474308,
        "c": -0.6876883937297853,
        "d": -0.6793277561693192,
        "e": 0.714020674680909,
        "f": 0.17988659682170494,
        "color": 0.8245398908680632,
        "weight": 0.5807221009437032,
        "variations": {
          "sinusoidal": 0.2676843971981089,
          "heart": 0.4426956093018606
        }
      },
      {
        "a": 0.1369592783462883,
        "b": -0.9606966510321087,
        "c": 0.7144144145373827,
        "d": -0.5130158661761075,
        "e": 0.050316433121688764,
        "f": 1.3818827553976596,
        "color": 0.46014277903626144,
        "weight": 0.39277273208968755,
        "variations": {
          "linear": 0.26529376312645914,
          "swirl": 0.22871889081016572
        }
      },
      {
        "a": -0.09271772787295451,
        "b": 0.9326236332241593,
        "c": 0.6756998846574975,
        "d": -0.6480920577350724,
        "e": -0.38447061021106377,
        "f": -0.8624265193916549,
        "color": 0.5837062543412521,
        "weight": 0.5153539056533528,
        "variations": {
          "sinusoidal": 0.003288492131918175,
          "heart": 0.7250533626304899
        }
      },
      {
        "a": 0.14461247914651998,
        "b": 0.9386532785429293,
        "c": 0.7018804705139656,
        "d": 0.7758739274863331,
        "e": -1.4201407098329495,
        "f": -1.4535201059924507,
        "color": 0.10926120894917413,
        "weight": 0.57233392500884,
        "variations": {
          "linear": 0.8820995907236019,
          "swirl": 0.9604296316475616,
          "heart": 0.8334588166058078
        }
      }
    ],
    "num_points": 1257889,
    "gamma": 2.0517831241738174,
    "brightness": 1.2,
    "hue_rotation": 118.97618680195887
  }
}