{
  "seed": "80778708-1d71-4033-8002-0d744f3ab66c",
  "params": {
    "transforms": [
      {
        "a": -0.4810149232816334,
        "b": 0.18631412109160705,
        "c": -0.26772677516385857,
        "d": 0.3118698510491358,
        "e": -0.6661078246024732,
        "f": -1.2040705582206725,
        "color": 0.058668046769092874,
        "weight": 0.7471806710099234,
        "variations": {
          "polar": 0.4883881971819303,
          "spherical": 0.31261346695126135
        }
      },
      {
        "a": 0.25190070913399754,
        "b": 0.7120353301938722,
        "c": 0.8654259304284937,
        "d": -0.44331973730398344,
        "e": 0.8902826301003022,
        "f": -1.1584397123383878,
        "color": 0.5972017303503097,
        "weight": 0.9911033315317915,
        "variations": {
          "spherical": 0.7361006320546606,
          "polar": 0.06355463561388375,
          "swirl": 0.5800767745364447
        }
      },
      {
        "a": -0.4214747523344131,
        "b": 0.02044340620554963,
        "c": 0.9282122869005596,
        "d": -0.6767980562634859,
        "e": -0.15204171804183586,
        "f": -1.106429213945913,
        "color": 0.6240546434924256,
        "weight": 0.405264219068203,
        "variations": {
          "heart": 0.3434868361162451,
          "spherical": 0.4947545452804276,
          "swirl": 0.9471885050302634
        }
      },
      {
        "a": -0.7821233111100954,
        "b": -0.3214591473313815,
        "c": 0.4073499087607302,
        "d": -0.6511069663437183,
        "e": 1.0106394297256376,
        "f": 0.30881672954420925,
        "color": 0.8895320681944276,
        "weight": 0.8683782507892412,
        "variations": {
          "polar": 0.05432461863724247,
          "swirl": 0.2701869076306035,
          "spherical": 0.9847069794954731
        }
      }
    ],
    "num_points": 2835396,
    "gamma": 2.1609776898887123,
    "brightness": 1.2,
    "hue_rotation": 53.807788092434855
  }
}