{
  "seed": "7a3c984d-54a4-4c8a-b571-4c0d39e8928c",
  "params": {
    "transforms": [
      {
        "a": -0.7222258530070611,
        "b": -0.4673016346597474,
        "c": -0.013897853090066192,
        "d": 0.3816298539737044,
        "e": -0.722042763887408,
        "f": 1.2234757526115878,
        "color": 0.08216094509565963,
        "weight": 0.15645463164388546,
        "variations": {
          "swirl": 0.9237418261080914
        }
      },
      {
        "a": 0.89936030754626,
        "b": 0.8714249070800777,
        "c": 0.381351485413681,
        "d": -0.5419609248652268,
        "e": 1.3025896488419955,
        "f": 0.6238297016093859,
        "color": 0.074275906926064,
        "weight": 0.5245140548005941,
        "variations": {
          "spherical": 0.06623431782490974,
          "heart": 0.5550232495813286,
          "linear": 0.8496824690044699
        }
      },
      {
        "a": -0.12572892769267807,
        "b": -0.6276276430824914,
        "c": 0.9269369018545741,
        "d": 0.2481708313708264,
        "e": -1.012511256774907,
        "f": 0.19157041448146916,
        "color": 0.005269316133172608,
        "weight": 0.9780380025309352,
        "variations": {
          "polar": 0.5848500579694275,
          "swirl": 0.8804828317023705
        }
      }
    ],
    "num_points": 1164867,
    "gamma": 2.2328413661228432,
    "brightness": 1.2,
    "hue_rotation": 177.18924392262718
  }
}