{
  "seed": "8b5750e8-e8a4-4d72-a646-730fbe2141e0",
  "params": {
    "transforms": [
      {
        "a": 0.19927408731798235,
        "b": -0.7526092202981396,
        "c": 0.5299451909186172,
        "d": -0.6158653364523754,
        "e": -0.21100303023140743,
        "f": 0.9521555100655648,
        "color": 0.7555606659175129,
        "weight": 0.3594611867604247,
        "variations": {
          "swirl": 0.871661235783313,
          "linear": 0.8835473167514801,
          "sinusoidal": 0.5986637877323946
        }
      },
      {
        "a": 0.8201913363763922,
        "b": 0.24054293691059958,
        "c": -0.8383508174502827,
        "d": -0.9341962559185164,
        "e": 0.38096930130744666,
        "f": -0.9059376255420934,
        "color": 0.5153465134642212,
        "weight": 0.6523332056696898,
        "variations": {
          "linear": 0.5362357671452269,
          "polar": 0.6478879251599285
        }
      }
    ],
    "num_points": 1258040,
    "gamma": 1.8650093387331568,
    "brightness": 1.2,
    "hue_rotation": 54.19876282902913
  }
}