{
  "seed": "2d08ef18-8047-4521-8528-dd3757269911",
  "params": {
    "transforms": [
      {
        "a": -0.9830991521056192,
        "b": -0.360629974241383,
        "c": -0.5702278127331739,
        "d": 0.038207688012823926,
        "e": -0.4044425358449901,
        "f": 0.24228021560211332,
        "color": 0.8963353838384982,
        "weight": 0.6595601858755418,
        "variations": {
          "heart": 0.3921497859910822,
          "spherical": 0.16718431822111268
        }
      },
      {
        "a": -0.7364896709688822,
        "b": 0.9410526485436244,
        "c": -0.9277191123902988,
        "d": -0.9702920739219285,
        "e": 1.27835321894772,
        "f": -0.5439643907828244,
        "color": 0.7593538524805139,
        "weight": 0.9524735688507299,
        "variations": {
          "linear": 0.969407218605334,
          "polar": 0.7189828705708672
        }
      }
    ],
    "num_points": 2344196,
    "gamma": 2.3394276653307484,
    "brightness": 1.2,
    "hue_rotation": 303.26894293629726
  }
}