{
  "seed": "a0df0a9b-50de-4c31-94cf-eaf947b874d2",
  "params": {
    "transforms": [
      {
        "a": 0.23219883832911825,
        "b": 0.2585871471032881,
        "c": 0.13989171379705123,
        "d": -0.8425661345370266,
        "e": -0.20716239401969405,
        "f": 1.175781461795728,
        "color": 0.14722208595969033,
        "weight": 0.9634462837090738,
        "variations": {
          "spherical": 0.37593060530443434,
          "swirl": 0.0076188521435179846
        }
      },
      {
        "a": -0.7461747729885504,
        "b": -0.7603666048232698,
        "c": 0.4044952448055299,
        "d": 0.7403256977624382,
        "e": -0.4450522326837365,
        "f": -0.612198887219617,
        "color": 0.6994764625861118,
        "weight": 0.430500138596575,
        "variations": {
          "sinusoidal": 0.14117910338860595,
          "spherical": 0.9752954793985505,
          "linear": 0.8708699670204844
        }
      },
      {
        "a": 0.7425992462954649,
        "b": -0.9797083290539363,
        "c": 0.6473469511373486,
        "d": -0.612132745050693,
        "e": 1.320439299844963,
        "f": -0.9653891739149808,
        "color": 0.09444589690336624,
        "weight": 0.6449026675863143,
        "variations": {
          "linear": 0.7019525145890285,
          "heart": 0.34231601687156754,
          "swirl": 0.413278683782222
        }
      },
      {
        "a": 0.900054346699243,
        "b": 0.6099870465776114,
        "c": -0.5344837761089545,
        "d": -0.3935836556405461,
        "e": 1.0019114094419117,
        "f": 0.76474708572306,
        "color": 0.4430059919885362,
        "weight": 0.8948534563340255,
        "variations": {
          "linear": 0.855250690192705,
          "polar": 0.9210550301657005
        }
      }
    ],
    "num_points": 1180385,
    "gamma": 2.2753143524062356,
    "brightness": 1.2,
    "hue_rotation": 69.2442648393735
  }
}