{
  "seed": "e39c3798-7112-480f-9d39-67330707d021",
  "params": {
    "transforms": [
      {
        "a": 0.864803426076808,
        "b": -0.5931658499635908,
        "c": -0.29900076699457223,
        "d": 0.561602842944557,
        "e": 0.7419808771545879,
        "f": 1.2531992550104167,
        "color": 0.38977271908561106,
        "weight": 0.24582393864310034,
        "variations": {
          "heart": 0.016184642856597486,
          "linear": 0.42457226864145503
        }
      },
      {
        "a": -0.18343014704760274,
        "b": 0.8506654101969882,
        "c": 0.19620255147669696,
        "d": -0.11249269423682695,
        "e": 0.2838380807048302,
        "f": -1.0419398763745016,
        "color": 0.7804914535710371,
        "weight": 0.5951625112758393,
        "variations": {
          "polar": 0.30475930861804823,
          "spherical": 0.8351810194972453
        }
      },
      {
        "a": 0.606852355765265,
        "b": 0.5529113346227503,
        "c": -0.7471421810738146,
        "d": -0.8754319427940029,
        "e": 0.14138117333201627,
        "f": 0.8952738085168752,
        "color": 0.3804873114322629,
        "weight": 0.6518906162727653,
        "variations": {
          "linear": 0.4856120085410929,
          "sinusoidal": 0.40513114748197754
        }
      }
    ],
    "num_points": 1211771,
    "gamma": 1.8101046884840886,
    "brightness": 1.2,
    "hue_rotation": 104.54028208240184
  }
}