{
  "seed": "c55311a1-9d8e-449f-872b-b9cefc3fa89d",
  "params": {
    "transforms": [
      {
        "a": -0.24606726010236124,
        "b": -0.0032612516759202848,
        "c": -0.07606581369043108,
        "d": 0.07109128992575586,
        "e": 0.05266183635741739,
        "f": -1.2505636213544111,
        "color": 0.9987800559191164,
        "weight": 0.9355704904704258,
        "variations": {
          "heart": 0.12731070863843774,
          "polar": 0.20525938069572636,
          "spherical": 0.02267035422651753
        }
      },
      {
        "a": 0.9346060773188754,
        "b": 0.45009744644292327,
        "c": 0.7647757817637071,
        "d": -0.6159238095217163,
        "e": -0.5116401273625077,
        "f": 1.3996211009694832,
        "color": 0.850709097968592,
        "weight": 0.7920021268220966,
        "variations": {
          "heart": 0.20570125820706187
        }
      }
    ],
    "num_points": 2717295,
    "gamma": 2.3767766873301577,
    "brightness": 1.2,
    "hue_rotation": 324.40340579697533
  }
}