{
  "seed": "b5ad857d-98c5-4f91-a656-f45a75a01669",
  "params": {
    "transforms": [
      {
        "a": -0.888327513567102,
        "b": 0.9335650914094276,
        "c": 0.598281472707656,
        "d": 0.8561325180955226,
        "e": -0.9240036549587262,
        "f": -0.8597837625242146,
        "color": 0.29974326460091283,
        "weight": 0.39706440669990983,
        "variations": {
          "swirl": 0.41218120370228517
        }
      },
      {
        "a": -0.5863305967024308,
        "b": -0.26825233607307575,
        "c": 0.3138874164210901,
        "d": -0.1406513987791005,
        "e": -0.6630167334225852,
        "f": 0.8755524927484828,
        "color": 0.1230678058034903,
        "weight": 0.4457094190290598,
        "variations": {
          "polar": 0.9314888299007951
        }
      }
    ],
    "num_points": 2053730,
    "gamma": 1.9640025653152309,
    "brightness": 1.2,
    "hue_rotation": 277.8523519341493
  }
}