{
  "seed": "aecbe139-bdac-4080-a366-b7b0f89e6355",
  "params": {
    "transforms": [
      {
        "a": -0.33787388062487245,
        "b": -0.9626959817989207,
        "c": 0.3746088920236783,
        "d": 0.3896762872031263,
        "e": -0.5369447952904904,
        "f": 0.18789865007063877,
        "color": 0.22318079305339467,
        "weight": 0.28476834000994183,
        "variations": {
          "heart": 0.0027208478243004874,
          "swirl": 0.9715945179132873,
          "spherical": 0.7632927292336185
        }
      },
      {
        "a": -0.06272590722069538,
        "b": 0.17495296058234033,
        "c": -0.16818575834708804,
        "d": -0.9831445531710579,
        "e": 0.24865003072373737,
        "f": 0.41353552129844706,
        "color": 0.9982577120597443,
        "weight": 0.7480642754675193,
        "variations": {
          "swirl": 0.5287612891216009,
          "sinusoidal": 0.8853563961048991,
          "heart": 0.5146272523558139
        }
      }
    ],
    "num_points": 1434019,
    "gamma": 2.042033048984423,
    "brightness": 1.2,
    "hue_rotation": 312.8666347172226
  }
}