{
  "seed": "8548b8d6-2e91-4467-af8c-1f9e4fc52d86",
  "params": {
    "transforms": [
      {
        "a": -0.3010371746888547,
        "b": 0.3133341271433394,
        "c": 0.15462445323163476,
        "d": -0.5637434180831415,
        "e": 1.149270781331564,
        "f": 1.4785074254318107,
        "color": 0.26457187114896574,
        "weight": 0.5019118323259972,
        "variations": {
          "linear": 0.2889298697427529
        }
      },
      {
        "a": 0.7606398490693969,
        "b": -0.7623786485546473,
        "c": -0.43123116918431004,
        "d": -0.4874214697577417,
        "e": -0.17926174317079968,
        "f": -1.1715212632931384,
        "color": 0.06547771685989356,
        "weight": 0.9237943551471999,
        "variations": {
          "polar": 0.5152634471010863,
          "heart": 0.039572901119184434,
          "sinusoidal": 0.8983096282077858
        }
      }
    ],
    "num_points": 1938667,
    "gamma": 2.429320906625908,
    "brightness": 1.2,
    "hue_rotation": 238.98426801585492
  }
}