{
  "seed": "2a93dcb8-2f8c-461a-b073-ddc17cef445b",
  "params": {
    "transforms": [
      {
        "a": 0.309063738180108,
        "b": -0.023512995669049408,
        "c": -0.9375826869375066,
        "d": -0.05056941901823109,
        "e": -0.5096561923215344,
        "f": 1.1825752386392043,
        "color": 0.9148656764346212,
        "weight": 0.794324528468008,
        "variations": {
          "linear": 0.4910197539958696,
          "heart": 0.7271833204980583,
          "sinusoidal": 0.947876607545391
        }
      },
      {
        "a": -0.6185021097000925,
        "b": -0.0191389440687999,
        "c": 0.6655301008022083,
        "d": -0.5940413670534355,
        "e": 1.466569126418518,
        "f": 0.37584700836178175,
        "color": 0.4521889248727273,
        "weight": 0.35604533428156593,
        "variations": {
          "sinusoidal": 0.22180966403769764,
          "polar": 0.8400122891298044
        }
      }
    ],
    "num_points": 2234812,
    "gamma": 2.09925703157642,
    "brightness": 1.2,
    "hue_rotation": 15.632197939333814
  }
}