{
  "seed": "c9dbd637-d41c-49db-adcc-1d97ed188a2f",
  "params": {
    "transforms": [
      {
        "a": 0.6205215966575051,
        "b": -0.5964997743099862,
        "c": -0.8948823862161834,
        "d": 0.12248103394566323,
        "e": 0.6003377731443673,
        "f": 0.6483593333476856,
        "color": 0.6253254637897631,
        "weight": 0.7117255600079747,
        "variations": {
          "swirl": 0.8273326706070347
        }
      },
      {
        "a": -0.5320575924232502,
        "b": 0.029798892398444687,
        "c": -0.9048865008137268,
        "d": 0.8213861276347698,
        "e": -0.9264093572245647,
        "f": 0.32125079965489256,
        "color": 0.41896606528253644,
        "weight": 0.4367233515311312,
        "variations": {
          "linear": 0.304770968880126,
          "swirl": 0.9038443876606856
        }
      }
    ],
    "num_points": 2697331,
    "gamma": 1.9476328118877395,
    "brightness": 1.2,
    "hue_rotation": 104.56446160499651
  }
}