{
  "seed": "2afaaf12-190c-4b01-ac27-011707e6498f",
  "params": {
    "transforms": [
      {
        "a": 0.4585394930580944,
        "b": 0.23835187928624135,
        "c": -0.3703102468568851,
        "d": -0.4229523975418181,
        "e": 1.2152409805442774,
        "f": 0.1034183386904508,
        "color": 0.7722637590189733,
        "weight": 0.48364110733573873,
        "variations": {
          "sinusoidal": 0.3781096352284634,
          "swirl": 0.979194765652466
        }
      },
      {
        "a": -0.6454017475588054,
        "b": 0.03826140417196089,
        "c": 0.42526417756057855,
        "d": 0.4089428812984093,
        "e": -0.8389960726656271,
        "f": 0.7637180202084548,
        "color": 0.2444645365071415,
        "weight": 0.5181196468064978,
        "variations": {
          "polar": 0.48970839656176557
        }
      },
      {
        "a": -0.6759086064741613,
        "b": -0.30282810036071406,
        "c": -0.6526972755595597,
        "d": -0.6491309839426274,
        "e": 0.674726977640737,
        "f": -0.874299034713343,
        "color": 0.44700282622597687,
        "weight": 0.24515347529109707,
        "variations": {
          "sinusoidal": 0.839857177905938,
          "swirl": 0.0653327705343909,
          "linear": 0.9828915591237162
        }
      },
      {
        "a": -0.9007108963327359,
        "b": -0.8602319855953595,
        "c": 0.6525867016959914,
        "d": 0.23995972556543976,
        "e": 1.4708529462630846,
        "f": 0.8696905546029967,
        "color": 0.3340436524146583,
        "weight": 0.9390310317561786,
        "variations": {
          "sinusoidal": 0.3929909472642311
        }
      }
    ],
    "num_points": 2231620,
    "gamma": 2.0362819629940465,
    "brightness": 1.2,
    "hue_rotation": 24.631989861072
  }
}