{
  "seed": "5f289292-c12a-4ef0-b847-69e2255c5e4d",
  "params": {
    "transforms": [
      {
        "a": 0.27337323956796955,
        "b": -0.46608280058825824,
        "c": -0.4678078983544789,
        "d": 0.40490668414637887,
        "e": 1.427319967994424,
        "f": 0.30402167461434715,
        "color": 0.49240076888971207,
        "weight": 0.6720639659080394,
        "variations": {
          "sinusoidal": 0.2831882180060322,
          "linear": 0.22044526783961438
        }
      },
      {
        "a": 0.06686094046226865,
        "b": 0.4446359031462892,
        "c": 0.15194008395478442,
        "d": -0.9190855030541056,
        "e": -1.399525779916246,
        "f": 1.3601797166531178,
        "color": 0.1701839992588513,
        "weight": 0.23029411405410083,
        "variations": {
          "linear": 0.20008770982683133,
          "spherical": 0.5609505915406526,
          "swirl": 0.4538243279036195
        }
      },
      {
        "a": -0.5970622131587688,
        "b": 0.6913877154663348,
        "c": -0.982000203752087,
        "d": -0.24873357258935047,
        "e": -1.0124931829100374,
        "f": -0.14150545308154672,
        "color": 0.619214105166722,
        "weight": 0.29123825549837035,
        "variations": {
          "polar": 0.15276223626777496,
          "heart": 0.45415595860327507,
          "swirl": 0.6589308725344204
        }
      },
      {
        "a": -0.4511934959384254,
        "b": 0.4893119559365202,
        "c": -0.10002113566242876,
        "d": -0.13420206437284143,
        "e": 0.9554395270958969,
        "f": 0.21554249050483731,
        "color": 0.6409318806988491,
        "weight": 0.8676319229392786,
        "variations": {
          "spherical": 0.5138401986711403
        }
      }
    ],
    "num_points": 2673334,
    "gamma": 2.4020434621942925,
    "brightness": 1.2,
    "hue_rotation": 337.89350375886175
  }
}