{
  "seed": "7f0148cd-5b09-49da-aacd-dc68a705d595",
  "params": {
    "transforms": [
      {
        "a": -0.49468989473067415,
        "b": -0.8874329636730252,
        "c": 0.5068617733899092,
        "d": -0.3731740210148913,
        "e": -1.3354613922499972,
        "f": -0.9122454318402736,
        "color": 0.15546628511340954,
        "weight": 0.15830648362574434,
        "variations": {
          "spherical": 0.5536795773104765
        }
      },
      {
        "a": 0.8328879463019512,
        "b": -0.6739977295842006,
        "c": -0.782616982750028,
        "d": -0.6557078409838741,
        "e": -1.205373733125045,
        "f": -0.9153149726705795,
        "color": 0.33652401378510277,
        "weight": 0.6727938746556213,
        "variations": {
          "heart": 0.969255734570631,
          "swirl": 0.5216236945051392,
          "linear": 0.23215160238222843
        }
      }
    ],
    "num_points": 1524570,
    "gamma": 2.38336426578806,
    "brightness": 1.2,
    "hue_rotation": 120.21450398542638
  }
}