{
  "seed": "f85e9d65-0396-402f-8a29-3eb9654f6d8f",
  "params": {
    "transforms": [
      {
        "a": -0.8216009826253383,
        "b": 0.6313256852573246,
        "c": -0.3815817495682594,
        "d": -0.8444294577036222,
        "e": 0.11703098733252237,
        "f": 1.153905303389715,
        "color": 0.5278978567274343,
        "weight": 0.6925276573530099,
        "variations": {
          "polar": 0.4412147080797676,
          "linear": 0.5319501229087843,
          "heart": 0.5813292769888412
        }
      },
      {
        "a": 0.9534362819305044,
        "b": 0.47013785526637286,
        "c": 0.0048132670012543954,
        "d": 0.24520467120145106,
        "e": 1.1685481317163053,
        "f": -0.5056121549228565,
        "color": 0.8103586598990755,
        "weight": 0.41015905114096674,
        "variations": {
          "polar": 0.785394335510491,
          "swirl": 0.554733944822679
        }
      }
    ],
    "num_points": 2612502,
    "gamma": 2.4905117864218824,
    "brightness": 1.2,
    "hue_rotation": 323.9551069937416
  }
}