{
  "seed": "1578e5fe-b187-4b2e-a8d0-f3445abb2d5c-390",
  "parameters": {
    "num_transforms": 3,
    "transforms": [
      {
        "a": -0.7453281211863294,
        "b": -0.9093623599316722,
        "c": 0.6977352853238035,
        "d": -0.7005509692332198,
        "e": -0.09287018968305083,
        "f": 1.4303283142970824,
        "color": 0.5622525611987955,
        "variations": {
          "handkerchief": 0.3580546943286673,
          "spherical": 0.0,
          "sinusoidal": 0.7781458496826813,
          "linear": 0.8702532613941085
        },
        "weight": 1.4611423812186404
      },
      {
        "a": 0.7642875093102068,
        "b": -0.24952643423769993,
        "c": -1.0998837970630322,
        "d": -0.33664025833413946,
        "e": -1.2545571915088118,
        "f": -0.7626093813119732,
        "color": 0.39246536200951987,
        "variations": {
          "handkerchief": 0.49687511974129384,
          "spherical": 0.0
        },
        "weight": 1.2599136831895785
      },
      {
        "a": -0.4625684509752679,
        "b": 0.15552357006753237,
        "c": 0.9742967351494407,
        "d": 1.460021147995171,
        "e": 1.00716649634873,
        "f": -0.7113396423568658,
        "color": 0.5702292341096828,
        "variations": {
          "linear": 0.0,
          "disc": 0.0396220411148428
        },
        "weight": 1.272659930661741
      }
    ],
    "num_points": 3962006,
    "gamma": 1.7475674298981507,
    "brightness": 0.9516282788211713,
    "contrast": 1.0667655285642381,
    "hue_rotation": 166.8534563333913
  }
}