{
  "seed": "62bbb4d5-022b-410b-bcb9-62664a336d35",
  "params": {
    "transforms": [
      {
        "a": 0.9435716187082799,
        "b": -0.03617965891044683,
        "c": -0.6860222380852574,
        "d": -0.7947624715348369,
        "e": -1.1929639206105733,
        "f": -1.0412105337594904,
        "color": 0.28777799935647097,
        "weight": 0.4287724791077361,
        "variations": {
          "polar": 0.6971475746183976,
          "linear": 0.20382924257485735,
          "spherical": 0.9679432254504986
        }
      },
      {
        "a": -0.27192415767752554,
        "b": 0.7344384219789879,
        "c": 0.9357849908307523,
        "d": 0.5736690009020857,
        "e": 1.2402584073016278,
        "f": -0.21874810593391159,
        "color": 0.7858293625292045,
        "weight": 0.22363054313217082,
        "variations": {
          "sinusoidal": 0.9016742644926535,
          "polar": 0.45391915582507114,
          "swirl": 0.30953318033640465
        }
      },
      {
        "a": 0.38378331910031727,
        "b": 0.8608105443142808,
        "c": -0.420226664911185,
        "d": -0.78436941149906,
        "e": 0.5956861760364771,
        "f": -0.8527597247289005,
        "color": 0.11919074793254225,
        "weight": 0.28871648406991396,
        "variations": {
          "spherical": 0.3972476376938584
        }
      }
    ],
    "num_points": 2620984,
    "gamma": 2.430675300086566,
    "brightness": 1.2,
    "hue_rotation": 276.6908286991353
  }
}