{
  "seed": "044cdc26-884b-4c9c-a730-dc9f2286d06b",
  "params": {
    "transforms": [
      {
        "a": -0.49351687565590163,
        "b": 0.936823128372938,
        "c": -0.11381213384520494,
        "d": -0.18772135073994867,
        "e": -0.12030601598606538,
        "f": 1.248686845620163,
        "color": 0.9762400740876648,
        "weight": 0.37943685775851155,
        "variations": {
          "linear": 0.1745981620989976
        }
      },
      {
        "a": 0.5917411168750402,
        "b": 0.6366344155104082,
        "c": -0.9095537030198968,
        "d": 0.21108291147438507,
        "e": 0.1643899281964607,
        "f": 0.4624284105972971,
        "color": 0.6524085661050529,
        "weight": 0.11296479682032852,
        "variations": {
          "polar": 0.38900235338025124,
          "linear": 0.4176189332409217
        }
      },
      {
        "a": -0.7293127321598354,
        "b": 0.21448354872113207,
        "c": 0.7319362586690932,
        "d": 0.9897989810364838,
        "e": 0.4410836938224678,
        "f": -0.7913112738830519,
        "color": 0.7788200335834056,
        "weight": 0.31677875078009443,
        "variations": {
          "swirl": 0.1424251413353107,
          "polar": 0.14819265824578354,
          "sinusoidal": 0.6970804077593113
        }
      },
      {
        "a": -0.7399057690249538,
        "b": 0.9922888054594365,
        "c": -0.0717883344645529,
        "d": 0.9091155573900018,
        "e": 0.9637843055514499,
        "f": 0.7708120536303977,
        "color": 0.8443618976327601,
        "weight": 0.5169383362851713,
        "variations": {
          "polar": 0.6335445637031148,
          "heart": 0.7010074124804638,
          "swirl": 0.5337963154452898
        }
      }
    ],
    "num_points": 1612537,
    "gamma": 1.9473225816094057,
    "brightness": 1.2,
    "hue_rotation": 308.13619841005266
  }
}