{
  "seed": "2277f659-9c55-4812-bcbb-1c6cd0b96b6d",
  "params": {
    "transforms": [
      {
        "a": -0.9491807556915546,
        "b": -0.159541004980013,
        "c": -0.9385010011443644,
        "d": -0.756699038527328,
        "e": 0.09175559335567529,
        "f": 1.1201254296969654,
        "color": 0.029555218360925894,
        "weight": 0.7401537605716892,
        "variations": {
          "polar": 0.1444342040892609,
          "sinusoidal": 0.30483072728068283
        }
      },
      {
        "a": 0.21396169046698987,
        "b": -0.5958564484703808,
        "c": 0.20454152925067515,
        "d": 0.6102239204592561,
        "e": -1.1863501290446379,
        "f": 0.16315009034586447,
        "color": 0.5808366138912064,
        "weight": 0.17362445625372092,
        "variations": {
          "linear": 0.20722902271232213
        }
      }
    ],
    "num_points": 1388615,
    "gamma": 2.2046529401696,
    "brightness": 1.2,
    "hue_rotation": 266.3566069674543
  }
}