{
  "seed": "8c5b30df-fa92-451f-9f77-20789160ec5a-6",
  "parameters": {
    "num_transforms": 2,
    "transforms": [
      {
        "a": 1.0823337193318268,
        "b": -0.7224449061341975,
        "c": 0.36440792393487786,
        "d": 0.24173801980047083,
        "e": -1.4444269465926909,
        "f": 1.0332456232999552,
        "color": 0.35991834717864146,
        "variations": {
          "polar": 0.9979853725091411,
          "disc": 0.16840200803501204,
          "spherical": 0.8759742504727341
        },
        "weight": 1.44511874435442
      },
      {
        "a": 0.3714213168776628,
        "b": 0.618093096476052,
        "c": 1.2204044782490557,
        "d": -0.0011760246330370094,
        "e": -0.25526167362055263,
        "f": -0.46219146707891756,
        "color": 0.3998738821628002,
        "variations": {
          "heart": 0.0,
          "disc": 0.9962047752491853,
          "hyperbolic": 0.46825045214183236,
          "handkerchief": 0.4814806053838655
        },
        "weight": 1.021456866298352
      }
    ],
    "num_points": 1918104,
    "gamma": 3.606339942291566,
    "brightness": 1.9385693479618114,
    "contrast": 0.855305176029141,
    "hue_rotation": 292.43292764497625
  }
}