{
  "seed": "b3fe6d63-d6e1-400d-b4dd-9fd38aa450eb",
  "params": {
    "transforms": [
      {
        "a": 0.5633518731650431,
        "b": -0.7793596444159074,
        "c": 0.0019491629938486188,
        "d": 0.7409006131497797,
        "e": -1.0606431461844261,
        "f": 1.395978506405632,
        "color": 0.04035501402523434,
        "weight": 0.15975561982617478,
        "variations": {
          "spherical": 0.4464299163421024
        }
      },
      {
        "a": 0.9755732206693672,
        "b": -0.4917246003874389,
        "c": -0.9220656453712925,
        "d": 0.2173325184573991,
        "e": -1.1102952332967737,
        "f": 0.16494984019988257,
        "color": 0.26757044318538625,
        "weight": 0.15342285799526112,
        "variations": {
          "linear": 0.3782406823327903
        }
      },
      {
        "a": 0.5474296911155094,
        "b": 0.7812873192479646,
        "c": 0.38756712635304247,
        "d": -0.9988827553515036,
        "e": -0.3456557727703844,
        "f": -0.6461531745267436,
        "color": 0.8226855977493334,
        "weight": 0.24583926277529333,
        "variations": {
          "linear": 0.04250124684290524
        }
      }
    ],
    "num_points": 2644826,
    "gamma": 1.801841877564013,
    "brightness": 1.2,
    "hue_rotation": 189.29287339587665
  }
}