{
  "seed": "df33fd7d-365a-4731-9ee7-c5549be84b24",
  "params": {
    "transforms": [
      {
        "a": -0.57798744457774,
        "b": -0.6032342562154123,
        "c": 0.8540845967681729,
        "d": -0.7491975000312256,
        "e": 0.227580444349337,
        "f": -0.8104287664623655,
        "color": 0.4119675557523407,
        "weight": 0.32145918799478274,
        "variations": {
          "heart": 0.4931858343162423
        }
      },
      {
        "a": -0.39488197265311276,
        "b": 0.38541403139313535,
        "c": 0.8259470688952886,
        "d": 0.1521362759138587,
        "e": 0.5619730122022544,
        "f": 0.5881842348558122,
        "color": 0.6856697882068682,
        "weight": 0.3505325782032974,
        "variations": {
          "swirl": 0.8792680034758945,
          "polar": 0.11814415405578749,
          "heart": 0.9748098603384349
        }
      }
    ],
    "num_points": 2614753,
    "gamma": 2.163847628249544,
    "brightness": 1.2,
    "hue_rotation": 344.02943970107515
  }
}