{
  "seed": "d55eeffc-6475-4fff-957a-3b5a118195cf",
  "params": {
    "transforms": [
      {
        "a": -0.05447183295467495,
        "b": 0.6160935214935543,
        "c": 0.8107563811254401,
        "d": 0.5363601179934399,
        "e": 0.722823302908409,
        "f": -0.8246413406037904,
        "color": 0.5486254487066241,
        "weight": 0.620050704257421,
        "variations": {
          "linear": 0.7697870676143553
        }
      },
      {
        "a": 0.15062910938216145,
        "b": -0.7354983646072224,
        "c": -0.6404677602822164,
        "d": -0.20617246716727178,
        "e": -0.6524321531217985,
        "f": 0.09426310122131043,
        "color": 0.44047375535364697,
        "weight": 0.9739383662175614,
        "variations": {
          "spherical": 0.593408924778878,
          "linear": 0.5218223617420599,
          "swirl": 0.3463940406150944
        }
      },
      {
        "a": -0.6229713474276473,
        "b": -0.04948258800535932,
        "c": 0.1683047508787192,
        "d": -0.4528548453741186,
        "e": -0.0003850208346274364,
        "f": -1.3766111193819228,
        "color": 0.7767745332627624,
        "weight": 0.5340233545795234,
        "variations": {
          "heart": 0.7600693897392539,
          "polar": 0.20640417700581404
        }
      },
      {
        "a": -0.29939644244709274,
        "b": -0.11678047352849652,
        "c": 0.5270474652979069,
        "d": 0.36212146877783646,
        "e": -0.41798028723697733,
        "f": -1.2761336675253512,
        "color": 0.823698669124823,
        "weight": 0.10956208868465461,
        "variations": {
          "linear": 0.038813663751208316
        }
      }
    ],
    "num_points": 1446970,
    "gamma": 1.9704061887768978,
    "brightness": 1.2,
    "hue_rotation": 348.4650673980009
  }
}