{
  "seed": "587b0092-bad8-4b42-b200-1d099139e2ae",
  "params": {
    "transforms": [
      {
        "a": -0.18646784265827088,
        "b": 0.7783484699115406,
        "c": 0.07783535816944953,
        "d": -0.8042833877114097,
        "e": 0.3717933621712568,
        "f": 0.8749648775303651,
        "color": 0.4811142719994881,
        "weight": 0.1460716120379535,
        "variations": {
          "swirl": 0.42128040364018227,
          "polar": 0.5325053799755758,
          "heart": 0.8481207230291022
        }
      },
      {
        "a": 0.8987435836682858,
        "b": 0.9755655139678796,
        "c": -0.7648184768486741,
        "d": 0.8081284977769665,
        "e": -0.04139761211691528,
        "f": 0.5327746729586629,
        "color": 0.01795679262471417,
        "weight": 0.9706805743444614,
        "variations": {
          "sinusoidal": 0.030126687923611617,
          "swirl": 0.19304260401891582,
          "spherical": 0.7491684697637859
        }
      },
      {
        "a": 0.3988962280524646,
        "b": -0.18306085526323468,
        "c": 0.6226674499076739,
        "d": -0.33584056023816466,
        "e": 0.434757939962219,
        "f": -0.5437821432261745,
        "color": 0.6670987453708007,
        "weight": 0.11638780460295911,
        "variations": {
          "polar": 0.42505113400311534,
          "linear": 0.5846514644369258
        }
      },
      {
        "a": 0.12027091962924219,
        "b": -0.5171411604156537,
        "c": 0.48034384206378,
        "d": 0.7099604796255554,
        "e": 1.0043710864456363,
        "f": -0.43492310923882105,
        "color": 0.969278208123304,
        "weight": 0.6176559730369419,
        "variations": {
          "swirl": 0.9113752592704933,
          "heart": 0.9397611187378352
        }
      }
    ],
    "num_points": 2638081,
    "gamma": 2.3744130948427213,
    "brightness": 1.2,
    "hue_rotation": 219.0190614716608
  }
}