{
  "seed": "2bbfac0d-750c-4519-9d5f-ca1de81656d3",
  "params": {
    "transforms": [
      {
        "a": 0.6935206606245747,
        "b": -0.10113056459801006,
        "c": 0.5067668400738488,
        "d": -0.9381611121541023,
        "e": -0.23415209117021663,
        "f": -0.41994303415215684,
        "color": 0.8995395950377233,
        "weight": 0.9483604775934792,
        "variations": {
          "linear": 0.037640737020584125,
          "spherical": 0.2444599109921486,
          "swirl": 0.10775241963751436
        }
      },
      {
        "a": -0.5969226979063484,
        "b": 0.9703009704653724,
        "c": -0.8626865978354019,
        "d": -0.5383856733780028,
        "e": 0.1960262108891062,
        "f": 1.1894730898778105,
        "color": 0.07958857198351921,
        "weight": 0.6908967586473675,
        "variations": {
          "linear": 0.8654470747087384
        }
      }
    ],
    "num_points": 2594229,
    "gamma": 1.8951151662021148,
    "brightness": 1.2,
    "hue_rotation": 285.22291001468886
  }
}