{
  "seed": "37d64734-76af-4f1a-b0a1-f831f76cf804",
  "params": {
    "transforms": [
      {
        "a": -0.6729778616679394,
        "b": 0.7007901572017043,
        "c": -0.6808753104742449,
        "d": 0.27832004698697843,
        "e": -0.8951964681839287,
        "f": -0.45577914865438496,
        "color": 0.449849114088155,
        "weight": 0.6819305892787678,
        "variations": {
          "polar": 0.6961037405623454,
          "spherical": 0.49512523211550397
        }
      },
      {
        "a": -0.5920720859328141,
        "b": -0.15314582334162408,
        "c": -0.731631382073304,
        "d": -0.5675207084951552,
        "e": 1.4542428181717573,
        "f": 0.21308470675797997,
        "color": 0.25033821357825914,
        "weight": 0.5971572695722995,
        "variations": {
          "swirl": 0.26234249042517455,
          "spherical": 0.5671757463383746
        }
      },
      {
        "a": -0.6473282245905083,
        "b": 0.10228313690520774,
        "c": -0.12440802399806472,
        "d": -0.46833278814492374,
        "e": 0.758487144958143,
        "f": -0.9721985549556377,
        "color": 0.42980624386820676,
        "weight": 0.9457641133805456,
        "variations": {
          "spherical": 0.3847175019213189
        }
      }
    ],
    "num_points": 1805091,
    "gamma": 1.9425237587441018,
    "brightness": 1.2,
    "hue_rotation": 151.74336460541045
  }
}