{
  "seed": "a0b18fab-d6a5-472a-b180-57760a7187bc",
  "params": {
    "transforms": [
      {
        "a": -0.7332108003432771,
        "b": 0.25247319957181835,
        "c": -0.7728861696086959,
        "d": 0.7320202005357077,
        "e": 0.5189684124096008,
        "f": -1.0024791216091602,
        "color": 0.4694042053922748,
        "weight": 0.7915105674292134,
        "variations": {
          "heart": 0.4618785683448646
        }
      },
      {
        "a": 0.8767895470848988,
        "b": 0.940716363972103,
        "c": 0.4579037423925034,
        "d": 0.6502347985003141,
        "e": 1.4589437410398336,
        "f": -0.22649048967191665,
        "color": 0.5444636492933761,
        "weight": 0.23100290988812536,
        "variations": {
          "spherical": 0.19035434719175215,
          "sinusoidal": 0.8092681406168813,
          "heart": 0.26883818351156163
        }
      },
      {
        "a": -0.5903944758153341,
        "b": 0.962577589543705,
        "c": 0.6400821558747292,
        "d": 0.42884819564257315,
        "e": 1.4992620735803497,
        "f": -0.42145131604722685,
        "color": 0.728181352232977,
        "weight": 0.4745558132875134,
        "variations": {
          "heart": 0.39826277639209184
        }
      }
    ],
    "num_points": 1676810,
    "gamma": 1.9825733427237733,
    "brightness": 1.2,
    "hue_rotation": 83.04061503300045
  }
}