{
  "seed": "931f9ce2-5884-4b8b-b644-9ace76b66afc",
  "params": {
    "transforms": [
      {
        "a": 0.19177950680639944,
        "b": -0.8898322876357148,
        "c": 0.8826276242849977,
        "d": -0.22476561146582608,
        "e": 1.4238290871032406,
        "f": 0.44926029585035243,
        "color": 0.5938677026861039,
        "weight": 0.2511814105324149,
        "variations": {
          "linear": 0.03283406817656276,
          "sinusoidal": 0.4682883668208051
        }
      },
      {
        "a": 0.8463156119079494,
        "b": -0.6226800333917055,
        "c": 0.9969829103180359,
        "d": 0.5615773333801153,
        "e": 1.438169879377024,
        "f": -1.1650710089527743,
        "color": 0.7566662211461848,
        "weight": 0.9452452725729068,
        "variations": {
          "sinusoidal": 0.14715748422690944
        }
      },
      {
        "a": -0.48073515936255995,
        "b": -0.26874516196054765,
        "c": -0.46186825280878074,
        "d": 0.06841047671396616,
        "e": -0.29237689894528573,
        "f": 0.26599431068074475,
        "color": 0.28066979180112517,
        "weight": 0.17318360673339944,
        "variations": {
          "sinusoidal": 0.9601059560701701
        }
      },
      {
        "a": -0.09903131928250453,
        "b": 0.02004217720361301,
        "c": 0.014152260645156067,
        "d": 0.0204783305767271,
        "e": -0.35795810180160714,
        "f": -1.439595258570597,
        "color": 0.023894537447033293,
        "weight": 0.9624805484594717,
        "variations": {
          "swirl": 0.10750580045498603,
          "spherical": 0.11611095841315455
        }
      }
    ],
    "num_points": 2762253,
    "gamma": 2.2885650139089755,
    "brightness": 1.2,
    "hue_rotation": 134.60600138972418
  }
}