{
  "seed": "ce06f82d-5f7d-4263-9f9f-4fa1e916f8a1",
  "params": {
    "transforms": [
      {
        "a": -0.07310473391541472,
        "b": -0.36426042543697257,
        "c": -0.1125172564554986,
        "d": 0.4277506932299402,
        "e": -1.4058540747835675,
        "f": -0.017406331178889234,
        "color": 0.2825198857548502,
        "weight": 0.2788248047417744,
        "variations": {
          "spherical": 0.35293564943370037
        }
      },
      {
        "a": 0.917421219240149,
        "b": -0.1402932407677564,
        "c": -0.9504035355194638,
        "d": -0.9803133250092586,
        "e": -0.8986215407845024,
        "f": -1.235652543944953,
        "color": 0.7697560066973848,
        "weight": 0.8754985587368467,
        "variations": {
          "polar": 0.8236155219251629,
          "heart": 0.06730383289393371,
          "sinusoidal": 0.20857262038085234
        }
      }
    ],
    "num_points": 2544529,
    "gamma": 2.017059050477532,
    "brightness": 1.2,
    "hue_rotation": 286.9637147683383
  }
}