{
  "seed": "06e52e9b-7898-4ac1-9800-3239423e463b",
  "params": {
    "transforms": [
      {
        "a": 0.34377680211701,
        "b": -0.6620512156809117,
        "c": 0.5182445861190277,
        "d": -0.4965155652201718,
        "e": 0.5537450662993595,
        "f": 0.7617321213478458,
        "color": 0.16220185147147081,
        "weight": 0.3705042966163339,
        "variations": {
          "sinusoidal": 0.8849961682549167,
          "heart": 0.909017808010362
        }
      },
      {
        "a": -0.30342937435179684,
        "b": 0.2859366135305277,
        "c": -0.9574716705552955,
        "d": -0.23139700839963995,
        "e": 0.6004980538377209,
        "f": 0.9781795894781844,
        "color": 0.38778695688990095,
        "weight": 0.8367861707740893,
        "variations": {
          "polar": 0.765357356782924,
          "spherical": 0.6481515085348929
        }
      }
    ],
    "num_points": 2647633,
    "gamma": 1.837839114986619,
    "brightness": 1.2,
    "hue_rotation": 351.95432934325925
  }
}