{
  "seed": "dc195996-0212-4473-8317-d14ce0df8c3f",
  "params": {
    "transforms": [
      {
        "a": -0.7044981886131174,
        "b": 0.301705881938809,
        "c": -0.03344417846444836,
        "d": 0.5759865674039057,
        "e": 0.985663200730774,
        "f": -0.6881614644913704,
        "color": 0.13091977074422267,
        "weight": 0.8054706420808185,
        "variations": {
          "sinusoidal": 0.22497985332122228,
          "heart": 0.08985495209109351,
          "spherical": 0.1746620749511819
        }
      },
      {
        "a": -0.7321472857083204,
        "b": -0.5425565298000794,
        "c": -0.24672479424661087,
        "d": -0.01688930941205169,
        "e": 0.2656789155953092,
        "f": 0.576952828618452,
        "color": 0.5867295211887681,
        "weight": 0.19634041246284212,
        "variations": {
          "polar": 0.43448278971883725,
          "linear": 0.010145799514410414,
          "heart": 0.8831539787781557
        }
      }
    ],
    "num_points": 1534351,
    "gamma": 2.232919391850481,
    "brightness": 1.2,
    "hue_rotation": 129.33141723957456
  }
}