{
  "seed": "499f2b50-76b4-44fd-a194-7a75999a80c3",
  "params": {
    "transforms": [
      {
        "a": 0.8987576425223924,
        "b": 0.5688700122410122,
        "c": -0.8859192549708845,
        "d": -0.12480471534629634,
        "e": -0.011547506970874588,
        "f": -1.3858928270139796,
        "color": 0.6436326647391997,
        "weight": 0.24664372636731496,
        "variations": {
          "polar": 0.9479938417242418,
          "swirl": 0.49437746410805583,
          "sinusoidal": 0.9986342679589839
        }
      },
      {
        "a": 0.4343301234198713,
        "b": 0.5241961656060783,
        "c": 0.07119936641441393,
        "d": 0.42564097560839853,
        "e": 0.1501083732588131,
        "f": 0.581901820524819,
        "color": 0.8777374675552811,
        "weight": 0.10683988026259895,
        "variations": {
          "linear": 0.06741600595894315
        }
      }
    ],
    "num_points": 1132729,
    "gamma": 2.4925062164529193,
    "brightness": 1.2,
    "hue_rotation": 49.046360039760934
  }
}