{
  "seed": "3b99edd1-e9df-41cb-9228-36983ec20335",
  "params": {
    "transforms": [
      {
        "a": -0.992216025827652,
        "b": -0.9710315859964238,
        "c": -0.8780747325930631,
        "d": -0.7006182716932674,
        "e": 0.03360248189959547,
        "f": 0.3558371615202718,
        "color": 0.5279034262042133,
        "weight": 0.7796756752276943,
        "variations": {
          "spherical": 0.4514213196615968,
          "sinusoidal": 0.058358527031333485,
          "swirl": 0.9681228792042492
        }
      },
      {
        "a": 0.5928227182378711,
        "b": 0.5956346680276725,
        "c": 0.15263160898522488,
        "d": 0.30929607842806583,
        "e": 0.5770034111088966,
        "f": 0.3624839073044335,
        "color": 0.2683240276371043,
        "weight": 0.7475332710841756,
        "variations": {
          "swirl": 0.9069144711481419,
          "spherical": 0.45508482791692106
        }
      },
      {
        "a": 0.9471521247637529,
        "b": 0.6281041507355416,
        "c": 0.48513105684273516,
        "d": -0.6686828061551895,
        "e": 0.8655142451740483,
        "f": -0.34746266344038546,
        "color": 0.09504130835232061,
        "weight": 0.2837098027853121,
        "variations": {
          "heart": 0.5708252593561643,
          "polar": 0.8114962138975749
        }
      },
      {
        "a": 0.6134573282562203,
        "b": 0.25913884684953303,
        "c": 0.8047573323645452,
        "d": -0.19035240157381472,
        "e": -1.2857909520177648,
        "f": 0.2757680883872675,
        "color": 0.4304078951226612,
        "weight": 0.28618601202511507,
        "variations": {
          "polar": 0.16264310986799857,
          "sinusoidal": 0.5930773239327307,
          "linear": 0.8223823122376638
        }
      }
    ],
    "num_points": 1877189,
    "gamma": 2.1904236344486447,
    "brightness": 1.2,
    "hue_rotation": 347.31968947403874
  }
}