{
  "seed": "ae81aad5-1348-4deb-ae04-b8442dc784fc",
  "params": {
    "transforms": [
      {
        "a": -0.08884098231511528,
        "b": 0.8700501741226181,
        "c": -0.6845059828646198,
        "d": 0.22634521577206712,
        "e": -0.5570614056018482,
        "f": -0.94111752960564,
        "color": 0.27790312202493206,
        "weight": 0.13400913874181303,
        "variations": {
          "polar": 0.2397867833521612,
          "linear": 0.4858734742475923,
          "sinusoidal": 0.7515106995280179
        }
      },
      {
        "a": 0.5616285869683235,
        "b": 0.06207863138618519,
        "c": 0.7033239961490123,
        "d": 0.8076141650040094,
        "e": -1.3252216469663667,
        "f": -1.4026231246692755,
        "color": 0.33369485497693463,
        "weight": 0.7367962851424007,
        "variations": {
          "sinusoidal": 0.028287746677045367
        }
      },
      {
        "a": 0.43670923237957493,
        "b": -0.35858699042882947,
        "c": 0.9165968938084059,
        "d": 0.7837434075196708,
        "e": 0.8201694223510669,
        "f": 0.052858594645906365,
        "color": 0.8186647903408711,
        "weight": 0.9648847643480503,
        "variations": {
          "linear": 0.6421450138989943
        }
      }
    ],
    "num_points": 2781910,
    "gamma": 2.1313185677638606,
    "brightness": 1.2,
    "hue_rotation": 292.650334128278
  }
}