{
  "seed": "162edec1-c5ef-4a76-8627-fcbb3f2c69c6",
  "params": {
    "transforms": [
      {
        "a": -0.1835361462231222,
        "b": -0.2200813354823128,
        "c": -0.8071332912841938,
        "d": 0.45655118557090746,
        "e": -0.9755740603032579,
        "f": -1.01834232311752,
        "color": 0.35978470919099936,
        "weight": 0.938801528329126,
        "variations": {
          "spherical": 0.03379774402326541,
          "sinusoidal": 0.3228610481728802
        }
      },
      {
        "a": -0.1283807296541546,
        "b": -0.6261427085943461,
        "c": -0.19981838151365539,
        "d": -0.9562773816268544,
        "e": -0.44338689978612345,
        "f": 1.2528426675002429,
        "color": 0.4767585255112259,
        "weight": 0.9695682315013,
        "variations": {
          "swirl": 0.32532606375459705,
          "polar": 0.5041425227971282,
          "linear": 0.5349912377804328
        }
      },
      {
        "a": -0.8845077050167736,
        "b": -0.23215692238962626,
        "c": -0.5167592513396864,
        "d": -0.41303960011942076,
        "e": -0.39796941488733495,
        "f": -1.3442385409804976,
        "color": 0.13769591150703042,
        "weight": 0.4746814805168059,
        "variations": {
          "heart": 0.014219891271255114,
          "sinusoidal": 0.14478729827358194
        }
      }
    ],
    "num_points": 2486864,
    "gamma": 1.802860810548549,
    "brightness": 1.2,
    "hue_rotation": 65.06599107289188
  }
}