{
  "seed": "861c2b11-889d-4480-8a36-9e418542bf72",
  "params": {
    "transforms": [
      {
        "a": -0.42080116284066826,
        "b": 0.19765527812216765,
        "c": -0.19721091220151998,
        "d": 0.4417884865086188,
        "e": 1.3215755390893031,
        "f": -0.4909147896810111,
        "color": 0.8582150117135843,
        "weight": 0.468248413514906,
        "variations": {
          "heart": 0.4731876752344839
        }
      },
      {
        "a": -0.9993413781460663,
        "b": 0.8332167763142482,
        "c": -0.2353103718573093,
        "d": -0.9068335090120583,
        "e": -1.0266883927967796,
        "f": -1.0565718076902475,
        "color": 0.6450975831259342,
        "weight": 0.5512236690936102,
        "variations": {
          "swirl": 0.8055052698886076,
          "linear": 0.19154675764686824
        }
      },
      {
        "a": -0.4078807078750286,
        "b": -0.46021918543547713,
        "c": 0.005080098660980692,
        "d": -0.26085012736366164,
        "e": 1.1780038185887012,
        "f": 0.3048791117280769,
        "color": 0.8614379106180804,
        "weight": 0.35488200105422496,
        "variations": {
          "swirl": 0.9020797016660337,
          "spherical": 0.32324568492443295
        }
      },
      {
        "a": -0.8002002635888117,
        "b": 0.4399416956281561,
        "c": 0.6543302857016724,
        "d": 0.3708423465948485,
        "e": 1.2045160801171368,
        "f": 0.18683081745817343,
        "color": 0.6222630669046092,
        "weight": 0.28863660241356554,
        "variations": {
          "sinusoidal": 0.5017187908677275
        }
      }
    ],
    "num_points": 1819320,
    "gamma": 2.2018629040240603,
    "brightness": 1.2,
    "hue_rotation": 160.89350098858154
  }
}