{
  "seed": "c4f1827c-4845-4724-8837-a300f989df47",
  "params": {
    "transforms": [
      {
        "a": -0.48691842629233406,
        "b": -0.06453632962560496,
        "c": -0.1661140495699358,
        "d": -0.9054991037393969,
        "e": -0.206972707476891,
        "f": 0.4063487774789505,
        "color": 0.47028086604980845,
        "weight": 0.6469664578827092,
        "variations": {
          "linear": 0.8749250134478678,
          "sinusoidal": 0.7205711835200823
        }
      },
      {
        "a": -0.5967155247207507,
        "b": -0.4971327517171924,
        "c": 0.0028458195500098427,
        "d": -0.3289783084018152,
        "e": -1.3862311727294683,
        "f": 0.41424695287496727,
        "color": 0.08090423620675002,
        "weight": 0.5289214535033805,
        "variations": {
          "sinusoidal": 0.6514129645359551,
          "heart": 0.06657463098753158
        }
      },
      {
        "a": 0.6797473204210107,
        "b": 0.8520302687242527,
        "c": -0.905953745993282,
        "d": -0.1287110519837058,
        "e": -0.29441949540714596,
        "f": -1.1536180909337221,
        "color": 0.630962437356056,
        "weight": 0.6162045537326643,
        "variations": {
          "linear": 0.9200549349187053,
          "sinusoidal": 0.8302802481055996
        }
      }
    ],
    "num_points": 1435604,
    "gamma": 1.9820788949972283,
    "brightness": 1.2,
    "hue_rotation": 83.30263887687221
  }
}