{
  "seed": "64e39817-f097-45b4-ad87-36aad483627d",
  "params": {
    "transforms": [
      {
        "a": 0.057681542811897746,
        "b": -0.6254232344606985,
        "c": 0.31251376658197616,
        "d": -0.09611441191707937,
        "e": 0.6084121363684258,
        "f": 0.572181224917558,
        "color": 0.5419307937778944,
        "weight": 0.13664523139024803,
        "variations": {
          "heart": 0.161132630624525,
          "swirl": 0.484820241855177
        }
      },
      {
        "a": -0.7732017440496712,
        "b": 0.7210831190556994,
        "c": 0.4382431742503994,
        "d": 0.23909068595165106,
        "e": 0.9496541674310142,
        "f": -0.0883552639528895,
        "color": 0.4581813475657326,
        "weight": 0.34571413119366684,
        "variations": {
          "sinusoidal": 0.733382219427431,
          "spherical": 0.5303927454294282
        }
      }
    ],
    "num_points": 1487953,
    "gamma": 2.3701041660192343,
    "brightness": 1.2,
    "hue_rotation": 302.88921121852434
  }
}