{
  "seed": "493bf2c5-063e-4891-887b-932b625d229b",
  "params": {
    "transforms": [
      {
        "a": 0.5166524289336023,
        "b": -0.30386715185039903,
        "c": -0.1667009115709046,
        "d": -0.20546837214045133,
        "e": -0.8291166542719951,
        "f": -0.7674398928220961,
        "color": 0.3873115003327776,
        "weight": 0.2720281964677206,
        "variations": {
          "spherical": 0.4953679840539932,
          "sinusoidal": 0.06898843388933595,
          "swirl": 0.7595069847810594
        }
      },
      {
        "a": 0.0055895850383702594,
        "b": 0.3100265335407528,
        "c": -0.8662720547584699,
        "d": 0.45884432561694144,
        "e": 0.07450076254213478,
        "f": -0.8219879302873537,
        "color": 0.22776779372387712,
        "weight": 0.889488575359394,
        "variations": {
          "spherical": 0.5919429588399362
        }
      }
    ],
    "num_points": 1838626,
    "gamma": 2.415142461729569,
    "brightness": 1.2,
    "hue_rotation": 353.4108287895457
  }
}