{
  "seed": "3edec6a4-45d0-4559-b825-52d74cb9f568",
  "params": {
    "transforms": [
      {
        "a": 0.9288706400000228,
        "b": -0.4855837577616251,
        "c": 0.26816304840055527,
        "d": 0.7223134813211196,
        "e": -0.2950950536127157,
        "f": 1.1755050597734078,
        "color": 0.1424233424998127,
        "weight": 0.8566821370564547,
        "variations": {
          "polar": 0.9278751988841374,
          "linear": 0.16026615666365962
        }
      },
      {
        "a": 0.2850829878090113,
        "b": -0.3452521719534378,
        "c": 0.9365268986662734,
        "d": -0.9707616284669536,
        "e": -0.24697825174062937,
        "f": -1.3175666313458545,
        "color": 0.4953313398310325,
        "weight": 0.19437266644600715,
        "variations": {
          "linear": 0.30051692609657343,
          "swirl": 0.8826308437558917
        }
      },
      {
        "a": -0.43256037650183954,
        "b": 0.37087553788812877,
        "c": -0.32188660328044616,
        "d": -0.022425584940302334,
        "e": 1.3010476606501449,
        "f": 0.3139620089823829,
        "color": 0.8240665098667111,
        "weight": 0.5440005525608975,
        "variations": {
          "linear": 0.8396121949392177
        }
      },
      {
        "a": 0.6234139472090197,
        "b": -0.12938218568335635,
        "c": 0.28521375778828983,
        "d": 0.1512305675126684,
        "e": -1.2014535930455104,
        "f": 0.19219697485234866,
        "color": 0.8027163148405801,
        "weight": 0.870989553649445,
        "variations": {
          "polar": 0.7098465255863573,
          "heart": 0.3909059364133013,
          "swirl": 0.42307423118000564
        }
      }
    ],
    "num_points": 1922887,
    "gamma": 2.2378874202204213,
    "brightness": 1.2,
    "hue_rotation": 92.52545787813553
  }
}