{
  "seed": "9c20fccf-a4a0-4316-a4e6-96358a01e51b",
  "params": {
    "transforms": [
      {
        "a": -0.8827235140823271,
        "b": 0.5504409448651228,
        "c": -0.5458474395937587,
        "d": 0.17571785508006865,
        "e": 1.2117893867433849,
        "f": 1.0096098356512546,
        "color": 0.9067237007595904,
        "weight": 0.8458993684075196,
        "variations": {
          "polar": 0.0809930567639976,
          "heart": 0.42777643941324495
        }
      },
      {
        "a": -0.3434838754863274,
        "b": 0.697411419501387,
        "c": 0.8718805017771347,
        "d": 0.6180850051312721,
        "e": 1.4073042988317335,
        "f": -1.1480482331413917,
        "color": 0.8385950030384752,
        "weight": 0.29337189608963704,
        "variations": {
          "polar": 0.9996963068852128,
          "linear": 0.5803482893032413
        }
      },
      {
        "a": -0.5734785790101358,
        "b": -0.4643615277590343,
        "c": 0.27799873412390363,
        "d": 0.0856711603569289,
        "e": -0.10566330268281776,
        "f": -0.22163691653221296,
        "color": 0.7479573802295918,
        "weight": 0.5014226661938559,
        "variations": {
          "polar": 0.9928544026878344,
          "linear": 0.9281330088566445
        }
      }
    ],
    "num_points": 2919721,
    "gamma": 2.0860588570153147,
    "brightness": 1.2,
    "hue_rotation": 78.37643355054078
  }
}