{
  "seed": "4539ecd2-25dc-4065-a3b8-79349622aaa1",
  "params": {
    "transforms": [
      {
        "a": 0.244388089214713,
        "b": -0.01723031387659746,
        "c": -0.3594333980419766,
        "d": -0.14617055103469623,
        "e": 1.4083289597052846,
        "f": -0.7800571655832308,
        "color": 0.4641252091010849,
        "weight": 0.8055972782886485,
        "variations": {
          "linear": 0.5867271490068818,
          "sinusoidal": 0.18402769852702539,
          "polar": 0.5177690217834222
        }
      },
      {
        "a": 0.15487251158394444,
        "b": 0.4855380411248176,
        "c": -0.3169706390437961,
        "d": -0.8932778551696481,
        "e": 0.6731554116015142,
        "f": 1.3655958435236926,
        "color": 0.4879915236413288,
        "weight": 0.2919071199168261,
        "variations": {
          "swirl": 0.7812458844255242
        }
      }
    ],
    "num_points": 1324669,
    "gamma": 2.2866392248855023,
    "brightness": 1.2,
    "hue_rotation": 188.8767008226528
  }
}