{
  "seed": "6a352e22-37d8-4203-a5a5-0e3739b034f6",
  "params": {
    "transforms": [
      {
        "a": -0.4213937443203213,
        "b": -0.958310515939859,
        "c": -0.9900877863385573,
        "d": -0.19979754098310765,
        "e": 1.4708692214155992,
        "f": 0.29659132974686075,
        "color": 0.9390651237384888,
        "weight": 0.9124471649794533,
        "variations": {
          "sinusoidal": 0.16676499305960568,
          "spherical": 0.9496580098576867
        }
      },
      {
        "a": 0.6071729915772348,
        "b": 0.9613871466311428,
        "c": -0.30124575696968026,
        "d": -0.753053822292246,
        "e": 0.6541626840478303,
        "f": -1.0652143361896411,
        "color": 0.2662881321426387,
        "weight": 0.39958817264225177,
        "variations": {
          "heart": 0.0026491750317974017,
          "sinusoidal": 0.38781705110248876,
          "spherical": 0.9350532882786683
        }
      },
      {
        "a": -0.45250571323951894,
        "b": 0.26107956044990255,
        "c": -0.9116084096938797,
        "d": -0.5120087331080942,
        "e": 1.3810355663013598,
        "f": 1.499861448005313,
        "color": 0.233761463890783,
        "weight": 0.9957380179180031,
        "variations": {
          "linear": 0.9555731512225493,
          "sinusoidal": 0.52529602011057
        }
      },
      {
        "a": 0.02339625660946343,
        "b": -0.6170677833345126,
        "c": -0.9463764537326247,
        "d": -0.1424965470056767,
        "e": 0.6524883874760414,
        "f": -0.5336911621932251,
        "color": 0.976001791643101,
        "weight": 0.6486269848331233,
        "variations": {
          "polar": 0.8027184192381065,
          "linear": 0.961727068393978,
          "spherical": 0.8203197491098085
        }
      }
    ],
    "num_points": 2182754,
    "gamma": 2.4469596316333044,
    "brightness": 1.2,
    "hue_rotation": 161.71038999272392
  }
}