{
  "seed": "afa47149-04c4-4fec-9239-4b9907a250cf",
  "params": {
    "transforms": [
      {
        "a": -0.024886868141074325,
        "b": -0.9591963535617374,
        "c": -0.37893201434129264,
        "d": 0.16384162870770536,
        "e": -1.2379858331063993,
        "f": 0.602971254079125,
        "color": 0.9205751768426679,
        "weight": 0.8929678826224804,
        "variations": {
          "linear": 0.9983098687027726,
          "sinusoidal": 0.15402831611957835
        }
      },
      {
        "a": 0.7584183851657571,
        "b": 0.43555977951237357,
        "c": 0.5426310201925488,
        "d": 0.08891215833006738,
        "e": -0.17860636076261782,
        "f": 1.3907201687636128,
        "color": 0.49431291387642995,
        "weight": 0.8876559717711459,
        "variations": {
          "linear": 0.25384016416335264,
          "spherical": 0.640733596359921,
          "polar": 0.25885454728237345
        }
      },
      {
        "a": -0.7620614271929331,
        "b": -0.5083257621783748,
        "c": -0.6038760804062258,
        "d": -0.8039690226015141,
        "e": -0.1943658604208025,
        "f": 0.9276570440016041,
        "color": 0.2248937499348349,
        "weight": 0.41750569090316825,
        "variations": {
          "heart": 0.5174852709633269,
          "sinusoidal": 0.7222386613352844
        }
      },
      {
        "a": 0.8469346704885545,
        "b": 0.027017768205093384,
        "c": -0.7314143090853871,
        "d": 0.03923509598757802,
        "e": -0.63485069605247,
        "f": 0.1510831359977547,
        "color": 0.31312529132403977,
        "weight": 0.6998658144435931,
        "variations": {
          "sinusoidal": 0.11103059649406799
        }
      }
    ],
    "num_points": 1926112,
    "gamma": 2.055579133866935,
    "brightness": 1.2,
    "hue_rotation": 159.6600928984919
  }
}