{
  "seed": "41516c58-0637-4182-b52f-a6db3e794bfc",
  "params": {
    "transforms": [
      {
        "a": 0.3026894990836444,
        "b": 0.38510429874565033,
        "c": 0.1525055020357724,
        "d": -0.5384119538425955,
        "e": 0.2713232171458757,
        "f": -1.065835771794096,
        "color": 0.8206564682621904,
        "weight": 0.8274163035555346,
        "variations": {
          "heart": 0.2543528889493536,
          "linear": 0.27963375080204655,
          "polar": 0.2791182069425753
        }
      },
      {
        "a": -0.21871087792884314,
        "b": 0.9593240481397394,
        "c": 0.6640778675122301,
        "d": -0.5506832978480372,
        "e": -0.6125262135382396,
        "f": -0.6987788716878158,
        "color": 0.08104186892354404,
        "weight": 0.45964840607994606,
        "variations": {
          "spherical": 0.6529224950575956,
          "sinusoidal": 0.23637217244524766
        }
      }
    ],
    "num_points": 2436579,
    "gamma": 2.1280732480966136,
    "brightness": 1.2,
    "hue_rotation": 330.0183957087093
  }
}