{
  "seed": "7208e562-3f85-4569-b857-c2160d59b5ac",
  "params": {
    "transforms": [
      {
        "a": 0.4663328398103541,
        "b": 0.2874144067084967,
        "c": 0.0765405809265034,
        "d": 0.7319154357046256,
        "e": 1.2229966850924563,
        "f": 0.4127273631718169,
        "color": 0.06220384676427804,
        "weight": 0.6691978361876934,
        "variations": {
          "sinusoidal": 0.5051396889428846,
          "linear": 0.6876542588469812,
          "spherical": 0.3959300703035993
        }
      },
      {
        "a": 0.9133522092694955,
        "b": 0.7427007030337438,
        "c": -0.6389119266918948,
        "d": 0.7641061926271504,
        "e": 1.0871791148295458,
        "f": 0.33656115556299726,
        "color": 0.3270608791166564,
        "weight": 0.8027158578896253,
        "variations": {
          "heart": 0.0699112445808705,
          "spherical": 0.06164800412175686
        }
      },
      {
        "a": 0.03935437160123101,
        "b": 0.04449700186701899,
        "c": 0.6685501003072085,
        "d": -0.3267315748350659,
        "e": -0.04706914752298674,
        "f": 0.8847765196149044,
        "color": 0.7003769332607125,
        "weight": 0.39914971158453594,
        "variations": {
          "heart": 0.7643565039839926,
          "sinusoidal": 0.21651017441284737,
          "swirl": 0.3657912825011497
        }
      }
    ],
    "num_points": 1209755,
    "gamma": 2.3470091183866613,
    "brightness": 1.2,
    "hue_rotation": 33.48089556117077
  }
}