{
  "seed": "c314dbca-7246-4bcb-ad67-02b73d5de258",
  "params": {
    "transforms": [
      {
        "a": -0.726723021614732,
        "b": -0.39089899563613506,
        "c": -0.9085127102272839,
        "d": 0.7137488043186153,
        "e": 0.6225341696697217,
        "f": 0.9739957790840479,
        "color": 0.24650029805438678,
        "weight": 0.12473193941826763,
        "variations": {
          "heart": 0.9197093700409141,
          "linear": 0.3547034367038332
        }
      },
      {
        "a": -0.24597915832958028,
        "b": 0.005077556812067341,
        "c": 0.9232522427364036,
        "d": -0.9729907380232183,
        "e": -1.1009888722854657,
        "f": -0.8998579991719123,
        "color": 0.6565389781732145,
        "weight": 0.6637540632141681,
        "variations": {
          "heart": 0.8977873188559841,
          "spherical": 0.5979896025779461,
          "sinusoidal": 0.3378144942908
        }
      },
      {
        "a": 0.872764830745433,
        "b": -0.5285941380861934,
        "c": -0.8236957909898797,
        "d": 0.6406224586401574,
        "e": 1.4098236228516727,
        "f": 0.3908860683986015,
        "color": 0.16904172767629866,
        "weight": 0.5972102887704774,
        "variations": {
          "heart": 0.4248801378101299,
          "linear": 0.4047443490490693,
          "sinusoidal": 0.7992658095151076
        }
      },
      {
        "a": 0.35793440501550844,
        "b": 0.9858076525229877,
        "c": -0.009697348708311626,
        "d": 0.4436797265506476,
        "e": -0.9412282705303147,
        "f": 0.8978858496899225,
        "color": 0.5516778490347276,
        "weight": 0.5372327078559795,
        "variations": {
          "spherical": 0.6573644897926217,
          "heart": 0.5724518026274394,
          "linear": 0.44731570480710336
        }
      }
    ],
    "num_points": 1316788,
    "gamma": 2.2427781439026857,
    "brightness": 1.2,
    "hue_rotation": 42.71553122130804
  }
}