{
  "seed": "ebe06ba1-87b3-47cc-ba67-4d9328c400f5",
  "params": {
    "transforms": [
      {
        "a": -0.37710091384347644,
        "b": -0.5309602032777387,
        "c": 0.8357655739632199,
        "d": 0.5720082316816621,
        "e": 0.3734580030865806,
        "f": -0.02955467100923448,
        "color": 0.7326131771286511,
        "weight": 0.4812980923445185,
        "variations": {
          "linear": 0.39406449187855086,
          "polar": 0.33598910039462293,
          "sinusoidal": 0.9160612339592058
        }
      },
      {
        "a": 0.022325188988854494,
        "b": 0.5858549062142262,
        "c": 0.9403215446075395,
        "d": -0.2451603053859377,
        "e": -0.9865820345937643,
        "f": -1.0651582600371865,
        "color": 0.8660211953364909,
        "weight": 0.4074927591724171,
        "variations": {
          "spherical": 0.5790776740854776
        }
      }
    ],
    "num_points": 2285054,
    "gamma": 2.3708975450552168,
    "brightness": 1.2,
    "hue_rotation": 37.08177605038556
  }
}