{
  "seed": "f7f8e348-6975-4d66-85ed-9a0a9ddf2457",
  "params": {
    "transforms": [
      {
        "a": 0.9396451912221433,
        "b": 0.6120572003658347,
        "c": -0.26755295439376003,
        "d": -0.30707917067665624,
        "e": 0.2698666035504993,
        "f": 0.26641118494261784,
        "color": 0.9009029315097578,
        "weight": 0.5869246698434755,
        "variations": {
          "heart": 0.9909790419795872,
          "linear": 0.020859956232313626,
          "spherical": 0.631930586518873
        }
      },
      {
        "a": 0.5861674567565534,
        "b": 0.09075423108022718,
        "c": -0.17288552505162036,
        "d": -0.14593641387628775,
        "e": -0.5935030589834072,
        "f": 0.4413793351768409,
        "color": 0.158850697728387,
        "weight": 0.7792466626996231,
        "variations": {
          "linear": 0.12347314904270856,
          "spherical": 0.6093322490627585,
          "sinusoidal": 0.1962397389839795
        }
      }
    ],
    "num_points": 2077294,
    "gamma": 2.436307761369863,
    "brightness": 1.2,
    "hue_rotation": 160.87785954973256
  }
}