{
  "seed": "ab2f5b16-bb98-4215-b686-f96db710aefc",
  "params": {
    "transforms": [
      {
        "a": -0.06872539035040881,
        "b": -0.9230606535495618,
        "c": -0.7117498737896997,
        "d": -0.23826260105783748,
        "e": -1.4075748686379237,
        "f": 0.9880130046788471,
        "color": 0.39358256735359254,
        "weight": 0.20821037225747263,
        "variations": {
          "linear": 0.8632097894965065,
          "heart": 0.012548687105480627
        }
      },
      {
        "a": -0.5031665400259502,
        "b": -0.34566665462746293,
        "c": -0.27417335056589254,
        "d": 0.08608799194386174,
        "e": -1.0037787106755802,
        "f": 1.104287089422456,
        "color": 0.8009818073760686,
        "weight": 0.9445002374256742,
        "variations": {
          "linear": 0.3118293008289045
        }
      },
      {
        "a": 0.3714246847737237,
        "b": 0.8392964392632576,
        "c": -0.01342123465110956,
        "d": 0.2382794135459858,
        "e": -0.3796786820304563,
        "f": 0.8905331783876864,
        "color": 0.11490467193586151,
        "weight": 0.37889640812607495,
        "variations": {
          "sinusoidal": 0.8367180424094562,
          "polar": 0.4144466748467446
        }
      },
      {
        "a": -0.24826099401906543,
        "b": 0.7845946819046725,
        "c": 0.17703315480129067,
        "d": -0.10241596876721326,
        "e": -0.7537585033662294,
        "f": 0.6973818505400788,
        "color": 0.3107883269927384,
        "weight": 0.25560605372113926,
        "variations": {
          "polar": 0.3401264081082517
        }
      }
    ],
    "num_points": 2828240,
    "gamma": 1.9587006769957491,
    "brightness": 1.2,
    "hue_rotation": 249.1973983330673
  }
}