{
  "seed": "c976d9ab-3b3a-4c28-a653-7412f43de8db",
  "params": {
    "transforms": [
      {
        "a": -0.5705384462385747,
        "b": -0.6394012837761327,
        "c": 0.31855182646284064,
        "d": 0.7885176001551761,
        "e": 0.07520741501660977,
        "f": 0.8994482550553591,
        "color": 0.6713509356352683,
        "weight": 0.19264372399176993,
        "variations": {
          "heart": 0.8067324586861151
        }
      },
      {
        "a": -0.44316203108959273,
        "b": -0.7087570121595386,
        "c": 0.2349976016804236,
        "d": -0.42841598859354657,
        "e": -1.2527691686369304,
        "f": 1.297840942487063,
        "color": 0.7174422169944628,
        "weight": 0.9786569381385448,
        "variations": {
          "swirl": 0.2953450924647155
        }
      },
      {
        "a": 0.5927742854555071,
        "b": 0.44413470983317205,
        "c": 0.41100425038347965,
        "d": -0.3876944223147756,
        "e": -0.7412215609940574,
        "f": 0.5620105997301987,
        "color": 0.8848922962719096,
        "weight": 0.9640175723920845,
        "variations": {
          "polar": 0.3028828294761904
        }
      },
      {
        "a": -0.28053908333617117,
        "b": -0.7866703949788805,
        "c": 0.5709058794086912,
        "d": 0.7660324122652065,
        "e": -1.0163624308067,
        "f": -0.18027230000310546,
        "color": 0.1482251991677368,
        "weight": 0.49867501046651275,
        "variations": {
          "spherical": 0.9088173740349719
        }
      }
    ],
    "num_points": 1907584,
    "gamma": 1.9485145407030142,
    "brightness": 1.2,
    "hue_rotation": 342.048773382221
  }
}