{
  "seed": "b1e14a14-145b-4147-a85a-2bb51dd30888",
  "params": {
    "transforms": [
      {
        "a": -0.9838840533112532,
        "b": -0.06233016916514189,
        "c": 0.9835624261235183,
        "d": -0.5564692363968791,
        "e": -0.6980650265831405,
        "f": -0.11668197921890089,
        "color": 0.1809058897034368,
        "weight": 0.4236968478599247,
        "variations": {
          "linear": 0.46395110533567074,
          "spherical": 0.5493723331073258,
          "heart": 0.7338352690740688
        }
      },
      {
        "a": -0.761472991809415,
        "b": -0.9201907421011393,
        "c": -0.4376263206011761,
        "d": 0.8624507943976847,
        "e": 0.6754786258537671,
        "f": -0.26210907319035415,
        "color": 0.34013189774718644,
        "weight": 0.7867862018457278,
        "variations": {
          "sinusoidal": 0.18424454710895777,
          "polar": 0.753783763817356
        }
      },
      {
        "a": 0.046357464032338314,
        "b": 0.3538222367485191,
        "c": 0.24682091731185918,
        "d": -0.7902189156610302,
        "e": -1.06718848314421,
        "f": -0.41127303294864914,
        "color": 0.08266052653318579,
        "weight": 0.40180543989842665,
        "variations": {
          "heart": 0.44647564936701667
        }
      }
    ],
    "num_points": 1734276,
    "gamma": 2.216368638634602,
    "brightness": 1.2,
    "hue_rotation": 345.587163901976
  }
}