{
  "seed": "d8fc7e01-78d9-45e3-b859-0379fcea6cfb-525",
  "parameters": {
    "num_transforms": 2,
    "transforms": [
      {
        "a": 0.6537379945448811,
        "b": 1.1972771279305285,
        "c": 0.223021266248717,
        "d": 0.8769946331323419,
        "e": 0.029064765679099214,
        "f": 0.10882886909333056,
        "color": 0.677302864235915,
        "variations": {
          "spherical": 0.6710650209616184,
          "linear": 0.7458220038697995,
          "horseshoe": 0.0,
          "spiral": 0.029358434918376308
        },
        "weight": 1.2066596250117825
      },
      {
        "a": 0.22170431397290913,
        "b": -0.1513224696780484,
        "c": 1.3992798722118933,
        "d": -0.9808909499467827,
        "e": 0.9776692868370649,
        "f": -1.202348289569402,
        "color": 0.8032394063677533,
        "variations": {
          "swirl": 0.15911437257106908,
          "handkerchief": 0.7017608453576167,
          "sinusoidal": 0.0,
          "hyperbolic": 0.17745244544447836
        },
        "weight": 1.4450815374257682
      }
    ],
    "num_points": 4865314,
    "gamma": 3.9190948599258206,
    "brightness": 0.8911879832024865,
    "contrast": 1.1954873430705686,
    "hue_rotation": 92.42107426894415
  }
}