{
  "seed": "569b389f-f86f-41de-bbc1-7d95a3059055",
  "params": {
    "transforms": [
      {
        "a": -0.2362971167622241,
        "b": 0.8011363096561035,
        "c": -0.6365179854382261,
        "d": 0.5453418830748151,
        "e": -1.3346682495303714,
        "f": 0.9498016149700774,
        "color": 0.6699174284719621,
        "weight": 0.6952211089899448,
        "variations": {
          "swirl": 0.01951858543960383,
          "heart": 0.6539732418564052
        }
      },
      {
        "a": 0.2004363312591464,
        "b": 0.09305388922926716,
        "c": 0.5678727561328036,
        "d": -0.04065526631434313,
        "e": -0.28443954503571134,
        "f": -0.2982112794017078,
        "color": 0.5200011274343377,
        "weight": 0.6187915424184227,
        "variations": {
          "swirl": 0.7446363755498999,
          "polar": 0.20702343762652464,
          "sinusoidal": 0.1480326384271038
        }
      },
      {
        "a": -0.9235842680225137,
        "b": -0.8457467350273609,
        "c": 0.9266830111398614,
        "d": -0.4263421635830611,
        "e": -1.3547807907737068,
        "f": 0.20324916418133365,
        "color": 0.43901360008156143,
        "weight": 0.23190830210833172,
        "variations": {
          "polar": 0.7392942396538849,
          "heart": 0.9223635906345002
        }
      },
      {
        "a": 0.7548949396957498,
        "b": -0.6323213334697135,
        "c": 0.9482092867703309,
        "d": -0.9594385235028566,
        "e": 1.2931345847032172,
        "f": 0.5989176824121158,
        "color": 0.8086058343080847,
        "weight": 0.7054206097073767,
        "variations": {
          "sinusoidal": 0.11920197111937769,
          "polar": 0.9374666532965595
        }
      }
    ],
    "num_points": 2295591,
    "gamma": 2.4962245970228127,
    "brightness": 1.2,
    "hue_rotation": 41.833039121962024
  }
}