{
  "seed": "1f171cda-08ac-476a-8b33-97bf50869860",
  "params": {
    "transforms": [
      {
        "a": -0.7330967942425897,
        "b": -0.06095901831074357,
        "c": -0.08892512158842902,
        "d": -0.8305503162488059,
        "e": -0.5242212637770574,
        "f": 0.0007075037094992354,
        "color": 0.7527686018439851,
        "weight": 0.24726913327368935,
        "variations": {
          "spherical": 0.14641194843127237,
          "polar": 0.5541558865438904
        }
      },
      {
        "a": -0.21089256902051146,
        "b": 0.18180888773478165,
        "c": 0.3399371174519197,
        "d": -0.8770252233049789,
        "e": 1.0012038499616267,
        "f": -0.5904223316532629,
        "color": 0.8781308527567764,
        "weight": 0.3563866439882696,
        "variations": {
          "spherical": 0.8095038660659294,
          "heart": 0.5426078927389363,
          "polar": 0.04693546592014164
        }
      },
      {
        "a": -0.5148310856814242,
        "b": -0.49147476730329953,
        "c": -0.28957478647761903,
        "d": 0.607341562446688,
        "e": 0.07020185305891724,
        "f": 0.7498603855178327,
        "color": 0.3813020018558567,
        "weight": 0.43982397362240533,
        "variations": {
          "polar": 0.40758893626785153,
          "spherical": 0.41748443421128045,
          "linear": 0.6013171756065274
        }
      },
      {
        "a": 0.18195009076401858,
        "b": -0.8437555366176377,
        "c": -0.60739676868022,
        "d": -0.9146125888060468,
        "e": -0.6906075919519966,
        "f": -0.3458933189482809,
        "color": 0.3504714909743132,
        "weight": 0.2247263983398034,
        "variations": {
          "heart": 0.9187549639244809,
          "polar": 0.7262388929279702
        }
      }
    ],
    "num_points": 1066501,
    "gamma": 1.9702522556301671,
    "brightness": 1.2,
    "hue_rotation": 155.05207991202187
  }
}