{
  "seed": "17dfbb9f-d590-4928-9e49-2c45078db846",
  "params": {
    "transforms": [
      {
        "a": 0.11429674698482817,
        "b": -0.14654171345528044,
        "c": 0.788010091647769,
        "d": -0.4940909582042925,
        "e": 1.2620664805342936,
        "f": -0.17597649497612733,
        "color": 0.9372476110676521,
        "weight": 0.7465053235783478,
        "variations": {
          "spherical": 0.6930833092587694,
          "heart": 0.7158837003751088
        }
      },
      {
        "a": -0.985537123298615,
        "b": 0.7038624362472714,
        "c": -0.7118832319758008,
        "d": 0.7947173490367905,
        "e": 0.8034365712414244,
        "f": 0.9653739745506815,
        "color": 0.0753071404211969,
        "weight": 0.34924244525221426,
        "variations": {
          "heart": 0.26760724140265324,
          "swirl": 0.881186624046571,
          "linear": 0.0401663360306761
        }
      },
      {
        "a": -0.35102784152622823,
        "b": -0.3216545233996928,
        "c": -0.04145939045132163,
        "d": 0.6362520833195326,
        "e": -1.4799875242834877,
        "f": 0.8097410526487261,
        "color": 0.04438820388699183,
        "weight": 0.9570821618753937,
        "variations": {
          "swirl": 0.15719001971844482
        }
      },
      {
        "a": -0.7536761835376535,
        "b": 0.2627327061083169,
        "c": 0.7179988710202796,
        "d": 0.3106178547972851,
        "e": 0.4209781602311873,
        "f": -1.28074990948555,
        "color": 0.7013151723461798,
        "weight": 0.4769116644533288,
        "variations": {
          "spherical": 0.6961021456278055
        }
      }
    ],
    "num_points": 1193654,
    "gamma": 2.3812926633660014,
    "brightness": 1.2,
    "hue_rotation": 284.8338859785149
  }
}