{
  "seed": "cbdd34ad-286f-456d-8a2d-4e6796adfa0f",
  "params": {
    "transforms": [
      {
        "a": 0.6571775023332334,
        "b": -0.1256523244559018,
        "c": -0.7805926394622742,
        "d": -0.02286631085073365,
        "e": -0.8097919455055856,
        "f": 1.050996923136656,
        "color": 0.6261991747800504,
        "weight": 0.31014618371823016,
        "variations": {
          "swirl": 0.0773891372153972
        }
      },
      {
        "a": -0.1722730633304086,
        "b": -0.8506878604189623,
        "c": 0.8387294788490649,
        "d": 0.9642242025987191,
        "e": -0.2211011759718522,
        "f": -1.0099208891554787,
        "color": 0.265105671049626,
        "weight": 0.49129371639937447,
        "variations": {
          "heart": 0.5042433466516159,
          "sinusoidal": 0.3276864586782867
        }
      }
    ],
    "num_points": 2252126,
    "gamma": 1.9173287248721516,
    "brightness": 1.2,
    "hue_rotation": 67.02017837614075
  }
}