{
  "seed": "826b73b3-711a-4e5e-9d9f-1f390b6c7193",
  "params": {
    "transforms": [
      {
        "a": -0.9502735504418551,
        "b": -0.5871627912306119,
        "c": -0.3619740611804956,
        "d": -0.1065813840396852,
        "e": -0.5162953212040091,
        "f": -1.277351525391654,
        "color": 0.26814113746876767,
        "weight": 0.32931661850535343,
        "variations": {
          "spherical": 0.2936756033273338,
          "linear": 0.2987666979291964
        }
      },
      {
        "a": 0.1914013504995411,
        "b": -0.7926915684027354,
        "c": 0.3205702228793821,
        "d": -0.08208200424527057,
        "e": 0.6453103293681353,
        "f": 0.9786328733266352,
        "color": 0.7341836639656097,
        "weight": 0.2710724187344645,
        "variations": {
          "swirl": 0.506684760409036,
          "polar": 0.27014586534539653
        }
      }
    ],
    "num_points": 1225655,
    "gamma": 1.8507184870970697,
    "brightness": 1.2,
    "hue_rotation": 201.25448856266922
  }
}