{
  "seed": "ec25f304-41d7-416a-ba00-f6cea80340c4",
  "params": {
    "transforms": [
      {
        "a": -0.13162090944467186,
        "b": 0.8936186854025967,
        "c": -0.8116052503614719,
        "d": 0.285979857569576,
        "e": -0.15121214658580384,
        "f": -1.3413363215808525,
        "color": 0.6003047078894446,
        "weight": 0.5681051159775159,
        "variations": {
          "heart": 0.43467828792256824,
          "polar": 0.02521887656433386
        }
      },
      {
        "a": 0.207975752393172,
        "b": 0.9616825037200853,
        "c": 0.2973799800159289,
        "d": 0.7150265874407369,
        "e": -0.05433692614124741,
        "f": -0.4000534859729912,
        "color": 0.34966800513101426,
        "weight": 0.4019595165670211,
        "variations": {
          "heart": 0.18246440644590156
        }
      }
    ],
    "num_points": 1230541,
    "gamma": 2.1691421335874197,
    "brightness": 1.2,
    "hue_rotation": 190.97805004662578
  }
}