{
  "seed": "d4c25ac6-e61a-4592-b805-ae269f8cfc46",
  "params": {
    "transforms": [
      {
        "a": -0.31061385738645986,
        "b": -0.492249763173489,
        "c": -0.16117195937502982,
        "d": -0.6533706150197331,
        "e": -0.2361945097348448,
        "f": 0.8311777173064989,
        "color": 0.025830916271199822,
        "weight": 0.8284230506266239,
        "variations": {
          "swirl": 0.15215841331746682,
          "spherical": 0.07476047944090736
        }
      },
      {
        "a": 0.4776495693427594,
        "b": -0.33665033497507135,
        "c": -0.028604612329439005,
        "d": -0.16462368627229118,
        "e": -0.352619566218779,
        "f": 0.41899448606853484,
        "color": 0.6344068205211275,
        "weight": 0.42631402557850084,
        "variations": {
          "heart": 0.9690609891260257,
          "swirl": 0.6590045980159988,
          "linear": 0.6966436271255626
        }
      }
    ],
    "num_points": 2671344,
    "gamma": 2.1119479603760105,
    "brightness": 1.2,
    "hue_rotation": 46.19007323819239
  }
}