{
  "seed": "d9d42eb9-e0b1-4706-9bdb-603eb6b857f9",
  "params": {
    "transforms": [
      {
        "a": 0.6612409701269562,
        "b": 0.44801048333829674,
        "c": -0.9851308554691787,
        "d": 0.664675954007028,
        "e": -0.37196615802639066,
        "f": -1.2755863136721053,
        "color": 0.1511909234379608,
        "weight": 0.14847541196564804,
        "variations": {
          "heart": 0.2648302751332986,
          "sinusoidal": 0.23506329106759705
        }
      },
      {
        "a": -0.39017021635854277,
        "b": 0.13769869021667458,
        "c": -0.14518214876201108,
        "d": 0.4407978919294735,
        "e": -0.18695264293851843,
        "f": 0.32101586704704754,
        "color": 0.441108820718921,
        "weight": 0.38043923346952135,
        "variations": {
          "linear": 0.03210049594332076
        }
      },
      {
        "a": 0.8839613685612391,
        "b": -0.4574978762802244,
        "c": 0.8052302354414835,
        "d": 0.45554600817581914,
        "e": -1.3229018969269684,
        "f": 0.8878658831588351,
        "color": 0.9072527864465952,
        "weight": 0.4249077519627096,
        "variations": {
          "spherical": 0.40957761037026164,
          "linear": 0.6455216036110782
        }
      }
    ],
    "num_points": 1171126,
    "gamma": 2.494546900430889,
    "brightness": 1.2,
    "hue_rotation": 258.47009263674653
  }
}