{
  "seed": "75f82d41-0584-4431-8acc-b455c9cc99ab",
  "params": {
    "transforms": [
      {
        "a": -0.6617705643509144,
        "b": -0.7087169683746082,
        "c": 0.0389239796644032,
        "d": 0.3536660204825042,
        "e": -1.4305497428250176,
        "f": -1.2382020067196855,
        "color": 0.16424231182511484,
        "weight": 0.4990540427871071,
        "variations": {
          "sinusoidal": 0.4198897211063135,
          "heart": 0.33453378352356,
          "polar": 0.03966862469077537
        }
      },
      {
        "a": 0.22070323094722166,
        "b": 0.5463794562260773,
        "c": 0.059432079751144506,
        "d": 0.14860541301665586,
        "e": 0.9120106491200088,
        "f": 0.13262283292192123,
        "color": 0.6150670016979426,
        "weight": 0.7576109196120595,
        "variations": {
          "polar": 0.5603648973326206,
          "spherical": 0.19058492319342935,
          "sinusoidal": 0.19748290997117468
        }
      },
      {
        "a": 0.12675400864385034,
        "b": 0.2071362682223019,
        "c": -0.4498822260877906,
        "d": -0.212894551837425,
        "e": 1.2509393134768385,
        "f": -0.23022276674614628,
        "color": 0.16843010478241738,
        "weight": 0.7151501464538159,
        "variations": {
          "swirl": 0.923131873965165,
          "heart": 0.7704029427987781
        }
      }
    ],
    "num_points": 1915672,
    "gamma": 1.9102674378930842,
    "brightness": 1.2,
    "hue_rotation": 0.858117648045531
  }
}