{
  "seed": "5aa52035-bacc-4f4e-8d27-1ad680b08523",
  "params": {
    "transforms": [
      {
        "a": 0.4027989187716863,
        "b": -0.5162686306999293,
        "c": -0.8147346848831876,
        "d": -0.1718085396443434,
        "e": 1.4780514086830285,
        "f": -0.4270773121581357,
        "color": 0.48764093536255715,
        "weight": 0.46984620233949126,
        "variations": {
          "swirl": 0.818179179368612,
          "sinusoidal": 0.007307420786274443
        }
      },
      {
        "a": -0.1632045710660206,
        "b": -0.9643049275409448,
        "c": 0.2934588908262994,
        "d": 0.9579530954212243,
        "e": 1.4184524569182515,
        "f": 0.08915870520348657,
        "color": 0.39919645621439814,
        "weight": 0.6630683895617067,
        "variations": {
          "heart": 0.7618826873959559,
          "polar": 0.3546143403646348
        }
      },
      {
        "a": -0.23124667675105193,
        "b": -0.03496811213027429,
        "c": -0.1999332153977771,
        "d": 0.8963829990797139,
        "e": 1.4303020850634938,
        "f": 0.5259269310377976,
        "color": 0.11253523550559119,
        "weight": 0.9863340583009763,
        "variations": {
          "sinusoidal": 0.7127138338774553,
          "linear": 0.8029475576553609
        }
      }
    ],
    "num_points": 1354490,
    "gamma": 1.9974878028906145,
    "brightness": 1.2,
    "hue_rotation": 144.0045517121282
  }
}