{
  "seed": "b45868ff-bac1-481f-8472-225c9940a045",
  "params": {
    "transforms": [
      {
        "a": -0.21024354583160298,
        "b": 0.204455865564676,
        "c": 0.8421467781512975,
        "d": 0.9210526003346029,
        "e": -1.2009889027076621,
        "f": 0.07597521904083293,
        "color": 0.019133005594393016,
        "weight": 0.21866100405417987,
        "variations": {
          "spherical": 0.8766243445559032,
          "sinusoidal": 0.004516606049483007,
          "linear": 0.9391934477762305
        }
      },
      {
        "a": -0.585920045262635,
        "b": -0.8505435810366169,
        "c": -0.09363120658948842,
        "d": 0.8385818834959842,
        "e": -1.0307570262546701,
        "f": 0.8605950483313833,
        "color": 0.29499188691073475,
        "weight": 0.7771792611848091,
        "variations": {
          "sinusoidal": 0.28445624863916863,
          "spherical": 0.7256947088701275,
          "linear": 0.248553171337504
        }
      },
      {
        "a": 0.8851785128628988,
        "b": 0.4338228460332991,
        "c": 0.43609846046111134,
        "d": 0.060965968481401234,
        "e": -0.4505378183024731,
        "f": -0.8154168606991536,
        "color": 0.23840632737161616,
        "weight": 0.7125414741085792,
        "variations": {
          "heart": 0.9264472347784826,
          "swirl": 0.7385889064155301
        }
      }
    ],
    "num_points": 2326899,
    "gamma": 1.9952995607365742,
    "brightness": 1.2,
    "hue_rotation": 312.10774737812875
  }
}