{
  "seed": "df6b0e08-9447-4d28-b4c5-24b3663d806d",
  "params": {
    "transforms": [
      {
        "a": -0.22103432929111144,
        "b": -0.5654624478744985,
        "c": -0.320566822888966,
        "d": -0.8737259697147508,
        "e": 1.3275161069961965,
        "f": -1.4169879162245524,
        "color": 0.37970520801198526,
        "weight": 0.18454258197131154,
        "variations": {
          "sinusoidal": 0.8560510133391316,
          "polar": 0.7978119993529429
        }
      },
      {
        "a": 0.626343807936437,
        "b": -0.48355796605832757,
        "c": 0.15979863833797947,
        "d": 0.5361348271778839,
        "e": 1.0687578968130982,
        "f": -1.3756875258240324,
        "color": 0.003802611470356987,
        "weight": 0.42659418031766017,
        "variations": {
          "sinusoidal": 0.5427528925068636,
          "polar": 0.46281448978200657,
          "linear": 0.3560058466428082
        }
      },
      {
        "a": 0.8920002080010108,
        "b": 0.2851864735568246,
        "c": -0.5746575908418046,
        "d": 0.14702299496822624,
        "e": 1.2259543172259084,
        "f": -0.7999231044076752,
        "color": 0.3684663216099475,
        "weight": 0.5648055578385507,
        "variations": {
          "polar": 0.6655996254343282,
          "sinusoidal": 0.3869140564349389
        }
      }
    ],
    "num_points": 2430416,
    "gamma": 1.9781191197098513,
    "brightness": 1.2,
    "hue_rotation": 26.451776723384157
  }
}