{
  "seed": "42187e68-caae-4bd9-8eb4-5f0fe297c589",
  "params": {
    "transforms": [
      {
        "a": 0.7489968215947898,
        "b": 0.11550502261795326,
        "c": -0.9065892350537137,
        "d": 0.699750953219392,
        "e": 0.4867734786666178,
        "f": -0.03134991118057817,
        "color": 0.5117467955452826,
        "weight": 0.19381125132041943,
        "variations": {
          "sinusoidal": 0.7124154228624874,
          "spherical": 0.5019128827532495
        }
      },
      {
        "a": 0.3650591292301568,
        "b": -0.868083823627837,
        "c": 0.0886767790409817,
        "d": 0.49392826604299955,
        "e": 1.3765020180926881,
        "f": -0.892361590180059,
        "color": 0.8976529998611628,
        "weight": 0.25661180875995926,
        "variations": {
          "spherical": 0.14072610674379493,
          "heart": 0.34320887517679555
        }
      }
    ],
    "num_points": 1273950,
    "gamma": 2.232123870888466,
    "brightness": 1.2,
    "hue_rotation": 355.3031210776201
  }
}