{
  "seed": "d2b17b6e-92ea-4370-919d-a9c1af39d3a7",
  "params": {
    "transforms": [
      {
        "a": -0.8588735756217307,
        "b": 0.2982313747248291,
        "c": 0.12362591773454068,
        "d": -0.10827576838858,
        "e": -0.32626112460320345,
        "f": -1.4613234045823857,
        "color": 0.32023954799536136,
        "weight": 0.803254128831232,
        "variations": {
          "spherical": 0.39957688923361934,
          "sinusoidal": 0.2110436860484891
        }
      },
      {
        "a": 0.4381939956534,
        "b": -0.7688669312995036,
        "c": 0.45287136741334466,
        "d": -0.6274748216713824,
        "e": -0.16567173618352893,
        "f": 0.22030608555097597,
        "color": 0.8511367442944018,
        "weight": 0.2925063902593566,
        "variations": {
          "polar": 0.37947323842599523,
          "swirl": 0.6016054778774057
        }
      },
      {
        "a": 0.2686110386256977,
        "b": 0.04157076781152691,
        "c": -0.16938192786174477,
        "d": 0.13690192562919234,
        "e": -1.1115932369091654,
        "f": -0.5197009430394779,
        "color": 0.6709631203963011,
        "weight": 0.6844745749312,
        "variations": {
          "sinusoidal": 0.3817135761226962,
          "linear": 0.5575657771212906
        }
      }
    ],
    "num_points": 1983637,
    "gamma": 1.8309851309405265,
    "brightness": 1.2,
    "hue_rotation": 15.861392492471955
  }
}