{
  "seed": "9bebe2f6-6d7c-49b4-bfb1-41c6c2d34f3f",
  "params": {
    "transforms": [
      {
        "a": -0.07905698159676433,
        "b": -0.8215592879294622,
        "c": -0.04572959493927242,
        "d": 0.8770082404484836,
        "e": -0.5318188266647402,
        "f": -1.04889632223713,
        "color": 0.7813475176102586,
        "weight": 0.14326484418050897,
        "variations": {
          "polar": 0.8907371082392479
        }
      },
      {
        "a": 0.9195102812440397,
        "b": 0.5561068514121117,
        "c": -0.5143256848333806,
        "d": 0.195907298963522,
        "e": 0.5315231739238455,
        "f": 0.8566836594125204,
        "color": 0.05394481272269047,
        "weight": 0.45918737897038797,
        "variations": {
          "polar": 0.3162463108562551,
          "spherical": 0.9468605974384967,
          "sinusoidal": 0.6422478525252879
        }
      },
      {
        "a": 0.5804027184988898,
        "b": -0.32910917462681377,
        "c": 0.9149355302195954,
        "d": 0.08371173064303994,
        "e": 0.9830854044626953,
        "f": -0.27570729018109374,
        "color": 0.48673262078006574,
        "weight": 0.8985304798660656,
        "variations": {
          "heart": 0.3580511251747188
        }
      },
      {
        "a": -0.6774953954168501,
        "b": -0.7917419454649464,
        "c": 0.5426256148675856,
        "d": 0.8607223391116359,
        "e": 1.351469753083494,
        "f": -1.258980655180792,
        "color": 0.24453522460879418,
        "weight": 0.9318936132949331,
        "variations": {
          "sinusoidal": 0.508761770856448,
          "swirl": 0.332005156950279
        }
      }
    ],
    "num_points": 1122886,
    "gamma": 1.8333753620447664,
    "brightness": 1.2,
    "hue_rotation": 266.4358251773582
  }
}