{
  "seed": "2b39a0bc-78e7-4f3f-abb1-2fe9c5710579",
  "params": {
    "transforms": [
      {
        "a": 0.9675796479428844,
        "b": 0.06508334178145514,
        "c": 0.8586396267525818,
        "d": 0.23870261698991935,
        "e": 1.0025335113933247,
        "f": 0.36568130718340663,
        "color": 0.16966285619135157,
        "weight": 0.5565959288459091,
        "variations": {
          "sinusoidal": 0.5469736559837727,
          "heart": 0.08916748736775193,
          "linear": 0.38068756903247924
        }
      },
      {
        "a": -0.8691128061887363,
        "b": 0.9612853303259858,
        "c": -0.39690390468804204,
        "d": -0.2563123899492834,
        "e": 1.0114140441933581,
        "f": 0.46529191506793155,
        "color": 0.3526864470960388,
        "weight": 0.33624829798910916,
        "variations": {
          "sinusoidal": 0.02158685044706421,
          "linear": 0.29301232413423484,
          "swirl": 0.8046997977658163
        }
      }
    ],
    "num_points": 1689311,
    "gamma": 2.041129071808393,
    "brightness": 1.2,
    "hue_rotation": 68.27959049246091
  }
}