{
  "seed": "274314de-9656-4e38-82cc-b352b8701726-304",
  "parameters": {
    "num_transforms": 2,
    "transforms": [
      {
        "a": 0.11487928277608361,
        "b": 0.38975867234157935,
        "c": -0.44862629173978963,
        "d": -1.0768175651361023,
        "e": -1.1514462483068393,
        "f": -0.8805611488455657,
        "color": 0.6944419896989865,
        "variations": {
          "spiral": 0.3421732035027948,
          "heart": 0.5254127334839223
        },
        "weight": 0.6021647643059818
      },
      {
        "a": 0.7537607294040516,
        "b": -1.336624900555654,
        "c": 0.25099428114233224,
        "d": -0.36181228978204216,
        "e": 1.3084131515826298,
        "f": 0.2598138458806263,
        "color": 0.3680149062541339,
        "variations": {
          "disc": 0.9323721487275534,
          "spiral": 0.0857157507921007
        },
        "weight": 1.1128013980221994
      }
    ],
    "num_points": 2774093,
    "gamma": 2.9191479031210084,
    "brightness": 1.759760593931995,
    "contrast": 0.9957318951392902,
    "hue_rotation": 238.98296301663646
  }
}