{
  "seed": "9760f0b5-53b7-47fa-a68e-c37de08626e1",
  "params": {
    "transforms": [
      {
        "a": -0.21374568978243702,
        "b": 0.12073349741878481,
        "c": 0.8508395137993399,
        "d": 0.21992004534075593,
        "e": 0.8454160790035163,
        "f": -0.45128639996015973,
        "color": 0.6162836988848033,
        "weight": 0.7463262711290088,
        "variations": {
          "swirl": 0.28889070619457025,
          "sinusoidal": 0.39157560927514834,
          "polar": 0.31290726595094065
        }
      },
      {
        "a": 0.72746188460837,
        "b": 0.1354670138439329,
        "c": -0.08273834665205149,
        "d": 0.3343515709170679,
        "e": 0.7113320959625646,
        "f": -1.443815826386606,
        "color": 0.6568079941968245,
        "weight": 0.32430415835764825,
        "variations": {
          "spherical": 0.7462708662467037
        }
      },
      {
        "a": 0.18187443838997197,
        "b": 0.33713070258470923,
        "c": 0.1971262008008674,
        "d": -0.4518555339476651,
        "e": 0.3714143873481395,
        "f": 0.5025177186916423,
        "color": 0.29674029396021917,
        "weight": 0.6469504852173315,
        "variations": {
          "polar": 0.09767525564208102,
          "spherical": 0.6061103762174238
        }
      },
      {
        "a": -0.03928509319206497,
        "b": 0.018382646130377767,
        "c": -0.8717329414573087,
        "d": -0.6601170439427084,
        "e": -0.32227261467590007,
        "f": 0.3924026845533355,
        "color": 0.2379169272481958,
        "weight": 0.4030434574771955,
        "variations": {
          "linear": 0.9359386787752654
        }
      }
    ],
    "num_points": 1712153,
    "gamma": 2.208162607765966,
    "brightness": 1.2,
    "hue_rotation": 43.004263307536846
  }
}