{
  "seed": "683def67-187e-4ba1-9b5c-bf60b47429f0",
  "params": {
    "transforms": [
      {
        "a": 0.44137221795847736,
        "b": -0.4463740312374398,
        "c": -0.6623507658076422,
        "d": 0.9445304031561736,
        "e": 1.0715899249173302,
        "f": -0.30176758372118884,
        "color": 0.09551246263561453,
        "weight": 0.7828649575227432,
        "variations": {
          "heart": 0.4233020520254419,
          "polar": 0.4833942722784216
        }
      },
      {
        "a": 0.4208360925872656,
        "b": 0.48945319994032843,
        "c": 0.20200907408394841,
        "d": 0.21960310064774236,
        "e": -1.4024140416070616,
        "f": 0.8075800396500838,
        "color": 0.8553834646561107,
        "weight": 0.4633255534697758,
        "variations": {
          "linear": 0.3866095984308995,
          "swirl": 0.11486488258949845,
          "sinusoidal": 0.6357684769340437
        }
      },
      {
        "a": 0.7234728180441512,
        "b": -0.5430670009218348,
        "c": 0.763058206901738,
        "d": 0.6661167046421737,
        "e": 0.020420729366132484,
        "f": -0.2907401417188358,
        "color": 0.49785014979080067,
        "weight": 0.20346817474099566,
        "variations": {
          "spherical": 0.42726116562139027
        }
      }
    ],
    "num_points": 1917546,
    "gamma": 1.8846910005851818,
    "brightness": 1.2,
    "hue_rotation": 172.6508066018431
  }
}