{
  "seed": "8de3ffe1-e27a-4429-9f44-f849535332d6",
  "params": {
    "transforms": [
      {
        "a": 0.4627285798697722,
        "b": 0.9432613676965782,
        "c": -0.2431073072284191,
        "d": 0.9218488769920565,
        "e": -0.436582385985278,
        "f": -0.5845940811820525,
        "color": 0.8443938443912412,
        "weight": 0.8641136131643019,
        "variations": {
          "linear": 0.675375239315835
        }
      },
      {
        "a": -0.03394754069982464,
        "b": -0.7489895912617774,
        "c": -0.7059644545051256,
        "d": 0.7416268942736524,
        "e": -0.6373165572075398,
        "f": 0.7249113937587759,
        "color": 0.19280354208684325,
        "weight": 0.388630019272472,
        "variations": {
          "sinusoidal": 0.5293214274025033
        }
      },
      {
        "a": 0.6205987998004561,
        "b": -0.6565076415016469,
        "c": 0.21092624739682986,
        "d": 0.06616809015052305,
        "e": -0.6432834989826532,
        "f": -0.7025276960631631,
        "color": 0.843923537028106,
        "weight": 0.5202596929476184,
        "variations": {
          "polar": 0.6917797328041653
        }
      },
      {
        "a": -0.16251494678949419,
        "b": -0.6776352103712933,
        "c": 0.07602168841812262,
        "d": -0.6745113751910254,
        "e": -1.3357076785466133,
        "f": -0.04435429655632883,
        "color": 0.7676129687303119,
        "weight": 0.3836318055877864,
        "variations": {
          "polar": 0.5453780836605355,
          "linear": 0.9773167494713146
        }
      }
    ],
    "num_points": 2330288,
    "gamma": 1.9050303554320127,
    "brightness": 1.2,
    "hue_rotation": 155.14610109523542
  }
}