{
  "seed": "1b92c67a-baad-4179-b343-09aa6d445092",
  "params": {
    "transforms": [
      {
        "a": 0.7972642699717905,
        "b": 0.8168038815097713,
        "c": -0.9725552660348904,
        "d": 0.24362289582345942,
        "e": 0.1397337293940395,
        "f": 1.0316421383776646,
        "color": 0.18313721400833194,
        "weight": 0.6975317848292343,
        "variations": {
          "polar": 0.3923940886006906
        }
      },
      {
        "a": 0.9620333573545994,
        "b": 0.8801963810659872,
        "c": 0.01007737442648593,
        "d": 0.15176225008510635,
        "e": -0.46371812669640744,
        "f": -0.25267421326865724,
        "color": 0.1456194007424243,
        "weight": 0.9711825224653342,
        "variations": {
          "linear": 0.05344886496735046,
          "spherical": 0.8980858276146126
        }
      }
    ],
    "num_points": 1914290,
    "gamma": 2.3158613951116176,
    "brightness": 1.2,
    "hue_rotation": 352.7950361165971
  }
}