{
  "seed": "e31411ba-6058-4ef1-b3d0-faeb762fbcd2",
  "params": {
    "transforms": [
      {
        "a": 0.5437950204700337,
        "b": -0.022988875601501757,
        "c": 0.7748990831689022,
        "d": 0.29308901869138393,
        "e": -1.4977978334412643,
        "f": 1.0828681474641932,
        "color": 0.09819376273746516,
        "weight": 0.7050107644477425,
        "variations": {
          "heart": 0.6187827525996227,
          "spherical": 0.6909153654446232,
          "swirl": 0.036457979467782176
        }
      },
      {
        "a": 0.25145944321060276,
        "b": -0.7511241472072332,
        "c": 0.3446731292115972,
        "d": -0.8349769986325861,
        "e": -1.2616350807190497,
        "f": -1.2900108675358857,
        "color": 0.6851287329715868,
        "weight": 0.7157131176720405,
        "variations": {
          "spherical": 0.6527278905552575
        }
      },
      {
        "a": 0.006302465560201087,
        "b": -0.671951369712599,
        "c": 0.07729784096895309,
        "d": 0.14060442820380947,
        "e": 1.384569214075161,
        "f": -0.4934773566829578,
        "color": 0.05341589866876495,
        "weight": 0.7421612790454952,
        "variations": {
          "spherical": 0.8480029207654646
        }
      },
      {
        "a": 0.8727528807098668,
        "b": -0.8194856727917175,
        "c": -0.6259614964029065,
        "d": 0.4117763142075601,
        "e": -1.233140553943911,
        "f": -0.18835625605572703,
        "color": 0.562051686219252,
        "weight": 0.3918302615335496,
        "variations": {
          "spherical": 0.691449185005299,
          "heart": 0.9370836123406246
        }
      }
    ],
    "num_points": 2946656,
    "gamma": 2.305299302974989,
    "brightness": 1.2,
    "hue_rotation": 138.80879500226177
  }
}