{
  "seed": "c2608972-246d-4525-9f7d-6e4911c82bb9",
  "params": {
    "transforms": [
      {
        "a": -0.7073826075881033,
        "b": -0.2218933829023968,
        "c": 0.3770675015419436,
        "d": -0.19141154242644198,
        "e": 0.970056290011208,
        "f": 1.290063319092452,
        "color": 0.35594419281644896,
        "weight": 0.8204159844244394,
        "variations": {
          "sinusoidal": 0.19489074752137658,
          "swirl": 0.8942946309179604,
          "spherical": 0.7964702481991285
        }
      },
      {
        "a": 0.01626145141105817,
        "b": -0.5262461093735351,
        "c": 0.22366059671502203,
        "d": 0.28568988791087335,
        "e": 0.3676329733863708,
        "f": 0.7118049293419908,
        "color": 0.6740350164392341,
        "weight": 0.8744526574134541,
        "variations": {
          "spherical": 0.5655155380368104,
          "heart": 0.3821045644842096
        }
      },
      {
        "a": 0.19298904333693123,
        "b": 0.5563617712577258,
        "c": 0.6629264383704148,
        "d": 0.22085098224181277,
        "e": 0.2975916551928546,
        "f": -1.179343884403505,
        "color": 0.8220765198820315,
        "weight": 0.38809570891056433,
        "variations": {
          "polar": 0.2970879790449751
        }
      },
      {
        "a": 0.16341585794282532,
        "b": 0.286392618327036,
        "c": 0.5022553726420804,
        "d": -0.19637277887789506,
        "e": -0.11430883080860488,
        "f": -0.5017208709892212,
        "color": 0.517368946069123,
        "weight": 0.1439817925744903,
        "variations": {
          "polar": 0.5422362169658771,
          "swirl": 0.9780235293369621,
          "sinusoidal": 0.2909211848139377
        }
      }
    ],
    "num_points": 1871283,
    "gamma": 2.4604285406871282,
    "brightness": 1.2,
    "hue_rotation": 178.35618934610167
  }
}