{
  "seed": "087905c9-d551-4368-a881-d3e7753b2656",
  "params": {
    "transforms": [
      {
        "a": 0.7512630794669131,
        "b": 0.3969571595394652,
        "c": -0.6205123392023131,
        "d": -0.061128280092312304,
        "e": -1.445318720726715,
        "f": 0.5611876947557244,
        "color": 0.6541458069675781,
        "weight": 0.2305970027326067,
        "variations": {
          "spherical": 0.7471595551577123
        }
      },
      {
        "a": 0.6523228172383735,
        "b": 0.48796651063837304,
        "c": -0.4836022345822726,
        "d": 0.889780721549817,
        "e": -0.5420825826285591,
        "f": -0.15536647444314244,
        "color": 0.49197435171869663,
        "weight": 0.42006830729927513,
        "variations": {
          "spherical": 0.7783335612804002
        }
      },
      {
        "a": 0.5504876938927341,
        "b": -0.7038987871780014,
        "c": 0.441967241936984,
        "d": 0.49787160892283855,
        "e": 1.0877216395256966,
        "f": 0.6148579212481309,
        "color": 0.19768505598851804,
        "weight": 0.5741473862776288,
        "variations": {
          "polar": 0.995444696512239,
          "sinusoidal": 0.48749775576961896
        }
      },
      {
        "a": 0.598862244901502,
        "b": -0.8146205500047254,
        "c": 0.8344057794333961,
        "d": -0.3273453766495862,
        "e": 1.2971381368225159,
        "f": 0.7774159270310186,
        "color": 0.28059211045761057,
        "weight": 0.22349998669619636,
        "variations": {
          "polar": 0.8674391343955923,
          "heart": 0.3484731548773886
        }
      }
    ],
    "num_points": 1440975,
    "gamma": 2.033316754314696,
    "brightness": 1.2,
    "hue_rotation": 159.0794819313213
  }
}