{
  "seed": "9048631c-b834-4c6b-bda5-0335b8d41aec",
  "params": {
    "transforms": [
      {
        "a": 0.07370052749447265,
        "b": -0.8951853158215459,
        "c": -0.32406459128332377,
        "d": 0.35271306716682704,
        "e": 0.2718131046018706,
        "f": 1.0392748778092447,
        "color": 0.7530508896609983,
        "weight": 0.39731892055693807,
        "variations": {
          "linear": 0.9525796953345864
        }
      },
      {
        "a": 0.9769057578764526,
        "b": 0.06236324641311386,
        "c": 0.18548572129577123,
        "d": -0.941456981327075,
        "e": -1.4877095584296334,
        "f": -1.1993600774442954,
        "color": 0.20658352663653623,
        "weight": 0.8572873005626855,
        "variations": {
          "sinusoidal": 0.3537104874244429,
          "spherical": 0.5817163871278134,
          "swirl": 0.015241946212604551
        }
      }
    ],
    "num_points": 2581883,
    "gamma": 2.2598730685882114,
    "brightness": 1.2,
    "hue_rotation": 277.39988719473394
  }
}