{
  "seed": "7e148207-f890-42a0-916a-650a3f0f8ec8",
  "params": {
    "transforms": [
      {
        "a": 0.8223630928102981,
        "b": -0.0896994819409973,
        "c": 0.48607310141893656,
        "d": 0.19358294127378461,
        "e": 0.2457449026486449,
        "f": -0.4727309139089062,
        "color": 0.20144201281025587,
        "weight": 0.13889052933443297,
        "variations": {
          "sinusoidal": 0.1530218534780181,
          "swirl": 0.49279787414924503,
          "linear": 0.2853011042521989
        }
      },
      {
        "a": 0.08411793064900008,
        "b": -0.5357666880784768,
        "c": 0.18443294393439658,
        "d": 0.5985497840958369,
        "e": 1.2933212759134336,
        "f": 1.131053930875931,
        "color": 0.29385606897238437,
        "weight": 0.40461600154156885,
        "variations": {
          "swirl": 0.9925670815914045
        }
      },
      {
        "a": -0.7555769464255024,
        "b": -0.3716797517317192,
        "c": -0.2271960198428178,
        "d": -0.8934723819707973,
        "e": -0.16798553277160266,
        "f": -0.0816371739611852,
        "color": 0.8286731834694413,
        "weight": 0.9613385644335675,
        "variations": {
          "linear": 0.2000645979923038,
          "heart": 0.5754423601423944
        }
      },
      {
        "a": -0.3050818325874334,
        "b": 0.1636661245901232,
        "c": 0.2657681173854156,
        "d": -0.39459255425817275,
        "e": -0.1549851752509337,
        "f": 0.11692595283922769,
        "color": 0.4351947898399814,
        "weight": 0.9461846963587163,
        "variations": {
          "heart": 0.7106421878272773
        }
      }
    ],
    "num_points": 2196624,
    "gamma": 2.277046965168221,
    "brightness": 1.2,
    "hue_rotation": 203.93539955440065
  }
}