{
  "seed": "85f88a3e-db8a-4b1b-a34c-1ebd2102be31",
  "params": {
    "transforms": [
      {
        "a": 0.9944803651204901,
        "b": 0.98729945953029,
        "c": -0.20832081209518027,
        "d": -0.6593649048323513,
        "e": 1.4330670588343617,
        "f": 1.0103892263052705,
        "color": 0.3690067958778358,
        "weight": 0.12612925328570354,
        "variations": {
          "heart": 0.6124781063969048,
          "swirl": 0.9727657116875399,
          "spherical": 0.04110651690710798
        }
      },
      {
        "a": 0.7746004791495897,
        "b": -0.7203958484949287,
        "c": 0.11057385391661745,
        "d": -0.697229521230712,
        "e": 0.3117991638775157,
        "f": -0.7940630702362421,
        "color": 0.9799213659287166,
        "weight": 0.9681867574838704,
        "variations": {
          "heart": 0.4925775656534632,
          "sinusoidal": 0.724200354042047
        }
      }
    ],
    "num_points": 2612641,
    "gamma": 2.339141962044704,
    "brightness": 1.2,
    "hue_rotation": 259.97910343064444
  }
}