{
  "seed": "8c006924-a7f7-4969-b521-4ae18845976e",
  "params": {
    "transforms": [
      {
        "a": 0.3587014920607414,
        "b": 0.7900179371442937,
        "c": 0.8508980126139529,
        "d": -0.22548650071264142,
        "e": -0.4088412977777671,
        "f": -0.3450561167495021,
        "color": 0.4927593830976752,
        "weight": 0.7434317100285247,
        "variations": {
          "swirl": 0.4081921599905335,
          "heart": 0.48346100668173886,
          "spherical": 0.7537870010539018
        }
      },
      {
        "a": -0.08937112401610325,
        "b": -0.7083017928902224,
        "c": 0.7210802400021044,
        "d": -0.04493834151194487,
        "e": -0.7179981907988966,
        "f": -1.2979196842329421,
        "color": 0.847615594565225,
        "weight": 0.29600396536857926,
        "variations": {
          "sinusoidal": 0.21958888948429767
        }
      },
      {
        "a": 0.3696533949286078,
        "b": -0.3375594259662631,
        "c": 0.17195774605004055,
        "d": 0.4016287734623949,
        "e": 0.0377908411703618,
        "f": 0.9922196465018063,
        "color": 0.9192502982922501,
        "weight": 0.6957850632620031,
        "variations": {
          "spherical": 0.17383409266348915,
          "heart": 0.5194060668556972,
          "linear": 0.9961553137307096
        }
      },
      {
        "a": -0.6152008744131998,
        "b": -0.5327248449767106,
        "c": 0.7092520578547243,
        "d": -0.32641229361726176,
        "e": -0.4457486878958492,
        "f": 0.9786364974749939,
        "color": 0.6025002792966492,
        "weight": 0.8459345281139171,
        "variations": {
          "linear": 0.5832271026764774,
          "swirl": 0.5542872921635585
        }
      }
    ],
    "num_points": 1289582,
    "gamma": 2.047558312445634,
    "brightness": 1.2,
    "hue_rotation": 176.0327087908141
  }
}