{
  "seed": "937e2fd9-1cef-4d39-a1d3-7e4b918d93ed",
  "params": {
    "transforms": [
      {
        "a": -0.365111044021339,
        "b": -0.893852348846846,
        "c": 0.8769536290627313,
        "d": 0.22989980479911143,
        "e": -0.30407425049615,
        "f": 0.5100143817293796,
        "color": 0.17956072303259585,
        "weight": 0.5459935832204384,
        "variations": {
          "swirl": 0.27433336589855595,
          "heart": 0.5910955498971048
        }
      },
      {
        "a": 0.2802214999001018,
        "b": -0.18979049253135183,
        "c": 0.36179308440763824,
        "d": -0.684689810584244,
        "e": 0.6360583396068922,
        "f": 0.7537314475682075,
        "color": 0.6649303575765791,
        "weight": 0.6618866963670931,
        "variations": {
          "heart": 0.18527090669816937,
          "swirl": 0.5316781753734736
        }
      }
    ],
    "num_points": 2356829,
    "gamma": 1.9955168606609321,
    "brightness": 1.2,
    "hue_rotation": 139.69999170394482
  }
}