{
  "seed": "f0e71293-1cad-49f6-b18b-81c186d22505",
  "params": {
    "transforms": [
      {
        "a": -0.8482992300560277,
        "b": 0.48269935182358537,
        "c": 0.6954478281289802,
        "d": 0.8458888698468812,
        "e": -0.4562160390452923,
        "f": -1.4199520624905917,
        "color": 0.7933738701809603,
        "weight": 0.699586886782086,
        "variations": {
          "spherical": 0.9419352845012796
        }
      },
      {
        "a": -0.7494133603754902,
        "b": -0.9953406130599012,
        "c": 0.1150230884480632,
        "d": 0.6209044940959889,
        "e": -0.7992560873821406,
        "f": -1.0490275531757,
        "color": 0.1612301931974781,
        "weight": 0.36809150871436147,
        "variations": {
          "linear": 0.7319116532822397,
          "polar": 0.8667294495903689,
          "heart": 0.11231244495312442
        }
      },
      {
        "a": -0.056512989381642065,
        "b": 0.4359094616032133,
        "c": -0.9049279858814125,
        "d": -0.7825183323411335,
        "e": 0.1152295558138583,
        "f": 0.5345225237169688,
        "color": 0.6315154968591106,
        "weight": 0.583001349604237,
        "variations": {
          "swirl": 0.18013626565372376,
          "polar": 0.8949109599789916
        }
      },
      {
        "a": -0.2941845249972048,
        "b": 0.445546298797707,
        "c": 0.2647059643677001,
        "d": 0.7884944423355538,
        "e": 1.439263264982686,
        "f": -1.484284917670688,
        "color": 0.39897451063416467,
        "weight": 0.5370275522250786,
        "variations": {
          "polar": 0.8362009157223725,
          "heart": 0.08240841260352483,
          "spherical": 0.5256611798459712
        }
      }
    ],
    "num_points": 2641428,
    "gamma": 2.0324730448837895,
    "brightness": 1.2,
    "hue_rotation": 275.32122384853824
  }
}