{
  "seed": "5648fd62-6614-45b9-9e42-083e319f2ab2",
  "params": {
    "transforms": [
      {
        "a": 0.6525888951371621,
        "b": -0.8035208767179223,
        "c": -0.6377577517416246,
        "d": -0.8669695816537395,
        "e": -0.22926430042553037,
        "f": -0.1078159336330824,
        "color": 0.31464949110788987,
        "weight": 0.6105780165217461,
        "variations": {
          "heart": 0.747281390801773,
          "swirl": 0.6522698540378693
        }
      },
      {
        "a": 0.6264537095076872,
        "b": -0.36437246724448813,
        "c": -0.9431662082456758,
        "d": 0.7932909137842084,
        "e": 0.39912820105594093,
        "f": 0.590846520754023,
        "color": 0.2952431356083196,
        "weight": 0.5557747487348315,
        "variations": {
          "polar": 0.8689602514826692,
          "swirl": 0.25797793566989125,
          "sinusoidal": 0.9169465666055118
        }
      },
      {
        "a": 0.5232927893785109,
        "b": -0.6418942657724129,
        "c": -0.049618131944289656,
        "d": 0.41098429512787704,
        "e": -0.2948347029415994,
        "f": 0.4430378753829509,
        "color": 0.4258762579722134,
        "weight": 0.8606427508157306,
        "variations": {
          "sinusoidal": 0.8553283560170168
        }
      },
      {
        "a": -0.9748727187558537,
        "b": -0.5366708305045789,
        "c": -0.6641844119462905,
        "d": 0.39218470563762353,
        "e": 0.29876329975501514,
        "f": 0.06406256807166,
        "color": 0.7113854397848967,
        "weight": 0.29786312702657075,
        "variations": {
          "swirl": 0.4851370592668365,
          "sinusoidal": 0.5489742617938123,
          "linear": 0.5754098224175604
        }
      }
    ],
    "num_points": 2219565,
    "gamma": 2.033946848852555,
    "brightness": 1.2,
    "hue_rotation": 304.54148857673005
  }
}