{
  "seed": "b1c393af-03b8-4db9-b942-27e6fbcce95c",
  "params": {
    "transforms": [
      {
        "a": 0.25110769007887157,
        "b": -0.6854178187883204,
        "c": -0.6513011398130402,
        "d": -0.8569061860513527,
        "e": -0.0628830224611776,
        "f": -0.8890189163211798,
        "color": 0.5885609739828844,
        "weight": 0.24126727864046701,
        "variations": {
          "spherical": 0.49810991978426944
        }
      },
      {
        "a": -0.19594551098951496,
        "b": 0.6562991562159357,
        "c": -0.7623843003110158,
        "d": -0.26828793652446215,
        "e": 0.9221486806627048,
        "f": -0.8115036622099352,
        "color": 0.41277216967825103,
        "weight": 0.4969414321515161,
        "variations": {
          "heart": 0.8737713901554439,
          "linear": 0.3868938492041192
        }
      },
      {
        "a": -0.15763036912670825,
        "b": 0.5244193885242088,
        "c": -0.3437020238335806,
        "d": -0.053476713895910244,
        "e": -0.09260032671356733,
        "f": -0.6594681184777867,
        "color": 0.05018199800619505,
        "weight": 0.768917655981736,
        "variations": {
          "linear": 0.46359970273729734,
          "polar": 0.7784230242350878
        }
      },
      {
        "a": 0.7175304088699226,
        "b": -0.6408471900193384,
        "c": -0.3458717324470211,
        "d": -0.5538438054513386,
        "e": 0.5980099221891866,
        "f": -0.951926062120604,
        "color": 0.7853515617252063,
        "weight": 0.33324679538851903,
        "variations": {
          "linear": 0.15129578034978608,
          "polar": 0.5369510792356678
        }
      }
    ],
    "num_points": 1359729,
    "gamma": 1.8336231681105561,
    "brightness": 1.2,
    "hue_rotation": 159.96885622385764
  }
}