{
  "seed": "5fcc9233-a768-49fa-88fa-0c4f9d51d375",
  "params": {
    "transforms": [
      {
        "a": 0.7510761847755261,
        "b": 0.2730561929860753,
        "c": 0.3055665730458963,
        "d": -0.6558475730538067,
        "e": -0.6805827349659769,
        "f": -0.36018420357240144,
        "color": 0.11874674060941881,
        "weight": 0.5219010452750361,
        "variations": {
          "sinusoidal": 0.5245768054820084,
          "swirl": 0.5650419650743658
        }
      },
      {
        "a": -0.832322825795482,
        "b": 0.4939662983814517,
        "c": 0.5265359991341516,
        "d": -0.6306628074134206,
        "e": -0.5772354838804606,
        "f": 1.478183616976641,
        "color": 0.6038090524605786,
        "weight": 0.5400694619843017,
        "variations": {
          "spherical": 0.06997183444007371
        }
      }
    ],
    "num_points": 2363502,
    "gamma": 2.4102930210120324,
    "brightness": 1.2,
    "hue_rotation": 201.4392724605441
  }
}