{
  "seed": "de23d944-d097-4dda-aee2-24e398f88aea",
  "params": {
    "transforms": [
      {
        "a": -0.8624980843629737,
        "b": 0.5249786954911049,
        "c": 0.5430227695014347,
        "d": -0.4047019557550373,
        "e": 0.8442871035456343,
        "f": 0.35400421546872707,
        "color": 0.10027579462769731,
        "weight": 0.7824592995318537,
        "variations": {
          "sinusoidal": 0.4334760104309121
        }
      },
      {
        "a": -0.031175577722857728,
        "b": 0.9119220252185474,
        "c": 0.634798461188852,
        "d": 0.33881200221010266,
        "e": -1.388496403000125,
        "f": 0.428006981061257,
        "color": 0.7291507062937654,
        "weight": 0.11722967619591003,
        "variations": {
          "polar": 0.8702598820377578
        }
      }
    ],
    "num_points": 1308325,
    "gamma": 2.225702546274679,
    "brightness": 1.2,
    "hue_rotation": 94.35109193046613
  }
}