{
  "seed": "901caded-adca-4ac5-9a76-942bde224ef5",
  "params": {
    "transforms": [
      {
        "a": 0.945972981801984,
        "b": 0.17660260960376917,
        "c": -0.9400635817874106,
        "d": 0.9109393791036611,
        "e": -0.41746496807507727,
        "f": 1.4141001264336466,
        "color": 0.6443163805847223,
        "weight": 0.53009416021733,
        "variations": {
          "sinusoidal": 0.013636007468117772
        }
      },
      {
        "a": 0.2502881824667216,
        "b": 0.5133373906656806,
        "c": -0.326113783696272,
        "d": -0.6589845158864918,
        "e": -0.8610257400022547,
        "f": 0.9413101348996391,
        "color": 0.7004288085208838,
        "weight": 0.49024409399200586,
        "variations": {
          "heart": 0.661954203611089,
          "sinusoidal": 0.7830979657242513
        }
      }
    ],
    "num_points": 2382323,
    "gamma": 2.0164905362575283,
    "brightness": 1.2,
    "hue_rotation": 229.80647180849897
  }
}