{
  "seed": "350c04f5-fa29-4f8c-999d-c0d1de3df94d",
  "params": {
    "transforms": [
      {
        "a": 0.8754789724383627,
        "b": 0.7904827843549367,
        "c": -0.7666374428684541,
        "d": 0.5829599956177678,
        "e": -1.2770857018546349,
        "f": -0.9212002953630518,
        "color": 0.9761528180753681,
        "weight": 0.13242458036386076,
        "variations": {
          "swirl": 0.6093143467962048,
          "spherical": 0.39775054072678884
        }
      },
      {
        "a": -0.5795846583308253,
        "b": -0.6206221084891028,
        "c": -0.6961261189883419,
        "d": 0.6597023521327705,
        "e": -1.2324580849142297,
        "f": 1.0466904331346023,
        "color": 0.5039092010366031,
        "weight": 0.9464080153945881,
        "variations": {
          "sinusoidal": 0.0965711967882692
        }
      },
      {
        "a": 0.4549144361704507,
        "b": -0.7249940534560766,
        "c": 0.6294109751848116,
        "d": 0.1423344889625251,
        "e": 0.03518102349321284,
        "f": -0.12367017879755648,
        "color": 0.5733259067229959,
        "weight": 0.4727218504195265,
        "variations": {
          "swirl": 0.7653635819666597
        }
      },
      {
        "a": -0.567230845081796,
        "b": 0.09124662990841137,
        "c": -0.9289297386944873,
        "d": -0.9169098583922202,
        "e": 0.6338716052419078,
        "f": -0.02419566736246659,
        "color": 0.5437747135320417,
        "weight": 0.5603927903060738,
        "variations": {
          "spherical": 0.14920846575149993,
          "polar": 0.38206081679215875
        }
      }
    ],
    "num_points": 1332748,
    "gamma": 1.8348493288642456,
    "brightness": 1.2,
    "hue_rotation": 290.63327702174735
  }
}