{
  "seed": "e9559be1-2ea9-48c5-ae35-53f8f7bb83fd",
  "params": {
    "transforms": [
      {
        "a": 0.13255755032421668,
        "b": -0.9463999685156934,
        "c": -0.17165894246070756,
        "d": 0.4938894346043228,
        "e": -0.8847044907928198,
        "f": -0.27474421038486674,
        "color": 0.7606069985005949,
        "weight": 0.4811602503091751,
        "variations": {
          "swirl": 0.31135811679152436,
          "spherical": 0.9123587465266267,
          "heart": 0.765514395641557
        }
      },
      {
        "a": 0.6933333641114265,
        "b": -0.4511149991714911,
        "c": -0.1383643208351375,
        "d": 0.950177144172869,
        "e": 1.306346160304921,
        "f": -0.2445829236681054,
        "color": 0.336460078874977,
        "weight": 0.5199844897631346,
        "variations": {
          "linear": 0.48767579567063735,
          "spherical": 0.22216669229552255,
          "swirl": 0.5175687017829688
        }
      }
    ],
    "num_points": 1850129,
    "gamma": 1.9572762559920778,
    "brightness": 1.2,
    "hue_rotation": 207.162068480147
  }
}