{
  "seed": "c14abb3e-9592-4c89-a1a7-ce56f43c68a8",
  "params": {
    "transforms": [
      {
        "a": 0.6535047402620535,
        "b": -0.4470493902411692,
        "c": -0.27446116832320633,
        "d": -0.6368416997868593,
        "e": 0.7561969283043526,
        "f": -0.3483572967867534,
        "color": 0.787288671459344,
        "weight": 0.27580656147047555,
        "variations": {
          "sinusoidal": 0.5545416565573733
        }
      },
      {
        "a": 0.11871306800110415,
        "b": 0.7923511492494846,
        "c": -0.5254801612680775,
        "d": 0.03783819994907378,
        "e": 0.48814785658889726,
        "f": 0.20358182102650346,
        "color": 0.45288344242204104,
        "weight": 0.5384632111849179,
        "variations": {
          "heart": 0.637577081457814
        }
      }
    ],
    "num_points": 2152433,
    "gamma": 2.0698267959281074,
    "brightness": 1.2,
    "hue_rotation": 9.008836610791185
  }
}