{
  "seed": "65089539-dc4b-4f72-83fb-7fd856fa5e0b",
  "params": {
    "transforms": [
      {
        "a": -0.4454603361769027,
        "b": -0.9950775504315901,
        "c": -0.2991851840581736,
        "d": -0.04799222542035286,
        "e": 1.456131199186987,
        "f": -0.46007828494130876,
        "color": 0.3908849887889221,
        "weight": 0.6420972521474858,
        "variations": {
          "linear": 0.43097633420514103,
          "spherical": 0.20648367200511497
        }
      },
      {
        "a": 0.8683800378477136,
        "b": -0.8346468415090524,
        "c": -0.18503536400719667,
        "d": -0.8708288173400327,
        "e": -0.7062949702338622,
        "f": -0.10715508229409565,
        "color": 0.5818795194782548,
        "weight": 0.9075066787867735,
        "variations": {
          "polar": 0.6279578960978769,
          "spherical": 0.6055226536265043,
          "sinusoidal": 0.8214741323129686
        }
      }
    ],
    "num_points": 1003654,
    "gamma": 2.1611678774241816,
    "brightness": 1.2,
    "hue_rotation": 161.96846936043949
  }
}