{
  "seed": "b6584573-79f7-4c63-a77e-c18dc48ecb8f",
  "params": {
    "transforms": [
      {
        "a": 0.8730194827016597,
        "b": -0.700243020075372,
        "c": 0.1635496840219215,
        "d": 0.5088865181787641,
        "e": 0.6624687938872973,
        "f": 0.8645656363071028,
        "color": 0.31413090762932383,
        "weight": 0.2894420631153649,
        "variations": {
          "polar": 0.6558077955647434,
          "heart": 0.4044816834829611
        }
      },
      {
        "a": -0.33599882713125595,
        "b": 0.18902660037608476,
        "c": 0.21877781981598887,
        "d": -0.036143914183164094,
        "e": -1.2383817456004111,
        "f": 0.2527092280788681,
        "color": 0.966745779048487,
        "weight": 0.34951022581368746,
        "variations": {
          "polar": 0.31134894240760436,
          "heart": 0.7616114432846576,
          "sinusoidal": 0.6860064835565061
        }
      }
    ],
    "num_points": 1675895,
    "gamma": 1.818183718561175,
    "brightness": 1.2,
    "hue_rotation": 157.5951277689846
  }
}