{
  "seed": "bf8d2bcb-264e-4aa5-8df3-5c6394e4f2b2",
  "params": {
    "transforms": [
      {
        "a": 0.24053251636738326,
        "b": 0.6729809946485168,
        "c": 0.9451590486630357,
        "d": -0.37918004466292143,
        "e": 0.13634668087113821,
        "f": -0.8872679688980251,
        "color": 0.19317208464305669,
        "weight": 0.1316145188700672,
        "variations": {
          "linear": 0.7474908833072439,
          "polar": 0.003986722998394532
        }
      },
      {
        "a": 0.21433467325212918,
        "b": 0.9410352829794546,
        "c": 0.13297832728863357,
        "d": 0.0047831435810814504,
        "e": 1.2511462060464233,
        "f": 1.1523061371185155,
        "color": 0.024324330499620128,
        "weight": 0.629452381711249,
        "variations": {
          "heart": 0.06918436868408462,
          "polar": 0.08827977741175586
        }
      },
      {
        "a": 0.3611075584136869,
        "b": 0.9182305065554932,
        "c": 0.14864453496456864,
        "d": 0.3567560237240315,
        "e": -0.23438042098459455,
        "f": 1.3444787475390623,
        "color": 0.027478127956840126,
        "weight": 0.30460613150099447,
        "variations": {
          "linear": 0.4513433056668812
        }
      },
      {
        "a": 0.3785157125831824,
        "b": -0.816719712559516,
        "c": 0.85995753472071,
        "d": -0.9251571657428923,
        "e": 1.4962467698347126,
        "f": 0.8100515797532601,
        "color": 0.020757355001275957,
        "weight": 0.39003044690225197,
        "variations": {
          "swirl": 0.23156988076758955,
          "polar": 0.05772019294807995
        }
      }
    ],
    "num_points": 2201131,
    "gamma": 2.495282481737454,
    "brightness": 1.2,
    "hue_rotation": 173.80288927988482
  }
}