{
  "seed": "00e99cae-84a7-49bd-8363-f04abc3315e8",
  "params": {
    "transforms": [
      {
        "a": -0.5205757606370038,
        "b": -0.8928069866891379,
        "c": -0.5644563771807423,
        "d": 0.9226493066525645,
        "e": -1.3148122763455705,
        "f": 0.2409581477759064,
        "color": 0.5592307197999961,
        "weight": 0.23065843877235293,
        "variations": {
          "heart": 0.9710066549218008,
          "polar": 0.03216104062417191
        }
      },
      {
        "a": -0.3946248836149444,
        "b": 0.032940622826564514,
        "c": 0.8583114618228711,
        "d": -0.22005983118419592,
        "e": 0.8675998865217665,
        "f": -0.6768859320857502,
        "color": 0.08585564192889117,
        "weight": 0.5043149049618413,
        "variations": {
          "spherical": 0.09772467190552969,
          "polar": 0.11311695344379613,
          "swirl": 0.342026043406062
        }
      },
      {
        "a": -0.07901004041498805,
        "b": -0.4699603501790981,
        "c": 0.7552222308272156,
        "d": 0.7949539738422842,
        "e": -0.423858338326339,
        "f": -1.1610694207336518,
        "color": 0.6241851480683754,
        "weight": 0.40834354657758765,
        "variations": {
          "spherical": 0.2643682281057924,
          "sinusoidal": 0.3550122186330701,
          "heart": 0.35780352578357244
        }
      }
    ],
    "num_points": 1527593,
    "gamma": 2.1515163792239878,
    "brightness": 1.2,
    "hue_rotation": 261.0319006315801
  }
}