{
  "seed": "2ac3cb97-bd59-4092-b605-1a2a11b04722",
  "params": {
    "transforms": [
      {
        "a": 0.4423458510781326,
        "b": 0.7288801045724356,
        "c": 0.9134984688746735,
        "d": 0.0873652042185753,
        "e": 0.08772346023263689,
        "f": -0.8566384377381746,
        "color": 0.46444281760076545,
        "weight": 0.33850507674729996,
        "variations": {
          "sinusoidal": 0.36626966750820145,
          "polar": 0.3670033716262805
        }
      },
      {
        "a": 0.3554938784882917,
        "b": -0.2853627426320262,
        "c": -0.43081457627297337,
        "d": 0.5384173392900018,
        "e": -0.3656293025620916,
        "f": 1.0683930472003875,
        "color": 0.6254956668982137,
        "weight": 0.2541220713366541,
        "variations": {
          "spherical": 0.8024915675396546,
          "sinusoidal": 0.23156296282301925,
          "swirl": 0.608900799747714
        }
      }
    ],
    "num_points": 2051784,
    "gamma": 2.4729140637436524,
    "brightness": 1.2,
    "hue_rotation": 144.05817672784156
  }
}