{
  "seed": "eb8dd592-d6b2-49c8-8502-49a65d591a99",
  "params": {
    "transforms": [
      {
        "a": -0.8817993552046397,
        "b": 0.08949368428286042,
        "c": -0.005981349283779469,
        "d": 0.0029797874076071817,
        "e": -1.276230466432208,
        "f": 0.9193086687714525,
        "color": 0.2606580504839098,
        "weight": 0.854112845760831,
        "variations": {
          "swirl": 0.6236458749015704,
          "sinusoidal": 0.3713728038934714
        }
      },
      {
        "a": 0.2274125840356256,
        "b": 0.7788024256614223,
        "c": 0.2516103873198343,
        "d": 0.6977832912637187,
        "e": -0.7511846267954635,
        "f": 0.667224580728373,
        "color": 0.451676658455454,
        "weight": 0.7082732545038678,
        "variations": {
          "swirl": 0.49497912851856696,
          "spherical": 0.05936614754613245
        }
      },
      {
        "a": -0.780359704329673,
        "b": -0.1833938505486865,
        "c": 0.7037024924371811,
        "d": 0.201824806344731,
        "e": 0.08255822649348321,
        "f": 1.3363819591299837,
        "color": 0.5599941219968027,
        "weight": 0.19799284286633712,
        "variations": {
          "heart": 0.8336908582782988,
          "swirl": 0.7531908067709071
        }
      }
    ],
    "num_points": 1413424,
    "gamma": 2.3026784059244068,
    "brightness": 1.2,
    "hue_rotation": 52.092743680010074
  }
}