{
  "seed": "907d14f2-8dee-4176-82c4-0aea3572e54e",
  "params": {
    "transforms": [
      {
        "a": -0.8425340186476391,
        "b": -0.6630315473531907,
        "c": -0.8610384425522482,
        "d": 0.28058927361359576,
        "e": 0.5174610952708281,
        "f": -0.1387587222854072,
        "color": 0.3349425039821742,
        "weight": 0.9172184207472888,
        "variations": {
          "sinusoidal": 0.9245780756545496,
          "spherical": 0.6123909084780292
        }
      },
      {
        "a": 0.2501775583742383,
        "b": -0.03276960552399011,
        "c": -0.38302989350936034,
        "d": -0.12789244241429598,
        "e": -1.2724171245279168,
        "f": -0.7683227009278948,
        "color": 0.7890629065281286,
        "weight": 0.9964921788190926,
        "variations": {
          "spherical": 0.9440121427346314,
          "sinusoidal": 0.20537665640821423,
          "heart": 0.4317110881882257
        }
      }
    ],
    "num_points": 2800787,
    "gamma": 2.1488634908390165,
    "brightness": 1.2,
    "hue_rotation": 313.46036459395634
  }
}