{
  "seed": "b8d679ae-372e-425e-8119-f36f3cf8f60b",
  "params": {
    "transforms": [
      {
        "a": 0.4496292146116756,
        "b": -0.465510717797589,
        "c": -0.40511344121085147,
        "d": -0.7719767551526653,
        "e": -0.9453537755289413,
        "f": -1.4387629842764085,
        "color": 0.009508614509933122,
        "weight": 0.8414051795121895,
        "variations": {
          "linear": 0.8457593646774885,
          "sinusoidal": 0.8642444748454735,
          "swirl": 0.17010057666896083
        }
      },
      {
        "a": 0.9636318380621409,
        "b": 0.05270272184996494,
        "c": -0.5305283359479058,
        "d": -0.8150402207947864,
        "e": -0.4213596662696055,
        "f": 0.7893681970808841,
        "color": 0.27070443029268154,
        "weight": 0.45076540520682495,
        "variations": {
          "swirl": 0.7785474377446767,
          "linear": 0.10795230262193778
        }
      }
    ],
    "num_points": 2105882,
    "gamma": 2.253167881942839,
    "brightness": 1.2,
    "hue_rotation": 328.63059601241673
  }
}