{
  "seed": "9e61575f-1ae2-48ae-85fe-270fd8c64796-426",
  "parameters": {
    "num_transforms": 2,
    "transforms": [
      {
        "a": 0.08436705621202512,
        "b": -1.163140585297206,
        "c": 0.7497171373114604,
        "d": -0.6289985765894376,
        "e": -1.2674847309338988,
        "f": 0.5953992977448292,
        "color": 0.2355072114710185,
        "variations": {
          "sinusoidal": 0.0351696519828647,
          "heart": 0.6267744704437371,
          "spherical": 0.0,
          "swirl": 0.0
        },
        "weight": 1.5660847078960296
      },
      {
        "a": -0.04966419477753403,
        "b": -1.043253904417758,
        "c": 1.4172519897383768,
        "d": 1.0822067219496931,
        "e": 0.20937545665547086,
        "f": -0.1835815373915617,
        "color": 0.6553588066923212,
        "variations": {
          "sinusoidal": 0.09732503802168924,
          "linear": 0.7720196118191394
        },
        "weight": 1.0292244243448478
      }
    ],
    "num_points": 2966479,
    "gamma": 1.907426695576177,
    "brightness": 1.698186386763271,
    "contrast": 1.4819356432852737,
    "hue_rotation": 92.05598414583478
  }
}