{
  "seed": "f2184193-0d6e-4a19-86dd-3fcd96eabd4c",
  "params": {
    "transforms": [
      {
        "a": -0.022471269833183483,
        "b": -0.8495112144657528,
        "c": -0.22079271481651874,
        "d": 0.030555067031214467,
        "e": -0.6143226067254846,
        "f": -1.0010727496259844,
        "color": 0.08616691826723066,
        "weight": 0.23201530406195578,
        "variations": {
          "swirl": 0.4357137834087923,
          "heart": 0.6130436541153532,
          "polar": 0.27191524928030464
        }
      },
      {
        "a": -0.828155339466349,
        "b": 0.6580321876036281,
        "c": 0.3343634577088146,
        "d": -0.9689593513743413,
        "e": 1.2403755047947835,
        "f": 1.3694337351761487,
        "color": 0.06470209942837857,
        "weight": 0.594183132485066,
        "variations": {
          "swirl": 0.8495195847783802,
          "linear": 0.8343348588458643
        }
      }
    ],
    "num_points": 1500337,
    "gamma": 2.1979647572149754,
    "brightness": 1.2,
    "hue_rotation": 208.49397907012292
  }
}