{
  "seed": "5f3fe044-33d2-4925-ab09-229dade9acce",
  "params": {
    "transforms": [
      {
        "a": -0.5575617211048034,
        "b": 0.07782750131939364,
        "c": 0.9553113217745255,
        "d": 0.18431020716343882,
        "e": -1.3231222697891072,
        "f": -0.9650169388925556,
        "color": 0.6168024250821499,
        "weight": 0.5084859850810254,
        "variations": {
          "spherical": 0.9280046595988096,
          "swirl": 0.8184179964073263
        }
      },
      {
        "a": 0.8366567569112926,
        "b": 0.9690026945705825,
        "c": 0.8704089326687903,
        "d": -0.9355017657082652,
        "e": 1.2557603280155099,
        "f": -0.2554788676099107,
        "color": 0.7075248122264298,
        "weight": 0.7653658949566371,
        "variations": {
          "linear": 0.6241889508109711,
          "sinusoidal": 0.3151786292683302,
          "polar": 0.5894086548907485
        }
      },
      {
        "a": -0.9584652555454425,
        "b": 0.3091868748727382,
        "c": -0.5613171774733996,
        "d": 0.04107518823371126,
        "e": 0.41469071968666293,
        "f": -0.007576008403310297,
        "color": 0.34788875076661485,
        "weight": 0.16956762451887764,
        "variations": {
          "polar": 0.5953592228263224,
          "heart": 0.6345344160229397,
          "swirl": 0.9765033951593319
        }
      }
    ],
    "num_points": 1752773,
    "gamma": 2.405287767419163,
    "brightness": 1.2,
    "hue_rotation": 341.39069335252844
  }
}