{
  "seed": "1a16491c-4c18-4050-9932-a103503787e6",
  "params": {
    "transforms": [
      {
        "a": 0.9441728946295025,
        "b": -0.9824831448866855,
        "c": -0.25890616169341496,
        "d": 0.8495264332213015,
        "e": 1.4853530018997696,
        "f": 0.38183991432835174,
        "color": 0.992792195165042,
        "weight": 0.2990423070505832,
        "variations": {
          "sinusoidal": 0.9230842927053599,
          "polar": 0.9759126409498635,
          "linear": 0.8960482463233894
        }
      },
      {
        "a": -0.7909205295360948,
        "b": 0.7713732192524456,
        "c": -0.10038483128598585,
        "d": 0.2327470684657884,
        "e": -1.489473744756423,
        "f": 0.4599655000995422,
        "color": 0.2750494629463833,
        "weight": 0.36051525930857176,
        "variations": {
          "heart": 0.1837005204541331,
          "spherical": 0.3762239406647856
        }
      },
      {
        "a": -0.961492164301122,
        "b": -0.4985394182705307,
        "c": -0.0278463211051192,
        "d": 0.5404288313453136,
        "e": 0.9708524768878166,
        "f": 1.1571949442388179,
        "color": 0.20785163929483608,
        "weight": 0.6040414569735748,
        "variations": {
          "heart": 0.13692173973338817,
          "spherical": 0.7965138193632599,
          "linear": 0.858953917163761
        }
      }
    ],
    "num_points": 1046146,
    "gamma": 1.8998338278452487,
    "brightness": 1.2,
    "hue_rotation": 178.96859861936954
  }
}