{
  "seed": "c06cc4e6-1378-4846-a681-b04e7a87cb73",
  "params": {
    "transforms": [
      {
        "a": 0.7579298639287293,
        "b": -0.1833968845818139,
        "c": -0.976985630773193,
        "d": -0.7380869248013875,
        "e": -0.9833419150183711,
        "f": -1.2578369187034957,
        "color": 0.9470845791380247,
        "weight": 0.5919428495962974,
        "variations": {
          "spherical": 0.7623976536985059
        }
      },
      {
        "a": -0.01199436061477499,
        "b": 0.32886337515471165,
        "c": 0.5655461098785126,
        "d": 0.8552959544250509,
        "e": 0.4035682354443182,
        "f": 0.9645788525355048,
        "color": 0.5075311181441617,
        "weight": 0.8451718397829155,
        "variations": {
          "heart": 0.13163324618385086,
          "polar": 0.11608476779797028
        }
      },
      {
        "a": 0.3910731054454084,
        "b": -0.6053817153733376,
        "c": 0.3517061425762966,
        "d": -0.15040823329962016,
        "e": -1.4352401629861467,
        "f": -0.4472703593745737,
        "color": 0.39618364595677424,
        "weight": 0.5457138294087692,
        "variations": {
          "polar": 0.961595861522249,
          "spherical": 0.44771350987422054
        }
      }
    ],
    "num_points": 1570929,
    "gamma": 2.454505510737383,
    "brightness": 1.2,
    "hue_rotation": 289.1521797646273
  }
}