{
  "seed": "76790af0-fb9b-4d5e-85ac-82ec5d514477",
  "params": {
    "transforms": [
      {
        "a": -0.22341096810924954,
        "b": 0.7754643570645636,
        "c": -0.11351071589745065,
        "d": -0.6671136103741213,
        "e": 1.3233671568524148,
        "f": 0.5463060082920506,
        "color": 0.45603645259809267,
        "weight": 0.9608895015149408,
        "variations": {
          "heart": 0.623233801590847
        }
      },
      {
        "a": 0.4507040152523427,
        "b": 0.17011847360131926,
        "c": 0.8093406255782654,
        "d": -0.14618845928912738,
        "e": -1.4298482476759455,
        "f": -1.2867158455952752,
        "color": 0.5358140673096969,
        "weight": 0.41863669094718114,
        "variations": {
          "sinusoidal": 0.16758690309646895
        }
      }
    ],
    "num_points": 2636320,
    "gamma": 1.9007788831514056,
    "brightness": 1.2,
    "hue_rotation": 120.12297602056431
  }
}