{
  "seed": "aab00f08-b472-4081-beef-1471c8d504d1",
  "params": {
    "transforms": [
      {
        "a": -0.6345858304197507,
        "b": 0.6307716056125297,
        "c": 0.8487942005206264,
        "d": 0.01980743040343258,
        "e": -1.151281468272217,
        "f": 0.19241621117785268,
        "color": 0.20012079897812052,
        "weight": 0.5198241599031378,
        "variations": {
          "polar": 0.5271835278874692,
          "sinusoidal": 0.2199987121229452
        }
      },
      {
        "a": -0.698746240922899,
        "b": -0.3780640904565129,
        "c": -0.34540944534625884,
        "d": -0.8875850116307353,
        "e": -1.4105769332237026,
        "f": -1.2614561550735433,
        "color": 0.45557243221413635,
        "weight": 0.8670197910112487,
        "variations": {
          "polar": 0.25529422102595534
        }
      },
      {
        "a": -0.593588137924737,
        "b": 0.9744184405315148,
        "c": -0.8429191085570436,
        "d": 0.4784251723501567,
        "e": 0.1181107979999183,
        "f": -0.13152773036577048,
        "color": 0.754396714793528,
        "weight": 0.23499567352388806,
        "variations": {
          "polar": 0.37790826907256636
        }
      },
      {
        "a": -0.6056554018273752,
        "b": -0.5197071109429763,
        "c": 0.371538117799868,
        "d": -0.3355907424058133,
        "e": -0.24622561744220128,
        "f": -0.28347558669940165,
        "color": 0.10146450855349876,
        "weight": 0.9336483739780986,
        "variations": {
          "sinusoidal": 0.0006579082678951353
        }
      }
    ],
    "num_points": 1065278,
    "gamma": 2.372976950406856,
    "brightness": 1.2,
    "hue_rotation": 22.480795466568885
  }
}