{
  "seed": "8958b44d-15e3-4116-9c24-8dd98d5ed9a2",
  "params": {
    "transforms": [
      {
        "a": 0.8340344973734333,
        "b": 0.5256619467480592,
        "c": 0.01390791511717393,
        "d": -0.47764193677662714,
        "e": 1.0829247365089425,
        "f": -0.12118801744629115,
        "color": 0.16099279329883842,
        "weight": 0.8005765360696488,
        "variations": {
          "spherical": 0.07304637389132573,
          "sinusoidal": 0.07737975533709096
        }
      },
      {
        "a": 0.7674395709751258,
        "b": 0.1997416288033642,
        "c": 0.8340821818854165,
        "d": -0.2546196802274574,
        "e": 1.325329056268811,
        "f": -1.0787012556869668,
        "color": 0.5215397337607657,
        "weight": 0.28666118827272813,
        "variations": {
          "swirl": 0.05797276905659399,
          "heart": 0.93663424549523
        }
      },
      {
        "a": 0.4449539203423345,
        "b": -0.4210075535595319,
        "c": 0.5758561026810165,
        "d": -0.9696173611811525,
        "e": 1.4194761921489762,
        "f": 0.013835681483451712,
        "color": 0.45822778702582667,
        "weight": 0.5750403456246816,
        "variations": {
          "linear": 0.1435759666798646,
          "spherical": 0.3491866066044701
        }
      },
      {
        "a": 0.11035627264729442,
        "b": -0.4191195653850257,
        "c": -0.4643152483858659,
        "d": -0.19565062183972515,
        "e": 1.3487450147915165,
        "f": -1.4493360556274255,
        "color": 0.8219874457782751,
        "weight": 0.7778065993329843,
        "variations": {
          "heart": 0.5423515987833059,
          "linear": 0.3346273321934088
        }
      }
    ],
    "num_points": 2888596,
    "gamma": 1.8577934272612873,
    "brightness": 1.2,
    "hue_rotation": 174.53369053395792
  }
}