{
  "seed": "aad23de6-a9f3-44b7-9a90-fa7e492f481c",
  "params": {
    "transforms": [
      {
        "a": 0.07759268780118278,
        "b": 0.9976819646009911,
        "c": -0.3074655200914693,
        "d": -0.2577623810039684,
        "e": 0.3979230743975388,
        "f": 0.8038315887840222,
        "color": 0.7668340056773171,
        "weight": 0.49786564597580163,
        "variations": {
          "polar": 0.8692715708057879,
          "heart": 0.3607733806889135
        }
      },
      {
        "a": 0.08308644528011877,
        "b": 0.2903773957785225,
        "c": 0.9201959392130188,
        "d": 0.9769395767347129,
        "e": 0.07591150650018696,
        "f": -1.3538946979528148,
        "color": 0.7167974251215908,
        "weight": 0.9890337181916741,
        "variations": {
          "linear": 0.32669064483599297,
          "sinusoidal": 0.38824128403314073,
          "spherical": 0.30519930943299534
        }
      }
    ],
    "num_points": 1789920,
    "gamma": 2.2548933292531625,
    "brightness": 1.2,
    "hue_rotation": 275.9156751507059
  }
}