{
  "seed": "40f86ec4-820c-432c-ac9a-f45005e7f060",
  "params": {
    "transforms": [
      {
        "a": -0.5505202175336661,
        "b": 0.2572071323633187,
        "c": 0.010719639302148698,
        "d": 0.8180926122692156,
        "e": -0.7842365360115537,
        "f": 0.5933909133635886,
        "color": 0.5533796889839782,
        "weight": 0.9465573524035962,
        "variations": {
          "linear": 0.40323410331860643
        }
      },
      {
        "a": 0.7456638322198301,
        "b": -0.6822743990857483,
        "c": 0.21811294082196864,
        "d": -0.03345965223887504,
        "e": 0.5812390246740091,
        "f": 1.1796540501014054,
        "color": 0.9331311856032136,
        "weight": 0.2373505459771672,
        "variations": {
          "polar": 0.252092320767231,
          "heart": 0.05881769760650235
        }
      },
      {
        "a": -0.5752535785424351,
        "b": 0.2977159450659814,
        "c": 0.7869318425544174,
        "d": 0.995646401861001,
        "e": 1.176811339093287,
        "f": 0.3921883333021894,
        "color": 0.38711811682874187,
        "weight": 0.18223557181391498,
        "variations": {
          "swirl": 0.1446322514582813,
          "polar": 0.17574622805274942
        }
      }
    ],
    "num_points": 1896698,
    "gamma": 2.3774697444504866,
    "brightness": 1.2,
    "hue_rotation": 49.81464383950983
  }
}