{
  "seed": "7ea28c2e-057d-4dca-a090-c98210b2f7b9",
  "params": {
    "transforms": [
      {
        "a": -0.6580940899333578,
        "b": -0.572188323177846,
        "c": -0.5736165883642634,
        "d": -0.6322984626824071,
        "e": 1.2140171364415147,
        "f": -1.317408751100862,
        "color": 0.8872326354295769,
        "weight": 0.8099911908304075,
        "variations": {
          "polar": 0.10602696836298708,
          "heart": 0.1438983449157295,
          "sinusoidal": 0.6584093749919353
        }
      },
      {
        "a": -0.7107914095652426,
        "b": -0.19235378968939387,
        "c": 0.45791673200523775,
        "d": -0.5782238508221209,
        "e": -0.2888357357757023,
        "f": -1.2046266507793892,
        "color": 0.10237604545713141,
        "weight": 0.35159372537605116,
        "variations": {
          "sinusoidal": 0.793724382751172,
          "linear": 0.5087268504335638,
          "heart": 0.0868928433078845
        }
      },
      {
        "a": -0.22639049271021183,
        "b": 0.7080191251212917,
        "c": 0.3263473443344569,
        "d": -0.8749336314085281,
        "e": -0.5163966794963804,
        "f": -0.4775898990264631,
        "color": 0.6367561291660493,
        "weight": 0.4633170504399302,
        "variations": {
          "swirl": 0.20785720007228892,
          "heart": 0.2502910486843598,
          "spherical": 0.12916080025573684
        }
      }
    ],
    "num_points": 1049462,
    "gamma": 2.4569251376137076,
    "brightness": 1.2,
    "hue_rotation": 198.95001479788849
  }
}