{
  "seed": "701543e0-8c9a-48fb-aac5-b0e7ec5171c0",
  "params": {
    "transforms": [
      {
        "a": -0.2510582748734771,
        "b": -0.6109966759046241,
        "c": 0.21060124566533012,
        "d": -0.4130574245182934,
        "e": -0.16809966323337378,
        "f": -0.015697634230136703,
        "color": 0.18058945796334025,
        "weight": 0.9532332640305919,
        "variations": {
          "sinusoidal": 0.8277094733265873,
          "linear": 0.8036280344323999,
          "swirl": 0.7609597996358938
        }
      },
      {
        "a": -0.0009974727473491818,
        "b": 0.05225734633712076,
        "c": -0.9091110623013554,
        "d": 0.37851851873270803,
        "e": -0.23860576489967733,
        "f": -0.061988582576368634,
        "color": 0.10931863007677434,
        "weight": 0.6568718061757769,
        "variations": {
          "spherical": 0.935666203145172,
          "linear": 0.3240063648681504,
          "sinusoidal": 0.7401347713629827
        }
      },
      {
        "a": 0.8553116312718625,
        "b": -0.49975721720209343,
        "c": -0.9044806520464372,
        "d": 0.03345782119017948,
        "e": -1.441917603669416,
        "f": -0.9207592217903509,
        "color": 0.6734803796118362,
        "weight": 0.19339939432684725,
        "variations": {
          "swirl": 0.04547309118666132,
          "sinusoidal": 0.743608671969184
        }
      }
    ],
    "num_points": 2083674,
    "gamma": 2.2336714001345017,
    "brightness": 1.2,
    "hue_rotation": 187.34701582720695
  }
}