{
  "seed": "d7df207a-6409-4f59-9fb0-851d7889cf09",
  "params": {
    "transforms": [
      {
        "a": -0.5527004163969345,
        "b": 0.4507780966688295,
        "c": 0.3021102772692075,
        "d": 0.7254461025277672,
        "e": -1.3359221019287641,
        "f": 0.8546976376576545,
        "color": 0.13195095671023516,
        "weight": 0.9935301943848744,
        "variations": {
          "linear": 0.4748738800470541,
          "sinusoidal": 0.7419062577194516,
          "swirl": 0.07972250946877024
        }
      },
      {
        "a": 0.07609648243253075,
        "b": 0.7377287190237596,
        "c": 0.6646467118813784,
        "d": 0.6599685034511509,
        "e": 0.7261339747450966,
        "f": 0.40709623791941496,
        "color": 0.35922974383240913,
        "weight": 0.49925650103692554,
        "variations": {
          "heart": 0.10208497546618045,
          "swirl": 0.33791862367369907,
          "spherical": 0.5576365883789545
        }
      },
      {
        "a": -0.8049591622447387,
        "b": 0.8353172831287368,
        "c": 0.5057155323937879,
        "d": -0.2782136418716943,
        "e": 1.259868904103457,
        "f": 0.7424018317599588,
        "color": 0.29664631616600345,
        "weight": 0.6753655982548681,
        "variations": {
          "heart": 0.5848827248668386,
          "spherical": 0.8728578353669624,
          "linear": 0.057580675749597576
        }
      }
    ],
    "num_points": 2886114,
    "gamma": 2.060034364824127,
    "brightness": 1.2,
    "hue_rotation": 217.66521828092763
  }
}