{
  "seed": "ee733b38-501b-48e0-a179-1b3e34dc6478",
  "params": {
    "transforms": [
      {
        "a": -0.5459609944342918,
        "b": 0.04339320390006751,
        "c": 0.5155006752886615,
        "d": 0.49183015911272854,
        "e": 0.16791427224380318,
        "f": 1.1905382555310418,
        "color": 0.5911564468892406,
        "weight": 0.4209581779770938,
        "variations": {
          "spherical": 0.5103549850109398
        }
      },
      {
        "a": 0.05363798029221423,
        "b": 0.16977313536766503,
        "c": 0.24914622300502431,
        "d": -0.9109545866072584,
        "e": -0.3802693514417177,
        "f": 1.211727388288717,
        "color": 0.4989114072114348,
        "weight": 0.10150766286531443,
        "variations": {
          "heart": 0.34993402039430976
        }
      },
      {
        "a": 0.6282234067514652,
        "b": 0.892491008937097,
        "c": 0.5803961093501748,
        "d": -0.7643864610036029,
        "e": -1.4428758443808265,
        "f": -1.152898419440998,
        "color": 0.6494157492419079,
        "weight": 0.6791241337913132,
        "variations": {
          "swirl": 0.5400475699060141,
          "sinusoidal": 0.602522504357445,
          "heart": 0.6569273220630514
        }
      }
    ],
    "num_points": 2610440,
    "gamma": 2.0002081536743557,
    "brightness": 1.2,
    "hue_rotation": 82.54813213788597
  }
}