{
  "seed": "6682d7d1-a60f-4269-944a-9dd0412ff96c",
  "params": {
    "transforms": [
      {
        "a": -0.19597340286661158,
        "b": 0.6080181897374461,
        "c": 0.1606063529938726,
        "d": -0.5798449284409539,
        "e": 1.3302139088963596,
        "f": 0.6375882071629184,
        "color": 0.04764931258240923,
        "weight": 0.8257231076958628,
        "variations": {
          "linear": 0.009569767782057759,
          "swirl": 0.8336212605971147
        }
      },
      {
        "a": -0.15010139501894182,
        "b": -0.8192276204888855,
        "c": 0.9360580497072173,
        "d": 0.3766370311068412,
        "e": -0.1559808266053362,
        "f": -0.933575588542884,
        "color": 0.060171036722216464,
        "weight": 0.9757507652879784,
        "variations": {
          "linear": 0.5944599340658906,
          "spherical": 0.5509752150723038
        }
      },
      {
        "a": 0.5410697905537984,
        "b": -0.04624228962560495,
        "c": -0.2260180518900483,
        "d": 0.3235508245397558,
        "e": -1.1285945721878097,
        "f": -0.06402257798590916,
        "color": 0.148811785874449,
        "weight": 0.43403646898491244,
        "variations": {
          "linear": 0.6923631661084104,
          "heart": 0.1580680565816457,
          "swirl": 0.7967828105233292
        }
      },
      {
        "a": 0.35372174540526613,
        "b": 0.4058340274787051,
        "c": 0.19212090292126782,
        "d": 0.3193882159310659,
        "e": 0.0827463843677656,
        "f": 1.0847831308158753,
        "color": 0.6427246148269885,
        "weight": 0.2168075810350788,
        "variations": {
          "heart": 0.6654493477494738
        }
      }
    ],
    "num_points": 1032288,
    "gamma": 2.003487943001665,
    "brightness": 1.2,
    "hue_rotation": 185.9672934008278
  }
}