{
  "seed": "55ffa917-a92f-42ca-b6d4-18e544d2179d",
  "params": {
    "transforms": [
      {
        "a": 0.7183197077493488,
        "b": 0.345832701338878,
        "c": -0.998097418623136,
        "d": -0.6998364857247605,
        "e": -0.8279910913184133,
        "f": -1.4753473462796407,
        "color": 0.35923443056708815,
        "weight": 0.28686495495699127,
        "variations": {
          "heart": 0.7166559863190676,
          "linear": 0.626982560609831
        }
      },
      {
        "a": 0.6894896195064135,
        "b": 0.1574083269429336,
        "c": -0.27451261946422356,
        "d": -0.7806096174201462,
        "e": 1.2309123526155754,
        "f": -0.15413538483412248,
        "color": 0.4365409755137921,
        "weight": 0.38822745945907866,
        "variations": {
          "heart": 0.9839037749828276,
          "polar": 0.3405658982496861,
          "spherical": 0.8296767859869971
        }
      }
    ],
    "num_points": 1124033,
    "gamma": 2.123648264343081,
    "brightness": 1.2,
    "hue_rotation": 63.32322842713178
  }
}