{
  "seed": "3ffa37cb-08f8-4d63-aa99-e76ba5a4fe5d",
  "params": {
    "transforms": [
      {
        "a": -0.7245223160263254,
        "b": -0.006044414793412667,
        "c": -0.5795169784115006,
        "d": -0.17951810191561135,
        "e": 1.2373069075531826,
        "f": 0.825945086297621,
        "color": 0.12242411997675517,
        "weight": 0.37458264527752716,
        "variations": {
          "polar": 0.10625392394328759,
          "swirl": 0.4338052119027185,
          "heart": 0.7792695018328567
        }
      },
      {
        "a": 0.5817524181502864,
        "b": 0.44557371962557424,
        "c": 0.35652104213339797,
        "d": 0.007252917388990809,
        "e": -0.12089210836975672,
        "f": 1.3304071536161568,
        "color": 0.046721884501711,
        "weight": 0.7818283433422609,
        "variations": {
          "swirl": 0.6489950449371903,
          "linear": 0.4261852993406072,
          "sinusoidal": 0.04267139080262594
        }
      },
      {
        "a": -0.2742609278661092,
        "b": -0.8645142742619603,
        "c": -0.8105170606999499,
        "d": -0.13861235772944402,
        "e": -0.1300749030974857,
        "f": -1.4035096344790392,
        "color": 0.1564043662219834,
        "weight": 0.2790712891467401,
        "variations": {
          "sinusoidal": 0.21023639355441515,
          "spherical": 0.5950892755519979
        }
      }
    ],
    "num_points": 1429204,
    "gamma": 1.9075731246186307,
    "brightness": 1.2,
    "hue_rotation": 207.93804672048898
  }
}