{
  "seed": "a44b9f53-086b-42f9-bc13-48315b5ce307",
  "params": {
    "transforms": [
      {
        "a": -0.24787037045286264,
        "b": -0.8320136659051904,
        "c": -0.11607280430728051,
        "d": 0.5336748278514432,
        "e": 0.6326610477901378,
        "f": -0.5490204508380668,
        "color": 0.9973652415094987,
        "weight": 0.3831155638790502,
        "variations": {
          "polar": 0.40538116730427853,
          "spherical": 0.5435180936000416
        }
      },
      {
        "a": 0.09398071755603787,
        "b": -0.48039726302896346,
        "c": 0.17692882925145592,
        "d": 0.9464356145377171,
        "e": -0.36601021418607393,
        "f": 0.15677734525130038,
        "color": 0.23837559877642656,
        "weight": 0.425532570979408,
        "variations": {
          "spherical": 0.8019783506870437,
          "swirl": 0.028949973296201192,
          "linear": 0.3536142123945418
        }
      },
      {
        "a": 0.3759431876100827,
        "b": -0.8104845764802464,
        "c": 0.7558138237359162,
        "d": 0.7167244538416824,
        "e": 1.4869627138240102,
        "f": 0.5503890976178258,
        "color": 0.992408389491903,
        "weight": 0.8567751044323519,
        "variations": {
          "linear": 0.059379145638546627,
          "swirl": 0.7506383680790338,
          "heart": 0.9553923085343006
        }
      },
      {
        "a": 0.07483502325527791,
        "b": 0.7537132666033628,
        "c": 0.6066491911317575,
        "d": -0.1411639268340894,
        "e": -0.3957555772574419,
        "f": -1.1006313831778738,
        "color": 0.1440267632766863,
        "weight": 0.8156988381640767,
        "variations": {
          "sinusoidal": 0.516411296366103,
          "heart": 0.10095262740450983
        }
      }
    ],
    "num_points": 2587827,
    "gamma": 1.9945384717953871,
    "brightness": 1.2,
    "hue_rotation": 13.115516802505338
  }
}