{
  "seed": "d87db370-5685-418b-8898-650297a5dd1f",
  "params": {
    "transforms": [
      {
        "a": -0.3308641353662829,
        "b": -0.842258569708763,
        "c": -0.25705336817854096,
        "d": -0.06984001309968746,
        "e": 1.1621066800667204,
        "f": 1.4179210861200966,
        "color": 0.5956967647937742,
        "weight": 0.12306424030882926,
        "variations": {
          "swirl": 0.41254802384389677,
          "linear": 0.15790719515186824
        }
      },
      {
        "a": -0.8899897080752368,
        "b": -0.34796909192514525,
        "c": -0.9414906200148505,
        "d": -0.2504600189327073,
        "e": 0.7573160185030656,
        "f": 1.2407438705593101,
        "color": 0.46015264515782406,
        "weight": 0.7347755132224489,
        "variations": {
          "heart": 0.8017985044441539
        }
      }
    ],
    "num_points": 2901421,
    "gamma": 2.3732846330126454,
    "brightness": 1.2,
    "hue_rotation": 37.41436349790068
  }
}