{
  "seed": "ccd943f1-ed01-46b4-b9ff-a87678b3a96b",
  "params": {
    "transforms": [
      {
        "a": 0.7877959807784103,
        "b": 0.2828959970713889,
        "c": 0.2036330859236064,
        "d": 0.375568920499068,
        "e": 1.1504945426745983,
        "f": -0.7658570234828049,
        "color": 0.8641229005387177,
        "weight": 0.5639320452373581,
        "variations": {
          "spherical": 0.32516029315315753
        }
      },
      {
        "a": -0.31966088557177796,
        "b": 0.6115805988753764,
        "c": 0.11898887854268736,
        "d": 0.8117655219857052,
        "e": -0.5711180519016046,
        "f": 0.5032478151453739,
        "color": 0.809022287343899,
        "weight": 0.6251550360671594,
        "variations": {
          "linear": 0.8137396432515183,
          "swirl": 0.474678531697438,
          "polar": 0.7393455734233488
        }
      }
    ],
    "num_points": 2615287,
    "gamma": 2.247309128719093,
    "brightness": 1.2,
    "hue_rotation": 81.3876946691397
  }
}