{
  "seed": "9b2dca49-6654-4805-a22d-301f39640b38",
  "params": {
    "transforms": [
      {
        "a": -0.0664737984337771,
        "b": -0.7814454106573396,
        "c": -0.054454463881828064,
        "d": -0.8791605256136119,
        "e": -1.2587991377384506,
        "f": 1.1794144546099652,
        "color": 0.9776452202982087,
        "weight": 0.8120184775362844,
        "variations": {
          "sinusoidal": 0.18418415615668549
        }
      },
      {
        "a": -0.5402549140769695,
        "b": -0.6537790660466873,
        "c": 0.8362590866886719,
        "d": -0.17267784061042013,
        "e": -1.2220279280356006,
        "f": 1.489295576297101,
        "color": 0.42296029366826515,
        "weight": 0.9883874185084996,
        "variations": {
          "linear": 0.6797202618303824
        }
      },
      {
        "a": 0.16266904130783288,
        "b": -0.7565859730523472,
        "c": 0.5200566916231679,
        "d": 0.6793046773255305,
        "e": 0.8050813300963857,
        "f": -1.3939659129871766,
        "color": 0.5794412177582987,
        "weight": 0.6557891883490706,
        "variations": {
          "polar": 0.20187569461658605,
          "sinusoidal": 0.6161650565659018,
          "linear": 0.2912748714276079
        }
      },
      {
        "a": -0.66141285439416,
        "b": 0.6789733445503034,
        "c": -0.3402390502981747,
        "d": -0.6340779687614295,
        "e": -1.1640907221897154,
        "f": -0.7694089104768386,
        "color": 0.27574930705264844,
        "weight": 0.1979438935525466,
        "variations": {
          "polar": 0.2720782029850457,
          "heart": 0.5040992432158276
        }
      }
    ],
    "num_points": 2796001,
    "gamma": 2.0457956564875954,
    "brightness": 1.2,
    "hue_rotation": 68.18041561834444
  }
}