{
  "seed": "a6837f4f-c59e-4711-b726-70f69570bfe8",
  "params": {
    "transforms": [
      {
        "a": -0.5497397217673923,
        "b": -0.3811756155767332,
        "c": 0.5108134346579822,
        "d": -0.2570948071118655,
        "e": 1.0420721623250433,
        "f": 0.681352839615851,
        "color": 0.5915292736519148,
        "weight": 0.18839998243161565,
        "variations": {
          "linear": 0.6907704505092551
        }
      },
      {
        "a": -0.4948352958966933,
        "b": 0.7715763776221121,
        "c": -0.41201666501006606,
        "d": 0.5402413139872477,
        "e": -0.7167559484565733,
        "f": 1.210897251430901,
        "color": 0.1905349863896304,
        "weight": 0.9458344360976846,
        "variations": {
          "sinusoidal": 0.7250743628126666
        }
      },
      {
        "a": -0.9062993789383404,
        "b": 0.662639591959171,
        "c": 0.2299531230454135,
        "d": -0.9051331183684928,
        "e": 0.166855353277914,
        "f": 0.787709246357486,
        "color": 0.8377853452330916,
        "weight": 0.5890405060895829,
        "variations": {
          "sinusoidal": 0.5376603288031574,
          "spherical": 0.5272538349835798
        }
      },
      {
        "a": -0.7398901365540596,
        "b": 0.928260153431206,
        "c": -0.9683124986710459,
        "d": 0.6331566520158649,
        "e": -1.2052437156661244,
        "f": -0.43213815973953906,
        "color": 0.4884647579885032,
        "weight": 0.10016012650244088,
        "variations": {
          "polar": 0.5954682421482684,
          "sinusoidal": 0.5362897460916844,
          "heart": 0.7840399928499413
        }
      }
    ],
    "num_points": 2187956,
    "gamma": 2.0014622245187286,
    "brightness": 1.2,
    "hue_rotation": 63.338962215769534
  }
}