{
  "seed": "728f9ebf-bd93-4905-8812-1cccb6753244",
  "params": {
    "transforms": [
      {
        "a": -0.2143982072733308,
        "b": 0.25387332200444157,
        "c": -0.6000039815037952,
        "d": 0.4029408603356506,
        "e": -0.7289933214932673,
        "f": 0.20567381609285862,
        "color": 0.18927430415868762,
        "weight": 0.49706083916795296,
        "variations": {
          "polar": 0.7150997972485694
        }
      },
      {
        "a": -0.7134730491167789,
        "b": -0.12956674461411155,
        "c": 0.8324712369187741,
        "d": 0.36418895996592515,
        "e": -0.03415779028940236,
        "f": 0.8658569301826362,
        "color": 0.7663333748534409,
        "weight": 0.9968458964695786,
        "variations": {
          "swirl": 0.07367184838194951,
          "linear": 0.059582707318012185
        }
      },
      {
        "a": 0.38137374755982956,
        "b": 0.5471525090225062,
        "c": 0.7094537074404901,
        "d": -0.3984531856393758,
        "e": 0.15928421222768874,
        "f": -1.3466929896321571,
        "color": 0.18109994640409455,
        "weight": 0.58908795910672,
        "variations": {
          "spherical": 0.8838725753173017,
          "linear": 0.2004767881708358
        }
      },
      {
        "a": 0.9999382562685262,
        "b": -0.7152289469743789,
        "c": -0.5524025571757507,
        "d": -0.6059217650828761,
        "e": 1.4643565056392953,
        "f": -1.2473613842731086,
        "color": 0.6351397821023109,
        "weight": 0.4172527150502452,
        "variations": {
          "polar": 0.7293048207218502,
          "spherical": 0.7726995636471022
        }
      }
    ],
    "num_points": 2959076,
    "gamma": 2.4386694720099875,
    "brightness": 1.2,
    "hue_rotation": 297.9250092495441
  }
}