{
  "seed": "d43e3daf-5766-4aa3-a98b-b916c04392c4",
  "params": {
    "transforms": [
      {
        "a": -0.8509623635370149,
        "b": 0.9469524820741411,
        "c": -0.9450257422487216,
        "d": -0.17790350556003087,
        "e": -1.0370613247097333,
        "f": -1.2336208901670496,
        "color": 0.24271746334510147,
        "weight": 0.8832232949459652,
        "variations": {
          "polar": 0.6248441589936167
        }
      },
      {
        "a": -0.7278994201625177,
        "b": 0.15247568025741343,
        "c": -0.12175537393032321,
        "d": -0.6373152726219788,
        "e": -1.4069609635104494,
        "f": -1.0816755156237452,
        "color": 0.1408037126180014,
        "weight": 0.22471911617486096,
        "variations": {
          "sinusoidal": 0.9731129447649577,
          "heart": 0.8578760911160203,
          "polar": 0.9515598050611852
        }
      },
      {
        "a": 0.6933210556680411,
        "b": -0.6519208502495482,
        "c": 0.817727067680083,
        "d": -0.8534839874958169,
        "e": 0.5695726463203954,
        "f": -0.7989203650799074,
        "color": 0.15192087425465262,
        "weight": 0.8543163787864023,
        "variations": {
          "sinusoidal": 0.2156937726637962,
          "spherical": 0.7638344012699828,
          "swirl": 0.7949646984260013
        }
      }
    ],
    "num_points": 1811122,
    "gamma": 2.353695591217135,
    "brightness": 1.2,
    "hue_rotation": 50.657199344763185
  }
}