{
  "seed": "3e0039e7-b412-45be-b549-e8c7c5c93621-272",
  "parameters": {
    "num_transforms": 2,
    "transforms": [
      {
        "a": 1.085286691626592,
        "b": -0.8104557221869982,
        "c": 0.27894214764343395,
        "d": 0.6673493695657542,
        "e": 0.43417912350138166,
        "f": -0.07388760349580759,
        "color": 0.8184660208240788,
        "variations": {
          "handkerchief": 0.10501751476804966,
          "horseshoe": 0.26270101093489107,
          "hyperbolic": 0.0,
          "linear": 0.0
        },
        "weight": 0.7889715337881807
      },
      {
        "a": -1.0685817707177525,
        "b": -0.18656475581947474,
        "c": -0.06541435422531117,
        "d": -0.9591727014743233,
        "e": 0.07195622572907401,
        "f": 0.4344699456452754,
        "color": 0.7473421721642743,
        "variations": {
          "polar": 0.09531959918092447,
          "linear": 0.047655744056102844
        },
        "weight": 1.7977897989642988
      }
    ],
    "num_points": 2035648,
    "gamma": 1.866129600157791,
    "brightness": 1.732126915870373,
    "contrast": 1.7540440756406426,
    "hue_rotation": 49.08357416491806
  }
}