{
  "seed": "ebe96885-340e-48fc-842b-a90f9c5e6248",
  "params": {
    "transforms": [
      {
        "a": -0.5177947963574108,
        "b": -0.7382455648286868,
        "c": -0.15068932406842395,
        "d": 0.495273179946659,
        "e": -0.9818507503327667,
        "f": -0.800216759866992,
        "color": 0.7077941054398497,
        "weight": 0.9538316514719946,
        "variations": {
          "sinusoidal": 0.21033119679187362
        }
      },
      {
        "a": -0.18574984567753483,
        "b": -0.2776503278428355,
        "c": 0.9859372927594263,
        "d": -0.5610617520794614,
        "e": -0.6600140180485392,
        "f": -0.5135721113886911,
        "color": 0.4441406281873316,
        "weight": 0.9586349786996109,
        "variations": {
          "spherical": 0.9928880659540196,
          "polar": 0.2923856708547373,
          "heart": 0.07965102385040312
        }
      }
    ],
    "num_points": 2092300,
    "gamma": 2.3991693816969497,
    "brightness": 1.2,
    "hue_rotation": 179.3020713143983
  }
}