{
  "seed": "259151b2-6cbe-4aa8-ac22-0dce16a2a1ac",
  "params": {
    "transforms": [
      {
        "a": 0.8758514948530327,
        "b": -0.08915922343695737,
        "c": -0.0598757184096359,
        "d": -0.3004385293738223,
        "e": -0.7040512100715484,
        "f": 1.1134234667410308,
        "color": 0.7169991658237574,
        "weight": 0.7679894199157556,
        "variations": {
          "sinusoidal": 0.1439603333353655,
          "linear": 0.45077595095230316
        }
      },
      {
        "a": 0.1892750307930593,
        "b": 0.48778768600352107,
        "c": 0.8501434514864625,
        "d": 0.6191442933742561,
        "e": -0.12290305609233965,
        "f": 0.2585544546180589,
        "color": 0.044075905685229455,
        "weight": 0.2943810879537415,
        "variations": {
          "sinusoidal": 0.023748562798156736,
          "heart": 0.4447385104465805
        }
      },
      {
        "a": 0.43455760109548236,
        "b": 0.6897442990486955,
        "c": -0.563520816865329,
        "d": -0.7393449139025592,
        "e": -1.473431075730245,
        "f": 1.2351269338226007,
        "color": 0.8698834241274092,
        "weight": 0.7090156962736117,
        "variations": {
          "spherical": 0.27138666844180936,
          "polar": 0.9474490547686177,
          "sinusoidal": 0.04146556388942235
        }
      }
    ],
    "num_points": 1488654,
    "gamma": 2.140546181918495,
    "brightness": 1.2,
    "hue_rotation": 213.01606863834888
  }
}