{
  "seed": "f95b536b-b020-4153-a1d1-5cc3fd217d1c",
  "params": {
    "transforms": [
      {
        "a": -0.019212322131407555,
        "b": 0.7543922721264893,
        "c": 0.5129353665188265,
        "d": 0.09448931050350495,
        "e": -0.8297985929847785,
        "f": -0.7044444673691119,
        "color": 0.7271713195253713,
        "weight": 0.8059918365269402,
        "variations": {
          "sinusoidal": 0.08415740504147884,
          "spherical": 0.13668266468225654,
          "linear": 0.06906041244665173
        }
      },
      {
        "a": 0.01615289179551027,
        "b": 0.7766892756349753,
        "c": -0.5102708941533038,
        "d": 0.6765162364856445,
        "e": 0.028769140486101463,
        "f": -0.24646097055115757,
        "color": 0.930605497144353,
        "weight": 0.724761280800693,
        "variations": {
          "polar": 0.5137119078239474,
          "spherical": 0.6028788999384318,
          "sinusoidal": 0.6252081642853109
        }
      }
    ],
    "num_points": 1390229,
    "gamma": 2.0374043120494987,
    "brightness": 1.2,
    "hue_rotation": 158.95470086059578
  }
}