{
  "seed": "15b9b6d6-ebbd-4c08-9836-58eba56c53e9",
  "params": {
    "transforms": [
      {
        "a": 0.10691102371478367,
        "b": -0.33803156786816424,
        "c": 0.8052084285284586,
        "d": 0.9515022154321886,
        "e": -0.002676350378629344,
        "f": 0.08987052555229624,
        "color": 0.8418184704045654,
        "weight": 0.2101766985707847,
        "variations": {
          "polar": 0.23969795724612541,
          "sinusoidal": 0.3283329458582538,
          "heart": 0.29272277275126113
        }
      },
      {
        "a": -0.5908761090872039,
        "b": 0.6206008154392326,
        "c": -0.9427074227112706,
        "d": -0.6426325866016556,
        "e": 0.5143862308226872,
        "f": 0.9758929547938617,
        "color": 0.04798056447368604,
        "weight": 0.497691013290812,
        "variations": {
          "swirl": 0.5559202770150512,
          "polar": 0.03809067141958289
        }
      },
      {
        "a": -0.9616506620994765,
        "b": -0.5778669822977638,
        "c": 0.7853055112491589,
        "d": 0.5938083669364209,
        "e": 1.182987839332415,
        "f": 0.3295936166810136,
        "color": 0.32548552382971585,
        "weight": 0.11459649023859603,
        "variations": {
          "heart": 0.6797483166824896
        }
      }
    ],
    "num_points": 2940463,
    "gamma": 2.4316015019486095,
    "brightness": 1.2,
    "hue_rotation": 234.06267615988114
  }
}