{
  "seed": "20d521d9-cfb5-49a2-aaed-ba7c9783f1b4",
  "params": {
    "transforms": [
      {
        "a": -0.06608017983923942,
        "b": 0.26667986698195656,
        "c": -0.17007935324179524,
        "d": 0.20440149796586793,
        "e": -0.42931995102273346,
        "f": -0.32514966257192723,
        "color": 0.05419835968128661,
        "weight": 0.8185228081508804,
        "variations": {
          "swirl": 0.3474343838207813
        }
      },
      {
        "a": -0.17541978660215385,
        "b": -0.88186243134396,
        "c": -0.36401780470336953,
        "d": -0.6901792229089727,
        "e": 1.3788653339453187,
        "f": -0.47187279742447785,
        "color": 0.534058585236989,
        "weight": 0.7247315390365856,
        "variations": {
          "spherical": 0.6645496826457423
        }
      },
      {
        "a": -0.7695461513814121,
        "b": 0.735074661216307,
        "c": 0.7789313426851674,
        "d": 0.11604750622284032,
        "e": 0.950006023914741,
        "f": -0.9229057783315838,
        "color": 0.84174051845587,
        "weight": 0.6457097432092789,
        "variations": {
          "spherical": 0.45116228623305676
        }
      },
      {
        "a": -0.7798440286315709,
        "b": -0.2604764287858845,
        "c": 0.9031721981645668,
        "d": -0.3737798120095601,
        "e": 0.2326321851237625,
        "f": 0.2483185279476463,
        "color": 0.9940973740746012,
        "weight": 0.7300503517601223,
        "variations": {
          "heart": 0.31552107459725554,
          "swirl": 0.8149874971496971
        }
      }
    ],
    "num_points": 1081767,
    "gamma": 2.305329760924632,
    "brightness": 1.2,
    "hue_rotation": 251.30155803571355
  }
}