{
  "seed": "63fb872c-0006-44b4-8821-d593ee668bae",
  "params": {
    "transforms": [
      {
        "a": 0.8602024209885608,
        "b": 0.9110313283403733,
        "c": 0.4640258668986177,
        "d": -0.7607985231051693,
        "e": -0.7855840416984985,
        "f": -0.9010031990311034,
        "color": 0.31284899634965724,
        "weight": 0.2516574769439195,
        "variations": {
          "heart": 0.8096395876742835,
          "swirl": 0.4588679760318677
        }
      },
      {
        "a": -0.24857973841133196,
        "b": -0.08281291261412971,
        "c": -0.42674386337175507,
        "d": 0.02540912802243711,
        "e": 0.9738112236629579,
        "f": 1.1258539008203372,
        "color": 0.8481284400052936,
        "weight": 0.27372568194281105,
        "variations": {
          "polar": 0.9559021253631843,
          "spherical": 0.683409605481331
        }
      },
      {
        "a": 0.49432937290272116,
        "b": -0.6643852876119953,
        "c": 0.3653706673754633,
        "d": -0.7197137584174695,
        "e": 0.23537772140601998,
        "f": -1.454404510436242,
        "color": 0.18110886166118767,
        "weight": 0.591305125871289,
        "variations": {
          "heart": 0.5758216059145751,
          "swirl": 0.6583049834553621
        }
      }
    ],
    "num_points": 2571787,
    "gamma": 1.854071719194886,
    "brightness": 1.2,
    "hue_rotation": 125.36031953353627
  }
}