{
  "seed": "f59caabc-238d-422b-9f64-0af471f4f1cf",
  "params": {
    "transforms": [
      {
        "a": 0.09118966128820238,
        "b": -0.2579726648372036,
        "c": -0.8625678202075695,
        "d": 0.20241778753017337,
        "e": 0.48915532814765994,
        "f": 0.7389912596848021,
        "color": 0.9646541534680563,
        "weight": 0.23353787305275214,
        "variations": {
          "spherical": 0.6973474353095535,
          "linear": 0.20785652429911716
        }
      },
      {
        "a": 0.9303917388702254,
        "b": -0.8990318018500931,
        "c": -0.9282021505584415,
        "d": -0.6836573350212136,
        "e": 0.6987186251963138,
        "f": -0.702777789294167,
        "color": 0.8881299054153111,
        "weight": 0.7592057147063024,
        "variations": {
          "heart": 0.29591622154601704
        }
      },
      {
        "a": -0.8702083383502737,
        "b": 0.6039955358737497,
        "c": -0.26919298424377147,
        "d": -0.5789507355763064,
        "e": 1.1299176805213138,
        "f": 0.49511914101028154,
        "color": 0.8386157524845396,
        "weight": 0.9103040246754273,
        "variations": {
          "spherical": 0.3172350327706104
        }
      },
      {
        "a": -0.8869298026220536,
        "b": 0.9195832922520224,
        "c": -0.9191284653884266,
        "d": 0.5729773352491596,
        "e": -1.0642314185404087,
        "f": -1.1681554994032073,
        "color": 0.5928753556475368,
        "weight": 0.9247508613205491,
        "variations": {
          "linear": 0.5125091020881769
        }
      }
    ],
    "num_points": 1167595,
    "gamma": 1.8302168145222268,
    "brightness": 1.2,
    "hue_rotation": 223.93310546510426
  }
}