{
  "seed": "cd221578-e63d-4b0a-9c7c-b7f63f1af550",
  "params": {
    "transforms": [
      {
        "a": -0.998602585240107,
        "b": 0.1419425347965091,
        "c": 0.4509009240390591,
        "d": -0.069214640966057,
        "e": 0.7279758222738284,
        "f": -0.8923943626756536,
        "color": 0.017067627174242817,
        "weight": 0.8245558929642637,
        "variations": {
          "swirl": 0.06797000546408105,
          "polar": 0.9204380686228182,
          "linear": 0.9363862622004029
        }
      },
      {
        "a": -0.5908777343067853,
        "b": 0.016214042576151444,
        "c": 0.5166742592647235,
        "d": 0.8460409782419,
        "e": 0.24021671447878523,
        "f": -0.8319584184528911,
        "color": 0.1941625371496749,
        "weight": 0.11372833647475437,
        "variations": {
          "linear": 0.6972528055694031
        }
      },
      {
        "a": -0.7765146469571909,
        "b": 0.47430715530691403,
        "c": -0.0020960531312981256,
        "d": 0.8506070956762923,
        "e": -1.0392461932533912,
        "f": 0.5123125980305616,
        "color": 0.6606841194927554,
        "weight": 0.11677542709807649,
        "variations": {
          "spherical": 0.5591687691481223,
          "polar": 0.49890144370489775,
          "heart": 0.9613625401258761
        }
      }
    ],
    "num_points": 1772515,
    "gamma": 1.9852306882495987,
    "brightness": 1.2,
    "hue_rotation": 70.68251615402882
  }
}