{
  "seed": "b2c0f907-4fb6-47f2-b00b-d5a350da7368",
  "params": {
    "transforms": [
      {
        "a": 0.8803229761705913,
        "b": -0.17163025041144642,
        "c": 0.08746295665702997,
        "d": 0.5204594510983762,
        "e": 1.2506342066706035,
        "f": -1.1160245305597332,
        "color": 0.05279777043958023,
        "weight": 0.4819199481763531,
        "variations": {
          "linear": 0.7791325656541962,
          "spherical": 0.6312678811612489,
          "heart": 0.25538853624494906
        }
      },
      {
        "a": 0.42910782566530914,
        "b": -0.6911001650443345,
        "c": -0.1442527036926844,
        "d": -0.725214133334118,
        "e": 0.2835828382702681,
        "f": 0.7357142227872786,
        "color": 0.021662773900889665,
        "weight": 0.6076058525666113,
        "variations": {
          "swirl": 0.9214873933997582,
          "linear": 0.6167673215647347
        }
      },
      {
        "a": -0.35225504899247406,
        "b": -0.2417675175156948,
        "c": -0.6867596901696833,
        "d": 0.3158025721586992,
        "e": 0.8932289852926898,
        "f": 0.3029371727886452,
        "color": 0.7461637852660093,
        "weight": 0.46473624415051296,
        "variations": {
          "linear": 0.09042489018350319
        }
      },
      {
        "a": -0.43381400744609167,
        "b": 0.9374988854565576,
        "c": -0.884229665165184,
        "d": 0.3523262156115641,
        "e": -0.9411734854522975,
        "f": 0.3224457324960084,
        "color": 0.9530989544796054,
        "weight": 0.47173914163417197,
        "variations": {
          "sinusoidal": 0.6461953245239583,
          "spherical": 0.49279785845027413,
          "polar": 0.41313913951420445
        }
      }
    ],
    "num_points": 2268000,
    "gamma": 2.452731005658764,
    "brightness": 1.2,
    "hue_rotation": 86.91015549838383
  }
}