{
  "seed": "d87ee783-9bb8-4c64-81d9-b1a8b9534ada",
  "params": {
    "transforms": [
      {
        "a": -0.07239898232096054,
        "b": -0.3059698103049484,
        "c": -0.9156400793708199,
        "d": 0.7057745793824302,
        "e": -1.1071539020862085,
        "f": 0.22882957775977952,
        "color": 0.5085463087671005,
        "weight": 0.3444189647031607,
        "variations": {
          "linear": 0.19772921119189657,
          "sinusoidal": 0.6075352330614329
        }
      },
      {
        "a": 0.4446909935549088,
        "b": -0.296033547405288,
        "c": -0.7747455501278973,
        "d": -0.9894333538262343,
        "e": -1.4035428985912939,
        "f": -1.1316818418419547,
        "color": 0.10350389726388853,
        "weight": 0.7531035184890266,
        "variations": {
          "spherical": 0.5125160423770492,
          "swirl": 0.6283685387884589,
          "sinusoidal": 0.9910544085512238
        }
      }
    ],
    "num_points": 2282729,
    "gamma": 2.2042090850059077,
    "brightness": 1.2,
    "hue_rotation": 87.86737309888453
  }
}