{
  "seed": "dda5549b-426c-477f-aa82-95240b12e6ef",
  "params": {
    "transforms": [
      {
        "a": -0.24405245056315739,
        "b": 0.24007187109180061,
        "c": -0.065641043337614,
        "d": 0.23406674027838004,
        "e": -0.6483550611768432,
        "f": 0.3557087539730812,
        "color": 0.31195443730268946,
        "weight": 0.18279546754766174,
        "variations": {
          "swirl": 0.23326554634053454,
          "spherical": 0.6070809964075079,
          "linear": 0.16147084883369833
        }
      },
      {
        "a": -0.31564906083317346,
        "b": 0.6005693013726925,
        "c": 0.9573035707120621,
        "d": -0.3152159920738171,
        "e": -1.4571507566359734,
        "f": -0.7529140190361516,
        "color": 0.8937055612045155,
        "weight": 0.897499019147789,
        "variations": {
          "linear": 0.4902293627565504,
          "swirl": 0.572442554633175
        }
      },
      {
        "a": 0.5411009665016988,
        "b": 0.7475580181629,
        "c": -0.3356414857794692,
        "d": 0.7755924735957389,
        "e": 0.3004892951612317,
        "f": -1.2085445646346216,
        "color": 0.6786372861833386,
        "weight": 0.7040312360674814,
        "variations": {
          "linear": 0.44902299156375713,
          "spherical": 0.46667233133633734,
          "heart": 0.9462953600408452
        }
      }
    ],
    "num_points": 2567443,
    "gamma": 2.45597457062008,
    "brightness": 1.2,
    "hue_rotation": 353.1062782463714
  }
}