{
  "seed": "1a48357b-fef5-4296-9ac6-4c7be6c54ed5",
  "params": {
    "transforms": [
      {
        "a": -0.44557771244809263,
        "b": 0.6094840453509525,
        "c": -0.44656958567030913,
        "d": -0.17931820540654164,
        "e": 0.8266178514724278,
        "f": -0.311013454154474,
        "color": 0.16512745615554258,
        "weight": 0.31015672942014394,
        "variations": {
          "heart": 0.42558382997922517,
          "swirl": 0.40670593476039263
        }
      },
      {
        "a": 0.11953620403100085,
        "b": 0.23794979044726627,
        "c": -0.7375080348822265,
        "d": 0.15823791336688542,
        "e": 0.9072018895437717,
        "f": -0.23499987871299433,
        "color": 0.20157246664786088,
        "weight": 0.6299916656841703,
        "variations": {
          "heart": 0.3777788584129964
        }
      },
      {
        "a": 0.29588146549422767,
        "b": 0.8540577645548488,
        "c": 0.5802477937347073,
        "d": 0.9417816143258457,
        "e": 1.3148477496786297,
        "f": -1.147589380647227,
        "color": 0.4181309194119588,
        "weight": 0.67864517909876,
        "variations": {
          "swirl": 0.33529926381576614,
          "polar": 0.15818435598376224,
          "spherical": 0.45001675575024613
        }
      }
    ],
    "num_points": 1229863,
    "gamma": 2.4349195660134324,
    "brightness": 1.2,
    "hue_rotation": 357.88790627437055
  }
}