{
  "seed": "f8a18a20-47cf-4601-8aff-8bd65d6b9e12",
  "params": {
    "transforms": [
      {
        "a": -0.34279298596029206,
        "b": 0.7290137730049111,
        "c": -0.666391775617251,
        "d": -0.2895022317256899,
        "e": -0.7735853946265004,
        "f": -0.5531586743709329,
        "color": 0.9992721476383438,
        "weight": 0.6953186178609618,
        "variations": {
          "linear": 0.5925126824532391,
          "swirl": 0.3580738795192706
        }
      },
      {
        "a": 0.7550598102562984,
        "b": 0.7776652723663793,
        "c": 0.9897492590757675,
        "d": -0.7168164375877331,
        "e": -1.4725166660892088,
        "f": 1.2632346155546181,
        "color": 0.21115483952569136,
        "weight": 0.3106080873357333,
        "variations": {
          "linear": 0.6128991849937039,
          "sinusoidal": 0.7800924097215892
        }
      },
      {
        "a": -0.7296295304968092,
        "b": -0.33402323837093273,
        "c": 0.3777737531148906,
        "d": 0.07487732002712066,
        "e": -0.36277013735054986,
        "f": -1.1242656721213957,
        "color": 0.9128569092700421,
        "weight": 0.2513506278493869,
        "variations": {
          "swirl": 0.26431496508312613,
          "heart": 0.01632825426501283,
          "linear": 0.9057924123259253
        }
      },
      {
        "a": 0.5222845233368141,
        "b": 0.9700930458097168,
        "c": 0.350483393083141,
        "d": -0.4484754840988725,
        "e": 1.089591549228118,
        "f": -1.401699068769716,
        "color": 0.5900249380378139,
        "weight": 0.19915309273550857,
        "variations": {
          "swirl": 0.8026667756293346,
          "polar": 0.46808483796248823,
          "linear": 0.9796296418450884
        }
      }
    ],
    "num_points": 1446611,
    "gamma": 2.138243644387459,
    "brightness": 1.2,
    "hue_rotation": 109.21421422620355
  }
}