{
  "seed": "3c1b262c-d2c7-41a8-b200-9c91f1cd80d8",
  "params": {
    "transforms": [
      {
        "a": -0.7659339506285925,
        "b": 0.8665346661061244,
        "c": 0.3848895614074719,
        "d": 0.5959846774833759,
        "e": -0.5275029049433554,
        "f": 0.2968658917064486,
        "color": 0.9039296146653221,
        "weight": 0.6678688526138957,
        "variations": {
          "spherical": 0.0032615653309407966,
          "polar": 0.44589218321231494
        }
      },
      {
        "a": 0.7361946605850778,
        "b": -0.26943800476269053,
        "c": -0.5269567496110164,
        "d": 0.26630228295024905,
        "e": 0.13480846761996856,
        "f": -0.8653893975795667,
        "color": 0.7597371839103924,
        "weight": 0.5294329540729538,
        "variations": {
          "heart": 0.7277136318491024
        }
      },
      {
        "a": -0.3294653229857909,
        "b": 0.288214981392245,
        "c": 0.9237416756576113,
        "d": -0.9284738580338048,
        "e": 1.1426135039384002,
        "f": -1.1703565708026753,
        "color": 0.7858809374735911,
        "weight": 0.12687304579956912,
        "variations": {
          "sinusoidal": 0.5225175185619819,
          "heart": 0.1483677830983624
        }
      },
      {
        "a": -0.9116791394490009,
        "b": 0.8099011724321197,
        "c": 0.12369108424738773,
        "d": -0.7802237817179101,
        "e": -0.38284126919482375,
        "f": 1.3302409731247393,
        "color": 0.2346535197796107,
        "weight": 0.877382805706329,
        "variations": {
          "polar": 0.47685814734101206,
          "heart": 0.31751836496364183,
          "linear": 0.08014184857031148
        }
      }
    ],
    "num_points": 1804195,
    "gamma": 2.4940307647377553,
    "brightness": 1.2,
    "hue_rotation": 297.52303640431825
  }
}