{
  "seed": "ac966d65-ff47-4ee0-8d60-1f4bf2d9bd01",
  "params": {
    "transforms": [
      {
        "a": 0.9407175894326112,
        "b": 0.32867510163258573,
        "c": 0.051407046163639336,
        "d": 0.06989130464190652,
        "e": 0.162186302488887,
        "f": -0.7095502571557954,
        "color": 0.22604900086486157,
        "weight": 0.2891277199634177,
        "variations": {
          "spherical": 0.8168741935521417
        }
      },
      {
        "a": -0.6149471901274763,
        "b": -0.7112388524987934,
        "c": -0.16282238366010482,
        "d": 0.5862901508353109,
        "e": 1.4102121001126422,
        "f": -0.33011549533152973,
        "color": 0.8752334120091058,
        "weight": 0.2122768418359214,
        "variations": {
          "heart": 0.9038058644308405
        }
      }
    ],
    "num_points": 1533009,
    "gamma": 2.476706597567924,
    "brightness": 1.2,
    "hue_rotation": 1.0338058562921493
  }
}