{
  "seed": "a1b4db0c-3704-4502-88e6-3fad15adae28",
  "params": {
    "transforms": [
      {
        "a": -0.904563152569678,
        "b": 0.9095435819148758,
        "c": -0.5063299028838195,
        "d": 0.6898098184390669,
        "e": 0.11864423189665563,
        "f": -0.6807704411109096,
        "color": 0.8774144055272559,
        "weight": 0.34099946627294875,
        "variations": {
          "swirl": 0.7633326909036735,
          "sinusoidal": 0.5508139367128725,
          "linear": 0.8298279830468858
        }
      },
      {
        "a": 0.9249926797728742,
        "b": 0.4866132595761401,
        "c": -0.6698945922285628,
        "d": -0.20222220646320044,
        "e": 0.1464522328066511,
        "f": 0.14847549169807328,
        "color": 0.9058233431776085,
        "weight": 0.23840728635224648,
        "variations": {
          "heart": 0.588234000606068,
          "spherical": 0.30997826923867455,
          "polar": 0.8856849493256415
        }
      }
    ],
    "num_points": 2489589,
    "gamma": 2.2026531456047875,
    "brightness": 1.2,
    "hue_rotation": 203.4069243746023
  }
}