{
  "seed": "d6a3ac91-7abe-4030-8e2e-2727204d8f7a",
  "params": {
    "transforms": [
      {
        "a": 0.9625352604177566,
        "b": -0.8733408002105127,
        "c": 0.37357856204246875,
        "d": -0.4294875876598292,
        "e": -0.3067008359723853,
        "f": 0.3771063044430072,
        "color": 0.6517491434270725,
        "weight": 0.1788825959243115,
        "variations": {
          "swirl": 0.34027397369365153
        }
      },
      {
        "a": -0.9452874889882905,
        "b": -0.9607867720925556,
        "c": -0.6341271249419815,
        "d": 0.40700714863331355,
        "e": -1.3824676965664593,
        "f": 1.0465924793679133,
        "color": 0.6434931481417113,
        "weight": 0.9749492716704176,
        "variations": {
          "swirl": 0.1084112003469846
        }
      },
      {
        "a": -0.325423809243355,
        "b": 0.5404684166455886,
        "c": -0.5617348053774176,
        "d": -0.5935205612196002,
        "e": -1.3610497136086044,
        "f": 0.833758596339921,
        "color": 0.7818828865235073,
        "weight": 0.36448767471485277,
        "variations": {
          "heart": 0.562990373395125,
          "linear": 0.07270059531915207
        }
      },
      {
        "a": 0.2367597177949905,
        "b": 0.602727960077178,
        "c": 0.025270622008193522,
        "d": 0.20657842532315907,
        "e": -0.4630946202735826,
        "f": -0.5490047655442214,
        "color": 0.5351267763916013,
        "weight": 0.1862514697346142,
        "variations": {
          "sinusoidal": 0.6213212029845154,
          "spherical": 0.9209573934529895
        }
      }
    ],
    "num_points": 2049701,
    "gamma": 1.923196777213409,
    "brightness": 1.2,
    "hue_rotation": 213.36898775411984
  }
}