{
  "seed": "e86acf4d-65e0-40b1-9063-892d6f243636",
  "params": {
    "transforms": [
      {
        "a": 0.7950263728133007,
        "b": -0.5621646466637298,
        "c": 0.7764351564450738,
        "d": -0.6817470972020032,
        "e": -1.3676383321464827,
        "f": -1.4617388949399004,
        "color": 0.25634892401291676,
        "weight": 0.9198605455210033,
        "variations": {
          "heart": 0.970034566301127,
          "sinusoidal": 0.3962742625394692
        }
      },
      {
        "a": 0.8331768298897355,
        "b": -0.8727543809402365,
        "c": 0.0880103539802366,
        "d": 0.6741779987999097,
        "e": 0.853577512860876,
        "f": 0.05871817946783908,
        "color": 0.5784776568050187,
        "weight": 0.1032703944843894,
        "variations": {
          "polar": 0.642862646778058,
          "heart": 0.00953612347229793,
          "sinusoidal": 0.8253152536291286
        }
      },
      {
        "a": 0.24635384382283365,
        "b": 0.02743238472395859,
        "c": -0.6211486740230607,
        "d": -0.5520225440426572,
        "e": 0.974544912904391,
        "f": 0.3836631143119098,
        "color": 0.8589402136722328,
        "weight": 0.7109684247677879,
        "variations": {
          "polar": 0.34765588950958737
        }
      },
      {
        "a": 0.46265282754252324,
        "b": 0.49507320047599235,
        "c": -0.5326081436988905,
        "d": 0.010561362587948153,
        "e": 0.4168434681784765,
        "f": -1.219527514638878,
        "color": 0.3339144142993776,
        "weight": 0.7985999373378859,
        "variations": {
          "spherical": 0.9642511867363065,
          "swirl": 0.7571923581072326
        }
      }
    ],
    "num_points": 1228761,
    "gamma": 2.1966510893111577,
    "brightness": 1.2,
    "hue_rotation": 336.20399296542263
  }
}