{
  "seed": "a64af1b8-2a09-4361-8559-31a2b24d7153",
  "params": {
    "transforms": [
      {
        "a": 0.32344252893924375,
        "b": 0.16032740183365135,
        "c": 0.6863056120702853,
        "d": 0.42242455674903456,
        "e": -1.4479453018577755,
        "f": -1.3808732363121647,
        "color": 0.7765085744480552,
        "weight": 0.16146078941278572,
        "variations": {
          "swirl": 0.4854810623622239,
          "polar": 0.5987856802267104
        }
      },
      {
        "a": -0.9829508689481345,
        "b": 0.1209689202123232,
        "c": -0.4236892826776366,
        "d": -0.8762371191045553,
        "e": -1.414912562909696,
        "f": 1.4406582882125694,
        "color": 0.3928173134226305,
        "weight": 0.8263123516513325,
        "variations": {
          "heart": 0.10734232016811329,
          "polar": 0.12963087653124294
        }
      },
      {
        "a": -0.7801011830619597,
        "b": 0.13618089539445477,
        "c": -0.9349878244235434,
        "d": -0.24422340912405383,
        "e": -0.0721553932759651,
        "f": -1.469755732100602,
        "color": 0.16651243383406,
        "weight": 0.377517577012465,
        "variations": {
          "sinusoidal": 0.24462204182159386,
          "swirl": 0.9132301951749632
        }
      }
    ],
    "num_points": 2643788,
    "gamma": 1.872926699571167,
    "brightness": 1.2,
    "hue_rotation": 145.6088444492573
  }
}