{
  "seed": "95bea51a-d9a1-4e0f-a0b0-c0ffa8067b6f",
  "params": {
    "transforms": [
      {
        "a": -0.34131814181200726,
        "b": -0.7910940520322829,
        "c": -0.00416790119057775,
        "d": 0.8995352109245374,
        "e": 1.0623275499677027,
        "f": -0.9784299152110618,
        "color": 0.6404854591406798,
        "weight": 0.7729752203919773,
        "variations": {
          "spherical": 0.9662301015261586,
          "polar": 0.8463096383790968
        }
      },
      {
        "a": 0.9240922774810325,
        "b": -0.39964013841111723,
        "c": 0.7246571600940563,
        "d": 0.7972259184635633,
        "e": 0.2944204135986048,
        "f": 0.7657282832296994,
        "color": 0.7067394238339217,
        "weight": 0.2783764534627131,
        "variations": {
          "heart": 0.48801901621950483,
          "polar": 0.09990387978552562
        }
      },
      {
        "a": -0.25097481710075376,
        "b": 0.7329189624720354,
        "c": -0.44544144413821973,
        "d": -0.5847712357888939,
        "e": 0.5035820301033103,
        "f": 0.7814360403193747,
        "color": 0.9155649663441601,
        "weight": 0.3922243138659649,
        "variations": {
          "linear": 0.9522229646504728
        }
      }
    ],
    "num_points": 1111813,
    "gamma": 2.320265612039477,
    "brightness": 1.2,
    "hue_rotation": 32.8172528147216
  }
}