{
  "seed": "57c1c911-ae6b-4ba9-8237-efe5ca30db6b-110",
  "parameters": {
    "num_transforms": 2,
    "transforms": [
      {
        "a": -1.3791502092552328,
        "b": 0.8232068072067249,
        "c": -0.4192938219866089,
        "d": -0.1364319744082294,
        "e": 1.3080016880266427,
        "f": 0.9791438211542198,
        "color": 0.8108493481328417,
        "variations": {
          "spherical": 0.09326809195814567,
          "polar": 0.5788393537337783,
          "horseshoe": 0.2406996427761946
        },
        "weight": 1.301869831791576
      },
      {
        "a": -0.13624105066212655,
        "b": -0.7784525055355469,
        "c": 1.350498001431443,
        "d": 0.29430938801362316,
        "e": -1.2388180393534105,
        "f": -0.7535654546810076,
        "color": 0.08882930338912387,
        "variations": {
          "spherical": 0.0,
          "swirl": 0.0
        },
        "weight": 0.5372613193207876
      }
    ],
    "num_points": 3333542,
    "gamma": 1.8244599766615255,
    "brightness": 1.6479740551741586,
    "contrast": 1.7418771229651338,
    "hue_rotation": 336.98663491433916
  }
}