{
  "seed": "ba5ea163-536e-4da7-8b76-44e40e29c9ad",
  "params": {
    "transforms": [
      {
        "a": 0.6095908313223344,
        "b": -0.6081053895254833,
        "c": 0.10654695657632818,
        "d": 0.9611861737550043,
        "e": -1.2541266626781318,
        "f": 0.47774917767664027,
        "color": 0.11877199546008133,
        "weight": 0.5222902627415302,
        "variations": {
          "linear": 0.2734641146411758
        }
      },
      {
        "a": -0.1655481485817476,
        "b": -0.5902487656287871,
        "c": -0.3783600647182126,
        "d": 0.8595665394443677,
        "e": -0.5057065743484849,
        "f": 0.4031051059994528,
        "color": 0.7574761644198168,
        "weight": 0.4460489614990152,
        "variations": {
          "polar": 0.08048014889871469,
          "spherical": 0.10889386774147292,
          "swirl": 0.7329069805715777
        }
      },
      {
        "a": 0.1902420487436236,
        "b": -0.19551329647268645,
        "c": -0.19607142124205246,
        "d": 0.33320696205263367,
        "e": 0.36837192161383303,
        "f": -0.13913185754765944,
        "color": 0.35937942462449224,
        "weight": 0.4534207037443594,
        "variations": {
          "linear": 0.25067438031619216
        }
      },
      {
        "a": 0.32309007294438685,
        "b": 0.2164702738216897,
        "c": 0.4429266475336129,
        "d": -0.46566654181939615,
        "e": 0.35015053528832407,
        "f": 1.0623071920871223,
        "color": 0.17422201790375003,
        "weight": 0.27783677722290445,
        "variations": {
          "spherical": 0.1910934231914666
        }
      }
    ],
    "num_points": 1250473,
    "gamma": 1.9150875292662035,
    "brightness": 1.2,
    "hue_rotation": 22.320935175284752
  }
}