{
  "seed": "0278c952-ab8d-4a55-8834-d8827f9fddac",
  "params": {
    "transforms": [
      {
        "a": 0.11038688860633816,
        "b": 0.6282032927737302,
        "c": -0.2993475990066867,
        "d": 0.24501247013857408,
        "e": -0.4862562603755669,
        "f": -0.6913096640498705,
        "color": 0.671256437968106,
        "weight": 0.9265064621218743,
        "variations": {
          "heart": 0.6072271551469344,
          "spherical": 0.005096794068369381,
          "polar": 0.7456683610423892
        }
      },
      {
        "a": 0.9835813711318748,
        "b": 0.7351599621542941,
        "c": 0.0771293251896421,
        "d": 0.36003744722538045,
        "e": 1.3781226067434558,
        "f": 0.752162341497435,
        "color": 0.31774871273587746,
        "weight": 0.8207786578508675,
        "variations": {
          "polar": 0.08147237104219196,
          "heart": 0.10452292483218195,
          "swirl": 0.1964826804856198
        }
      },
      {
        "a": -0.882566324065452,
        "b": 0.30491092898502004,
        "c": 0.08310218916044709,
        "d": 0.36258729977671345,
        "e": 1.0481281281604966,
        "f": -0.1965925029538873,
        "color": 0.2698625018421933,
        "weight": 0.32683560463856653,
        "variations": {
          "polar": 0.04521858159174408
        }
      }
    ],
    "num_points": 2488403,
    "gamma": 2.115876361835791,
    "brightness": 1.2,
    "hue_rotation": 338.9083587260894
  }
}