{
  "seed": "ff6a77ef-4958-45f4-a214-196d4787975e",
  "params": {
    "transforms": [
      {
        "a": 0.9285095144668594,
        "b": 0.8178132556200672,
        "c": -0.12322352360317423,
        "d": -0.7163884536020986,
        "e": 0.20595222995045237,
        "f": 0.04770244557525549,
        "color": 0.43305306893421247,
        "weight": 0.8395769500224892,
        "variations": {
          "heart": 0.2302365616427421,
          "linear": 0.6124502662223995
        }
      },
      {
        "a": 0.2465020440842951,
        "b": 0.31493020747652034,
        "c": -0.3382926445895378,
        "d": -0.5012271065883782,
        "e": 0.7611748690142734,
        "f": -0.024434083043785915,
        "color": 0.8300782920087151,
        "weight": 0.9539618031420091,
        "variations": {
          "polar": 0.3540236809278844
        }
      },
      {
        "a": -0.6914100202834379,
        "b": -0.3328180170253183,
        "c": 0.841830004363102,
        "d": -0.05350059378985117,
        "e": 0.665516707857754,
        "f": 1.487418645095389,
        "color": 0.6653542238827701,
        "weight": 0.2559876275507184,
        "variations": {
          "spherical": 0.22875009492960852,
          "heart": 0.6192967951201754
        }
      },
      {
        "a": 0.9552775878987494,
        "b": 0.4489509890065668,
        "c": -0.35155143089211527,
        "d": -0.7266680466003486,
        "e": 0.4950929568068472,
        "f": -1.2544407033275196,
        "color": 0.3879003678601948,
        "weight": 0.1043330680546789,
        "variations": {
          "spherical": 0.371399145333579
        }
      }
    ],
    "num_points": 1238268,
    "gamma": 2.2373365600496924,
    "brightness": 1.2,
    "hue_rotation": 73.095501979209
  }
}