{
  "seed": "840ea2df-d1a2-45c5-8622-c0005d193367",
  "params": {
    "transforms": [
      {
        "a": -0.4017746443226282,
        "b": 0.1972205591083478,
        "c": -0.5540230510247417,
        "d": -0.5363874366983674,
        "e": -0.7896476370067539,
        "f": -0.073536043941971,
        "color": 0.3390955838546641,
        "weight": 0.8125987360794945,
        "variations": {
          "polar": 0.804441246926577,
          "swirl": 0.8334503794088693,
          "sinusoidal": 0.9126533562241577
        }
      },
      {
        "a": -0.2521771241723514,
        "b": 0.3477951202012213,
        "c": -0.20080151626749942,
        "d": -0.38263511183510723,
        "e": -1.1589904754522604,
        "f": -0.8632671510995035,
        "color": 0.7938746672603766,
        "weight": 0.12151985838176506,
        "variations": {
          "heart": 0.8522368057626708
        }
      }
    ],
    "num_points": 1579697,
    "gamma": 2.1341813642827394,
    "brightness": 1.2,
    "hue_rotation": 230.38554307391294
  }
}