{
  "seed": "4b60c967-a5fe-400a-95ae-df440cb5eeac",
  "params": {
    "transforms": [
      {
        "a": 0.5596271923902549,
        "b": -0.8193776342630261,
        "c": -0.7931557469247557,
        "d": 0.7195616279239998,
        "e": 1.404571796745845,
        "f": -0.504332013946659,
        "color": 0.5124403780308614,
        "weight": 0.8001088387826141,
        "variations": {
          "spherical": 0.014423699061784645
        }
      },
      {
        "a": -0.5900839762859134,
        "b": -0.21245113302102037,
        "c": -0.6397741421223837,
        "d": -0.8180699560983518,
        "e": -0.6164168230874109,
        "f": -0.3888843508004558,
        "color": 0.4063090219678309,
        "weight": 0.43450691737545943,
        "variations": {
          "heart": 0.8955176645432321
        }
      },
      {
        "a": -0.9132621891471833,
        "b": -0.5784413708859357,
        "c": 0.4867329832363263,
        "d": -0.9275127390866964,
        "e": -0.12654426290131426,
        "f": 0.7904401512829877,
        "color": 0.7958505734805399,
        "weight": 0.9841255269055353,
        "variations": {
          "spherical": 0.947717518001074
        }
      },
      {
        "a": -0.44699094858064803,
        "b": -0.5956358704166171,
        "c": -0.9912451024535109,
        "d": -0.3382805490976797,
        "e": 1.3722842244236517,
        "f": 0.5772408800326914,
        "color": 0.015054664624469027,
        "weight": 0.3195830990650212,
        "variations": {
          "polar": 0.08110035658958425,
          "spherical": 0.3532339746679378,
          "heart": 0.8125993946472446
        }
      }
    ],
    "num_points": 1550247,
    "gamma": 2.230395383383526,
    "brightness": 1.2,
    "hue_rotation": 96.92128030609626
  }
}