{
  "seed": "6cff511f-8615-48b9-bf53-67c98e3d1000",
  "params": {
    "transforms": [
      {
        "a": 0.07504411616776907,
        "b": 0.5209459083081125,
        "c": 0.20575361326838726,
        "d": -0.10419737753145353,
        "e": -1.1570061288580824,
        "f": 0.37979322183995023,
        "color": 0.9395583626970033,
        "weight": 0.8017261515936385,
        "variations": {
          "heart": 0.7286331697321562
        }
      },
      {
        "a": 0.6030091893495912,
        "b": -0.24891428049515474,
        "c": -0.488672700657377,
        "d": 0.869874010201843,
        "e": -1.244583994986423,
        "f": -0.5017545132375084,
        "color": 0.49029528228721275,
        "weight": 0.9954975368511849,
        "variations": {
          "spherical": 0.1494728577245812,
          "sinusoidal": 0.019908596239520127
        }
      }
    ],
    "num_points": 1896896,
    "gamma": 1.9118542443431812,
    "brightness": 1.2,
    "hue_rotation": 233.3056608360564
  }
}