{
  "seed": "30696d09-05fc-4b63-8c50-d5345596d68f",
  "params": {
    "transforms": [
      {
        "a": -0.016646001239991826,
        "b": -0.017037421259796126,
        "c": 0.22510912472878908,
        "d": -0.5966076541044045,
        "e": -1.2063905895686013,
        "f": 0.9962187866480576,
        "color": 0.786223791105081,
        "weight": 0.4314863291654133,
        "variations": {
          "linear": 0.7013518675602984,
          "spherical": 0.2514078940315657,
          "heart": 0.853931899641588
        }
      },
      {
        "a": -0.27446528656139035,
        "b": -0.5800244940603683,
        "c": 0.6669641704514166,
        "d": 0.6465185471064612,
        "e": 0.5089620096952547,
        "f": -0.8176334599734502,
        "color": 0.8883696653027736,
        "weight": 0.5429589423592103,
        "variations": {
          "linear": 0.6047227267270638,
          "swirl": 0.28812037106824673,
          "spherical": 0.18489070299534194
        }
      }
    ],
    "num_points": 1034995,
    "gamma": 2.459519568802357,
    "brightness": 1.2,
    "hue_rotation": 309.5346258585673
  }
}