{
  "seed": "90c3ac6f-8379-42ba-b77a-3e64397dd2ec",
  "params": {
    "transforms": [
      {
        "a": -0.9523816700813941,
        "b": -0.905996597051367,
        "c": 0.3034503053170656,
        "d": -0.13995267013529555,
        "e": 0.2574649333751129,
        "f": -1.1561011833987969,
        "color": 0.2633860045611137,
        "weight": 0.39378893349894106,
        "variations": {
          "sinusoidal": 0.2662178314444822,
          "heart": 0.5063732901490648
        }
      },
      {
        "a": -0.7028830891592335,
        "b": -0.34696047362759974,
        "c": 0.6301745351969394,
        "d": -0.711444716444734,
        "e": 1.4686538867041161,
        "f": -0.03378156752222061,
        "color": 0.020967936922202002,
        "weight": 0.33757781011960664,
        "variations": {
          "linear": 0.0654914018936612,
          "heart": 0.25718554235329916,
          "sinusoidal": 0.9684443247923894
        }
      },
      {
        "a": 0.638077001624707,
        "b": -0.5094726219485235,
        "c": 0.6383596064787527,
        "d": -0.3554413962683365,
        "e": -1.0691459126337515,
        "f": 1.4094069951797774,
        "color": 0.10366080651393805,
        "weight": 0.2621816780987892,
        "variations": {
          "spherical": 0.5655148919637341
        }
      },
      {
        "a": 0.2383397089874999,
        "b": 0.12763970084906262,
        "c": -0.6428441687449225,
        "d": -0.25147847102358867,
        "e": 1.3499660502781663,
        "f": -0.7893085311995272,
        "color": 0.0030236003391302946,
        "weight": 0.5582851991087403,
        "variations": {
          "swirl": 0.821750376192796,
          "heart": 0.45470244482872246,
          "spherical": 0.008271745999604674
        }
      }
    ],
    "num_points": 1596051,
    "gamma": 2.2625247060370914,
    "brightness": 1.2,
    "hue_rotation": 316.6461079899753
  }
}