{
  "seed": "8009b988-1f6c-406d-a892-45982e4da04f",
  "params": {
    "transforms": [
      {
        "a": 0.09002928028756019,
        "b": -0.5561782982524921,
        "c": -0.7840679626803215,
        "d": -0.7676129220576811,
        "e": 0.4192494133514231,
        "f": -0.40213506927696807,
        "color": 0.7033390451982144,
        "weight": 0.5813085633592731,
        "variations": {
          "linear": 0.7066175147161644,
          "swirl": 0.4975395206046297
        }
      },
      {
        "a": -0.39649407965848904,
        "b": -0.7309719159191503,
        "c": -0.21511439060501836,
        "d": -0.8035027034302509,
        "e": -1.3018040481933109,
        "f": -0.6664450405145526,
        "color": 0.4445355470054131,
        "weight": 0.77537148636253,
        "variations": {
          "swirl": 0.23310025605950846
        }
      }
    ],
    "num_points": 1596743,
    "gamma": 2.1138559416127634,
    "brightness": 1.2,
    "hue_rotation": 44.29912819066217
  }
}