{
  "seed": "ab1e1bdc-22df-4a67-adf8-4e6912dc0a3e",
  "params": {
    "transforms": [
      {
        "a": 0.7439144219151184,
        "b": 0.4479303322751629,
        "c": 0.23172677274226983,
        "d": 0.08859901114398583,
        "e": 0.7852057667982253,
        "f": 0.3461088895643649,
        "color": 0.011142510032972286,
        "weight": 0.7606475300520408,
        "variations": {
          "polar": 0.8728778034304446,
          "heart": 0.38313054703456095
        }
      },
      {
        "a": 0.09478520283498959,
        "b": 0.022178683286528722,
        "c": -0.7238050853853766,
        "d": -0.8536555227729192,
        "e": -1.2747139552406865,
        "f": -0.7061353025236635,
        "color": 0.050283524259631895,
        "weight": 0.1761097726363621,
        "variations": {
          "swirl": 0.597158403051259
        }
      }
    ],
    "num_points": 1202343,
    "gamma": 2.035216210463545,
    "brightness": 1.2,
    "hue_rotation": 149.16012235426547
  }
}