{
  "seed": "c7a38764-2042-4a8b-8e1e-386f2d569524-164",
  "parameters": {
    "num_transforms": 4,
    "transforms": [
      {
        "a": 0.09665474828551579,
        "b": -1.231736232176336,
        "c": 0.06770959494091411,
        "d": -1.351229633937744,
        "e": -1.040040800969994,
        "f": -0.8467970617819142,
        "color": 0.7047411457837404,
        "variations": {
          "spherical": 0.4803772999450793,
          "swirl": 0.3548244178848483,
          "disc": 0.4616269349717793
        },
        "weight": 0.9992079615674186
      },
      {
        "a": 0.7082115177939681,
        "b": -0.6837166580490505,
        "c": -0.24305151570720795,
        "d": -0.5644075099450706,
        "e": -0.08406897580340633,
        "f": 0.03559699125332694,
        "color": 0.3536025877425806,
        "variations": {
          "linear": 0.6285978259201154,
          "disc": 0.7821237786888214,
          "handkerchief": 0.3537221427307997
        },
        "weight": 1.228586343598292
      },
      {
        "a": -0.3372372151842684,
        "b": -0.9686363399304547,
        "c": -1.3501179723008474,
        "d": -1.329792997238623,
        "e": -0.8321462663112271,
        "f": 0.15630300105914285,
        "color": 0.975451141157066,
        "variations": {
          "spherical": 0.0,
          "sinusoidal": 0.6592321244352677,
          "hyperbolic": 0.40130788143842766,
          "horseshoe": 0.4625448874472887
        },
        "weight": 0.5850946235777927
      },
      {
        "a": 0.5778769823556327,
        "b": 0.16657006888674175,
        "c": -1.2744576219070511,
        "d": 1.4186548886242982,
        "e": 0.8598028471541168,
        "f": 0.964993488571503,
        "color": 0.2605195754484373,
        "variations": {
          "linear": 0.03378742376656607,
          "disc": 0.0,
          "spiral": 0.21922517752914572,
          "handkerchief": 0.874107459411769
        },
        "weight": 1.5382692304297012
      }
    ],
    "num_points": 3661063,
    "gamma": 1.6646044312758037,
    "brightness": 1.3710928896547872,
    "contrast": 0.8520660309580036,
    "hue_rotation": 275.2865459020043
  }
}