{
  "seed": "60d11b6b-45f4-4b20-b20c-80b9619c91e9",
  "params": {
    "transforms": [
      {
        "a": -0.28961230495310475,
        "b": -0.09894592064164875,
        "c": -0.8105190270050979,
        "d": 0.6566541788705635,
        "e": -0.3878512061067094,
        "f": 0.5421798180619364,
        "color": 0.047971774816277346,
        "weight": 0.2885209481368407,
        "variations": {
          "linear": 0.981105425672473,
          "spherical": 0.7744622889963048,
          "polar": 0.27576170899456065
        }
      },
      {
        "a": 0.3284855932048747,
        "b": -0.16676441804875863,
        "c": 0.016448423317352967,
        "d": -0.4396911357942146,
        "e": -0.7854820073250002,
        "f": -1.263423906264197,
        "color": 0.05175447036837266,
        "weight": 0.36792521728215477,
        "variations": {
          "sinusoidal": 0.22196977569607834
        }
      },
      {
        "a": 0.8790536541386382,
        "b": 0.6194187235523647,
        "c": -0.5561159981479997,
        "d": -0.9032945689305392,
        "e": -0.03545251253196602,
        "f": -0.6302332484625284,
        "color": 0.31499782115704866,
        "weight": 0.4551513442468892,
        "variations": {
          "spherical": 0.07248810732999078,
          "polar": 0.42329686452767035,
          "sinusoidal": 0.155330286282635
        }
      },
      {
        "a": 0.7263986407142429,
        "b": -0.8487434421838604,
        "c": 0.2701287219822579,
        "d": -0.7314583256451086,
        "e": 1.2507959062278582,
        "f": -0.45965807733165187,
        "color": 0.284462340063001,
        "weight": 0.5984234560625598,
        "variations": {
          "swirl": 0.9531207778523867,
          "linear": 0.6520051749637457,
          "heart": 0.28652920376869107
        }
      }
    ],
    "num_points": 2444806,
    "gamma": 2.0625341202699623,
    "brightness": 1.2,
    "hue_rotation": 102.63768758087618
  }
}