{
  "seed": "309f498f-b4d9-4659-a020-d4e0770aaea8",
  "params": {
    "transforms": [
      {
        "a": 0.6453803083467702,
        "b": 0.2925051058064225,
        "c": -0.7670330223570532,
        "d": 0.925685631944275,
        "e": -1.1278307109802874,
        "f": -0.13511939763655478,
        "color": 0.9129286971905561,
        "weight": 0.26312563855831206,
        "variations": {
          "heart": 0.18345171721028186
        }
      },
      {
        "a": -0.17478113887128632,
        "b": 0.5306265481305772,
        "c": -0.16557931453049135,
        "d": 0.3805974457367609,
        "e": 0.9399152639798789,
        "f": 0.9406136189440426,
        "color": 0.0007274684073353965,
        "weight": 0.5610289043005084,
        "variations": {
          "spherical": 0.3302463992769825,
          "linear": 0.7220815526668929,
          "swirl": 0.8087889256691182
        }
      },
      {
        "a": -0.49633915475621015,
        "b": -0.4439444589543595,
        "c": 0.652057871085824,
        "d": 0.5168054424111184,
        "e": 0.08521080005252202,
        "f": -1.497550812630189,
        "color": 0.8350056904367388,
        "weight": 0.24781943900668238,
        "variations": {
          "swirl": 0.018680625495259506
        }
      },
      {
        "a": -0.5745633213095933,
        "b": 0.625492087230952,
        "c": -0.010683553799677226,
        "d": -0.16136603965675156,
        "e": -1.0145221719046935,
        "f": 0.05129966270777553,
        "color": 0.7523197161420653,
        "weight": 0.9805906092157181,
        "variations": {
          "swirl": 0.8942931474169342,
          "heart": 0.500592557197526
        }
      }
    ],
    "num_points": 2130527,
    "gamma": 2.388322066688589,
    "brightness": 1.2,
    "hue_rotation": 19.966455625360744
  }
}