{
  "seed": "1c9cce7a-6b01-43ce-8ab7-50c0aee7a051",
  "params": {
    "transforms": [
      {
        "a": 0.8315650586988532,
        "b": 0.021470483540031227,
        "c": -0.6450338980249573,
        "d": -0.686903799652945,
        "e": 0.012963436305118092,
        "f": 1.343246977955165,
        "color": 0.9777283609266377,
        "weight": 0.22956248625400225,
        "variations": {
          "sinusoidal": 0.1296699559269655,
          "swirl": 0.017263629059415253,
          "heart": 0.14997572888905053
        }
      },
      {
        "a": 0.9248533049481085,
        "b": 0.4609723162355577,
        "c": -0.68388991948128,
        "d": 0.9974084207660927,
        "e": -1.4707578630589262,
        "f": -0.3407534674778132,
        "color": 0.8069980761946169,
        "weight": 0.9352812504232159,
        "variations": {
          "heart": 0.6418909525855212,
          "sinusoidal": 0.47378311012973984,
          "spherical": 0.6514866101578003
        }
      },
      {
        "a": -0.6045505414931629,
        "b": -0.8067390791159035,
        "c": -0.7435496936513757,
        "d": 0.2530260954476524,
        "e": -0.16739491903638326,
        "f": -1.068101937981179,
        "color": 0.7415852032414747,
        "weight": 0.12726196347672394,
        "variations": {
          "swirl": 0.9074446138838966,
          "polar": 0.23350589369669417,
          "spherical": 0.6229361846113157
        }
      }
    ],
    "num_points": 2124955,
    "gamma": 2.25924226021185,
    "brightness": 1.2,
    "hue_rotation": 132.53032379716473
  }
}