{
  "seed": "495e4042-e20b-4b46-8394-7dacb6d4f66d",
  "params": {
    "transforms": [
      {
        "a": -0.513824778972378,
        "b": 0.708147131716635,
        "c": -0.5557696850413474,
        "d": -0.8919951045209464,
        "e": 0.9998133142388772,
        "f": 0.31921786028262433,
        "color": 0.6930476281699846,
        "weight": 0.483831231921674,
        "variations": {
          "swirl": 0.6777080376116766,
          "spherical": 0.20265178555518815,
          "heart": 0.6519841444962807
        }
      },
      {
        "a": 0.05375882786759556,
        "b": 0.15438219545956589,
        "c": -0.38695963644506226,
        "d": 0.11750676148865224,
        "e": -0.09405155759244299,
        "f": -0.41089602150960314,
        "color": 0.26709438242165806,
        "weight": 0.8589636050891722,
        "variations": {
          "polar": 0.6566892424790719,
          "sinusoidal": 0.1958086406415792,
          "heart": 0.9047938357032611
        }
      },
      {
        "a": -0.002873070392602539,
        "b": 0.8344876611616097,
        "c": -0.3045206567613663,
        "d": 0.8424966375832166,
        "e": 0.5179945749819739,
        "f": -0.42859581869899444,
        "color": 0.967965867383119,
        "weight": 0.7106292056615093,
        "variations": {
          "polar": 0.15945651273073747,
          "spherical": 0.3554716797394537
        }
      },
      {
        "a": -0.4223771242632486,
        "b": -0.04416587798387672,
        "c": 0.19151197648217932,
        "d": -0.5919102153327038,
        "e": -1.015848539785979,
        "f": -0.6754937698810868,
        "color": 0.8201537414161592,
        "weight": 0.5571866885619979,
        "variations": {
          "spherical": 0.3499723502926214
        }
      }
    ],
    "num_points": 1781950,
    "gamma": 1.805469043476718,
    "brightness": 1.2,
    "hue_rotation": 212.06730728203883
  }
}