{
  "seed": "1589883d-c88e-43b0-b6e9-1d2e83d12992",
  "params": {
    "transforms": [
      {
        "a": 0.35980327209282925,
        "b": -0.6173668871943438,
        "c": -0.6060350091079183,
        "d": 0.7686154858512639,
        "e": -1.487201807681401,
        "f": 0.29471258764429775,
        "color": 0.8066477493109105,
        "weight": 0.7441328132144598,
        "variations": {
          "swirl": 0.45877595743630184
        }
      },
      {
        "a": -0.9435755386493647,
        "b": -0.8524011284255546,
        "c": 0.7387113106587513,
        "d": 0.23970825112210603,
        "e": 1.2382199275583927,
        "f": -0.16895630273970785,
        "color": 0.6414860428214545,
        "weight": 0.1770285619462275,
        "variations": {
          "heart": 0.46294943643674,
          "linear": 0.04901603044174707,
          "swirl": 0.7555817809322002
        }
      }
    ],
    "num_points": 2950406,
    "gamma": 1.9234437252477188,
    "brightness": 1.2,
    "hue_rotation": 226.4547551844587
  }
}