{
  "seed": "f87cd7fd-b21b-471e-ac58-c05ca0e2664d",
  "params": {
    "transforms": [
      {
        "a": -0.49436835766892395,
        "b": -0.40369686197310983,
        "c": 0.04773636037683171,
        "d": 0.7683339465497638,
        "e": 0.2117669018368038,
        "f": 1.4824631619533517,
        "color": 0.04298553228291413,
        "weight": 0.5687916282324443,
        "variations": {
          "spherical": 0.1223521324539274,
          "linear": 0.8639189739740366
        }
      },
      {
        "a": 0.09492604390785808,
        "b": -0.047291333643375344,
        "c": 0.2970943023122954,
        "d": 0.9706132111430403,
        "e": -0.4848195628660412,
        "f": 1.480391700077722,
        "color": 0.24405319979019924,
        "weight": 0.2905469256669925,
        "variations": {
          "heart": 0.16422450132083066,
          "polar": 0.740326848126336
        }
      },
      {
        "a": 0.5744498431079028,
        "b": -0.8182272860508155,
        "c": 0.7919352813751783,
        "d": 0.6952058675741637,
        "e": 0.44235674297106975,
        "f": -0.8238289056576976,
        "color": 0.6668887405664086,
        "weight": 0.6915195205084181,
        "variations": {
          "heart": 0.5669325978268703,
          "linear": 0.038519044755025766,
          "sinusoidal": 0.32164025842015764
        }
      }
    ],
    "num_points": 2107255,
    "gamma": 1.8805614169092468,
    "brightness": 1.2,
    "hue_rotation": 3.9379997393341704
  }
}