{
  "seed": "28f40988-dea6-4db5-b6fa-47b6c6cc5cb8",
  "params": {
    "transforms": [
      {
        "a": -0.6800574160666157,
        "b": -0.6685052890170902,
        "c": 0.6085745999226133,
        "d": 0.44107396126227183,
        "e": -0.8973869635078703,
        "f": -0.18959967697436486,
        "color": 0.8409426491374615,
        "weight": 0.9163583272086521,
        "variations": {
          "swirl": 0.4609412992865948,
          "sinusoidal": 0.12203971941911762
        }
      },
      {
        "a": -0.12876214873970637,
        "b": -0.07794576065335601,
        "c": -0.10158377655733464,
        "d": -0.17765929209026465,
        "e": -1.4162351653349656,
        "f": 1.0587699885246842,
        "color": 0.5289123372686122,
        "weight": 0.8675470518254947,
        "variations": {
          "heart": 0.5457154732498599,
          "polar": 0.48800358853638515
        }
      },
      {
        "a": -0.7097617680827313,
        "b": -0.9973564117949016,
        "c": 0.3684550511618132,
        "d": -0.08454867112836961,
        "e": -1.0324690615105063,
        "f": -1.0603208569559408,
        "color": 0.080540640390943,
        "weight": 0.1084397520952663,
        "variations": {
          "sinusoidal": 0.29484206337891716
        }
      },
      {
        "a": 0.09878431274951271,
        "b": -0.9021500450719759,
        "c": -0.22429512205843394,
        "d": 0.34622561752184655,
        "e": 1.2131532657547268,
        "f": -0.4276792730880272,
        "color": 0.6636204899783128,
        "weight": 0.17829533796495178,
        "variations": {
          "linear": 0.3516624664600394,
          "polar": 0.6195390733421103
        }
      }
    ],
    "num_points": 1259250,
    "gamma": 1.9368265907145812,
    "brightness": 1.2,
    "hue_rotation": 160.00272705946173
  }
}