{
  "seed": "0efd485b-ba11-4ee0-b8f0-cb19b9145337",
  "params": {
    "transforms": [
      {
        "a": -0.4982499388742643,
        "b": -0.6798553983447166,
        "c": -0.10694408146279555,
        "d": -0.030033964828142468,
        "e": 1.3034943533997074,
        "f": 0.4663393919130159,
        "color": 0.29380548000717255,
        "weight": 0.5393293193330835,
        "variations": {
          "sinusoidal": 0.13928275889665698,
          "swirl": 0.22792634002040746
        }
      },
      {
        "a": -0.876552527349288,
        "b": -0.9859097221634079,
        "c": -0.06752071656590264,
        "d": -0.6412182931354136,
        "e": 0.17821015184959377,
        "f": -0.7097449846293357,
        "color": 0.8050496628488027,
        "weight": 0.4195329506789879,
        "variations": {
          "swirl": 0.3326865935024449,
          "polar": 0.49618137421148034,
          "spherical": 0.9555217634789097
        }
      },
      {
        "a": -0.73383809712055,
        "b": -0.14001474649198098,
        "c": 0.6024646458562368,
        "d": 0.462026427383887,
        "e": -0.9957991832251515,
        "f": 0.5914654509695216,
        "color": 0.36944307796012243,
        "weight": 0.21731646543279237,
        "variations": {
          "spherical": 0.5608052815057152
        }
      }
    ],
    "num_points": 2372101,
    "gamma": 2.3139934131501003,
    "brightness": 1.2,
    "hue_rotation": 354.36949735036325
  }
}