{
  "seed": "bbd87249-2ab4-4d54-8c14-91b07635a56c",
  "params": {
    "transforms": [
      {
        "a": 0.42801416142681337,
        "b": 0.7394640266469208,
        "c": -0.06827287959677819,
        "d": -0.9750460101555418,
        "e": 1.3153345127731306,
        "f": 1.4199613384442422,
        "color": 0.9280532818179071,
        "weight": 0.39745665330833435,
        "variations": {
          "heart": 0.8321250827353665,
          "swirl": 0.35153078515060965
        }
      },
      {
        "a": -0.8120222567180653,
        "b": -0.9981657637694248,
        "c": -0.32192902912201427,
        "d": 0.3577282266193138,
        "e": -0.6477362956483848,
        "f": 0.8595501121370885,
        "color": 0.9196124299994481,
        "weight": 0.5046016093052766,
        "variations": {
          "spherical": 0.5585441904586708
        }
      },
      {
        "a": 0.10011520281168185,
        "b": -0.10655250316783205,
        "c": 0.0367968510545158,
        "d": 0.5751532394084837,
        "e": 0.7621060584087682,
        "f": 1.3274847210831555,
        "color": 0.8233133017546219,
        "weight": 0.268951169214805,
        "variations": {
          "spherical": 0.24111598967713843,
          "heart": 0.31662612582508054
        }
      }
    ],
    "num_points": 1954003,
    "gamma": 2.33476162230407,
    "brightness": 1.2,
    "hue_rotation": 51.53603423969705
  }
}