{
  "seed": "a6065f8b-dc0a-43e4-9f1a-b84cba6a832b",
  "params": {
    "transforms": [
      {
        "a": 0.48519328499326475,
        "b": 0.8257466087847449,
        "c": 0.4920296122172556,
        "d": 0.9351791870087969,
        "e": -0.6709503106608228,
        "f": 0.8599962331404765,
        "color": 0.1259589131193971,
        "weight": 0.46438504580870876,
        "variations": {
          "sinusoidal": 0.05521770198346554,
          "swirl": 0.3261533172593709
        }
      },
      {
        "a": 0.19499699612791255,
        "b": 0.1084117766140309,
        "c": -0.48165933924926807,
        "d": 0.5488470376326708,
        "e": -0.9667776260413726,
        "f": 0.3291412619922114,
        "color": 0.5568112706223372,
        "weight": 0.19069434390485535,
        "variations": {
          "polar": 0.6537750343764365,
          "spherical": 0.17266491237265824,
          "sinusoidal": 0.40753123187234885
        }
      }
    ],
    "num_points": 2859034,
    "gamma": 1.9565473554466604,
    "brightness": 1.2,
    "hue_rotation": 314.9112927470139
  }
}