{
  "seed": "d4cb72c4-1aec-448f-9c18-4620570ed753",
  "params": {
    "transforms": [
      {
        "a": 0.23331786789370534,
        "b": -0.6881789235771338,
        "c": -0.47119081208255253,
        "d": -0.3203188034854598,
        "e": -1.049058298979174,
        "f": -1.1980819744320244,
        "color": 0.9399266593368322,
        "weight": 0.32199849636331856,
        "variations": {
          "spherical": 0.5613787165101207,
          "sinusoidal": 0.5011034033302627
        }
      },
      {
        "a": 0.17507905108864197,
        "b": -0.20476057147876925,
        "c": -0.865044924643414,
        "d": -0.726934347061251,
        "e": 1.2991799939862867,
        "f": -1.3526035817673248,
        "color": 0.7916481442461601,
        "weight": 0.42517185311780303,
        "variations": {
          "heart": 0.1651357355042653,
          "sinusoidal": 0.5689245067156129,
          "linear": 0.463010276907067
        }
      }
    ],
    "num_points": 2789009,
    "gamma": 2.186717247084505,
    "brightness": 1.2,
    "hue_rotation": 25.622154903665123
  }
}