{
  "seed": "5aa0cca6-b305-4c21-826f-3a11fb6a4ea4",
  "params": {
    "transforms": [
      {
        "a": -0.21366297248415034,
        "b": 0.26950555803349086,
        "c": 0.15690232550574468,
        "d": -0.9321945390836259,
        "e": 0.600312183323394,
        "f": 1.3579430830589398,
        "color": 0.6973923952059681,
        "weight": 0.20330737982953775,
        "variations": {
          "heart": 0.43308242653594353,
          "polar": 0.5070777680684538
        }
      },
      {
        "a": -0.1755280699342665,
        "b": -0.181955763003252,
        "c": 0.9756019370305966,
        "d": -0.996956263775131,
        "e": -0.5859380654149805,
        "f": 0.19856764994370746,
        "color": 0.7740421688273142,
        "weight": 0.7675002759262607,
        "variations": {
          "spherical": 0.5783799945816609,
          "swirl": 0.5403298733824727,
          "polar": 0.3524325772892618
        }
      },
      {
        "a": -0.8587590640475571,
        "b": 0.9533717961033243,
        "c": -0.610182677538343,
        "d": -0.7094848675231078,
        "e": 1.1887280054526888,
        "f": 1.1840620769004468,
        "color": 0.7274402563614374,
        "weight": 0.8019100187184179,
        "variations": {
          "spherical": 0.4769520545840301
        }
      }
    ],
    "num_points": 2026837,
    "gamma": 2.4460920150589556,
    "brightness": 1.2,
    "hue_rotation": 242.7757201381115
  }
}