{
  "seed": "e82d2146-cef8-49e5-84fb-542610f14730",
  "params": {
    "transforms": [
      {
        "a": 0.6797607732501239,
        "b": 0.5274069188781303,
        "c": -0.9397952955365367,
        "d": 0.5773318048399436,
        "e": 0.8447488667154195,
        "f": -1.0814487846807186,
        "color": 0.39436413164381057,
        "weight": 0.797985733479386,
        "variations": {
          "spherical": 0.3396406031424525,
          "heart": 0.8304483786511995
        }
      },
      {
        "a": -0.46997807259820434,
        "b": -0.15068569767028972,
        "c": 0.22558913367657896,
        "d": -0.5296993834515413,
        "e": 0.03882534211446598,
        "f": 1.1734532103281508,
        "color": 0.15540158596726905,
        "weight": 0.7223293059420322,
        "variations": {
          "polar": 0.9448411336283786
        }
      }
    ],
    "num_points": 1532698,
    "gamma": 2.295074084586567,
    "brightness": 1.2,
    "hue_rotation": 186.2997985295913
  }
}