{
  "seed": "8e3508ff-79d8-49cb-a4c4-48ca35883ff1",
  "params": {
    "transforms": [
      {
        "a": 0.7275654900664701,
        "b": 0.7685702471998448,
        "c": 0.10770649439248814,
        "d": -0.2863647815963992,
        "e": -0.8506350513117377,
        "f": -1.3722782661333697,
        "color": 0.38742349242075336,
        "weight": 0.781562138153393,
        "variations": {
          "linear": 0.6256057110766392,
          "sinusoidal": 0.11059047385013254
        }
      },
      {
        "a": -0.2614836729832035,
        "b": -0.8153677233636285,
        "c": 0.29263406532997727,
        "d": -0.2741721880845214,
        "e": -0.5915549329691556,
        "f": -0.4266522158101933,
        "color": 0.1699517725979307,
        "weight": 0.6942185406458938,
        "variations": {
          "swirl": 0.6340490662163469,
          "heart": 0.5751234254171557,
          "spherical": 0.03070316011897889
        }
      },
      {
        "a": 0.9819557439978113,
        "b": -0.9244993333979339,
        "c": -0.47832419122949754,
        "d": -0.7499556476741847,
        "e": 0.7333014187527862,
        "f": -0.8433099665135249,
        "color": 0.8324240918804923,
        "weight": 0.5411589827536971,
        "variations": {
          "linear": 0.564620359334889,
          "spherical": 0.3619545978137283
        }
      }
    ],
    "num_points": 2281215,
    "gamma": 1.8446026830199582,
    "brightness": 1.2,
    "hue_rotation": 177.19114934594995
  }
}