{
  "seed": "f946e4cd-cb0b-4c13-8bb3-4209d6797966",
  "params": {
    "transforms": [
      {
        "a": -0.6051612765134158,
        "b": 0.10897406005124721,
        "c": 0.22512317882920407,
        "d": -0.4617458290863803,
        "e": 1.3615734491096054,
        "f": -0.34939717343845333,
        "color": 0.35206743250840256,
        "weight": 0.6945812645753037,
        "variations": {
          "linear": 0.4361862684058315
        }
      },
      {
        "a": -0.957807229649732,
        "b": -0.5551568832262037,
        "c": 0.44845755917064234,
        "d": -0.8018411310988511,
        "e": -0.9358701601256294,
        "f": -0.5209357043900624,
        "color": 0.025072100118090135,
        "weight": 0.48330331296705686,
        "variations": {
          "linear": 0.4695282366449658
        }
      },
      {
        "a": 0.8322076011710808,
        "b": -0.3191947014912364,
        "c": -0.17830502756480593,
        "d": -0.16315967695181421,
        "e": 0.3400851563373135,
        "f": -0.3318776913636339,
        "color": 0.9418860605273357,
        "weight": 0.21117492118269016,
        "variations": {
          "heart": 0.9554459993500347,
          "linear": 0.685220120016211
        }
      },
      {
        "a": -0.7358609559617018,
        "b": -0.22002792010427297,
        "c": -0.296046587097202,
        "d": -0.9773597621958561,
        "e": 1.3907032447291008,
        "f": -1.3865982645599995,
        "color": 0.30099941557586984,
        "weight": 0.48841548722274475,
        "variations": {
          "sinusoidal": 0.46731298549704436,
          "swirl": 0.3839836947619347
        }
      }
    ],
    "num_points": 1612324,
    "gamma": 1.938613736473516,
    "brightness": 1.2,
    "hue_rotation": 281.23480190677293
  }
}