{
  "seed": "b2704b7e-ec88-4a4e-a496-186ea62e4ab1",
  "params": {
    "transforms": [
      {
        "a": -0.3020081347743002,
        "b": -0.3806358348544461,
        "c": 0.9102171730816335,
        "d": 0.7022089904083466,
        "e": -1.0397227335250006,
        "f": 0.2656977709670185,
        "color": 0.307027454039255,
        "weight": 0.21906703986751255,
        "variations": {
          "heart": 0.33143941708985347
        }
      },
      {
        "a": -0.6777191168006671,
        "b": 0.8030051537589558,
        "c": 0.675180286543777,
        "d": -0.36619287944950707,
        "e": 0.9207890574137663,
        "f": 1.3538165453224114,
        "color": 0.7518857382687248,
        "weight": 0.46050790772881056,
        "variations": {
          "sinusoidal": 0.6070380834443381,
          "swirl": 0.7352967691104302
        }
      },
      {
        "a": 0.37784656520528626,
        "b": 0.10933214104327194,
        "c": -0.2681269900507739,
        "d": -0.44066440051909295,
        "e": -0.5751461978332252,
        "f": 1.1477394495986566,
        "color": 0.6748813173338882,
        "weight": 0.128274303765154,
        "variations": {
          "sinusoidal": 0.8436932115726277
        }
      }
    ],
    "num_points": 1112670,
    "gamma": 2.4855044914761986,
    "brightness": 1.2,
    "hue_rotation": 272.9729618831539
  }
}