{
  "seed": "7372b7d1-4ed5-47f0-a777-f4f5d65ddcbb",
  "params": {
    "transforms": [
      {
        "a": 0.8202876037741706,
        "b": -0.3027055731193251,
        "c": 0.37803855700525446,
        "d": 0.29153288445722647,
        "e": 0.40687711307376473,
        "f": 0.16009555395282105,
        "color": 0.3889319139002112,
        "weight": 0.9555950659583935,
        "variations": {
          "spherical": 0.11863094008408093,
          "heart": 0.9383963131302696
        }
      },
      {
        "a": -0.6178148300586692,
        "b": 0.08398720689407013,
        "c": 0.47801481492107456,
        "d": 0.9900988965714494,
        "e": 1.3532347406053908,
        "f": -0.38831257509592976,
        "color": 0.971537840131472,
        "weight": 0.39469409359572805,
        "variations": {
          "sinusoidal": 0.318092917752105,
          "spherical": 0.32608595180465016,
          "linear": 0.7051442132789024
        }
      },
      {
        "a": 0.2588028838217342,
        "b": 0.37378917194522865,
        "c": 0.8685362582821341,
        "d": 0.03575783241909414,
        "e": -0.20199470534199904,
        "f": -0.1527463641270379,
        "color": 0.06933708371688863,
        "weight": 0.9891479720128763,
        "variations": {
          "heart": 0.8559939268353632
        }
      },
      {
        "a": -0.14011204446889725,
        "b": -0.27008715351455637,
        "c": -0.06251939472234591,
        "d": -0.9168931571113352,
        "e": -1.1457383795805247,
        "f": 0.23398132815933526,
        "color": 0.3593968079336558,
        "weight": 0.5764088194878267,
        "variations": {
          "swirl": 0.48908511401416954
        }
      }
    ],
    "num_points": 1802543,
    "gamma": 2.370270588499407,
    "brightness": 1.2,
    "hue_rotation": 253.55198611623874
  }
}