{
  "seed": "7f25a1d6-8b91-4a70-94f9-447b7c0f6d29",
  "params": {
    "transforms": [
      {
        "a": 0.29921993036823635,
        "b": -0.04276240740183157,
        "c": 0.7271749892287354,
        "d": -0.21947713469407426,
        "e": 1.4606996649624109,
        "f": 0.27001606636720465,
        "color": 0.04171440362888168,
        "weight": 0.6357403718637512,
        "variations": {
          "linear": 0.21958499560606481,
          "heart": 0.36495844609202877
        }
      },
      {
        "a": 0.6812278988859122,
        "b": -0.9032266822265396,
        "c": 0.1779680982993952,
        "d": 0.4180136481370311,
        "e": -0.03753211991357652,
        "f": -0.1166255314952176,
        "color": 0.7032729257520121,
        "weight": 0.871516542879837,
        "variations": {
          "heart": 0.08842723923025864
        }
      }
    ],
    "num_points": 2384845,
    "gamma": 2.15418608055118,
    "brightness": 1.2,
    "hue_rotation": 270.70221608277313
  }
}