{
  "seed": "1fbc492d-55e1-4aa7-96fa-766c0f337c16",
  "params": {
    "transforms": [
      {
        "a": -0.03565236535978311,
        "b": -0.4312071431936375,
        "c": 0.797485113932489,
        "d": 0.6454534010472373,
        "e": -1.435407540829257,
        "f": -0.5308115362745914,
        "color": 0.5051551598001721,
        "weight": 0.41710935416273,
        "variations": {
          "swirl": 0.18001140612701705,
          "heart": 0.5151613931228206,
          "linear": 0.31266881738427255
        }
      },
      {
        "a": -0.8389836894284706,
        "b": -0.5091995540602494,
        "c": -0.7152195388764202,
        "d": 0.9859479721372846,
        "e": -0.25975619527567595,
        "f": -1.373250815959341,
        "color": 0.9390669910576472,
        "weight": 0.1280525671528564,
        "variations": {
          "polar": 0.377127116441478,
          "linear": 0.5402222897488755
        }
      },
      {
        "a": 0.2715805111675511,
        "b": 0.13467053216044977,
        "c": 0.29899369380175655,
        "d": -0.04080685981182608,
        "e": 0.7966480076223865,
        "f": -1.4620769717213506,
        "color": 0.4591969050367437,
        "weight": 0.9906146273965964,
        "variations": {
          "heart": 0.7324855576876081,
          "spherical": 0.21770647087336947,
          "swirl": 0.15725640535821028
        }
      }
    ],
    "num_points": 2910594,
    "gamma": 2.3184250849594554,
    "brightness": 1.2,
    "hue_rotation": 309.25508559193577
  }
}