{
  "seed": "90dbf3da-3a1e-4c3f-b72a-f5eb41488bb5",
  "params": {
    "transforms": [
      {
        "a": 0.22205108568674525,
        "b": 0.6290306849344749,
        "c": 0.4294937335149396,
        "d": -0.5448356602030022,
        "e": 0.1855415249130421,
        "f": -1.410599768337023,
        "color": 0.864848981427834,
        "weight": 0.5689633097023157,
        "variations": {
          "heart": 0.623660511408277
        }
      },
      {
        "a": 0.24545722241120527,
        "b": 0.0020150619568288786,
        "c": 0.34834321186960393,
        "d": 0.6794522378482089,
        "e": 1.2298813051183748,
        "f": 0.7577129651672907,
        "color": 0.5241844280599236,
        "weight": 0.3642169255208252,
        "variations": {
          "heart": 0.6536761896657859,
          "linear": 0.898375419231619
        }
      },
      {
        "a": 0.9271660615250834,
        "b": -0.08964864264258487,
        "c": -0.5489825102972259,
        "d": -0.522737746914193,
        "e": -0.7911649144442591,
        "f": 0.9289808969626234,
        "color": 0.04433734420925595,
        "weight": 0.43108432594626545,
        "variations": {
          "linear": 0.1829387072230061
        }
      }
    ],
    "num_points": 1188218,
    "gamma": 1.8165933394334979,
    "brightness": 1.2,
    "hue_rotation": 218.37031070694155
  }
}