{
  "seed": "84dfcdf9-de0a-4a8f-9ffe-4c7120bf619f",
  "params": {
    "transforms": [
      {
        "a": 0.0792280115741677,
        "b": -0.13070562666779573,
        "c": -0.6627300515425849,
        "d": -0.6978068907125081,
        "e": 0.10185391236913177,
        "f": 0.20687916358550718,
        "color": 0.20345299315717658,
        "weight": 0.7595842308641916,
        "variations": {
          "heart": 0.5218434319141374
        }
      },
      {
        "a": 0.04680921741476829,
        "b": 0.8317727071996865,
        "c": 0.032719445015183535,
        "d": 0.7375305500185125,
        "e": 1.486979144589708,
        "f": -0.5215038358247204,
        "color": 0.2963307742993464,
        "weight": 0.1741568646536437,
        "variations": {
          "polar": 0.06757380218280507,
          "sinusoidal": 0.21363716823512025
        }
      }
    ],
    "num_points": 1754164,
    "gamma": 2.165136436583338,
    "brightness": 1.2,
    "hue_rotation": 264.76537191608435
  }
}