{
  "seed": "773d2156-516d-40a1-b5d9-60d7c26eb5be",
  "params": {
    "transforms": [
      {
        "a": 0.2510047162139939,
        "b": -0.7871016346261812,
        "c": -0.7645443454301579,
        "d": 0.6342269235901759,
        "e": -0.010131392338266432,
        "f": -0.7759060604838932,
        "color": 0.16913820020727954,
        "weight": 0.7079635667431223,
        "variations": {
          "sinusoidal": 0.10117283684899026,
          "swirl": 0.6130131093968609
        }
      },
      {
        "a": -0.17822056939682462,
        "b": 0.33738161245940623,
        "c": 0.2045614309935757,
        "d": -0.4993610440489826,
        "e": 1.1451445942600054,
        "f": 1.3577483482232915,
        "color": 0.40662439158472763,
        "weight": 0.8229372507593954,
        "variations": {
          "heart": 0.8343439290198928,
          "polar": 0.09083478347928398,
          "linear": 0.22831798814245408
        }
      }
    ],
    "num_points": 2404363,
    "gamma": 2.300539834685564,
    "brightness": 1.2,
    "hue_rotation": 188.86018242517045
  }
}