{
  "seed": "6d292497-af8d-4902-99cf-d8c76c5f7211",
  "params": {
    "transforms": [
      {
        "a": -0.6446090225136916,
        "b": 0.21542443309248593,
        "c": 0.35247984938533605,
        "d": 0.27115611793226013,
        "e": 1.175921916798969,
        "f": -0.31273882891809435,
        "color": 0.1325276108274832,
        "weight": 0.8644558825324703,
        "variations": {
          "swirl": 0.6103170339045859
        }
      },
      {
        "a": 0.11387215291714181,
        "b": 0.149898403743983,
        "c": -0.2344672120830653,
        "d": 0.12069767600510395,
        "e": 0.8258317306393854,
        "f": 1.395073871730621,
        "color": 0.8402155386260496,
        "weight": 0.5506256625192514,
        "variations": {
          "swirl": 0.13737927212796497,
          "sinusoidal": 0.4361900847654454
        }
      },
      {
        "a": -0.216855273838654,
        "b": 0.09755327239146916,
        "c": 0.5389507462684731,
        "d": 0.7053190653158239,
        "e": 0.6259155137192169,
        "f": -1.4188557590083408,
        "color": 0.28851973532520425,
        "weight": 0.3704283799084248,
        "variations": {
          "sinusoidal": 0.6500625247001408
        }
      },
      {
        "a": -0.24545044905407232,
        "b": 0.9091585972374083,
        "c": 0.8275499543207134,
        "d": -0.034937684334441554,
        "e": -0.7417507263347985,
        "f": 0.4930235065024102,
        "color": 0.5623861325850465,
        "weight": 0.35025405355260175,
        "variations": {
          "heart": 0.8463998855465503,
          "linear": 0.4113885065878077,
          "polar": 0.058056326410203196
        }
      }
    ],
    "num_points": 1343608,
    "gamma": 2.2886449190365132,
    "brightness": 1.2,
    "hue_rotation": 67.26437715992186
  }
}