{
  "seed": "165a86a2-db9c-42d8-8b28-8a2eed1848d2",
  "params": {
    "transforms": [
      {
        "a": 0.05443168591767167,
        "b": 0.38322787481404297,
        "c": -0.46957316804336635,
        "d": -0.9543483947076896,
        "e": -0.4881307164504718,
        "f": 1.074255528820228,
        "color": 0.5005404380570105,
        "weight": 0.3876488750196214,
        "variations": {
          "heart": 0.22070253712032328
        }
      },
      {
        "a": -0.29639647193895535,
        "b": 0.4499503008398924,
        "c": -0.5281770616109747,
        "d": 0.6745206983712024,
        "e": 0.39869005758144027,
        "f": 1.3858098429506915,
        "color": 0.40696913745322627,
        "weight": 0.4580335690574848,
        "variations": {
          "spherical": 0.3796224818205811,
          "polar": 0.8914824213563695
        }
      }
    ],
    "num_points": 2167133,
    "gamma": 1.9028824373899793,
    "brightness": 1.2,
    "hue_rotation": 90.26461682131408
  }
}