{
  "seed": "dfe25cea-4d6b-4a36-9809-1ab76dc93ec2",
  "params": {
    "transforms": [
      {
        "a": -0.024259037202509992,
        "b": -0.780520767939892,
        "c": 0.550941095791283,
        "d": -0.3097956293101589,
        "e": -1.1468114546575623,
        "f": -0.8163234216667095,
        "color": 0.7961580086802398,
        "weight": 0.7983626093199069,
        "variations": {
          "polar": 0.44161000615485735,
          "spherical": 0.11311959250062587,
          "heart": 0.3281693415645286
        }
      },
      {
        "a": 0.0643897945538916,
        "b": 0.48065221841173633,
        "c": -0.30110164726907906,
        "d": 0.44421848643671447,
        "e": 0.6498781351307703,
        "f": 1.1828154561931035,
        "color": 0.08512173468822526,
        "weight": 0.34745552893700016,
        "variations": {
          "heart": 0.5932483130506007
        }
      },
      {
        "a": -0.008070641765187014,
        "b": 0.36823193482225514,
        "c": 0.1733125954822614,
        "d": 0.22500742830960507,
        "e": -1.3238471293148562,
        "f": -0.20444053498380432,
        "color": 0.5896363586126189,
        "weight": 0.9152610288609626,
        "variations": {
          "swirl": 0.8298640667713811,
          "linear": 0.97972423387398
        }
      }
    ],
    "num_points": 1197369,
    "gamma": 2.404782953478157,
    "brightness": 1.2,
    "hue_rotation": 56.754734718739556
  }
}