{
  "seed": "9a783bc0-b95d-4be6-8674-7b1ba97771aa",
  "params": {
    "transforms": [
      {
        "a": -0.06338561438393842,
        "b": 0.0020051292975356017,
        "c": 0.10066719031575033,
        "d": 0.1058221292522794,
        "e": 0.6873162403603401,
        "f": -1.3718976716306654,
        "color": 0.1652459684086276,
        "weight": 0.1444067165449849,
        "variations": {
          "sinusoidal": 0.4489872607362424
        }
      },
      {
        "a": -0.16674860112089052,
        "b": 0.49058479509835284,
        "c": -0.7448627181556924,
        "d": -0.9816674449818337,
        "e": 0.05809178031833406,
        "f": 1.073416389990197,
        "color": 0.35729122217503784,
        "weight": 0.5305330651111722,
        "variations": {
          "sinusoidal": 0.21041242775666003,
          "heart": 0.9987835357423757
        }
      },
      {
        "a": -0.9922764167886255,
        "b": 0.5565533997058307,
        "c": -0.04532493117783187,
        "d": 0.4402001815770875,
        "e": 0.3683414999832473,
        "f": -0.7195185491601296,
        "color": 0.38116717525408805,
        "weight": 0.21212075685483683,
        "variations": {
          "swirl": 0.9052702570562191
        }
      },
      {
        "a": -0.45218010993115443,
        "b": 0.5983245304300053,
        "c": -0.6547488922063212,
        "d": 0.5977404462688785,
        "e": -0.08589192998266437,
        "f": 1.079012199803247,
        "color": 0.521347552939998,
        "weight": 0.1614781359330469,
        "variations": {
          "spherical": 0.8386468073671043,
          "polar": 0.8869736126161842
        }
      }
    ],
    "num_points": 1458458,
    "gamma": 2.2901833863343097,
    "brightness": 1.2,
    "hue_rotation": 338.7806179765916
  }
}