{
  "seed": "88373854-df49-4a1f-a68d-cbf69fd4e5f2",
  "params": {
    "transforms": [
      {
        "a": -0.9258394704092401,
        "b": -0.7929201507505215,
        "c": -0.9744078074823239,
        "d": -0.4836248070506861,
        "e": 0.4289104697698398,
        "f": -0.20843383898463452,
        "color": 0.051146923756920426,
        "weight": 0.6160903104269985,
        "variations": {
          "sinusoidal": 0.19594632788271538
        }
      },
      {
        "a": 0.11879621347430169,
        "b": -0.9256649774358789,
        "c": -0.8368127562308798,
        "d": -0.9708790513370995,
        "e": 0.9126937715543244,
        "f": 0.6398987361966251,
        "color": 0.10983510932199325,
        "weight": 0.481725793668636,
        "variations": {
          "polar": 0.9649250909713044,
          "spherical": 0.63610935768891,
          "sinusoidal": 0.25529703487080146
        }
      },
      {
        "a": -0.4754823380250519,
        "b": -0.14403906053137927,
        "c": 0.702330127679401,
        "d": 0.35671948448859037,
        "e": 0.24841214165825765,
        "f": 1.4045747140476967,
        "color": 0.0668872883733469,
        "weight": 0.8298180845914932,
        "variations": {
          "spherical": 0.5564840150022878,
          "swirl": 0.048826682191392634
        }
      }
    ],
    "num_points": 2644518,
    "gamma": 2.2120147807202026,
    "brightness": 1.2,
    "hue_rotation": 149.41430731095878
  }
}