{
  "seed": "8b1e43a5-5e2b-4fcb-9420-9cba683e11a6",
  "params": {
    "transforms": [
      {
        "a": 0.7988720964082106,
        "b": -0.02167147339849551,
        "c": 0.30773067896324835,
        "d": -0.7886055871902315,
        "e": -0.848623197878038,
        "f": -0.956675104105774,
        "color": 0.4597243846357011,
        "weight": 0.3115520525234412,
        "variations": {
          "linear": 0.33517040460482295
        }
      },
      {
        "a": 0.4124671703425651,
        "b": -0.819554807588853,
        "c": 0.07722095693717468,
        "d": 0.6569955959527958,
        "e": -1.298951094334594,
        "f": 0.5512205888700614,
        "color": 0.736906542712434,
        "weight": 0.5494049200424648,
        "variations": {
          "swirl": 0.5383252320790155,
          "sinusoidal": 0.07496927695308919,
          "spherical": 0.823631298363965
        }
      }
    ],
    "num_points": 2449352,
    "gamma": 2.329365218500668,
    "brightness": 1.2,
    "hue_rotation": 280.12961199468094
  }
}