{
  "seed": "774a27b9-7fa6-412e-8656-631f2fbc26a9",
  "params": {
    "transforms": [
      {
        "a": 0.46639851697993806,
        "b": -0.1067109169009266,
        "c": -0.8040112980890259,
        "d": -0.1610089154075025,
        "e": -1.4623273331571751,
        "f": 1.378475723825808,
        "color": 0.40969639543639147,
        "weight": 0.659200777630593,
        "variations": {
          "polar": 0.5862388420438247,
          "spherical": 0.8739271068987253,
          "sinusoidal": 0.9666390105467287
        }
      },
      {
        "a": -0.5719732858104785,
        "b": 0.5326223618155421,
        "c": 0.24228684170676718,
        "d": -0.9337540597333491,
        "e": 0.4080377712909802,
        "f": -0.7299676888950942,
        "color": 0.29296231923286997,
        "weight": 0.7135945082925618,
        "variations": {
          "linear": 0.030925991925607854,
          "swirl": 0.9320028691974562
        }
      },
      {
        "a": 0.695441902618432,
        "b": 0.7132914235814043,
        "c": 0.1681850033395933,
        "d": 0.4433932322249905,
        "e": -0.578163270141476,
        "f": -1.2541556279914723,
        "color": 0.9920533702930581,
        "weight": 0.4590935673789155,
        "variations": {
          "swirl": 0.4175961914608618,
          "linear": 0.6012391568959278,
          "spherical": 0.6781908272438165
        }
      }
    ],
    "num_points": 1288110,
    "gamma": 1.8264922316431533,
    "brightness": 1.2,
    "hue_rotation": 18.628751340002708
  }
}