{
  "seed": "a8a7c403-9d49-4289-b91f-7f41b83013ab",
  "params": {
    "transforms": [
      {
        "a": 0.2590322028124443,
        "b": -0.8996851126215921,
        "c": -0.995630827166319,
        "d": -0.000930152309392529,
        "e": -1.4048688331894128,
        "f": -1.3305685391857915,
        "color": 0.9332725038205394,
        "weight": 0.3235163836539051,
        "variations": {
          "heart": 0.4272983537409447,
          "spherical": 0.510133539440577,
          "swirl": 0.9617278879022712
        }
      },
      {
        "a": -0.48561615458694707,
        "b": -0.1520125981735203,
        "c": -0.8952879212253608,
        "d": -0.9875952052196331,
        "e": 0.1439618237951823,
        "f": 1.3411890505724116,
        "color": 0.7390449713031376,
        "weight": 0.19412727382689082,
        "variations": {
          "heart": 0.4177177453914681
        }
      },
      {
        "a": 0.5442851763320942,
        "b": 0.09391532149097515,
        "c": -0.6506347619612731,
        "d": 0.37801572545902284,
        "e": 0.4196850194395587,
        "f": -1.0294380057142696,
        "color": 0.4953393463746073,
        "weight": 0.8762698686368984,
        "variations": {
          "linear": 0.10063013472332494,
          "heart": 0.3831841640732404,
          "spherical": 0.9599391100955629
        }
      }
    ],
    "num_points": 2658540,
    "gamma": 2.4280865252853254,
    "brightness": 1.2,
    "hue_rotation": 253.58996093463477
  }
}