{
  "seed": "86d24241-ff7e-4f74-b363-b099be095fe6",
  "params": {
    "transforms": [
      {
        "a": 0.7824054561985205,
        "b": 0.6244504974325793,
        "c": 0.5643526522378366,
        "d": 0.301738155116015,
        "e": -1.4388542930942836,
        "f": 1.4593227451164492,
        "color": 0.6073142935583812,
        "weight": 0.2657959270479792,
        "variations": {
          "linear": 0.11859479959588293,
          "swirl": 0.48878597448941785
        }
      },
      {
        "a": -0.3711553594826762,
        "b": -0.05598729907962041,
        "c": 0.7843713120487188,
        "d": 0.9279972684398579,
        "e": -0.18804531610795472,
        "f": -0.1471781919752786,
        "color": 0.344536348235313,
        "weight": 0.9268205513236832,
        "variations": {
          "heart": 0.20899483852295953
        }
      }
    ],
    "num_points": 2531106,
    "gamma": 2.1698275884344906,
    "brightness": 1.2,
    "hue_rotation": 208.77921559725806
  }
}