{
  "seed": "5efb7a11-8ac2-48c1-8c3d-d1bc44a61e3d",
  "params": {
    "transforms": [
      {
        "a": -0.852662967044362,
        "b": 0.8626915690885475,
        "c": 0.046821027887126165,
        "d": 0.6306079622610834,
        "e": -0.26150247467665455,
        "f": 0.7723574944854681,
        "color": 0.3129172898957687,
        "weight": 0.3898825844523456,
        "variations": {
          "swirl": 0.6690960588510494
        }
      },
      {
        "a": 0.3228732636289724,
        "b": -0.4444712564137474,
        "c": 0.0342897259096715,
        "d": -0.3774296585614296,
        "e": 0.08545137822507365,
        "f": -0.9981172383587774,
        "color": 0.9600667299576829,
        "weight": 0.38120756045057724,
        "variations": {
          "linear": 0.2022317305827468,
          "heart": 0.5977552068624999
        }
      },
      {
        "a": 0.8582868295689319,
        "b": -0.08811974262653699,
        "c": -0.9326094930598399,
        "d": -0.6972389411839901,
        "e": 0.8013944512397662,
        "f": -0.29543436939586876,
        "color": 0.966679501891485,
        "weight": 0.9117473381113768,
        "variations": {
          "polar": 0.30386150832819137,
          "sinusoidal": 0.8603578584338057,
          "heart": 0.7481797094501602
        }
      }
    ],
    "num_points": 1155834,
    "gamma": 2.0768319791222343,
    "brightness": 1.2,
    "hue_rotation": 300.0719033570657
  }
}