{
  "seed": "36983f07-de05-4a04-b49a-c37d2c562351",
  "params": {
    "transforms": [
      {
        "a": 0.6067381013261828,
        "b": -0.6517493791548052,
        "c": -0.9026558637731417,
        "d": -0.5283383463915152,
        "e": -0.5123208662217157,
        "f": -0.26896945756001367,
        "color": 0.5819188314778999,
        "weight": 0.7819979403507255,
        "variations": {
          "spherical": 0.1930704246970376
        }
      },
      {
        "a": -0.9359035357347698,
        "b": -0.4532657938524689,
        "c": -0.366203811759523,
        "d": -0.627537102907572,
        "e": -0.9355586785259175,
        "f": 0.21012575561485747,
        "color": 0.9849595063799962,
        "weight": 0.22278374043427723,
        "variations": {
          "polar": 0.7857600613809674,
          "heart": 0.9500054543222586
        }
      },
      {
        "a": 0.4646594500008745,
        "b": -0.8222931289126196,
        "c": -0.5100364861694417,
        "d": -0.5428913424510402,
        "e": -1.080090988520105,
        "f": 0.07418144222528289,
        "color": 0.22208885512265486,
        "weight": 0.21540731288604675,
        "variations": {
          "polar": 0.20653695225884605,
          "linear": 0.4916110447901719,
          "spherical": 0.9031159476818237
        }
      }
    ],
    "num_points": 1983884,
    "gamma": 2.0075737015881865,
    "brightness": 1.2,
    "hue_rotation": 338.5902290954266
  }
}