{
  "seed": "8176f7bd-18ec-4348-b945-ff9f94418002",
  "params": {
    "transforms": [
      {
        "a": 0.6898963078107652,
        "b": -0.8210347709022461,
        "c": 0.5495633415518564,
        "d": -0.7596982374733559,
        "e": 0.032576134689940694,
        "f": -0.27047624334618847,
        "color": 0.5007850664336718,
        "weight": 0.4699507940560044,
        "variations": {
          "spherical": 0.8682452743066943
        }
      },
      {
        "a": 0.33939871081916495,
        "b": 0.4905902318569759,
        "c": 0.8297693986297152,
        "d": -0.6888163746704135,
        "e": 0.3370333825609806,
        "f": -1.1289996237589657,
        "color": 0.2494095832489105,
        "weight": 0.15721040286440174,
        "variations": {
          "heart": 0.46752410644647735
        }
      },
      {
        "a": 0.018105045093871786,
        "b": -0.8865381220552511,
        "c": 0.8836711437839821,
        "d": 0.6335549255228428,
        "e": 1.2902026647339708,
        "f": -0.4174946722153472,
        "color": 0.65330326602736,
        "weight": 0.5419980804027926,
        "variations": {
          "swirl": 0.97755201286671,
          "polar": 0.953347827616739,
          "heart": 0.1193697180231833
        }
      },
      {
        "a": -0.9491190553656834,
        "b": 0.6341732375846152,
        "c": -0.6129114875873782,
        "d": 0.01028810733972918,
        "e": 1.329876557741139,
        "f": 1.2356325449583605,
        "color": 0.8291552282534713,
        "weight": 0.4616184837078875,
        "variations": {
          "polar": 0.01781949476996858,
          "spherical": 0.0795433311299214,
          "heart": 0.47355392862192036
        }
      }
    ],
    "num_points": 2920311,
    "gamma": 2.4865484298302607,
    "brightness": 1.2,
    "hue_rotation": 155.63556542844918
  }
}