{
  "seed": "5ed7b10f-57a0-4033-9d71-6c1de4d827a5",
  "params": {
    "transforms": [
      {
        "a": 0.04394703858255822,
        "b": 0.04657066247228436,
        "c": 0.1281560536815316,
        "d": 0.9658235747048443,
        "e": 0.3480431787684617,
        "f": 0.7844814499480144,
        "color": 0.06201883189934165,
        "weight": 0.32037000993133025,
        "variations": {
          "spherical": 0.6981520496207029,
          "linear": 0.36661118388744285
        }
      },
      {
        "a": 0.746764924914233,
        "b": 0.43647949731010627,
        "c": 0.4802925592832419,
        "d": -0.861607922680736,
        "e": -1.3881712172924034,
        "f": -0.02239176136112686,
        "color": 0.03719177877523705,
        "weight": 0.1155502813010595,
        "variations": {
          "polar": 0.503760197918778
        }
      },
      {
        "a": -0.3838326900700466,
        "b": 0.5219328207452736,
        "c": -0.22275479714158775,
        "d": -0.4231433240528164,
        "e": -0.5453864873237929,
        "f": -1.4532334142683263,
        "color": 0.5918801471326716,
        "weight": 0.6117751079924644,
        "variations": {
          "heart": 0.024787088519409473
        }
      },
      {
        "a": -0.7617059626622225,
        "b": -0.7479734638035263,
        "c": -0.7007087389777942,
        "d": -0.46189457704639825,
        "e": 0.3446516070462722,
        "f": -0.2866990579814346,
        "color": 0.8586218561839299,
        "weight": 0.4046102288183693,
        "variations": {
          "swirl": 0.19429710759469432,
          "sinusoidal": 0.2670298586789768,
          "polar": 0.35156653935494897
        }
      }
    ],
    "num_points": 2611589,
    "gamma": 2.0436855794681694,
    "brightness": 1.2,
    "hue_rotation": 63.12400310131004
  }
}