{
  "seed": "18e5c732-6362-4455-98a4-1c15174016bc",
  "params": {
    "transforms": [
      {
        "a": 0.5212437908865812,
        "b": 0.6229833379121694,
        "c": 0.46803021268895084,
        "d": -0.36785333905135653,
        "e": -0.7381940934178403,
        "f": -0.8449741085166952,
        "color": 0.21483286362857035,
        "weight": 0.6522090935217019,
        "variations": {
          "linear": 0.8990635933781278,
          "sinusoidal": 0.6981485709798806,
          "heart": 0.5166848789323741
        }
      },
      {
        "a": 0.041018197604555606,
        "b": -0.9990112096672699,
        "c": -0.2297718775211941,
        "d": -0.052020753549844034,
        "e": 1.3760218583481665,
        "f": 1.0219017539601136,
        "color": 0.03217526552379468,
        "weight": 0.5813739017718197,
        "variations": {
          "polar": 0.8517734404829621,
          "swirl": 0.37571220884696643
        }
      },
      {
        "a": -0.6809813132597953,
        "b": 0.08294134469319236,
        "c": 0.04691243938387579,
        "d": -0.23356512022469467,
        "e": 0.2422808711463489,
        "f": 1.1441359653812055,
        "color": 0.5682713374614946,
        "weight": 0.9193406497273828,
        "variations": {
          "swirl": 0.5329767800806653,
          "polar": 0.9061462306951279,
          "linear": 0.2713966395063234
        }
      }
    ],
    "num_points": 1853999,
    "gamma": 2.259671757616086,
    "brightness": 1.2,
    "hue_rotation": 351.1358024943714
  }
}