{
  "seed": "f34040c6-dfa1-4d0b-b7bd-74ac6dd4efc9",
  "params": {
    "transforms": [
      {
        "a": -0.5848096255522197,
        "b": -0.10962843131156519,
        "c": 0.686019314028931,
        "d": 0.394920332983286,
        "e": 0.8563209595345906,
        "f": -0.960418285251953,
        "color": 0.26305921564968426,
        "weight": 0.9484208679829741,
        "variations": {
          "heart": 0.007627254958800123,
          "swirl": 0.6662522156347505,
          "linear": 0.6927044673040205
        }
      },
      {
        "a": -0.1244103598892865,
        "b": 0.9403236763515481,
        "c": -0.9657725924153937,
        "d": 0.15057543066584378,
        "e": 0.6679115943330549,
        "f": 0.9712081617094275,
        "color": 0.6041977393509577,
        "weight": 0.35545879246959167,
        "variations": {
          "spherical": 0.691315773482009,
          "heart": 0.8610352923066212,
          "sinusoidal": 0.15591165018873598
        }
      },
      {
        "a": 0.023229721267609138,
        "b": -0.1915660284267784,
        "c": 0.16939489967954136,
        "d": -0.19263303140711763,
        "e": -0.5526966063330493,
        "f": 0.1419641484776526,
        "color": 0.2213856528252558,
        "weight": 0.2669968371308885,
        "variations": {
          "spherical": 0.9639041523189456,
          "polar": 0.49371172280304976,
          "linear": 0.32450015342284255
        }
      }
    ],
    "num_points": 2917548,
    "gamma": 2.0237567626613395,
    "brightness": 1.2,
    "hue_rotation": 127.66634301650332
  }
}