{
  "seed": "b4173844-04bf-47d4-bb86-2c22c0415228",
  "params": {
    "transforms": [
      {
        "a": 0.08126676744108408,
        "b": -0.31557526404680214,
        "c": -0.07950350459104416,
        "d": -0.0419250397244344,
        "e": -0.7592778560115437,
        "f": -0.32838333510704687,
        "color": 0.5622772319117062,
        "weight": 0.8319209430376776,
        "variations": {
          "spherical": 0.018042415954998225,
          "sinusoidal": 0.8069675351549684
        }
      },
      {
        "a": -0.17870693066930854,
        "b": 0.3705160913645489,
        "c": 0.06622633937517386,
        "d": -0.4041472519854836,
        "e": 1.4020869774858467,
        "f": -1.0813987851704887,
        "color": 0.06226388279437589,
        "weight": 0.7936061734242186,
        "variations": {
          "sinusoidal": 0.3264714836417846,
          "polar": 0.42892017528696913
        }
      },
      {
        "a": 0.0676422092122213,
        "b": -0.2034007323592586,
        "c": 0.9589064012387891,
        "d": -0.06786130527363543,
        "e": 0.6291449394657782,
        "f": -1.194436873068549,
        "color": 0.03376418061625619,
        "weight": 0.7417480694799864,
        "variations": {
          "linear": 0.8969035673648826,
          "sinusoidal": 0.07153768823351592,
          "polar": 0.9864246449820611
        }
      }
    ],
    "num_points": 1934578,
    "gamma": 2.3516359283438915,
    "brightness": 1.2,
    "hue_rotation": 217.61648802994677
  }
}