{
  "seed": "f86219f1-b91f-4c0e-abc3-6c4f31f90c71",
  "params": {
    "transforms": [
      {
        "a": 0.4509143416505923,
        "b": 0.5136162167398768,
        "c": -0.36092298573340287,
        "d": -0.2986206814972898,
        "e": -0.2292515048332633,
        "f": -1.1512817593037843,
        "color": 0.9215095759661107,
        "weight": 0.46062066988532013,
        "variations": {
          "swirl": 0.022999304368008233,
          "polar": 0.8769511107514419,
          "linear": 0.0875915686998302
        }
      },
      {
        "a": 0.4281394750749512,
        "b": 0.2976073067511178,
        "c": -0.07628668099262081,
        "d": -0.8325176913618635,
        "e": 1.3863715250202344,
        "f": -0.7602480633506467,
        "color": 0.6912581924785681,
        "weight": 0.34224561325124286,
        "variations": {
          "heart": 0.1169637108725704,
          "linear": 0.6466667791733108,
          "polar": 0.988193783892436
        }
      },
      {
        "a": 0.7612569622323135,
        "b": 0.950655576354231,
        "c": 0.5717229265643218,
        "d": -0.3815471428947088,
        "e": 1.2441455598305904,
        "f": 1.399545727251411,
        "color": 0.5344038931875219,
        "weight": 0.7250745951589267,
        "variations": {
          "swirl": 0.6005127315998643,
          "sinusoidal": 0.8633660622149895,
          "polar": 0.8933935326406719
        }
      }
    ],
    "num_points": 1346177,
    "gamma": 2.4157148268460333,
    "brightness": 1.2,
    "hue_rotation": 176.16643221779816
  }
}