{
  "seed": "db6d788b-b5af-4fd8-808f-d36d6b4e0815",
  "params": {
    "transforms": [
      {
        "a": 0.5377948876565524,
        "b": -0.8340660520445364,
        "c": 0.9205325392040717,
        "d": -0.8615644674298104,
        "e": 0.14021411156128605,
        "f": 1.4444220855895238,
        "color": 0.8571343034487486,
        "weight": 0.20983702807636329,
        "variations": {
          "polar": 0.0886046108902323,
          "linear": 0.2448452956743089
        }
      },
      {
        "a": -0.9421522835031502,
        "b": 0.7739262766268094,
        "c": 0.11566242241854141,
        "d": 0.5886899129445025,
        "e": 0.6133642241311166,
        "f": -1.1392644216049939,
        "color": 0.23018244244839203,
        "weight": 0.7926713432823459,
        "variations": {
          "swirl": 0.6196280888866168,
          "polar": 0.46132869526577147
        }
      }
    ],
    "num_points": 1329964,
    "gamma": 1.8547339584174891,
    "brightness": 1.2,
    "hue_rotation": 61.20981348323821
  }
}