{
  "seed": "e6d2e10f-e8f5-4529-9457-39d657ff70e3",
  "params": {
    "transforms": [
      {
        "a": -0.4990830859254205,
        "b": -0.902197964907443,
        "c": -0.2510737851217537,
        "d": 0.8364453801722214,
        "e": -0.35110159496746496,
        "f": 0.7539067623707973,
        "color": 0.9758121151229153,
        "weight": 0.2055712857574556,
        "variations": {
          "linear": 0.7512581018752449,
          "sinusoidal": 0.34473141104159744,
          "polar": 0.36336877756880726
        }
      },
      {
        "a": 0.6915378893739932,
        "b": -0.010325507843845116,
        "c": 0.8872117655819125,
        "d": -0.4058788685867949,
        "e": -0.2094384026811249,
        "f": -1.2617332091863678,
        "color": 0.8536699469901899,
        "weight": 0.13352074785645496,
        "variations": {
          "linear": 0.7885799957638547
        }
      },
      {
        "a": 0.5307838435990777,
        "b": 0.6202460661832958,
        "c": 0.8472745036880254,
        "d": -0.6541833376114863,
        "e": 1.397340604106264,
        "f": -0.2867154024028271,
        "color": 0.9264071911813366,
        "weight": 0.22971963003241036,
        "variations": {
          "sinusoidal": 0.07037936182357296,
          "linear": 0.4241840619433622,
          "polar": 0.8349905331754812
        }
      },
      {
        "a": -0.6974970787332706,
        "b": -0.9872276865872789,
        "c": 0.11544039737709855,
        "d": 0.20243877856632841,
        "e": 0.9598434715195983,
        "f": 0.5187586918401528,
        "color": 0.6805331109520578,
        "weight": 0.9362543554756088,
        "variations": {
          "polar": 0.2352198975068076
        }
      }
    ],
    "num_points": 2638525,
    "gamma": 2.2443602233969466,
    "brightness": 1.2,
    "hue_rotation": 191.72159299347058
  }
}