{
  "seed": "ad6a666c-e3ba-47e3-b740-bd33bb1e09be",
  "params": {
    "transforms": [
      {
        "a": -0.422958357518463,
        "b": -0.735871979485514,
        "c": -0.13629810494026384,
        "d": -0.9203916537043748,
        "e": -0.10915862702568191,
        "f": -0.31843387524648614,
        "color": 0.3417305894808932,
        "weight": 0.48920201363014837,
        "variations": {
          "linear": 0.3610086169194785,
          "polar": 0.49540634219435387,
          "sinusoidal": 0.9195502762641615
        }
      },
      {
        "a": -0.5166575541907694,
        "b": -0.06056625553818673,
        "c": 0.34541814244233926,
        "d": 0.8448884102513721,
        "e": -1.3183581984473467,
        "f": -1.3733386154871634,
        "color": 0.08214613951685479,
        "weight": 0.9554873659804833,
        "variations": {
          "heart": 0.6312227459518368,
          "sinusoidal": 0.06059669036209414,
          "linear": 0.4820691060811507
        }
      }
    ],
    "num_points": 2134309,
    "gamma": 1.9061425074308218,
    "brightness": 1.2,
    "hue_rotation": 133.31040806777344
  }
}