{
  "seed": "b8f45327-3d5f-44f3-8e4e-77c0c113c12a",
  "params": {
    "transforms": [
      {
        "a": -0.5363859335562831,
        "b": -0.7528380763911804,
        "c": 0.7205235652737652,
        "d": 0.7334387604924464,
        "e": -0.16383883633526897,
        "f": -1.4854028107672945,
        "color": 0.35240932339842024,
        "weight": 0.6432123491241754,
        "variations": {
          "linear": 0.9551260443430913
        }
      },
      {
        "a": 0.46702118345309573,
        "b": -0.8758505469682456,
        "c": -0.7283752168207704,
        "d": 0.37934553870429455,
        "e": 1.4765347036790537,
        "f": 0.46280728901148516,
        "color": 0.7480800028311049,
        "weight": 0.6183652466396404,
        "variations": {
          "sinusoidal": 0.13013703494597173,
          "swirl": 0.2573232641032872,
          "linear": 0.5663365991653172
        }
      },
      {
        "a": -0.3086402450228234,
        "b": 0.19607620648766244,
        "c": -0.04676692281123551,
        "d": 0.4861190486747504,
        "e": 1.3868027772392746,
        "f": 0.6103286834255948,
        "color": 0.0064458611189518455,
        "weight": 0.5917763202308282,
        "variations": {
          "heart": 0.7881397408390419
        }
      },
      {
        "a": -0.024757239441778323,
        "b": 0.8523795359755295,
        "c": 0.005326053297894484,
        "d": -0.02610644316136157,
        "e": -1.359216816521665,
        "f": 0.28026412457201566,
        "color": 0.9569169584816344,
        "weight": 0.6592873615540846,
        "variations": {
          "spherical": 0.10023788460993488,
          "sinusoidal": 0.7332989157605271
        }
      }
    ],
    "num_points": 1448908,
    "gamma": 2.0493497810642025,
    "brightness": 1.2,
    "hue_rotation": 229.3064326603332
  }
}