{
  "seed": "d89058b5-667a-4dfc-90a3-76900ee97fd1",
  "params": {
    "transforms": [
      {
        "a": 0.01432921381120944,
        "b": 0.30031134917693936,
        "c": 0.811373961006522,
        "d": 0.41255178623902977,
        "e": 0.9361213969768816,
        "f": 1.026121110553556,
        "color": 0.7153376732865578,
        "weight": 0.32587029350522356,
        "variations": {
          "heart": 0.6466836596432028,
          "swirl": 0.5618250932840607,
          "linear": 0.7499952202505726
        }
      },
      {
        "a": -0.006617303381460937,
        "b": -0.18826138043381202,
        "c": -0.007882454925036031,
        "d": -0.23671318992069246,
        "e": 0.8883888053560294,
        "f": 1.1597255796094537,
        "color": 0.9382177063943946,
        "weight": 0.1101553172476927,
        "variations": {
          "linear": 0.9298478985102467
        }
      },
      {
        "a": 0.15378775736101447,
        "b": 0.7393146609883101,
        "c": 0.5879370727208844,
        "d": 0.5913476676061009,
        "e": -0.5756249840761308,
        "f": 1.0600658553656337,
        "color": 0.4298301764229968,
        "weight": 0.49748233124396724,
        "variations": {
          "spherical": 0.30326640232564084,
          "swirl": 0.5317544448174313
        }
      },
      {
        "a": -0.7767396702075724,
        "b": -0.1160340288650572,
        "c": 0.190376567379533,
        "d": 0.5891993263271338,
        "e": -0.12398282676915606,
        "f": -1.2369844715934941,
        "color": 0.06447604276926366,
        "weight": 0.7355227529646542,
        "variations": {
          "sinusoidal": 0.24941406375624076
        }
      }
    ],
    "num_points": 1435920,
    "gamma": 2.106837377191083,
    "brightness": 1.2,
    "hue_rotation": 35.38034003588198
  }
}