{
  "seed": "5b801ff7-f3e7-48fb-a1d6-298360df4910",
  "params": {
    "transforms": [
      {
        "a": 0.13422140448089337,
        "b": -0.5670389033552501,
        "c": -0.8797116564750964,
        "d": 0.5759383064040391,
        "e": -0.8107515094498511,
        "f": -1.2734934889622722,
        "color": 0.4561850756555671,
        "weight": 0.7240875676832943,
        "variations": {
          "spherical": 0.25373141445797676,
          "sinusoidal": 0.5319762249209675
        }
      },
      {
        "a": 0.8820672750447662,
        "b": -0.07049859684885695,
        "c": 0.350992604043888,
        "d": -0.035406319698013444,
        "e": -0.8301159931516615,
        "f": -0.4594542460454276,
        "color": 0.30780410217629095,
        "weight": 0.8899039369543865,
        "variations": {
          "sinusoidal": 0.9861090903671196,
          "spherical": 0.4975693863915659,
          "polar": 0.5619517097345212
        }
      },
      {
        "a": 0.29558772690447355,
        "b": 0.04582509106592014,
        "c": -0.4354417999707718,
        "d": 0.7757366255842828,
        "e": 0.9653277473629585,
        "f": -0.6742328095677423,
        "color": 0.19316381165758423,
        "weight": 0.5489559667402731,
        "variations": {
          "linear": 0.3099201394309262,
          "swirl": 0.6558852405624048
        }
      },
      {
        "a": 0.4089230722410999,
        "b": -0.2201155402066306,
        "c": -0.24886365551417788,
        "d": 0.5587742168393277,
        "e": -0.7292403075324524,
        "f": 1.201145748744457,
        "color": 0.965794056241259,
        "weight": 0.7054662027273477,
        "variations": {
          "swirl": 0.0322505709831431,
          "linear": 0.2815712618221172,
          "polar": 0.42876875140128146
        }
      }
    ],
    "num_points": 1267644,
    "gamma": 2.2977812526442576,
    "brightness": 1.2,
    "hue_rotation": 178.9992674658371
  }
}