{
  "seed": "4cefa42e-be93-4499-bcdc-7041bcba4065",
  "params": {
    "transforms": [
      {
        "a": -0.8351664115501349,
        "b": -0.4023284480218223,
        "c": -0.3076126760054039,
        "d": 0.4203271774168178,
        "e": -1.2558326939700577,
        "f": 0.132423545901051,
        "color": 0.5112396190618821,
        "weight": 0.6162970265451061,
        "variations": {
          "sinusoidal": 0.1529466900553912
        }
      },
      {
        "a": 0.2015539949479297,
        "b": 0.09527185771672197,
        "c": -0.7502904708772178,
        "d": 0.014031118311807367,
        "e": -1.0047739202343788,
        "f": -0.6452787234813783,
        "color": 0.9955029000220819,
        "weight": 0.8352824643543341,
        "variations": {
          "polar": 0.0040659145482286885,
          "linear": 0.33198428144438896
        }
      },
      {
        "a": 0.6864600853771679,
        "b": -0.646653590740828,
        "c": 0.9890397491928402,
        "d": 0.19612994723675903,
        "e": -1.243308786378178,
        "f": 0.7207878227865008,
        "color": 0.5031135188810613,
        "weight": 0.8481232573162832,
        "variations": {
          "linear": 0.16998463134110453,
          "polar": 0.6530268531674561
        }
      },
      {
        "a": 0.08462754339163547,
        "b": -0.5132294146234924,
        "c": -0.46039610885355464,
        "d": 0.36051546593202977,
        "e": -0.8398994378812505,
        "f": -0.8742679334269804,
        "color": 0.45491972777064604,
        "weight": 0.18842778592046258,
        "variations": {
          "polar": 0.05523476426165075
        }
      }
    ],
    "num_points": 1706817,
    "gamma": 2.155423962178406,
    "brightness": 1.2,
    "hue_rotation": 181.37030134988598
  }
}