{
  "seed": "5cd9fe3e-f420-471b-aaeb-4665c3457100",
  "params": {
    "transforms": [
      {
        "a": -0.6930882091586177,
        "b": 0.8076070351670919,
        "c": 0.18479365376124668,
        "d": 0.8269931626790579,
        "e": 1.483839756965002,
        "f": 1.3377887298378455,
        "color": 0.2703065150706222,
        "weight": 0.8896811759372235,
        "variations": {
          "spherical": 0.2013010862535658,
          "linear": 0.33174590803221893,
          "heart": 0.5639776020262262
        }
      },
      {
        "a": 0.14207968287129313,
        "b": 0.6448854938110349,
        "c": -0.8985772130776704,
        "d": -0.7149058977271816,
        "e": 0.2645927119956677,
        "f": 0.8395867545127982,
        "color": 0.004152743711721585,
        "weight": 0.6872852740912638,
        "variations": {
          "heart": 0.11896121247198255,
          "linear": 0.5953449933469623,
          "spherical": 0.20526367740125862
        }
      },
      {
        "a": -0.6809060741639097,
        "b": 0.6876943034789103,
        "c": 0.4606206532959185,
        "d": 0.6963402832412491,
        "e": -1.2017663570338506,
        "f": 0.7612843452036748,
        "color": 0.8804496350109638,
        "weight": 0.20537887277963568,
        "variations": {
          "swirl": 0.45834976488319823,
          "sinusoidal": 0.7723444764135396,
          "spherical": 0.32178790469843965
        }
      }
    ],
    "num_points": 1486648,
    "gamma": 2.1586046052425356,
    "brightness": 1.2,
    "hue_rotation": 174.01552834492145
  }
}