{
  "seed": "b54a836b-cc79-43d1-a43c-faa4685f18ae-278",
  "parameters": {
    "num_transforms": 4,
    "transforms": [
      {
        "a": -0.7700518166196125,
        "b": 0.028704736072038717,
        "c": -0.3976944944246239,
        "d": 0.16245301794280276,
        "e": -0.5922989250302152,
        "f": -0.3697517848240133,
        "color": 0.6636766950429994,
        "variations": {
          "swirl": 0.4673980352225956,
          "linear": 0.21224521514655215,
          "heart": 0.9431317646687764,
          "spherical": 0.3318578890293251
        },
        "weight": 0.6492236861929797
      },
      {
        "a": 0.10037161826318486,
        "b": -0.37532402774227114,
        "c": 0.16481020163777904,
        "d": 1.1140782550975588,
        "e": -0.33034042826462917,
        "f": 1.3858840271607438,
        "color": 0.5355114630163006,
        "variations": {
          "sinusoidal": 0.8546197294669531,
          "spiral": 0.1972123715729418,
          "linear": 0.7584159026794168,
          "horseshoe": 0.0
        },
        "weight": 1.9744534185611688
      },
      {
        "a": -0.7008532494565489,
        "b": -0.8865716663502465,
        "c": 0.7120276884832979,
        "d": 0.2739778551766867,
        "e": -1.1251001193548675,
        "f": 1.186641774983113,
        "color": 0.5943102871592857,
        "variations": {
          "disc": 0.0,
          "spherical": 0.13682904334984203,
          "spiral": 0.0873303154777193
        },
        "weight": 0.6816645659273516
      },
      {
        "a": 1.356668414672698,
        "b": 1.0180151122410508,
        "c": -1.413040054304618,
        "d": 0.04351048764220744,
        "e": -1.0611191510291458,
        "f": 1.3888886482297664,
        "color": 0.05232931987475786,
        "variations": {
          "hyperbolic": 0.0,
          "horseshoe": 0.4716291744697838
        },
        "weight": 1.8993069160796363
      }
    ],
    "num_points": 4177405,
    "gamma": 2.0250521207971417,
    "brightness": 0.9203073165795762,
    "contrast": 1.3462724082704696,
    "hue_rotation": 341.75246672516437
  }
}