{
  "seed": "b2c40f44-8dd1-437f-bbe1-aad9aea4a99c",
  "params": {
    "transforms": [
      {
        "a": -0.05272091319822825,
        "b": -0.5872989418914696,
        "c": -0.22129363688904147,
        "d": 0.7345853005049447,
        "e": 0.37618700276910344,
        "f": -1.1665101800446807,
        "color": 0.06197291281131523,
        "weight": 0.8822527690185391,
        "variations": {
          "sinusoidal": 0.13788649183084623,
          "spherical": 0.4882348307175527,
          "polar": 0.7904272686739103
        }
      },
      {
        "a": -0.661687678083539,
        "b": -0.41030611188678656,
        "c": 0.7558596828190327,
        "d": 0.31511776556044313,
        "e": -0.2028799839300075,
        "f": -0.046107597997613325,
        "color": 0.2375865344192496,
        "weight": 0.24941972602096313,
        "variations": {
          "heart": 0.3337228950230655,
          "linear": 0.8955417034577677
        }
      },
      {
        "a": 0.4750061418108438,
        "b": -0.9348104789701852,
        "c": -0.02939153330225852,
        "d": -0.018421552707293953,
        "e": 0.5932423031651912,
        "f": -1.2250202937976247,
        "color": 0.7325908913344061,
        "weight": 0.40188400050613526,
        "variations": {
          "polar": 0.6443212713369303,
          "sinusoidal": 0.09497596476398229,
          "linear": 0.17768294721284206
        }
      }
    ],
    "num_points": 1779021,
    "gamma": 1.8455931222636979,
    "brightness": 1.2,
    "hue_rotation": 65.1797143909748
  }
}