{
  "seed": "b6d2e922-5620-4979-8586-d5ee95c3b436",
  "params": {
    "transforms": [
      {
        "a": -0.6671970987094697,
        "b": -0.820143482027818,
        "c": 0.8491003554235799,
        "d": -0.9436923259678305,
        "e": -0.6878805003514067,
        "f": -0.05533398729763306,
        "color": 0.5775360882791167,
        "weight": 0.5626556968118945,
        "variations": {
          "spherical": 0.6551591387212652
        }
      },
      {
        "a": 0.8420418869011344,
        "b": 0.6972357014230772,
        "c": 0.5660229403506123,
        "d": 0.1677195290692568,
        "e": 0.6889807381709168,
        "f": 0.2846782962260892,
        "color": 0.12452528348629144,
        "weight": 0.4023455589456101,
        "variations": {
          "sinusoidal": 0.8677637764648187,
          "swirl": 0.7929681327096337,
          "heart": 0.8731324344721397
        }
      }
    ],
    "num_points": 1464191,
    "gamma": 2.443466474852453,
    "brightness": 1.2,
    "hue_rotation": 210.49193063241935
  }
}