{
  "seed": "40747b1d-d90f-4e26-a5fe-d016b4c08dd0",
  "params": {
    "transforms": [
      {
        "a": 0.9848541321546604,
        "b": 0.7142400460245195,
        "c": 0.27857499143104425,
        "d": -0.6708744252626881,
        "e": 0.16816414503154453,
        "f": 0.5689606853080726,
        "color": 0.7025765949723708,
        "weight": 0.531362745290454,
        "variations": {
          "sinusoidal": 0.6311306383364871,
          "spherical": 0.8261640382576468
        }
      },
      {
        "a": 0.3330882354700557,
        "b": -0.5564962590485036,
        "c": -0.26496584536651513,
        "d": 0.53914369334837,
        "e": -1.156318971036916,
        "f": -1.3217540070008504,
        "color": 0.4465062292809373,
        "weight": 0.10569198601490584,
        "variations": {
          "heart": 0.8338215873667952
        }
      }
    ],
    "num_points": 1776720,
    "gamma": 1.8979910511124076,
    "brightness": 1.2,
    "hue_rotation": 106.42934797269945
  }
}