{
  "seed": "37725445-d11c-42f6-9266-fdf173fa014c",
  "params": {
    "transforms": [
      {
        "a": 0.8707165279547993,
        "b": 0.503395932915679,
        "c": 0.641052046890503,
        "d": 0.35734008219881974,
        "e": -1.451793063012219,
        "f": -1.3992832647094897,
        "color": 0.9223050817770345,
        "weight": 0.2781040328244122,
        "variations": {
          "sinusoidal": 0.6321250906928884,
          "polar": 0.00400291945743636,
          "heart": 0.1581474413220536
        }
      },
      {
        "a": 0.9923764265807702,
        "b": 0.8996297119874463,
        "c": -0.6084861562245394,
        "d": -0.44555737444581545,
        "e": -1.0759031882917283,
        "f": 1.4719027751808276,
        "color": 0.2777000360197336,
        "weight": 0.715837753284408,
        "variations": {
          "spherical": 0.6038949846205338,
          "sinusoidal": 0.2185992682492941
        }
      },
      {
        "a": -0.892757820973586,
        "b": -0.23544148604658544,
        "c": -0.47286282374818867,
        "d": 0.9395433103497723,
        "e": 0.2885880323279766,
        "f": 0.006559389149107142,
        "color": 0.003876544498857881,
        "weight": 0.9801198144791291,
        "variations": {
          "polar": 0.7414828814449013,
          "spherical": 0.37021257175314315
        }
      }
    ],
    "num_points": 2725903,
    "gamma": 2.124320480997619,
    "brightness": 1.2,
    "hue_rotation": 201.95023307530624
  }
}