{
  "seed": "da06e7f6-b914-4700-91cb-56c17b4cd363",
  "params": {
    "transforms": [
      {
        "a": -0.12819461353885964,
        "b": 0.7273853693782291,
        "c": -0.7660508567790021,
        "d": 0.036197292451007224,
        "e": 0.040349704067924375,
        "f": -1.31632968569735,
        "color": 0.07537318567419582,
        "weight": 0.9431994734758746,
        "variations": {
          "linear": 0.3195797320855023,
          "spherical": 0.5167652728837417,
          "polar": 0.8205729450362862
        }
      },
      {
        "a": 0.3815140567422479,
        "b": 0.7559665664561808,
        "c": -0.4407418227363,
        "d": -0.01569307928863828,
        "e": -0.8839089167504456,
        "f": 0.9225420815178103,
        "color": 0.5189740044644845,
        "weight": 0.37891011237527994,
        "variations": {
          "linear": 0.028758043629864005
        }
      },
      {
        "a": 0.9200019898496488,
        "b": 0.6872719154459619,
        "c": 0.8730888218505752,
        "d": 0.5868942530760315,
        "e": -1.1295769260910926,
        "f": -0.2087413494687167,
        "color": 0.4890423141107684,
        "weight": 0.8774978585675264,
        "variations": {
          "heart": 0.14083559554620317
        }
      }
    ],
    "num_points": 2697945,
    "gamma": 2.355495967725063,
    "brightness": 1.2,
    "hue_rotation": 187.7986007129738
  }
}