{
  "seed": "f008ef02-e82c-43a6-b764-30485cd80cd9",
  "params": {
    "transforms": [
      {
        "a": 0.45389711607340133,
        "b": -0.7991298459859886,
        "c": 0.5036991825740185,
        "d": -0.681020284013893,
        "e": -0.8368684677054916,
        "f": -0.7647781038487702,
        "color": 0.6381455581568021,
        "weight": 0.6640746354480493,
        "variations": {
          "heart": 0.5569932152730719,
          "spherical": 0.8128977891548361,
          "sinusoidal": 0.11811006831616255
        }
      },
      {
        "a": 0.45986085756041994,
        "b": 0.4116845795263855,
        "c": -0.9319595727665053,
        "d": -0.20845356348372013,
        "e": -1.0233517872972504,
        "f": -0.5149760075401211,
        "color": 0.22667869949689123,
        "weight": 0.8789171751068667,
        "variations": {
          "sinusoidal": 0.31256159042801424,
          "swirl": 0.0057911041558202925,
          "linear": 0.4875378613307405
        }
      },
      {
        "a": -0.9461315860992197,
        "b": -0.370876521637447,
        "c": -0.7426030219548279,
        "d": -0.0779875959613281,
        "e": -0.7488190567271531,
        "f": -0.9712159371635981,
        "color": 0.04844538634438933,
        "weight": 0.26751550116886863,
        "variations": {
          "linear": 0.394459397498233,
          "spherical": 0.45772659003293725,
          "polar": 0.594852091772969
        }
      },
      {
        "a": -0.5589723851208728,
        "b": 0.8888222598450106,
        "c": -0.8220479033452566,
        "d": 0.28728215711503147,
        "e": -1.2540437230002066,
        "f": -1.2379060381423843,
        "color": 0.5713752385638534,
        "weight": 0.13128218217892765,
        "variations": {
          "linear": 0.761630848305766,
          "polar": 0.875372337181276,
          "sinusoidal": 0.07380745619641738
        }
      }
    ],
    "num_points": 1034099,
    "gamma": 2.4788419147377954,
    "brightness": 1.2,
    "hue_rotation": 257.34376431117494
  }
}