{
  "seed": "b4679259-2e37-4f30-8d2f-6e5c96e1234a",
  "params": {
    "transforms": [
      {
        "a": -0.3771803858346021,
        "b": -0.9358335567524134,
        "c": 0.43298109149668673,
        "d": -0.6384026290452576,
        "e": -0.2263375858806964,
        "f": -1.3321691925977786,
        "color": 0.14332463904202675,
        "weight": 0.6754911644099068,
        "variations": {
          "linear": 0.19121280309840805,
          "spherical": 0.17991644317209965
        }
      },
      {
        "a": -0.0102857147531481,
        "b": -0.0016185019427383818,
        "c": -0.5971955997719303,
        "d": -0.8306156119884549,
        "e": -0.15014122298656885,
        "f": -0.7992700215685207,
        "color": 0.07260398789089784,
        "weight": 0.9084973482475088,
        "variations": {
          "swirl": 0.9369284729857453
        }
      },
      {
        "a": 0.48144915886510886,
        "b": -0.7256973433882901,
        "c": -0.6046017327682052,
        "d": 0.030885184025987167,
        "e": 1.1487869187891255,
        "f": -0.028583891112821114,
        "color": 0.09801129543168718,
        "weight": 0.6554649724101451,
        "variations": {
          "polar": 0.7646687176055565,
          "swirl": 0.3421241732340472
        }
      }
    ],
    "num_points": 1683453,
    "gamma": 2.434675743922415,
    "brightness": 1.2,
    "hue_rotation": 216.34846936023922
  }
}