{
  "seed": "bff47214-b051-4830-8d5d-d01d05d7a242",
  "params": {
    "transforms": [
      {
        "a": -0.4883052045695937,
        "b": -0.24313018219052962,
        "c": -0.3784308633471829,
        "d": -0.4363172730367533,
        "e": 0.9129735316133374,
        "f": -0.3686189526753876,
        "color": 0.4152038421256946,
        "weight": 0.2217813907698628,
        "variations": {
          "heart": 0.03265660935199888,
          "polar": 0.00804704232899478
        }
      },
      {
        "a": -0.4101287800922222,
        "b": 0.0010836037838048984,
        "c": -0.47280479671398457,
        "d": 0.907143000262647,
        "e": 0.8112001059256517,
        "f": -0.7656384090489456,
        "color": 0.8648531674761946,
        "weight": 0.3046568024730386,
        "variations": {
          "spherical": 0.8414825160189806
        }
      },
      {
        "a": -0.6323500162361619,
        "b": 0.003265994492786417,
        "c": 0.39882783033465885,
        "d": 0.044023532792063724,
        "e": -0.03803154808331044,
        "f": -1.1765879133948969,
        "color": 0.526126671238191,
        "weight": 0.1409185104941786,
        "variations": {
          "heart": 0.6570068354231858,
          "spherical": 0.6306631809224283
        }
      },
      {
        "a": -0.698981477803212,
        "b": -0.1283348871392287,
        "c": -0.3589709532907033,
        "d": 0.6871466670089863,
        "e": -0.5051218273087001,
        "f": 0.5355844819277884,
        "color": 0.30502447036134117,
        "weight": 0.314599172785204,
        "variations": {
          "heart": 0.9505383086575688,
          "swirl": 0.20409058216717946,
          "polar": 0.7945826766612173
        }
      }
    ],
    "num_points": 2083467,
    "gamma": 2.3808075223471814,
    "brightness": 1.2,
    "hue_rotation": 16.982885565194316
  }
}