{
  "seed": "31a8ded0-efda-4b92-a88a-46e9859fdcd5",
  "params": {
    "transforms": [
      {
        "a": -0.04062096723116193,
        "b": 0.839147370920799,
        "c": -0.0141849325466894,
        "d": -0.6654745352555878,
        "e": -0.9266618954259621,
        "f": -0.6534876191585409,
        "color": 0.9851359020939413,
        "weight": 0.13962905620739907,
        "variations": {
          "polar": 0.09546390295080243
        }
      },
      {
        "a": -0.1207711973879757,
        "b": -0.9405978350231095,
        "c": 0.5763357349181268,
        "d": 0.04421256684381736,
        "e": -1.2873641130672437,
        "f": -0.5291006176705647,
        "color": 0.6569292794573309,
        "weight": 0.8013779959603252,
        "variations": {
          "polar": 0.6165994693367088,
          "swirl": 0.6523893905221474,
          "spherical": 0.7770582285871852
        }
      },
      {
        "a": 0.7693102909053926,
        "b": 0.6815381293656184,
        "c": -0.30835662730152325,
        "d": 0.7052100255666169,
        "e": 0.6898985745286552,
        "f": -0.43066078823877296,
        "color": 0.8909931501700841,
        "weight": 0.9097808704751154,
        "variations": {
          "swirl": 0.6893969778495237
        }
      }
    ],
    "num_points": 2238823,
    "gamma": 2.1897643180039705,
    "brightness": 1.2,
    "hue_rotation": 251.11198159528536
  }
}