{
  "seed": "9f2898c2-0810-4516-bb8b-8bbd67314eb4",
  "params": {
    "transforms": [
      {
        "a": -0.7483499203112995,
        "b": -0.6454171554781671,
        "c": -0.29592094213656295,
        "d": -0.5324900614596244,
        "e": -0.08067904933428238,
        "f": -0.19880908115089913,
        "color": 0.21991364850999684,
        "weight": 0.9226353432334311,
        "variations": {
          "sinusoidal": 0.994036035455567
        }
      },
      {
        "a": -0.0530517399920849,
        "b": 0.39084316638162564,
        "c": 0.5316669406217689,
        "d": -0.6979527706859601,
        "e": -1.0786968382648394,
        "f": -0.15428916560255423,
        "color": 0.9380299341906908,
        "weight": 0.6155178599467331,
        "variations": {
          "spherical": 0.3986288138216676,
          "polar": 0.29614985532392346
        }
      },
      {
        "a": 0.39061515830673543,
        "b": 0.5314282085987596,
        "c": -0.7663467758741092,
        "d": -0.7026193903994018,
        "e": -0.5240949314564587,
        "f": 0.8263145284543492,
        "color": 0.5603299465282133,
        "weight": 0.678169974576173,
        "variations": {
          "swirl": 0.5955769391064227,
          "sinusoidal": 0.35058036428911665,
          "polar": 0.5103100052829338
        }
      }
    ],
    "num_points": 1623211,
    "gamma": 2.034342920549183,
    "brightness": 1.2,
    "hue_rotation": 126.72547810668951
  }
}