{
  "seed": "916b79d6-b8ee-4723-82d5-8c0fde5a3ae4",
  "params": {
    "transforms": [
      {
        "a": 0.3436233489587899,
        "b": 0.39472771227654246,
        "c": 0.4905367549983426,
        "d": 0.103878270219534,
        "e": -0.38133899730071064,
        "f": -0.14129020683225768,
        "color": 2.1228083893154448e-05,
        "weight": 0.8636519243530585,
        "variations": {
          "spherical": 0.5896628799510135
        }
      },
      {
        "a": -0.9047995072300274,
        "b": -0.6853387476827586,
        "c": 0.9589307397034565,
        "d": 0.5444323747326076,
        "e": 1.0944108527731147,
        "f": -0.14229379539926446,
        "color": 0.27659447706714035,
        "weight": 0.6947827707035215,
        "variations": {
          "spherical": 0.7640934862223737,
          "linear": 0.058378060393341924
        }
      },
      {
        "a": -0.27171009843038973,
        "b": -0.6368900880584052,
        "c": 0.8697029213097183,
        "d": 0.6275540320775879,
        "e": -0.8765479432306466,
        "f": 0.7176425521969092,
        "color": 0.7802932324395008,
        "weight": 0.4333942517295313,
        "variations": {
          "heart": 0.6369883003089115,
          "swirl": 0.9732033837869585,
          "spherical": 0.3511993871952096
        }
      }
    ],
    "num_points": 1010060,
    "gamma": 2.06227338049835,
    "brightness": 1.2,
    "hue_rotation": 225.8282416730421
  }
}