{
  "seed": "3e5f72da-d8c7-4fdd-b356-54905e2f2421",
  "params": {
    "transforms": [
      {
        "a": 0.1125267563384793,
        "b": -0.6182550445481898,
        "c": -0.03080443408133382,
        "d": 0.6196964956823661,
        "e": 0.06547486890822363,
        "f": -0.7507456681332806,
        "color": 0.17641430075321174,
        "weight": 0.7264846054100296,
        "variations": {
          "polar": 0.7876144600635285,
          "linear": 0.9302418360736996
        }
      },
      {
        "a": -0.3055761425185908,
        "b": -0.17942756752451205,
        "c": -0.45484218889241856,
        "d": 0.402415781077871,
        "e": 0.6881878296561328,
        "f": 0.06824726690763505,
        "color": 0.20178896842193716,
        "weight": 0.6917697540054647,
        "variations": {
          "heart": 0.20944945189331565,
          "swirl": 0.39067341414645784,
          "spherical": 0.7136718662499839
        }
      },
      {
        "a": 0.5894336622220666,
        "b": 0.08985688740733955,
        "c": 0.015470812097084785,
        "d": 0.4571667669355626,
        "e": -0.630226474944005,
        "f": -0.41785265411958306,
        "color": 0.5654347287137604,
        "weight": 0.6750280059493569,
        "variations": {
          "spherical": 0.35037810835875305,
          "sinusoidal": 0.14872522591036796
        }
      },
      {
        "a": 0.4204702588217313,
        "b": 0.9258554149949851,
        "c": -0.0931142327146468,
        "d": 0.13278861595744695,
        "e": -1.401974823550642,
        "f": 0.3682404881568273,
        "color": 0.4788088407516147,
        "weight": 0.14313607461994104,
        "variations": {
          "swirl": 0.06988786209963571
        }
      }
    ],
    "num_points": 1881694,
    "gamma": 1.8202663634591731,
    "brightness": 1.2,
    "hue_rotation": 108.29210861477102
  }
}