{
  "seed": "021cea2b-41a9-418f-9570-6fd5bde48fba",
  "params": {
    "transforms": [
      {
        "a": 0.8784758893025411,
        "b": -0.15194584942475764,
        "c": -0.06852349244737455,
        "d": 0.29701348621431545,
        "e": -1.4418406488065902,
        "f": 1.4516098291394477,
        "color": 0.14569405216546427,
        "weight": 0.2675588659291259,
        "variations": {
          "linear": 0.8415339450323546,
          "spherical": 0.3765491715165583
        }
      },
      {
        "a": -0.18329170721173282,
        "b": 0.750514245542028,
        "c": 0.1327505918287748,
        "d": 0.33119432247351677,
        "e": -0.8820461745623978,
        "f": -1.3900574204026652,
        "color": 0.4302066705405777,
        "weight": 0.26545569852064005,
        "variations": {
          "swirl": 0.45628863540907827,
          "linear": 0.8713146405199287
        }
      }
    ],
    "num_points": 1380560,
    "gamma": 2.470383586954393,
    "brightness": 1.2,
    "hue_rotation": 221.83944345445306
  }
}