{
  "seed": "619dba9c-35c1-4bbd-a8e2-d57d8fc3dfcb",
  "params": {
    "transforms": [
      {
        "a": -0.5244819845452293,
        "b": 0.4747897927808402,
        "c": 0.7927775747382424,
        "d": 0.2769179810862854,
        "e": 1.0646523330720794,
        "f": 0.6309833038491091,
        "color": 0.5833855591299358,
        "weight": 0.3254806145895519,
        "variations": {
          "heart": 0.5227246764459199,
          "linear": 0.4700794099986836
        }
      },
      {
        "a": 0.7493844934155103,
        "b": -0.04898197164670415,
        "c": 0.9140764246786119,
        "d": -0.5009448345526923,
        "e": 1.3287425163419608,
        "f": -0.6026261365960477,
        "color": 0.009090035829591891,
        "weight": 0.7540193645007155,
        "variations": {
          "swirl": 0.6240601200130413
        }
      }
    ],
    "num_points": 1579849,
    "gamma": 2.39276164786477,
    "brightness": 1.2,
    "hue_rotation": 196.33223888042465
  }
}