{
  "seed": "7ac40c9b-6ead-4666-95cc-0aac1a198011",
  "params": {
    "transforms": [
      {
        "a": -0.8151596751863279,
        "b": -0.1174095441652181,
        "c": 0.9441689428031559,
        "d": -0.1409891571936681,
        "e": -0.15376141903547147,
        "f": -1.1091947512737081,
        "color": 0.8466157839531638,
        "weight": 0.223229425179426,
        "variations": {
          "polar": 0.21328053072640785,
          "sinusoidal": 0.010815828182349385
        }
      },
      {
        "a": -0.465823309349122,
        "b": 0.06117256712611252,
        "c": -0.9593683240316124,
        "d": 0.255669909379562,
        "e": 0.1682039481966413,
        "f": 0.2965481275993902,
        "color": 0.7673340771197223,
        "weight": 0.701262261162356,
        "variations": {
          "heart": 0.40306310549889013
        }
      },
      {
        "a": -0.3778908836029058,
        "b": 0.19900785805991172,
        "c": -0.9876384058380181,
        "d": -0.8340313681201375,
        "e": 1.2313326980117614,
        "f": -0.22162107966101985,
        "color": 0.6804473742280117,
        "weight": 0.7785622871297876,
        "variations": {
          "linear": 0.14838668286613554
        }
      }
    ],
    "num_points": 2459962,
    "gamma": 1.8791045498702181,
    "brightness": 1.2,
    "hue_rotation": 267.9252489148693
  }
}