{
  "seed": "d3ec5fa9-f5ef-45dc-90c4-d7231516ffc1",
  "params": {
    "transforms": [
      {
        "a": -0.6778879253348971,
        "b": 0.322077341615123,
        "c": 0.24703069936092237,
        "d": 0.01410037218322513,
        "e": -1.219031348318302,
        "f": -1.0465464558960837,
        "color": 0.5152823946720276,
        "weight": 0.9580177175478328,
        "variations": {
          "heart": 0.5949627341032123,
          "swirl": 0.8324588720469723,
          "linear": 0.451719849069637
        }
      },
      {
        "a": -0.9362669328121289,
        "b": -0.09329495065062221,
        "c": -0.784242346354391,
        "d": -0.9265769930927423,
        "e": 1.2593182613031715,
        "f": -0.9147088038928236,
        "color": 0.37536042165684236,
        "weight": 0.9135646763940991,
        "variations": {
          "polar": 0.29908459200753346,
          "swirl": 0.8531483142518435
        }
      }
    ],
    "num_points": 2744221,
    "gamma": 2.2202927321914077,
    "brightness": 1.2,
    "hue_rotation": 153.36163571723978
  }
}