{
  "seed": "e3d8bbb5-c234-4b75-ba33-dcb9f4407ff6",
  "params": {
    "transforms": [
      {
        "a": -0.25424072292840116,
        "b": -0.017762499620505023,
        "c": 0.94185064554976,
        "d": -0.8357779941353607,
        "e": 0.6505155348576612,
        "f": 0.34321835148058355,
        "color": 0.8601913678229927,
        "weight": 0.7004213711260597,
        "variations": {
          "sinusoidal": 0.08275627814036446
        }
      },
      {
        "a": 0.7068271999261087,
        "b": -0.05944147490127083,
        "c": 0.7120807511298088,
        "d": -0.26214469055203815,
        "e": -0.29659355270833165,
        "f": -0.02025662099848624,
        "color": 0.2577450373146011,
        "weight": 0.5360819519696403,
        "variations": {
          "linear": 0.9437558307818054,
          "polar": 0.3581850972660401,
          "heart": 0.7594169922268105
        }
      },
      {
        "a": -0.6107773779592547,
        "b": 0.17415563990685934,
        "c": -0.26820267294655853,
        "d": -0.4939615252610263,
        "e": 1.3304058500927294,
        "f": -0.7780577899157074,
        "color": 0.5982196453039886,
        "weight": 0.4118291994027361,
        "variations": {
          "polar": 0.7057121613095166,
          "linear": 0.295819730849362,
          "spherical": 0.07059548693639794
        }
      },
      {
        "a": 0.7313796413158127,
        "b": 0.293968852461304,
        "c": 0.10288895045942792,
        "d": 0.2994861374415425,
        "e": 1.307150986439623,
        "f": 0.1880291318667402,
        "color": 0.9101945498189741,
        "weight": 0.6837297909036704,
        "variations": {
          "polar": 0.695292371566198
        }
      }
    ],
    "num_points": 2696378,
    "gamma": 2.4266735353505897,
    "brightness": 1.2,
    "hue_rotation": 17.96999640245076
  }
}