{
  "seed": "8f8cd3d1-7bca-4ea5-b45c-e4952230b5d3",
  "params": {
    "transforms": [
      {
        "a": -0.7487614055680352,
        "b": 0.9030063065893348,
        "c": 0.4324037486428367,
        "d": 0.2759917727094503,
        "e": 0.9978180553209022,
        "f": 0.7019956479781366,
        "color": 0.33575920878717913,
        "weight": 0.805470034455528,
        "variations": {
          "spherical": 0.6328025959749471,
          "polar": 0.10071695683099946,
          "swirl": 0.6135460871225721
        }
      },
      {
        "a": 0.11259854818570547,
        "b": -0.3053527240574263,
        "c": 0.16975132867699427,
        "d": 0.9865432070416513,
        "e": -0.7003355610732303,
        "f": 0.14402453945193816,
        "color": 0.0515324296610179,
        "weight": 0.959415849979159,
        "variations": {
          "linear": 0.40716746336996745
        }
      }
    ],
    "num_points": 2184816,
    "gamma": 2.2192478671935962,
    "brightness": 1.2,
    "hue_rotation": 282.3363454802074
  }
}