{
  "seed": "d558d198-d75e-47ab-a390-4ac31bd49f32",
  "params": {
    "transforms": [
      {
        "a": -0.3648163136639959,
        "b": 0.5859383912566654,
        "c": 0.7215592582160422,
        "d": 0.900397418451875,
        "e": -1.4445327307794251,
        "f": 0.21397639170290672,
        "color": 0.9628049041416894,
        "weight": 0.8406758416280669,
        "variations": {
          "heart": 0.16721586798283805
        }
      },
      {
        "a": -0.31085614010766127,
        "b": 0.315405367338915,
        "c": -0.9200126769725645,
        "d": -0.1581017656827972,
        "e": -0.24319494905761285,
        "f": -0.3557643027072559,
        "color": 0.9113195485410199,
        "weight": 0.32294022157874386,
        "variations": {
          "heart": 0.25109732873566726,
          "polar": 0.4999817500875069,
          "sinusoidal": 0.13783881960447564
        }
      },
      {
        "a": 0.38502741871742496,
        "b": 0.5360098100427775,
        "c": -0.5025528546733891,
        "d": 0.1491117865124445,
        "e": -0.4050897295348843,
        "f": 0.8201844749003575,
        "color": 0.3600978871894873,
        "weight": 0.7033842301815577,
        "variations": {
          "sinusoidal": 0.8943121134276367,
          "spherical": 0.8894015150725855,
          "polar": 0.19534387347443727
        }
      },
      {
        "a": -0.06771316654422899,
        "b": -0.2938931257000219,
        "c": -0.9410861282183167,
        "d": 0.12154133776971077,
        "e": -0.32287836976371453,
        "f": 1.0195674395868854,
        "color": 0.4917437451870894,
        "weight": 0.3064592175989733,
        "variations": {
          "polar": 0.4203852626159693,
          "spherical": 0.02086651665902961
        }
      }
    ],
    "num_points": 2017254,
    "gamma": 2.0885056872280385,
    "brightness": 1.2,
    "hue_rotation": 217.6009127987261
  }
}