{
  "seed": "e4664039-f251-4a66-8c45-185b55efb969",
  "params": {
    "transforms": [
      {
        "a": -0.0994625000852043,
        "b": 0.13428676578172039,
        "c": -0.17687409917440688,
        "d": 0.6410262510001392,
        "e": -0.1941583393639177,
        "f": 0.978631806974466,
        "color": 0.36487847547308816,
        "weight": 0.7333579390442609,
        "variations": {
          "heart": 0.5063322898103502,
          "linear": 0.31724123574013796
        }
      },
      {
        "a": -0.8774311095145302,
        "b": -0.21009467024662198,
        "c": 0.6871012970520964,
        "d": 0.3787545521563003,
        "e": 0.926630696720963,
        "f": -1.3216346569418074,
        "color": 0.09160850119374708,
        "weight": 0.9161017644850229,
        "variations": {
          "swirl": 0.07959787674646479,
          "sinusoidal": 0.6692924972248981
        }
      },
      {
        "a": -0.4823718563079742,
        "b": -0.3613620647319953,
        "c": 0.30639978674664325,
        "d": -0.40071936583292644,
        "e": 1.2501075272868984,
        "f": -0.45657691818776325,
        "color": 0.610612943091756,
        "weight": 0.1392756779362058,
        "variations": {
          "linear": 0.23813931372111097,
          "heart": 0.9344618359582727
        }
      },
      {
        "a": 0.9765859229888618,
        "b": -0.8770205134243565,
        "c": 0.24393457891584158,
        "d": 0.3345063043688874,
        "e": 1.2397385993371737,
        "f": 0.4678996734149461,
        "color": 0.6617854209382898,
        "weight": 0.6892437425749657,
        "variations": {
          "swirl": 0.555348908372012
        }
      }
    ],
    "num_points": 1835955,
    "gamma": 2.228008812434128,
    "brightness": 1.2,
    "hue_rotation": 145.24082609964435
  }
}