{
  "seed": "62da2736-4d28-4e70-a2e8-266338b7dc44",
  "params": {
    "transforms": [
      {
        "a": 0.8720719056731274,
        "b": 0.29701159753621864,
        "c": 0.6927657669380805,
        "d": 0.1804699342558611,
        "e": 0.7446381278248104,
        "f": 1.0161545712125153,
        "color": 0.04792478098570485,
        "weight": 0.6562367720054383,
        "variations": {
          "sinusoidal": 0.23109649235883312,
          "linear": 0.037290590401999446
        }
      },
      {
        "a": -0.1424178396616933,
        "b": -0.11036896056362644,
        "c": -0.11238065086905502,
        "d": 0.4959444799857562,
        "e": -1.2688996163245068,
        "f": 0.47645784704593686,
        "color": 0.754534421090206,
        "weight": 0.4754343456712101,
        "variations": {
          "heart": 0.13976869491662958,
          "linear": 0.7364542961061031
        }
      }
    ],
    "num_points": 1637537,
    "gamma": 2.3796563654389047,
    "brightness": 1.2,
    "hue_rotation": 28.027969614030145
  }
}