{
  "seed": "b975b279-0e31-45b7-bd47-3890c3f8a522",
  "params": {
    "transforms": [
      {
        "a": 0.6565637973540892,
        "b": -0.983515992212838,
        "c": -0.024082614183529527,
        "d": -0.05959477243353484,
        "e": -0.8146513647902986,
        "f": -0.7773916065389678,
        "color": 0.5375140314147985,
        "weight": 0.7079908906933154,
        "variations": {
          "linear": 0.86452676657146,
          "heart": 0.6732423136287545
        }
      },
      {
        "a": -0.2202764554998431,
        "b": -0.5172360075209108,
        "c": -0.16756692934713158,
        "d": -0.10723420667200068,
        "e": 0.8288135999731132,
        "f": 0.3968661578262629,
        "color": 0.9814199473482962,
        "weight": 0.7454056304969001,
        "variations": {
          "sinusoidal": 0.5895340536011563
        }
      },
      {
        "a": -0.7692736246287144,
        "b": -0.5764536302526007,
        "c": -0.3472513658939227,
        "d": -0.653164545307209,
        "e": -0.9356991230100549,
        "f": 0.9974396685639584,
        "color": 0.6472008693370551,
        "weight": 0.68421432209002,
        "variations": {
          "polar": 0.384785048670219,
          "linear": 0.07959354848308164
        }
      }
    ],
    "num_points": 1669255,
    "gamma": 2.3141134053334276,
    "brightness": 1.2,
    "hue_rotation": 178.1689791821375
  }
}