{
  "seed": "4b7df412-e0fb-4235-be7e-535ee8b2f48a",
  "params": {
    "transforms": [
      {
        "a": 0.006058799779948831,
        "b": -0.2777844852873761,
        "c": 0.21942749937454065,
        "d": -0.6670966415808282,
        "e": -0.8114254511498415,
        "f": -0.722645001475181,
        "color": 0.7672818799822676,
        "weight": 0.9050046187240285,
        "variations": {
          "sinusoidal": 0.4449456774607029,
          "swirl": 0.6017696762599405
        }
      },
      {
        "a": -0.28412395119312683,
        "b": -0.10770301388040537,
        "c": -0.9229333448718224,
        "d": -0.14074950609915526,
        "e": -0.2959696443780615,
        "f": 0.9620374816242698,
        "color": 0.7692654815542654,
        "weight": 0.8417273755877808,
        "variations": {
          "sinusoidal": 0.9862451000769791,
          "spherical": 0.2546102012334098,
          "polar": 0.23995135708842785
        }
      },
      {
        "a": -0.8900737563793286,
        "b": 0.9743582694356698,
        "c": -0.24538646825141863,
        "d": -0.009313247054562268,
        "e": -0.40894489927665933,
        "f": -0.5886203052982906,
        "color": 0.3234492121383351,
        "weight": 0.6287834498465609,
        "variations": {
          "swirl": 0.4669756403086559
        }
      },
      {
        "a": 0.3452559990908377,
        "b": 0.20536577767994846,
        "c": 0.5916353580888412,
        "d": -0.5687168293302025,
        "e": 0.7632543848275981,
        "f": -0.8107074854171441,
        "color": 0.08020244788455877,
        "weight": 0.8163020995765107,
        "variations": {
          "polar": 0.290758388893542,
          "linear": 0.034281723080860194
        }
      }
    ],
    "num_points": 2728968,
    "gamma": 2.1083287561947968,
    "brightness": 1.2,
    "hue_rotation": 91.07099260855964
  }
}