{
  "seed": "d56b8db7-4c08-4074-b582-303e46458870",
  "params": {
    "transforms": [
      {
        "a": 0.49370910994577377,
        "b": 0.2770992544066624,
        "c": -0.2883748304469367,
        "d": 0.5414927866280626,
        "e": 1.3401812462088776,
        "f": -0.789229330005884,
        "color": 0.7616323293803674,
        "weight": 0.8282358184285599,
        "variations": {
          "swirl": 0.40738152202919076
        }
      },
      {
        "a": 0.4892833379970274,
        "b": 0.08337530116103364,
        "c": -0.5781877286824948,
        "d": 0.5028030408759834,
        "e": 1.0482255134707001,
        "f": -0.9478638453488106,
        "color": 0.7027143941047,
        "weight": 0.8246191409494423,
        "variations": {
          "heart": 0.8642581434191304
        }
      },
      {
        "a": 0.2942117100759982,
        "b": -0.6277851996392336,
        "c": -0.05631988614781536,
        "d": 0.6509625421035583,
        "e": 0.26167359321795813,
        "f": -0.007397145172619357,
        "color": 0.6474815688362122,
        "weight": 0.4974753249955308,
        "variations": {
          "spherical": 0.8765421181204041,
          "heart": 0.9666119380427423
        }
      }
    ],
    "num_points": 2513472,
    "gamma": 2.149501290527082,
    "brightness": 1.2,
    "hue_rotation": 118.93492605979387
  }
}