{
  "seed": "95f9f3fa-a4eb-4a5f-afd2-a7e0bbaf703e",
  "params": {
    "transforms": [
      {
        "a": 0.7648256908454776,
        "b": -0.949870696607273,
        "c": 0.6803492844000476,
        "d": 0.035629282397970696,
        "e": 0.09991777827829451,
        "f": -0.8827899051151676,
        "color": 0.49118077689468687,
        "weight": 0.8888501040659949,
        "variations": {
          "heart": 0.037907562495536395,
          "polar": 0.6561772105782441,
          "linear": 0.2939819884648396
        }
      },
      {
        "a": 0.7064719069070244,
        "b": -0.875515250748867,
        "c": 0.4206735594292892,
        "d": 0.21895782821069565,
        "e": -1.2280333469236568,
        "f": -0.23641902872951603,
        "color": 0.13068205969129565,
        "weight": 0.16082177865309938,
        "variations": {
          "sinusoidal": 0.3610109881418836
        }
      }
    ],
    "num_points": 2933786,
    "gamma": 1.8258700447939011,
    "brightness": 1.2,
    "hue_rotation": 91.92325266726247
  }
}