{
  "seed": "4126db84-e049-46cc-b6c7-c8ee043107a4",
  "params": {
    "transforms": [
      {
        "a": 0.793777646129386,
        "b": 0.9283817261734386,
        "c": 0.2872194203532996,
        "d": 0.19582359153149786,
        "e": -0.15109796379199114,
        "f": 0.3883334879626634,
        "color": 0.2750383706472549,
        "weight": 0.2041553254873028,
        "variations": {
          "sinusoidal": 0.4303263488951623,
          "swirl": 0.8958223344235435
        }
      },
      {
        "a": 0.06636033197930802,
        "b": 0.5760800979383576,
        "c": 0.4556080246908236,
        "d": 0.7759705268895964,
        "e": -0.025991941450639322,
        "f": 1.13775091126975,
        "color": 0.051074599938975895,
        "weight": 0.8533487534099714,
        "variations": {
          "heart": 0.5761769503335377
        }
      },
      {
        "a": 0.704583529715566,
        "b": 0.9671895942338422,
        "c": 0.36202911211385835,
        "d": 0.254274876430135,
        "e": 0.3255444319453047,
        "f": 0.7315688561768594,
        "color": 0.4832841519395352,
        "weight": 0.1906666714904819,
        "variations": {
          "swirl": 0.43791513104822966
        }
      }
    ],
    "num_points": 2533003,
    "gamma": 1.9490240512132293,
    "brightness": 1.2,
    "hue_rotation": 244.6270054807546
  }
}