{
  "seed": "f22aeabc-d52d-434c-b8d6-08789c1bc087",
  "params": {
    "transforms": [
      {
        "a": -0.2093575876823679,
        "b": 0.22822586838608072,
        "c": -0.5678702789121932,
        "d": 0.3815663188267082,
        "e": -1.3639806409154336,
        "f": -0.9277657438749888,
        "color": 0.3133308891939106,
        "weight": 0.7972762724758101,
        "variations": {
          "sinusoidal": 0.5377530949960296
        }
      },
      {
        "a": 0.26729484452586516,
        "b": 0.40145095362660554,
        "c": 0.23006563333968244,
        "d": -0.04377465479750775,
        "e": 1.1966497247057375,
        "f": -0.10790101497876314,
        "color": 0.28651982570775947,
        "weight": 0.8048831970932613,
        "variations": {
          "polar": 0.8689830513818579
        }
      },
      {
        "a": 0.3505474775978006,
        "b": 0.5937252849111763,
        "c": -0.5349113287948761,
        "d": 0.9096448941512227,
        "e": -1.0372226638286868,
        "f": 0.7388843648743286,
        "color": 0.9496318101759293,
        "weight": 0.31758647458121614,
        "variations": {
          "heart": 0.7932320404793733,
          "swirl": 0.8238235468307488,
          "polar": 0.6029241761961547
        }
      }
    ],
    "num_points": 1512117,
    "gamma": 2.2199504061504074,
    "brightness": 1.2,
    "hue_rotation": 145.00179424126293
  }
}