{
  "seed": "9d4e6746-92f1-4476-91e9-b47abea5c705",
  "params": {
    "transforms": [
      {
        "a": -0.018694797812808472,
        "b": -0.1359614513735392,
        "c": 0.35734051238385933,
        "d": -0.4703342508405166,
        "e": 0.4993038917770738,
        "f": -1.0432947712482807,
        "color": 0.5785996844626123,
        "weight": 0.8246077211839862,
        "variations": {
          "linear": 0.2902273157400467,
          "polar": 0.4828560935462852,
          "sinusoidal": 0.4987398780864878
        }
      },
      {
        "a": 0.12650556233836596,
        "b": 0.49626271768914365,
        "c": -0.6189071784296891,
        "d": -0.2613770361693868,
        "e": 0.5920563171469828,
        "f": -0.18451521741095767,
        "color": 0.3946723886371961,
        "weight": 0.825025353970312,
        "variations": {
          "spherical": 0.8151726836126364
        }
      },
      {
        "a": -0.03521030129425018,
        "b": 0.7438839082108277,
        "c": 0.6859893488067654,
        "d": 0.2734653805580065,
        "e": -0.8450342924920269,
        "f": -0.2309465722837134,
        "color": 0.9739373391476769,
        "weight": 0.32274493410228944,
        "variations": {
          "sinusoidal": 0.08910921841036468,
          "linear": 0.9008605104805032,
          "spherical": 0.28120313331695534
        }
      }
    ],
    "num_points": 1145443,
    "gamma": 2.4475225686798967,
    "brightness": 1.2,
    "hue_rotation": 327.53463111083033
  }
}