{
  "seed": "47d9504b-b0bc-4dbb-9a26-e2cba8776d24",
  "params": {
    "transforms": [
      {
        "a": -0.1205157342146872,
        "b": 0.4899229269710621,
        "c": -0.10655451676960093,
        "d": 0.878396174421392,
        "e": -0.4929035040490173,
        "f": -1.1201569119445256,
        "color": 0.47196288647769136,
        "weight": 0.43613570864747664,
        "variations": {
          "swirl": 0.5428211092330979,
          "polar": 0.8909376912814755
        }
      },
      {
        "a": 0.9502026850521379,
        "b": -0.165639208851736,
        "c": -0.03471038554481143,
        "d": -0.44417736527146734,
        "e": -0.4218745586691648,
        "f": 0.12762316661826478,
        "color": 0.5371835661574479,
        "weight": 0.6383430536880957,
        "variations": {
          "swirl": 0.7683486117455303,
          "polar": 0.3518216727880451
        }
      },
      {
        "a": 0.23985189013137775,
        "b": 0.012466760844231706,
        "c": 0.5552264985812281,
        "d": 0.4507565486364469,
        "e": -0.7672165767329041,
        "f": 1.4691892732114842,
        "color": 0.9693257443507136,
        "weight": 0.9057610179851208,
        "variations": {
          "linear": 0.05153710702260417,
          "spherical": 0.9950318193049321
        }
      }
    ],
    "num_points": 1472214,
    "gamma": 2.2677677485932968,
    "brightness": 1.2,
    "hue_rotation": 301.9777182728622
  }
}