{
  "seed": "cd1d1ede-0390-4f92-a74f-f73aee4a96dc",
  "params": {
    "transforms": [
      {
        "a": -0.6483860228623191,
        "b": -0.9281798181269678,
        "c": 0.6796576304729987,
        "d": 0.7343495301548018,
        "e": 1.0619453130495522,
        "f": -0.46405758003903363,
        "color": 0.2666224577858909,
        "weight": 0.40903467233101976,
        "variations": {
          "heart": 0.041902289704939366,
          "polar": 0.15159942781767854,
          "linear": 0.6259303809944449
        }
      },
      {
        "a": 0.7370160358239974,
        "b": 0.39678533563240515,
        "c": 0.24990110416187705,
        "d": -0.6055889071244169,
        "e": -0.4814919610853883,
        "f": 0.9483732813068086,
        "color": 0.8918236315916949,
        "weight": 0.29476280070455185,
        "variations": {
          "heart": 0.8093878654151001
        }
      }
    ],
    "num_points": 1637443,
    "gamma": 1.8497017117372674,
    "brightness": 1.2,
    "hue_rotation": 335.19167054211437
  }
}