{
  "seed": "ab6823c1-66d5-433b-8fc5-6309683ba08c",
  "params": {
    "transforms": [
      {
        "a": -0.1516801952771616,
        "b": -0.515704248104512,
        "c": 0.38649342923248975,
        "d": 0.9310078700819302,
        "e": -0.45601085014150833,
        "f": -1.1261425221632275,
        "color": 0.12771187891275404,
        "weight": 0.969419001169045,
        "variations": {
          "swirl": 0.4512747412181026,
          "sinusoidal": 0.29787855957489595
        }
      },
      {
        "a": -0.7056102944805029,
        "b": 0.6125316286729601,
        "c": -0.628890312146249,
        "d": -0.48535090106785295,
        "e": -0.6416250126850155,
        "f": 1.102091904007799,
        "color": 0.9408127069843887,
        "weight": 0.41591721614680577,
        "variations": {
          "sinusoidal": 0.8260723861424306,
          "spherical": 0.8011372104225489,
          "swirl": 0.7042290099576035
        }
      },
      {
        "a": -0.11632958997338738,
        "b": -0.047963590071623985,
        "c": -0.5677980655569523,
        "d": -0.07119021298158379,
        "e": 0.8576861708378729,
        "f": -0.42256017613686403,
        "color": 0.525687964458722,
        "weight": 0.58672584410613,
        "variations": {
          "polar": 0.11210538346623844,
          "sinusoidal": 0.4637955249034321
        }
      }
    ],
    "num_points": 1806326,
    "gamma": 1.892035258405838,
    "brightness": 1.2,
    "hue_rotation": 251.17783206511882
  }
}