{
  "seed": "fe879a5c-cf8e-4c85-91d4-3677fc88dd52",
  "params": {
    "transforms": [
      {
        "a": -0.9819860722539493,
        "b": -0.2215192882811201,
        "c": -0.5147613023472826,
        "d": -0.620768634477449,
        "e": 0.8119199142150788,
        "f": -0.4912331121378002,
        "color": 0.3443461940443677,
        "weight": 0.5644423415279421,
        "variations": {
          "polar": 0.7437355792311343
        }
      },
      {
        "a": -0.7782846610154543,
        "b": -0.3925168595630397,
        "c": 0.1538168339681183,
        "d": -0.4266195879577863,
        "e": 0.437084558075326,
        "f": 0.340748540330154,
        "color": 0.5054916427335687,
        "weight": 0.48940169076039397,
        "variations": {
          "linear": 0.08663352550017622,
          "sinusoidal": 0.4185524982189075,
          "spherical": 0.008115308106358077
        }
      }
    ],
    "num_points": 2050836,
    "gamma": 2.2785845071771695,
    "brightness": 1.2,
    "hue_rotation": 302.8943748891648
  }
}