{
  "seed": "cdbda0db-1740-45c6-945d-f2d39e270989",
  "params": {
    "transforms": [
      {
        "a": -0.9707094845886322,
        "b": -0.7562493078061814,
        "c": -0.07756159061133672,
        "d": -0.9706547131840588,
        "e": -0.9122514021475632,
        "f": 1.1981110949685947,
        "color": 0.9949141386323562,
        "weight": 0.29165736736496417,
        "variations": {
          "spherical": 0.7632925634814502,
          "sinusoidal": 0.5165206456387513,
          "swirl": 0.1054155798011357
        }
      },
      {
        "a": 0.6759552168582086,
        "b": -0.8303051641038803,
        "c": 0.27135727167897983,
        "d": -0.7988973396776535,
        "e": -0.42151489724037683,
        "f": 0.7845233336926847,
        "color": 0.25229411664180523,
        "weight": 0.611010030458267,
        "variations": {
          "polar": 0.8204882671290229,
          "linear": 0.4637790884299152,
          "swirl": 0.41789815815945286
        }
      }
    ],
    "num_points": 1231568,
    "gamma": 2.3658216087109496,
    "brightness": 1.2,
    "hue_rotation": 126.85204661226015
  }
}