{
  "seed": "0382915a-7c13-4744-81e5-8ff7b4713a40",
  "params": {
    "transforms": [
      {
        "a": -0.8027825882553838,
        "b": 0.29650331082112236,
        "c": 0.06864577846585251,
        "d": -0.8572735062454424,
        "e": -1.4564883843449736,
        "f": 0.5039474438341829,
        "color": 0.11012572671486953,
        "weight": 0.1102439007988304,
        "variations": {
          "swirl": 0.3082275472159076,
          "polar": 0.5836323006859591,
          "linear": 0.8173602673884969
        }
      },
      {
        "a": -0.628333738021462,
        "b": -0.1746646953975528,
        "c": -0.5096188329126947,
        "d": 0.5538991110845477,
        "e": -0.9198319740270959,
        "f": 0.14081076536947945,
        "color": 0.45289021078784886,
        "weight": 0.9506465412900263,
        "variations": {
          "polar": 0.261899531359125,
          "spherical": 0.046737951047633564
        }
      },
      {
        "a": -0.37404814701568423,
        "b": 0.8246721184644081,
        "c": -0.38107374915482084,
        "d": 0.4190148483159839,
        "e": -0.7720178422923352,
        "f": -0.8960446559857191,
        "color": 0.04439974090296395,
        "weight": 0.8651348667215979,
        "variations": {
          "heart": 0.6714833466837136,
          "linear": 0.6979191955195697,
          "polar": 0.036505737634033086
        }
      },
      {
        "a": 0.675480339646443,
        "b": 0.5243494124149963,
        "c": -0.9634928289948466,
        "d": 0.32709342686401155,
        "e": 0.1985443673952143,
        "f": 1.3729082361750642,
        "color": 0.09677455434708981,
        "weight": 0.8350104804198776,
        "variations": {
          "swirl": 0.7778704349264245
        }
      }
    ],
    "num_points": 1578124,
    "gamma": 2.3423399824984497,
    "brightness": 1.2,
    "hue_rotation": 62.85706919648638
  }
}