{
  "seed": "871ec946-d365-4a50-9b02-1fb60a896e5b",
  "params": {
    "transforms": [
      {
        "a": -0.6087120672565862,
        "b": 0.4763100655888626,
        "c": 0.44391737545797016,
        "d": -0.3194672449674716,
        "e": 0.013774926209624283,
        "f": -0.9483752481686766,
        "color": 0.21207852943157723,
        "weight": 0.41546550651312486,
        "variations": {
          "linear": 0.433080609712151,
          "swirl": 0.31709149365144107,
          "spherical": 0.8221669689955216
        }
      },
      {
        "a": -0.4922430407510092,
        "b": -0.9253001572352355,
        "c": 0.4501476228415422,
        "d": -0.4706912305434934,
        "e": -0.03606733524025385,
        "f": 1.1860175768280614,
        "color": 0.9132794635171235,
        "weight": 0.5878817411528747,
        "variations": {
          "polar": 0.656438854475015,
          "spherical": 0.4841292775721252,
          "swirl": 0.8126342599940167
        }
      }
    ],
    "num_points": 1047717,
    "gamma": 2.2052921464891364,
    "brightness": 1.2,
    "hue_rotation": 96.43482952799432
  }
}