{
  "seed": "28228d0a-73de-4954-af33-0ca0250a2961",
  "params": {
    "transforms": [
      {
        "a": 0.1559758931433992,
        "b": -0.08985307498071271,
        "c": 0.35222624792137913,
        "d": -0.08561164126153176,
        "e": 0.12367649201661512,
        "f": -1.0915426269005093,
        "color": 0.4358617518197585,
        "weight": 0.20291935311609555,
        "variations": {
          "linear": 0.8194875866290443
        }
      },
      {
        "a": 0.7741102330533367,
        "b": -0.02485054931655606,
        "c": -0.9741499934938174,
        "d": 0.903471770859869,
        "e": 0.41783987716027227,
        "f": -0.28139085334459923,
        "color": 0.2814540995652134,
        "weight": 0.6519611753588583,
        "variations": {
          "polar": 0.4833641629460932,
          "linear": 0.9691718098498521,
          "spherical": 0.4750019240104053
        }
      },
      {
        "a": 0.7613226638745043,
        "b": 0.6397077200513144,
        "c": -0.07522832346309927,
        "d": 0.7189964700329352,
        "e": -1.4373108610985406,
        "f": 1.3368559232606652,
        "color": 0.11105580041219432,
        "weight": 0.37031739202597747,
        "variations": {
          "polar": 0.11416709756309851
        }
      }
    ],
    "num_points": 2211099,
    "gamma": 2.3238617263593815,
    "brightness": 1.2,
    "hue_rotation": 53.200674780463146
  }
}