{
  "seed": "6f1721df-34f3-427a-91cf-f152636c14ad",
  "params": {
    "transforms": [
      {
        "a": 0.7188672380666239,
        "b": -0.36376192056133005,
        "c": -0.9000580387731374,
        "d": -0.9436171767551014,
        "e": 1.1751857390451002,
        "f": 0.4224629800379578,
        "color": 0.10115163647935388,
        "weight": 0.3649626784711948,
        "variations": {
          "linear": 0.1696552182546316,
          "sinusoidal": 0.0514759777283732,
          "polar": 0.445558546746623
        }
      },
      {
        "a": 0.5551233916723333,
        "b": 0.07649352051699898,
        "c": -0.7546254419391785,
        "d": 0.2951444355748667,
        "e": -0.34584044769647604,
        "f": 0.6039435751753817,
        "color": 0.8022650684747471,
        "weight": 0.7068493578923731,
        "variations": {
          "swirl": 0.09428168983612017,
          "sinusoidal": 0.5361722109122186
        }
      }
    ],
    "num_points": 1731829,
    "gamma": 2.068895481911622,
    "brightness": 1.2,
    "hue_rotation": 308.73761698543785
  }
}