{
  "seed": "c13829e5-4336-4dbd-a03d-0951db7aeb1b",
  "params": {
    "transforms": [
      {
        "a": -0.8485231351693348,
        "b": -0.6203801789942913,
        "c": 0.12516769760247848,
        "d": -0.8570460835177025,
        "e": 1.0147412532943503,
        "f": 0.5462869826329153,
        "color": 0.8517185301731938,
        "weight": 0.6655862489406358,
        "variations": {
          "heart": 0.7885970776220423,
          "sinusoidal": 0.049746616835026125,
          "linear": 0.09179267851983719
        }
      },
      {
        "a": -0.6514249337677038,
        "b": -0.5704666630106228,
        "c": -0.9584345266332295,
        "d": 0.04407480749214843,
        "e": -1.3513286060480705,
        "f": -1.0918253670181437,
        "color": 0.27860263049805534,
        "weight": 0.8227099585133346,
        "variations": {
          "heart": 0.19925190509999613,
          "sinusoidal": 0.38717284510255245
        }
      },
      {
        "a": 0.9042964617489304,
        "b": 0.6198379014437527,
        "c": -0.12541782110737243,
        "d": 0.8836743974311854,
        "e": 0.7853388885498478,
        "f": -0.7330662455746697,
        "color": 0.36067513343097635,
        "weight": 0.9960263097510964,
        "variations": {
          "sinusoidal": 0.7197278492810267
        }
      }
    ],
    "num_points": 1254994,
    "gamma": 2.0112274162109527,
    "brightness": 1.2,
    "hue_rotation": 151.7134366771017
  }
}