{
  "seed": "fbd990a9-3729-436a-8cc1-82fe4c9c5784",
  "params": {
    "transforms": [
      {
        "a": 0.6137821309491578,
        "b": -0.36680700243083786,
        "c": 0.3510048131891761,
        "d": -0.011746826982945713,
        "e": 0.41427298643468546,
        "f": -0.15872686234686073,
        "color": 0.9254468049888869,
        "weight": 0.8464907882724693,
        "variations": {
          "polar": 0.5872474192014058,
          "sinusoidal": 0.711230054411609,
          "spherical": 0.586537762371067
        }
      },
      {
        "a": 0.1544498599730415,
        "b": 0.19443916075117684,
        "c": -0.7234402639860762,
        "d": 0.28701446253001817,
        "e": 1.4557611598759892,
        "f": 0.18315765663935402,
        "color": 0.9427700551953836,
        "weight": 0.3327569189997209,
        "variations": {
          "heart": 0.9565536347073623
        }
      },
      {
        "a": -0.9816815616269332,
        "b": -0.832265599469415,
        "c": 0.6306466064627476,
        "d": 0.4860265515866593,
        "e": 0.9320923384614765,
        "f": 0.6287042691372582,
        "color": 0.22132357635240918,
        "weight": 0.6839406339300272,
        "variations": {
          "spherical": 0.04689523532630646,
          "heart": 0.33446963003706687,
          "polar": 0.7963470219360157
        }
      }
    ],
    "num_points": 1400045,
    "gamma": 2.1855875817414656,
    "brightness": 1.2,
    "hue_rotation": 242.5169347541987
  }
}