{
  "seed": "693578d6-77d8-48fc-af4f-6f212f40bc57",
  "params": {
    "transforms": [
      {
        "a": 0.06942645626466071,
        "b": -0.5430093534033242,
        "c": 0.28607634385416025,
        "d": 0.4627239662670388,
        "e": -1.124747263704321,
        "f": -0.23507385251457968,
        "color": 0.9927165203943158,
        "weight": 0.2653676298224577,
        "variations": {
          "spherical": 0.5416090505205788,
          "linear": 0.25561894333077484
        }
      },
      {
        "a": -0.8091985573567553,
        "b": -0.8632684467640124,
        "c": 0.20141019862955623,
        "d": -0.4017124914159391,
        "e": -0.4972112075298707,
        "f": -0.5702300694077279,
        "color": 0.710054022989634,
        "weight": 0.1528641572395563,
        "variations": {
          "linear": 0.8180170167619703
        }
      }
    ],
    "num_points": 2222669,
    "gamma": 2.3126719792832446,
    "brightness": 1.2,
    "hue_rotation": 235.26181409811625
  }
}