{
  "seed": "2f0b0f12-3956-44a3-a087-37047d50743f",
  "params": {
    "transforms": [
      {
        "a": 0.10131351001637134,
        "b": -0.0723120442676024,
        "c": -0.6628952047512204,
        "d": 0.2896206911256465,
        "e": -0.9519056626696979,
        "f": 1.434033038099019,
        "color": 0.31497705169764534,
        "weight": 0.3320111412435851,
        "variations": {
          "swirl": 0.06855512021932475,
          "linear": 0.9008115990874127,
          "polar": 0.788724426563426
        }
      },
      {
        "a": 0.18425158152357968,
        "b": -0.09593528985839006,
        "c": -0.05721953549608472,
        "d": -0.019954970713053077,
        "e": 0.09827286976633887,
        "f": -1.287972374266479,
        "color": 0.7276431784626357,
        "weight": 0.48054665592774126,
        "variations": {
          "spherical": 0.4917549405714501,
          "sinusoidal": 0.36823592841088104,
          "swirl": 0.38672281459191327
        }
      },
      {
        "a": 0.5843955113880455,
        "b": 0.5516677804168708,
        "c": 0.16992492276978632,
        "d": 0.9161133631397584,
        "e": -0.18207048994163078,
        "f": -0.8725842701962636,
        "color": 0.2375628633600616,
        "weight": 0.4410831919728887,
        "variations": {
          "linear": 0.7829912603993713,
          "sinusoidal": 0.1562536739180791,
          "polar": 0.27083999168191175
        }
      }
    ],
    "num_points": 2905670,
    "gamma": 2.12114984506419,
    "brightness": 1.2,
    "hue_rotation": 86.2418542142092
  }
}