{
  "seed": "496fe719-3ac0-45f4-ae20-e442760f7959",
  "params": {
    "transforms": [
      {
        "a": 0.406345201951938,
        "b": 0.03571497294731718,
        "c": 0.6307671363502851,
        "d": 0.41987479210195566,
        "e": -0.2991264919288068,
        "f": -1.1462638250564567,
        "color": 0.7862170211831485,
        "weight": 0.5108252514965452,
        "variations": {
          "polar": 0.7657387786450833,
          "swirl": 0.7157978801247078
        }
      },
      {
        "a": -0.5710436761239435,
        "b": 0.9106230169494598,
        "c": 0.08384542251567084,
        "d": -0.9419024010313832,
        "e": -1.1970947270366352,
        "f": -0.23750164454438982,
        "color": 0.7856420707685264,
        "weight": 0.685110294687231,
        "variations": {
          "linear": 0.9434687479430969,
          "polar": 0.5305089165146263,
          "heart": 0.24733079254698787
        }
      }
    ],
    "num_points": 1927136,
    "gamma": 2.0937691664630713,
    "brightness": 1.2,
    "hue_rotation": 294.8701977991172
  }
}