{
  "seed": "51e914a8-61e7-46c9-858f-625097a86391",
  "params": {
    "transforms": [
      {
        "a": -0.0014335790169308638,
        "b": -0.8806628867849877,
        "c": 0.8674003652577198,
        "d": 0.2839783246347938,
        "e": -0.1654720035683579,
        "f": 0.7300292836343134,
        "color": 0.31934869098427787,
        "weight": 0.43950967514862593,
        "variations": {
          "polar": 0.3467344552337128,
          "heart": 0.30713757598660696,
          "spherical": 0.6194948084409905
        }
      },
      {
        "a": -0.03027911308712139,
        "b": 0.08630183577866579,
        "c": -0.569745668175017,
        "d": -0.052720824123067445,
        "e": 0.3447829756366303,
        "f": -0.6978161352691765,
        "color": 0.09677882603125543,
        "weight": 0.8124283227584014,
        "variations": {
          "heart": 0.2372959817409248
        }
      }
    ],
    "num_points": 1144564,
    "gamma": 2.4068765751937367,
    "brightness": 1.2,
    "hue_rotation": 281.68686796398754
  }
}