{
  "seed": "f7181e22-b98a-4c4a-acf1-e8bec6b0ba2b",
  "params": {
    "transforms": [
      {
        "a": -0.7913305377760789,
        "b": -0.7406255820780174,
        "c": -0.4699752268410353,
        "d": -0.18838413049946334,
        "e": -1.33726047694313,
        "f": 0.5749229670958149,
        "color": 0.2501547414656593,
        "weight": 0.7416813350097057,
        "variations": {
          "spherical": 0.10201584936487185,
          "polar": 0.47622619249081877
        }
      },
      {
        "a": -0.2761144857336162,
        "b": -0.6806897149993332,
        "c": 0.7638621318894023,
        "d": -0.40167413814650477,
        "e": -0.8360402291798459,
        "f": -1.1614426339276678,
        "color": 0.6244101560014166,
        "weight": 0.6474840654409971,
        "variations": {
          "sinusoidal": 0.42869261200169395,
          "swirl": 0.2828141111059256,
          "linear": 0.7650667607017676
        }
      }
    ],
    "num_points": 2625837,
    "gamma": 2.1664483339615885,
    "brightness": 1.2,
    "hue_rotation": 68.37533643933769
  }
}