{
  "seed": "e1cf1d63-2411-4326-901a-e6c7c431232f",
  "params": {
    "transforms": [
      {
        "a": 0.7842893735964038,
        "b": 0.699297850831204,
        "c": 0.8970676414306242,
        "d": -0.5141832437972746,
        "e": 0.29004565168494567,
        "f": 0.20489258564203383,
        "color": 0.8509477414689725,
        "weight": 0.9173380178423421,
        "variations": {
          "swirl": 0.3476534861788779,
          "spherical": 0.45060983190967296,
          "polar": 0.9956457646488489
        }
      },
      {
        "a": 0.9483679855510423,
        "b": -0.0006937968600673194,
        "c": -0.15480809657048544,
        "d": 0.9037110025674913,
        "e": -0.2564353381124911,
        "f": -1.4906771879264455,
        "color": 0.5874680135120492,
        "weight": 0.44092473721732883,
        "variations": {
          "swirl": 0.5124998552165252,
          "sinusoidal": 0.7665271531897515
        }
      },
      {
        "a": 0.2062897488045814,
        "b": 0.885266675815191,
        "c": 0.7856662966662014,
        "d": -0.06399430321335076,
        "e": 0.21013561040340956,
        "f": 0.3647290474812741,
        "color": 0.329160082118487,
        "weight": 0.45799498766141633,
        "variations": {
          "heart": 0.9749677404772823,
          "linear": 0.790916788099823,
          "spherical": 0.3721792263214866
        }
      },
      {
        "a": 0.5885219710064808,
        "b": -0.13554379524858118,
        "c": -0.3829384537344609,
        "d": -0.5247492042443651,
        "e": -0.9351659229077309,
        "f": 0.6428772914776224,
        "color": 0.6248224058275829,
        "weight": 0.8058569888573126,
        "variations": {
          "polar": 0.9214570762244113,
          "spherical": 0.4763914378816101
        }
      }
    ],
    "num_points": 2329106,
    "gamma": 2.1154656639683407,
    "brightness": 1.2,
    "hue_rotation": 126.1030466344331
  }
}