{
  "seed": "d5642565-bfb0-4132-b905-fd2bef4dd344-423",
  "parameters": {
    "num_transforms": 2,
    "transforms": [
      {
        "a": 0.7869775329535784,
        "b": -0.9829868579922263,
        "c": -0.3415105817527697,
        "d": -0.1923897068539535,
        "e": -1.023842667889239,
        "f": 1.1201423115566116,
        "color": 0.6453354390505852,
        "variations": {
          "sinusoidal": 0.6259078684679625,
          "polar": 0.704120860679623,
          "heart": 0.6403872167765929,
          "spiral": 0.0
        },
        "weight": 0.6406038486031793
      },
      {
        "a": 0.864179770156388,
        "b": 0.8702987562863673,
        "c": 0.6457861267529172,
        "d": -0.5545900153714616,
        "e": -1.0323598918999473,
        "f": -0.5114567449606686,
        "color": 0.9887416879155756,
        "variations": {
          "polar": 0.616812907183931,
          "hyperbolic": 0.0,
          "heart": 0.2596718171634529,
          "sinusoidal": 0.0
        },
        "weight": 1.277277310244393
      }
    ],
    "num_points": 1140740,
    "gamma": 3.977006967678748,
    "brightness": 1.4788960605285417,
    "contrast": 0.5508664062833649,
    "hue_rotation": 196.02188250404376
  }
}