{
  "seed": "2d178f0c-15f0-495e-b874-d4e6069568a2-550",
  "parameters": {
    "num_transforms": 4,
    "transforms": [
      {
        "a": 1.2496435130338144,
        "b": 0.7748554746990566,
        "c": -0.3064330806836113,
        "d": -1.4580203449935245,
        "e": 0.3365224463175336,
        "f": -0.47469052979435356,
        "color": 0.15748436353325113,
        "variations": {
          "horseshoe": 0.0,
          "linear": 0.500269136331475,
          "swirl": 0.6740517062354829,
          "sinusoidal": 0.9483589270565236
        },
        "weight": 1.1225066634016743
      },
      {
        "a": -0.22731626972064012,
        "b": -0.3075803352372377,
        "c": -0.5962683375362661,
        "d": -0.833508779638555,
        "e": -0.37349412767885615,
        "f": -1.0948563741725077,
        "color": 0.020573068014721363,
        "variations": {
          "horseshoe": 0.6173223060349119,
          "hyperbolic": 0.0,
          "spiral": 0.0
        },
        "weight": 0.9286242529881066
      },
      {
        "a": 0.19436660203443945,
        "b": -0.08057438930394678,
        "c": -1.4901683241204435,
        "d": -0.4249956833838975,
        "e": -0.693442572239362,
        "f": 1.2244139463352899,
        "color": 0.32539559853345057,
        "variations": {
          "linear": 0.7697397846137681,
          "disc": 0.9151510559637152,
          "horseshoe": 0.7997030082862819,
          "spiral": 0.0
        },
        "weight": 1.4392362744499725
      },
      {
        "a": 0.27776708142939865,
        "b": 0.0751128042770437,
        "c": -0.07771111545224718,
        "d": -1.0714069124075083,
        "e": 0.4367718095119806,
        "f": -0.612949730592239,
        "color": 0.19560436062323494,
        "variations": {
          "disc": 0.0,
          "sinusoidal": 0.42349442902633383,
          "swirl": 0.0
        },
        "weight": 1.5217107342590204
      }
    ],
    "num_points": 2049688,
    "gamma": 3.824298383002236,
    "brightness": 1.207832697635595,
    "contrast": 0.5452814536393082,
    "hue_rotation": 24.976742352096867
  }
}