{
  "seed": "94c9037d-e895-4c61-9d6d-e23824bef57e",
  "params": {
    "transforms": [
      {
        "a": 0.09033513312007013,
        "b": -0.21153535636796095,
        "c": -0.9321157067118206,
        "d": -0.361543804777976,
        "e": 1.185801621581632,
        "f": 0.08771139586920063,
        "color": 0.470539588346229,
        "weight": 0.4025524461596389,
        "variations": {
          "swirl": 0.6815633716559935,
          "sinusoidal": 0.09170949517636917
        }
      },
      {
        "a": -0.04022480798205508,
        "b": 0.03233888055791012,
        "c": 0.5691142378678766,
        "d": -0.7820101619822968,
        "e": -0.06898841667063138,
        "f": 0.7868906799110817,
        "color": 0.010337678178930165,
        "weight": 0.6011912209226439,
        "variations": {
          "linear": 0.12030534947167704,
          "sinusoidal": 0.37773939387550637,
          "swirl": 0.2364985333723213
        }
      },
      {
        "a": -0.3350925098415354,
        "b": 0.10464270090923611,
        "c": 0.15323286176945095,
        "d": 0.6746344128674944,
        "e": -1.1987187061570812,
        "f": 0.6748363520482448,
        "color": 0.5917601070840627,
        "weight": 0.7262310683414178,
        "variations": {
          "polar": 0.723568738827067,
          "heart": 0.9685335702985265,
          "spherical": 0.9517071625828316
        }
      },
      {
        "a": 0.6153299289819856,
        "b": 0.47851583547152843,
        "c": 0.6363436324589347,
        "d": -0.9631929110637729,
        "e": 0.7809978618706723,
        "f": 0.5073071105272158,
        "color": 0.34352715061932615,
        "weight": 0.7553849526767253,
        "variations": {
          "linear": 0.562088063399082,
          "swirl": 0.6790486688309815,
          "sinusoidal": 0.5795264699930561
        }
      }
    ],
    "num_points": 2675794,
    "gamma": 1.8340517204488136,
    "brightness": 1.2,
    "hue_rotation": 20.01976699377998
  }
}