{
  "seed": "4581117e-efde-4ab2-b931-0d3915318db4-326",
  "parameters": {
    "num_transforms": 4,
    "transforms": [
      {
        "a": -0.1152744012359288,
        "b": -0.9858575913779206,
        "c": -0.05047898569133347,
        "d": -0.9083157894168978,
        "e": -0.338431173542304,
        "f": -0.26057961870653235,
        "color": 0.3866461851484402,
        "variations": {
          "linear": 0.173362119775904,
          "horseshoe": 0.9724506482765283
        },
        "weight": 1.9231081798662286
      },
      {
        "a": 0.7749895122057526,
        "b": -1.2383600838752615,
        "c": 0.7065958872019302,
        "d": -0.23244874699823015,
        "e": -1.246040326166142,
        "f": -1.3438584783246776,
        "color": 0.4224157491434789,
        "variations": {
          "heart": 0.0,
          "handkerchief": 0.8564531474303255,
          "polar": 0.07021509451153696,
          "hyperbolic": 0.30574404829368695
        },
        "weight": 0.7737292210083473
      },
      {
        "a": 0.16511266657408452,
        "b": -1.0459181838522817,
        "c": 0.9020564034072804,
        "d": -0.004367347708535085,
        "e": -0.4832042916778816,
        "f": 1.0411389481880509,
        "color": 0.5671057954082043,
        "variations": {
          "spiral": 0.08891378062631439,
          "hyperbolic": 0.11679709210287526
        },
        "weight": 1.3169286959402764
      },
      {
        "a": -0.9589008155951677,
        "b": -0.8803134721776155,
        "c": 1.052617174081142,
        "d": -0.12924722561709467,
        "e": 0.9856782935394697,
        "f": -1.4175757766608736,
        "color": 0.5252152279345708,
        "variations": {
          "linear": 0.17318537075745122,
          "swirl": 0.5311975921512563,
          "heart": 0.26149050758556436,
          "horseshoe": 0.05587116614689136
        },
        "weight": 1.6077614056702023
      }
    ],
    "num_points": 3599152,
    "gamma": 1.9543510792731367,
    "brightness": 1.3577096652944702,
    "contrast": 1.0783554589539226,
    "hue_rotation": 163.98322292386715
  }
}