{
  "seed": "31984b6c-c0ec-47fa-9c82-333f7e4b916b",
  "params": {
    "transforms": [
      {
        "a": -0.2552943272944703,
        "b": 0.024556514844831456,
        "c": -0.32766537686092834,
        "d": -0.2966388023925206,
        "e": -1.1932181431546538,
        "f": -0.10809119083479479,
        "color": 0.8367137876695715,
        "weight": 0.5657055767535445,
        "variations": {
          "polar": 0.3616570172960908,
          "swirl": 0.824417132221935
        }
      },
      {
        "a": 0.9742620344432311,
        "b": -0.919429168136614,
        "c": -0.8296867401996848,
        "d": -0.42085718194983257,
        "e": 0.7431530955171897,
        "f": -0.40259612734379147,
        "color": 0.19767857357787955,
        "weight": 0.9423925539675623,
        "variations": {
          "polar": 0.4682997938720278
        }
      },
      {
        "a": -0.39415554879015535,
        "b": 0.369518974794389,
        "c": -0.9074366014695703,
        "d": 0.24662693816653558,
        "e": 0.7791456563766466,
        "f": 0.5431980353097621,
        "color": 0.020483711170571017,
        "weight": 0.7638565032111897,
        "variations": {
          "sinusoidal": 0.5900970016345684
        }
      }
    ],
    "num_points": 2684048,
    "gamma": 2.1065045684273764,
    "brightness": 1.2,
    "hue_rotation": 219.05983647682706
  }
}