{
  "seed": "e4226707-22af-4246-810a-fb7013e385c2",
  "params": {
    "transforms": [
      {
        "a": -0.9376419496671944,
        "b": 0.4487517776693293,
        "c": -0.4452129157083331,
        "d": -0.530534771897011,
        "e": 1.384282932444358,
        "f": -0.8469073537493028,
        "color": 0.9376796167812914,
        "weight": 0.3653411573155182,
        "variations": {
          "sinusoidal": 0.788888386074578,
          "swirl": 0.8064398690455797,
          "polar": 0.11768102704889805
        }
      },
      {
        "a": 0.0657662869992881,
        "b": 0.3202323988652125,
        "c": 0.36712203591478354,
        "d": -0.015971854747929948,
        "e": -0.00047428758820577954,
        "f": 0.3601582561539982,
        "color": 0.1636149188011785,
        "weight": 0.3353162662730108,
        "variations": {
          "spherical": 0.8009634306928769,
          "sinusoidal": 0.2374827137442831,
          "linear": 0.8396935809992565
        }
      },
      {
        "a": -0.6121115913197013,
        "b": 0.553940890574834,
        "c": 0.6543527783222671,
        "d": -0.2816004044619791,
        "e": 0.40873381362982175,
        "f": -0.7019352725145225,
        "color": 0.6448160385066941,
        "weight": 0.4926389031493008,
        "variations": {
          "swirl": 0.04836865692745296
        }
      }
    ],
    "num_points": 2829176,
    "gamma": 2.2456323051841687,
    "brightness": 1.2,
    "hue_rotation": 335.9325517389601
  }
}