{
  "seed": "71154883-44c4-41f0-834a-26220ee46867",
  "params": {
    "transforms": [
      {
        "a": 0.6594863609653836,
        "b": -0.7077331642062119,
        "c": 0.16695023194593706,
        "d": -0.37906524422710075,
        "e": 1.4411851526196733,
        "f": -0.1728500990623627,
        "color": 0.06293982993978631,
        "weight": 0.9536836974547309,
        "variations": {
          "linear": 0.2745824503334805,
          "polar": 0.8824194925965417
        }
      },
      {
        "a": 0.1809782175599326,
        "b": -0.1850453826495504,
        "c": 0.3072886376840922,
        "d": -0.7321894548670762,
        "e": -0.9627950081350345,
        "f": 1.0769781492177168,
        "color": 0.13574571193615204,
        "weight": 0.9014314101173689,
        "variations": {
          "spherical": 0.2678826392764736,
          "swirl": 0.37507810274328346
        }
      }
    ],
    "num_points": 1341181,
    "gamma": 1.8366701740300175,
    "brightness": 1.2,
    "hue_rotation": 259.04225235319166
  }
}