{
  "seed": "2b00ea29-dadd-4b07-977a-bf81fba87230",
  "params": {
    "transforms": [
      {
        "a": 0.8731041508675255,
        "b": 0.4769088488837392,
        "c": 0.5284583301956205,
        "d": 0.004834159044543762,
        "e": 0.5475914599215375,
        "f": -0.8625907690847681,
        "color": 0.7918207245493831,
        "weight": 0.15665797653031788,
        "variations": {
          "sinusoidal": 0.06834048382180624
        }
      },
      {
        "a": 0.6115436695639267,
        "b": -0.6205764415736017,
        "c": 0.4841713686575484,
        "d": -0.8096685516647208,
        "e": -1.2566802127982588,
        "f": -0.16586961410346523,
        "color": 0.8813593198812528,
        "weight": 0.5844805626376082,
        "variations": {
          "heart": 0.6111262589338988,
          "spherical": 0.32581072190688,
          "sinusoidal": 0.16135707112898268
        }
      }
    ],
    "num_points": 2178270,
    "gamma": 2.1269448034668117,
    "brightness": 1.2,
    "hue_rotation": 103.5371928471329
  }
}