{
  "seed": "962ef705-94c7-4015-9269-11ad14d118be",
  "params": {
    "transforms": [
      {
        "a": 0.34472065440493416,
        "b": -0.0743217846909614,
        "c": 0.6351969817234682,
        "d": -0.5209192371387883,
        "e": -0.5302196751342927,
        "f": 0.27922100820976903,
        "color": 0.9262302884182098,
        "weight": 0.9651495735662543,
        "variations": {
          "heart": 0.5126312778788932,
          "spherical": 0.04397262017808712,
          "linear": 0.9690391969892598
        }
      },
      {
        "a": 0.22909784212602613,
        "b": 0.8296196695313618,
        "c": -0.8975646991688246,
        "d": -0.7834180372206343,
        "e": -1.1725995001553033,
        "f": -0.9294895822562066,
        "color": 0.04687419293928141,
        "weight": 0.4046912146745,
        "variations": {
          "linear": 0.9495083870027098,
          "swirl": 0.6436795511552433
        }
      },
      {
        "a": -0.5576924591231043,
        "b": -0.6837443332014912,
        "c": 0.775004048761871,
        "d": 0.9949508116090173,
        "e": -0.5705079372652558,
        "f": 0.988127675022036,
        "color": 0.8821520178227771,
        "weight": 0.18924195144826517,
        "variations": {
          "sinusoidal": 0.027788653463521218
        }
      },
      {
        "a": 0.9449547680791219,
        "b": -0.830452488126123,
        "c": 0.7928233234236557,
        "d": 0.14768183860287287,
        "e": 1.0688494078956072,
        "f": -0.9184838134386935,
        "color": 0.14929731515190592,
        "weight": 0.7080395814782755,
        "variations": {
          "swirl": 0.43790742307515085,
          "heart": 0.4662368593090488
        }
      }
    ],
    "num_points": 2687543,
    "gamma": 2.272168071634793,
    "brightness": 1.2,
    "hue_rotation": 348.52305175132756
  }
}