{
  "seed": "9df1d9a3-dd31-4951-a121-29954419767e",
  "params": {
    "transforms": [
      {
        "a": -0.34652440959639796,
        "b": -0.00795975227870338,
        "c": -0.1856313922949122,
        "d": 0.2995961213990077,
        "e": -0.875257967810388,
        "f": -0.9255716871263021,
        "color": 0.7397543808701693,
        "weight": 0.2906043441129801,
        "variations": {
          "spherical": 0.5940698815216771
        }
      },
      {
        "a": -0.8965571155827481,
        "b": -0.24079590603354006,
        "c": 0.9673514406148704,
        "d": -0.6318155944230646,
        "e": 0.5334252240581376,
        "f": -1.0751545894890722,
        "color": 0.11921750713510992,
        "weight": 0.822073702718546,
        "variations": {
          "linear": 0.3321742407231867
        }
      },
      {
        "a": 0.707200118764173,
        "b": -0.6956403611111515,
        "c": -0.9581007779202653,
        "d": 0.5103698481210079,
        "e": -0.5719839056047504,
        "f": 0.9590743523958274,
        "color": 0.6625344637569459,
        "weight": 0.22080521996105384,
        "variations": {
          "sinusoidal": 0.6752722266617328
        }
      },
      {
        "a": 0.8607744454256363,
        "b": 0.9278342867417955,
        "c": 0.4749447555836075,
        "d": -0.5073114551263149,
        "e": 0.5009348447864221,
        "f": 0.28142623656473775,
        "color": 0.8871260933253279,
        "weight": 0.9571588647460099,
        "variations": {
          "sinusoidal": 0.24319832301061306
        }
      }
    ],
    "num_points": 2156566,
    "gamma": 2.1500888216801006,
    "brightness": 1.2,
    "hue_rotation": 355.21629884670256
  }
}