{
  "seed": "d940bb08-75f7-45cd-82f1-926eed981e42",
  "params": {
    "transforms": [
      {
        "a": -0.9312764224383825,
        "b": 0.17534866220501755,
        "c": 0.6373574269838354,
        "d": 0.3735690243636691,
        "e": 1.2083484362990244,
        "f": -0.2935734294865395,
        "color": 0.12518695463159657,
        "weight": 0.39337951148899686,
        "variations": {
          "spherical": 0.47398161795017824,
          "swirl": 0.6883450087175399,
          "heart": 0.9314506869688721
        }
      },
      {
        "a": 0.3780573554448281,
        "b": -0.17331532304905561,
        "c": -0.5239873222637539,
        "d": 0.3670460807581497,
        "e": -0.19760525247947314,
        "f": 0.6398541171892256,
        "color": 0.38225689431771137,
        "weight": 0.9908273487542911,
        "variations": {
          "heart": 0.9543418690600421,
          "sinusoidal": 0.2006179189137376,
          "spherical": 0.7041190536444745
        }
      },
      {
        "a": -0.05680085748525343,
        "b": 0.15771252342419118,
        "c": -0.4390028395050156,
        "d": -0.2855935762299344,
        "e": -0.4276328642357683,
        "f": -0.4274194644902334,
        "color": 0.7170067076289187,
        "weight": 0.9678856819419046,
        "variations": {
          "sinusoidal": 0.8586858302850622,
          "polar": 0.5624239085326914,
          "swirl": 0.971441735862228
        }
      },
      {
        "a": -0.5027374088300942,
        "b": 0.3861096639114172,
        "c": 0.05749717723584258,
        "d": 0.6627125375575025,
        "e": -0.36112644138497174,
        "f": 0.7263315469084333,
        "color": 0.5966437882789848,
        "weight": 0.3069657102137824,
        "variations": {
          "linear": 0.2774462740103596
        }
      }
    ],
    "num_points": 2381826,
    "gamma": 2.00741155391656,
    "brightness": 1.2,
    "hue_rotation": 203.3486540223582
  }
}