{
  "seed": "c8725977-cc3a-4bc7-a8bd-cea6e27c53d3",
  "params": {
    "transforms": [
      {
        "a": -0.6391325546001572,
        "b": 0.2758568213553412,
        "c": 0.07366122725698276,
        "d": 0.5845791868493411,
        "e": 1.1193962943597695,
        "f": -1.484549664777791,
        "color": 0.05431896905829403,
        "weight": 0.589044408238019,
        "variations": {
          "sinusoidal": 0.4814628918435828,
          "polar": 0.3694070056225994,
          "swirl": 0.6090949957256939
        }
      },
      {
        "a": 0.13377669667858694,
        "b": 0.2833423717111192,
        "c": 0.7143618131524436,
        "d": 0.7142981668286916,
        "e": 1.2948817516582167,
        "f": -0.6143087464711496,
        "color": 0.6559481491308989,
        "weight": 0.7636889575751732,
        "variations": {
          "sinusoidal": 0.4187573980416135,
          "swirl": 0.6367451813458043
        }
      }
    ],
    "num_points": 1609617,
    "gamma": 2.2136475051519393,
    "brightness": 1.2,
    "hue_rotation": 116.93525216945687
  }
}