{
  "seed": "326d980d-7457-4762-8228-971085de0956",
  "params": {
    "transforms": [
      {
        "a": 0.12727210402718625,
        "b": 0.3470182864958393,
        "c": 0.23407144834286742,
        "d": -0.03330421844537024,
        "e": -0.5303642385773217,
        "f": 0.7300455632251261,
        "color": 0.6040170292215324,
        "weight": 0.7327032246220623,
        "variations": {
          "spherical": 0.6976997476476184,
          "polar": 0.45369020469237986
        }
      },
      {
        "a": -0.10561719517483903,
        "b": 0.32564690596494494,
        "c": 0.10943161861523665,
        "d": -0.6710605420835596,
        "e": 1.217134457602448,
        "f": 0.2171422705349737,
        "color": 0.36794975744840763,
        "weight": 0.9851973049774875,
        "variations": {
          "sinusoidal": 0.33024203898232307
        }
      },
      {
        "a": 0.8811864261840023,
        "b": 0.9427323090873272,
        "c": -0.04817530589987462,
        "d": -0.6087844794856825,
        "e": 1.2735029406118206,
        "f": 0.17544311940691815,
        "color": 0.6112357707010844,
        "weight": 0.3902120761771898,
        "variations": {
          "spherical": 0.02465330452318737,
          "swirl": 0.31771608968306286
        }
      },
      {
        "a": 0.5756671529018487,
        "b": 0.11870941483945208,
        "c": -0.0069275364257364025,
        "d": -0.39552585296885767,
        "e": 1.1701257324080143,
        "f": -1.057942762581379,
        "color": 0.3196508050260577,
        "weight": 0.21967626292910064,
        "variations": {
          "swirl": 0.00707622081126702,
          "sinusoidal": 0.9251837250345039,
          "polar": 0.5957369241554125
        }
      }
    ],
    "num_points": 2020760,
    "gamma": 2.0393955114320135,
    "brightness": 1.2,
    "hue_rotation": 88.79986497296498
  }
}