{
  "seed": "5b8df4ed-bf00-4930-9c13-608df3ce169c",
  "params": {
    "transforms": [
      {
        "a": -0.32529076842120497,
        "b": -0.13709623154098072,
        "c": -0.5233306867747172,
        "d": -0.6591702117856695,
        "e": -0.933675924798543,
        "f": -0.1674692995412408,
        "color": 0.09073390170099294,
        "weight": 0.2905733513047184,
        "variations": {
          "sinusoidal": 0.9321357127165857,
          "linear": 0.31289958995658285
        }
      },
      {
        "a": 0.44166675296475155,
        "b": 0.640541893168352,
        "c": -0.138458657747502,
        "d": -0.08154464584981569,
        "e": 0.7077583957316604,
        "f": 1.2284081991904392,
        "color": 0.6557867115240082,
        "weight": 0.6592560136427383,
        "variations": {
          "swirl": 0.9760093353560216,
          "polar": 0.9998856579383852
        }
      },
      {
        "a": -0.4591530396875647,
        "b": -0.6352486292003257,
        "c": 0.15475809174505284,
        "d": 0.0195875760435138,
        "e": 0.44953368645254477,
        "f": 0.17009826489564772,
        "color": 0.6842457485076724,
        "weight": 0.29734055445164553,
        "variations": {
          "sinusoidal": 0.9099376005891726,
          "swirl": 0.8469304471602384,
          "polar": 0.9977963781107169
        }
      }
    ],
    "num_points": 2697417,
    "gamma": 2.2684005346401372,
    "brightness": 1.2,
    "hue_rotation": 299.18048024364026
  }
}