{
  "seed": "95e473b8-4c85-41f8-a962-e64e8950d359",
  "params": {
    "transforms": [
      {
        "a": -0.9886986801564628,
        "b": 0.3426076335082828,
        "c": 0.5669117868863516,
        "d": -0.5798802402330001,
        "e": 0.7772569148361539,
        "f": 0.484126191160029,
        "color": 0.9685832316997505,
        "weight": 0.9137472106388256,
        "variations": {
          "swirl": 0.5840531270279968,
          "linear": 0.6369856030567291,
          "heart": 0.9541193074985221
        }
      },
      {
        "a": -0.07027078653544705,
        "b": 0.5825366445427655,
        "c": -0.3196609695440227,
        "d": 0.3978226426019289,
        "e": -0.44127260691398584,
        "f": -0.017936384437946096,
        "color": 0.24145316493477487,
        "weight": 0.7648298847779728,
        "variations": {
          "polar": 0.09615157026757182,
          "spherical": 0.779388394372926
        }
      },
      {
        "a": 0.8940148763647982,
        "b": -0.9698094292436545,
        "c": -0.3494638236837424,
        "d": 0.5983876501321126,
        "e": -0.8334449864049847,
        "f": 0.9842175054078828,
        "color": 0.49363283345604836,
        "weight": 0.628146888753137,
        "variations": {
          "spherical": 0.7020951063867379,
          "swirl": 0.9154578782319824
        }
      },
      {
        "a": 0.5061522327118169,
        "b": -0.5712578762454523,
        "c": -0.7988539700600281,
        "d": -0.3297399330474624,
        "e": -0.9858891178368461,
        "f": 0.10886647877365974,
        "color": 0.48398293370174517,
        "weight": 0.8762636396191915,
        "variations": {
          "spherical": 0.11721879489327958,
          "swirl": 0.08981449076056858
        }
      }
    ],
    "num_points": 2752478,
    "gamma": 2.316768395286427,
    "brightness": 1.2,
    "hue_rotation": 46.23202015332704
  }
}