{
  "seed": "2cf62e27-6aae-4acb-8741-95cc3086ba2b",
  "params": {
    "transforms": [
      {
        "a": 0.7081001424518754,
        "b": -0.24291138005389112,
        "c": -0.030561144651409577,
        "d": -0.05394886710558078,
        "e": 0.8763076713232181,
        "f": 1.3072877738490507,
        "color": 0.3438779356860515,
        "weight": 0.37815309767372063,
        "variations": {
          "swirl": 0.49383581942412247,
          "linear": 0.7802136227316264,
          "polar": 0.5554209397606279
        }
      },
      {
        "a": 0.571079010708277,
        "b": -0.09392080458456209,
        "c": -0.5900670637431322,
        "d": 0.22431691781626473,
        "e": -0.9725397911812165,
        "f": 1.0642820541003069,
        "color": 0.8523544739527671,
        "weight": 0.7698018534597811,
        "variations": {
          "polar": 0.42331274256617624
        }
      },
      {
        "a": 0.5591275461405831,
        "b": 0.4730561871941552,
        "c": 0.4511707188661749,
        "d": -0.04198120144313,
        "e": 0.6598999299765462,
        "f": 0.6923041980343356,
        "color": 0.13775805988445267,
        "weight": 0.3745061707274465,
        "variations": {
          "heart": 0.9738235910011547
        }
      }
    ],
    "num_points": 2088785,
    "gamma": 2.3462031256771807,
    "brightness": 1.2,
    "hue_rotation": 309.9861652105885
  }
}