{
  "seed": "1a470ee1-bc77-46f3-8a33-79cb6b09057b",
  "params": {
    "transforms": [
      {
        "a": 0.0021052780447670116,
        "b": 0.13251025952664985,
        "c": -0.25650337501674003,
        "d": 0.5575087869980475,
        "e": -1.0560830650451103,
        "f": -0.0021951195359126707,
        "color": 0.6490211942605771,
        "weight": 0.44257741099257764,
        "variations": {
          "polar": 0.4767029163858161
        }
      },
      {
        "a": 0.01037481083669145,
        "b": -0.7213338378037051,
        "c": 0.475393252063119,
        "d": -0.0012720611294962936,
        "e": -1.2169835826013595,
        "f": -0.8805276317949318,
        "color": 0.9997535680930224,
        "weight": 0.39981935603414365,
        "variations": {
          "spherical": 0.4940954088606089,
          "heart": 0.14493355354108495,
          "linear": 0.7812686902013689
        }
      },
      {
        "a": 0.5814923944589119,
        "b": -0.33622893296928424,
        "c": 0.45402190813854193,
        "d": 0.2460078079770256,
        "e": 1.2878643006283061,
        "f": -0.43393998535023215,
        "color": 0.09219560289816797,
        "weight": 0.8850438164354489,
        "variations": {
          "sinusoidal": 0.08231276669335419,
          "swirl": 0.8860968284999624
        }
      }
    ],
    "num_points": 2671899,
    "gamma": 1.9473043053259054,
    "brightness": 1.2,
    "hue_rotation": 30.173821023550214
  }
}