{
  "seed": "bd91d7e6-c438-4b52-af01-23daf7028e8e",
  "params": {
    "transforms": [
      {
        "a": -0.23531016491877343,
        "b": 0.3003368536501929,
        "c": -0.865539056286537,
        "d": -0.6341942416003172,
        "e": 1.0600582837777184,
        "f": 0.3746953166931286,
        "color": 0.004826731720215416,
        "weight": 0.11541861598517167,
        "variations": {
          "polar": 0.9448591173442926
        }
      },
      {
        "a": -0.9319048902179687,
        "b": 0.9233741712165484,
        "c": -0.012202400580956896,
        "d": 0.45705690617732264,
        "e": 0.03634040332539046,
        "f": 1.24223513080574,
        "color": 0.11925008759114508,
        "weight": 0.5754636981092,
        "variations": {
          "polar": 0.31561630603466095,
          "sinusoidal": 0.38294345483233283,
          "heart": 0.4376488109212965
        }
      },
      {
        "a": -0.6317640439641865,
        "b": -0.5349468148345617,
        "c": 0.07772016851876673,
        "d": -0.11929333513751983,
        "e": 0.7784566982003658,
        "f": -1.334798697819835,
        "color": 0.3993259931402723,
        "weight": 0.7022028149113473,
        "variations": {
          "heart": 0.9896459914735121
        }
      }
    ],
    "num_points": 1127264,
    "gamma": 2.1392622845254916,
    "brightness": 1.2,
    "hue_rotation": 311.0845937554257
  }
}