{
  "seed": "884e26c3-4cc2-4874-a23f-f400d736ebbf",
  "params": {
    "transforms": [
      {
        "a": -0.7091191006755804,
        "b": 0.06831661818686974,
        "c": 0.7424098835534008,
        "d": -0.9647062094331578,
        "e": -0.6691268280457825,
        "f": 1.3428194850452693,
        "color": 0.9686243075363403,
        "weight": 0.38015570815044863,
        "variations": {
          "spherical": 0.8873515602021894,
          "swirl": 0.1419388440746423
        }
      },
      {
        "a": -0.7319049611340755,
        "b": 0.618398878654979,
        "c": -0.5069089333316179,
        "d": -0.14604226335545945,
        "e": 0.26226812200812955,
        "f": -0.7203327160718386,
        "color": 0.34222913338875216,
        "weight": 0.3156825899357079,
        "variations": {
          "swirl": 0.1387704375089962,
          "polar": 0.13448255876743243
        }
      },
      {
        "a": 0.9069011779417855,
        "b": 0.781820373665224,
        "c": 0.3287455263214061,
        "d": 0.39694986453363024,
        "e": 0.13080920815632036,
        "f": 0.4837165408197186,
        "color": 0.8112137133493416,
        "weight": 0.883444170103448,
        "variations": {
          "sinusoidal": 0.5890697013844709,
          "linear": 0.012928268011595634
        }
      },
      {
        "a": -0.14404874639929877,
        "b": -0.7949377842623246,
        "c": -0.34795163251255845,
        "d": -0.32995145723863817,
        "e": 0.3601335378494803,
        "f": 0.1375323094881764,
        "color": 0.7766817582597328,
        "weight": 0.5908504092053858,
        "variations": {
          "linear": 0.30906441527549045
        }
      }
    ],
    "num_points": 1375263,
    "gamma": 2.0217243583566784,
    "brightness": 1.2,
    "hue_rotation": 9.147142922262477
  }
}