{
  "seed": "44a201f5-bbd5-4b8e-a631-6869e02ca7f5",
  "params": {
    "transforms": [
      {
        "a": 0.5390502837818123,
        "b": -0.3951108127336691,
        "c": -0.3703152723465357,
        "d": -0.026710102743782604,
        "e": 0.9120026679875322,
        "f": 0.8121072110346188,
        "color": 0.020176956588025208,
        "weight": 0.1728551973257651,
        "variations": {
          "heart": 0.42036698333280853
        }
      },
      {
        "a": -0.9506689108156448,
        "b": 0.9815670118648143,
        "c": -0.1593930892506248,
        "d": 0.6996263983624733,
        "e": 0.45444901934467286,
        "f": -0.4467305981135543,
        "color": 0.4143559241445153,
        "weight": 0.8209738327692745,
        "variations": {
          "sinusoidal": 0.7368251584600787
        }
      },
      {
        "a": -0.0916685970252249,
        "b": -0.26277598090024745,
        "c": -0.49438951753497395,
        "d": 0.7738021707658722,
        "e": 1.2887132205958172,
        "f": 0.9925319776747372,
        "color": 0.6909960735166489,
        "weight": 0.36420249669129356,
        "variations": {
          "polar": 0.18105863363676133
        }
      },
      {
        "a": 0.9119835949077033,
        "b": -0.9373806052838249,
        "c": 0.5462182899547072,
        "d": -0.2840088953065041,
        "e": 0.7967444099702918,
        "f": 1.3463495740326357,
        "color": 0.41581033850638116,
        "weight": 0.472981699786557,
        "variations": {
          "polar": 0.0633597623249399,
          "linear": 0.3593253323731672,
          "sinusoidal": 0.7010030237912428
        }
      }
    ],
    "num_points": 1715955,
    "gamma": 2.113947813753321,
    "brightness": 1.2,
    "hue_rotation": 218.61062871618242
  }
}