{
  "seed": "33f7667b-98a0-4575-ad3d-f555e1d6a93d",
  "params": {
    "transforms": [
      {
        "a": -0.44326084913524966,
        "b": 0.7452846150344128,
        "c": -0.31511940584237164,
        "d": -0.9465771637420162,
        "e": 1.1079766017875405,
        "f": -1.019353374708997,
        "color": 0.3520625877100626,
        "weight": 0.3919219863582545,
        "variations": {
          "heart": 0.06618133400249071
        }
      },
      {
        "a": 0.8984665415184219,
        "b": 0.81481683732195,
        "c": -0.35933892202912143,
        "d": 0.25058481384285014,
        "e": -1.2961631142595902,
        "f": -0.39187853200582246,
        "color": 0.3790031248855815,
        "weight": 0.3925140338814781,
        "variations": {
          "spherical": 0.13148789731901367
        }
      }
    ],
    "num_points": 2118762,
    "gamma": 2.2493525141101602,
    "brightness": 1.2,
    "hue_rotation": 250.01108936703372
  }
}