{
  "seed": "911b1ac7-461b-4451-a667-2c075506684d-528",
  "parameters": {
    "num_transforms": 4,
    "transforms": [
      {
        "a": -0.6560263194922417,
        "b": -1.0246834772535904,
        "c": 0.8675202583516866,
        "d": -1.3202603560021373,
        "e": -0.2763483840529388,
        "f": 0.30766400805844896,
        "color": 0.40804496872784624,
        "variations": {
          "disc": 0.8236627303610411,
          "polar": 0.056453538253583235,
          "horseshoe": 0.7949866519963474,
          "spiral": 0.0
        },
        "weight": 0.8196605258553711
      },
      {
        "a": 0.7550244918283373,
        "b": 0.07751739051031414,
        "c": 1.2064482285097924,
        "d": -1.0589922905036866,
        "e": 0.3379691986212878,
        "f": -0.0398660918143483,
        "color": 0.919253130110869,
        "variations": {
          "linear": 0.0,
          "heart": 0.0,
          "horseshoe": 0.0
        },
        "weight": 1.7116724260692262
      },
      {
        "a": -0.9809741697666856,
        "b": -1.2076509265372428,
        "c": 0.5704449055310401,
        "d": 0.8142183533626377,
        "e": -0.09794949651034601,
        "f": -0.8947890414819317,
        "color": 0.041810793030675475,
        "variations": {
          "sinusoidal": 0.8907904230284478,
          "handkerchief": 0.6263673633575001,
          "spherical": 0.8522467722450511,
          "horseshoe": 0.05417714707310639
        },
        "weight": 0.6275931414423991
      },
      {
        "a": -0.5852603025827661,
        "b": -1.264871239119121,
        "c": 0.7152945323082762,
        "d": -0.5943271337428491,
        "e": 0.40291052365317914,
        "f": 0.34106446457301476,
        "color": 0.5978976543352418,
        "variations": {
          "hyperbolic": 0.13531933555426112,
          "polar": 0.5200736867760879,
          "handkerchief": 0.018914101666424266,
          "horseshoe": 0.5857235337226218
        },
        "weight": 1.3205151944111955
      }
    ],
    "num_points": 2566020,
    "gamma": 3.6514324513037217,
    "brightness": 1.8005849401468619,
    "contrast": 1.6002559744542393,
    "hue_rotation": 276.64029489690745
  }
}