{
  "seed": "8f1082f2-b95d-454c-8e53-0dd9f207f44c",
  "params": {
    "transforms": [
      {
        "a": -0.921836032175112,
        "b": -0.3836842926721622,
        "c": 0.63779867143906,
        "d": -0.6392046035047725,
        "e": 0.8678330769004052,
        "f": 1.2303302252522692,
        "color": 0.5284698331402234,
        "weight": 0.4062676603194485,
        "variations": {
          "sinusoidal": 0.7544989448180124,
          "spherical": 0.6956213661691735,
          "swirl": 0.77326766259013
        }
      },
      {
        "a": -0.6502505459218251,
        "b": 0.7576958148255326,
        "c": 0.16404766193911158,
        "d": -0.9342159276773732,
        "e": 1.366145999967956,
        "f": -1.0498985359085988,
        "color": 0.4232231121940575,
        "weight": 0.8046089163346971,
        "variations": {
          "swirl": 0.5943572746905468,
          "linear": 0.5060795921537529,
          "sinusoidal": 0.8472269075903271
        }
      }
    ],
    "num_points": 2859850,
    "gamma": 2.170178899554325,
    "brightness": 1.2,
    "hue_rotation": 190.28102092500598
  }
}