{
  "seed": "1407e5bc-623e-4e95-b969-0f83310317fc",
  "params": {
    "transforms": [
      {
        "a": 0.8754814660847421,
        "b": 0.3304761251613402,
        "c": -0.7476290507599579,
        "d": -0.0028872365509879927,
        "e": 1.0613838299195355,
        "f": 0.592149124792201,
        "color": 0.18344829977655874,
        "weight": 0.8647516861652972,
        "variations": {
          "spherical": 0.22533118920555584,
          "sinusoidal": 0.5395019680697732,
          "swirl": 0.39493770918494286
        }
      },
      {
        "a": -0.7412305483913622,
        "b": -0.1706543989716378,
        "c": -0.027475282425770242,
        "d": 0.02339262181493873,
        "e": 1.1545545482425839,
        "f": -1.3603788754634774,
        "color": 0.486927284046596,
        "weight": 0.48297510418776135,
        "variations": {
          "polar": 0.6271559195870597,
          "swirl": 0.3366837277855007
        }
      },
      {
        "a": 0.7303744686717735,
        "b": 0.4917518336725022,
        "c": 0.07521322027608401,
        "d": -0.4613292314747548,
        "e": 1.029343614814704,
        "f": -1.4280417281648767,
        "color": 0.19820082485476076,
        "weight": 0.4510888827141212,
        "variations": {
          "sinusoidal": 0.997357732529525,
          "heart": 0.34858576497476335,
          "spherical": 0.8643007380480263
        }
      }
    ],
    "num_points": 2515053,
    "gamma": 2.253805022693351,
    "brightness": 1.2,
    "hue_rotation": 294.5044483619705
  }
}