{
  "seed": "f271e2d2-23a3-456f-8380-bb39de22a26c",
  "params": {
    "transforms": [
      {
        "a": 0.5216517519403336,
        "b": -0.8203538991726889,
        "c": 0.800865489660538,
        "d": 0.8041483724221357,
        "e": -0.5381672988365922,
        "f": -0.4227673678447572,
        "color": 0.4866811072303686,
        "weight": 0.266029426304386,
        "variations": {
          "polar": 0.13600439974637235,
          "heart": 0.29850129854770313
        }
      },
      {
        "a": 0.8656351174513381,
        "b": 0.5971103425461215,
        "c": -0.6781105309754596,
        "d": -0.8333795498532739,
        "e": 1.2940638197127363,
        "f": -1.102090516914443,
        "color": 0.06916622413588036,
        "weight": 0.6378515166023165,
        "variations": {
          "swirl": 0.9187772481795676,
          "spherical": 0.5555788050070104
        }
      },
      {
        "a": -0.3008608376696509,
        "b": 0.15770570992160082,
        "c": -0.9037688861294615,
        "d": -0.7153740000639008,
        "e": 0.4298575855545921,
        "f": 0.5300768900688695,
        "color": 0.11325727438955013,
        "weight": 0.5325067562384327,
        "variations": {
          "swirl": 0.39550262500962374,
          "linear": 0.19464527029786194
        }
      }
    ],
    "num_points": 2569779,
    "gamma": 2.0939975653798575,
    "brightness": 1.2,
    "hue_rotation": 108.0558605594799
  }
}