{
  "seed": "a5a46d4a-1729-4483-a325-a1ac4a051891",
  "params": {
    "transforms": [
      {
        "a": 0.8631745014181975,
        "b": -0.11243351655289735,
        "c": 0.7282522046557449,
        "d": 0.813859348466607,
        "e": -0.4036627096503209,
        "f": 0.7302730255512762,
        "color": 0.9672589297321823,
        "weight": 0.8594210702808162,
        "variations": {
          "spherical": 0.4645226659209498,
          "heart": 0.7220601761408159
        }
      },
      {
        "a": 0.8860577498290199,
        "b": 0.03983783876460856,
        "c": 0.35705733258621963,
        "d": 0.003689525405295324,
        "e": -1.2298028017198415,
        "f": -0.28011629323594356,
        "color": 0.20012078030931213,
        "weight": 0.1768011610834982,
        "variations": {
          "sinusoidal": 0.002706301408556322
        }
      },
      {
        "a": 0.6274956621772236,
        "b": -0.37864811135008614,
        "c": -0.2481593942733722,
        "d": -0.2289209985763352,
        "e": 0.6510945121446037,
        "f": -0.29018517280652123,
        "color": 0.27413672825678825,
        "weight": 0.33705670301511736,
        "variations": {
          "swirl": 0.43735574511766584,
          "spherical": 0.5565219648673599,
          "polar": 0.2826919558168576
        }
      },
      {
        "a": 0.3336129361466138,
        "b": 0.5477004814165973,
        "c": 0.8624450897993197,
        "d": 0.45842635790685127,
        "e": -1.4874772042737028,
        "f": 0.9820165129696927,
        "color": 0.213492057710017,
        "weight": 0.6142994905454823,
        "variations": {
          "linear": 0.3377822467631817
        }
      }
    ],
    "num_points": 1296534,
    "gamma": 2.2143249691957103,
    "brightness": 1.2,
    "hue_rotation": 98.4084867829978
  }
}