{
  "seed": "ac990b4a-3d20-4702-8093-62eb30d11dc8",
  "params": {
    "transforms": [
      {
        "a": -0.16296578594742117,
        "b": -0.7625293605585732,
        "c": 0.047055447705903974,
        "d": -0.8881771858230396,
        "e": 1.3676034136130797,
        "f": -0.009652517053853282,
        "color": 0.7354363050303655,
        "weight": 0.7003655206536761,
        "variations": {
          "swirl": 0.19088591741671812,
          "linear": 0.6654323576769747,
          "heart": 0.3501825431845498
        }
      },
      {
        "a": 0.16204276668441353,
        "b": -0.8582023034925101,
        "c": -0.6272592325779025,
        "d": -0.4455491322812788,
        "e": -1.0606645391533813,
        "f": -1.3265909280501298,
        "color": 0.4530360829421357,
        "weight": 0.4649469267361489,
        "variations": {
          "spherical": 0.6554221981243377,
          "heart": 0.6489693186349704,
          "swirl": 0.8556586296972739
        }
      },
      {
        "a": -0.09699539489766962,
        "b": 0.5917573581665905,
        "c": -0.0023990750741789135,
        "d": -0.3749942884073809,
        "e": 0.9911364319170994,
        "f": -0.7375887527125943,
        "color": 0.2466254434224825,
        "weight": 0.2870400226030603,
        "variations": {
          "swirl": 0.04545252535838673,
          "spherical": 0.17376946962188222
        }
      },
      {
        "a": -0.5557987453213613,
        "b": 0.7756596796918618,
        "c": 0.8230701247317562,
        "d": -0.31747985765604647,
        "e": 1.1027975306160336,
        "f": 1.2155279202353682,
        "color": 0.543986054987528,
        "weight": 0.27511329075244156,
        "variations": {
          "heart": 0.9789336790202054
        }
      }
    ],
    "num_points": 2199100,
    "gamma": 2.0405133836928475,
    "brightness": 1.2,
    "hue_rotation": 98.5961683666079
  }
}