{
  "seed": "19c62cf9-2ae8-4754-bd1f-353649195a63",
  "params": {
    "transforms": [
      {
        "a": 0.6274584021563818,
        "b": 0.7926034736777317,
        "c": 0.43106369431501745,
        "d": -0.0029103054735168943,
        "e": -0.6300178476179478,
        "f": -0.9774200533569243,
        "color": 0.37850257969942935,
        "weight": 0.7062519507209544,
        "variations": {
          "linear": 0.2211258607222103,
          "sinusoidal": 0.5757775590513721,
          "swirl": 0.32872950457594696
        }
      },
      {
        "a": 0.4402850629839459,
        "b": 0.10081124848894207,
        "c": -0.7930590866241274,
        "d": -0.9153572536758132,
        "e": -0.9432729743987518,
        "f": -0.30602537076703884,
        "color": 0.8258578439108544,
        "weight": 0.63912955556688,
        "variations": {
          "spherical": 0.6424211225778387,
          "swirl": 0.5217866313358237
        }
      },
      {
        "a": 0.8347079557027983,
        "b": -0.8207541761912192,
        "c": -0.7355326865515883,
        "d": -0.5039184777374597,
        "e": 1.157910387564296,
        "f": 0.7054904953319716,
        "color": 0.02900353565025482,
        "weight": 0.6601502620398799,
        "variations": {
          "heart": 0.13119768148534194
        }
      }
    ],
    "num_points": 2871077,
    "gamma": 2.125045620358638,
    "brightness": 1.2,
    "hue_rotation": 55.83425848012054
  }
}