{
  "seed": "a49df875-043e-4da5-9c3c-dfd0a62a5401",
  "params": {
    "transforms": [
      {
        "a": 0.3285178251933898,
        "b": -0.6492588896426446,
        "c": 0.9352751719043895,
        "d": -0.34442002558478246,
        "e": 0.34404205980401703,
        "f": -1.2525688672382849,
        "color": 0.78887179143982,
        "weight": 0.812488073960345,
        "variations": {
          "linear": 0.24511746712169247,
          "polar": 0.4281715237550269,
          "spherical": 0.8750963560115241
        }
      },
      {
        "a": -0.44071710387876784,
        "b": 0.9798376432466185,
        "c": 0.08396380458935804,
        "d": 0.8464015607397293,
        "e": 0.25224378249657997,
        "f": -1.068391070152185,
        "color": 0.18998002917116363,
        "weight": 0.9033539455205158,
        "variations": {
          "heart": 0.2776637934326912,
          "polar": 0.2658647470481309,
          "sinusoidal": 0.4016366194225215
        }
      },
      {
        "a": -0.9945691433938575,
        "b": -0.013260768867876083,
        "c": 0.6199552821897332,
        "d": 0.06229917706817689,
        "e": -0.08496480988266186,
        "f": -0.405717586411557,
        "color": 0.28941810043140903,
        "weight": 0.8216241286919962,
        "variations": {
          "linear": 0.675106581450262,
          "heart": 0.09946762480962679
        }
      },
      {
        "a": -0.05684500502524181,
        "b": 0.812078208227575,
        "c": -0.07775597049905314,
        "d": 0.7254378663567904,
        "e": 0.4419309267142735,
        "f": 0.8580990022497028,
        "color": 0.9899300589815532,
        "weight": 0.5576755069477295,
        "variations": {
          "heart": 0.9873390703543561,
          "swirl": 0.9902783339410071
        }
      }
    ],
    "num_points": 1277207,
    "gamma": 1.9935261221063698,
    "brightness": 1.2,
    "hue_rotation": 295.5209712903722
  }
}