{
  "seed": "d0dc458b-9f2c-4c37-a4c1-377ad6bbd558",
  "params": {
    "transforms": [
      {
        "a": -0.38008692000375466,
        "b": 0.593621022427385,
        "c": 0.8299410260515461,
        "d": 0.3658037755393959,
        "e": -0.43514039791452297,
        "f": 1.3496782734789186,
        "color": 0.9752911536923135,
        "weight": 0.4287176231428329,
        "variations": {
          "linear": 0.007129436639161657,
          "spherical": 0.3853454916981366
        }
      },
      {
        "a": -0.8701219577054142,
        "b": 0.39607585739763684,
        "c": 0.9012291925868623,
        "d": 0.9150765549990545,
        "e": 0.24431897833840432,
        "f": -0.5426510185125495,
        "color": 0.9951242314718642,
        "weight": 0.11628667445840211,
        "variations": {
          "polar": 0.8824715109642375,
          "heart": 0.9387645808647035
        }
      },
      {
        "a": -0.38929199862412833,
        "b": -0.865654648329532,
        "c": 0.33593751845054887,
        "d": -0.09995440216023299,
        "e": 0.035171959904154004,
        "f": 1.4374843207289425,
        "color": 0.09045049581900066,
        "weight": 0.15557513067723583,
        "variations": {
          "heart": 0.9173722252185913,
          "spherical": 0.0945477076377641,
          "polar": 0.04080076790514542
        }
      }
    ],
    "num_points": 1464890,
    "gamma": 1.8438060454822107,
    "brightness": 1.2,
    "hue_rotation": 326.88539870631655
  }
}