{
  "seed": "89ee6819-b525-4c95-8e08-69eadd416de8",
  "params": {
    "transforms": [
      {
        "a": -0.00376264299554685,
        "b": -0.20683806791686776,
        "c": 0.16036267426387907,
        "d": 0.4676755904361185,
        "e": -1.1759496783189742,
        "f": -1.2282644382385743,
        "color": 0.9066436120252886,
        "weight": 0.8346435404708138,
        "variations": {
          "linear": 0.7007442962677662,
          "polar": 0.9191709931351475,
          "heart": 0.05327061295266722
        }
      },
      {
        "a": 0.009933449554483609,
        "b": 0.5221074180779575,
        "c": -0.5525501223427411,
        "d": 0.7716630598743133,
        "e": -0.18957185123628917,
        "f": -0.5546869590538313,
        "color": 0.0862695337667354,
        "weight": 0.5060971119643116,
        "variations": {
          "linear": 0.10091625281013428,
          "spherical": 0.7227225136248285
        }
      },
      {
        "a": -0.6481130547220442,
        "b": 0.7636888243259286,
        "c": -0.6860737975174922,
        "d": 0.27247223872346216,
        "e": 0.3891315738506538,
        "f": -0.6512557601480614,
        "color": 0.15527008226024408,
        "weight": 0.6416114223347364,
        "variations": {
          "sinusoidal": 0.6431125890753214
        }
      }
    ],
    "num_points": 2897476,
    "gamma": 2.2737306657653655,
    "brightness": 1.2,
    "hue_rotation": 97.6228543731422
  }
}