{
  "seed": "7b788acb-3958-4c86-a7c7-ae831feb4a16",
  "params": {
    "transforms": [
      {
        "a": 0.4144566684753628,
        "b": -0.18528160411082184,
        "c": 0.4758910528936735,
        "d": -0.5720336882215826,
        "e": 1.146088642278829,
        "f": -0.976572949288821,
        "color": 0.7152565225293516,
        "weight": 0.7264336373810922,
        "variations": {
          "spherical": 0.8548475002482061
        }
      },
      {
        "a": 0.48935668893226447,
        "b": 0.9311045963800364,
        "c": -0.5083408198828159,
        "d": -0.37566525300536147,
        "e": -1.3621942276007188,
        "f": 0.9262213357597906,
        "color": 0.6420725613649894,
        "weight": 0.44514594687233,
        "variations": {
          "heart": 0.5941040614274439
        }
      },
      {
        "a": -0.8851860956003055,
        "b": -0.8866918115711082,
        "c": 0.2980208580688044,
        "d": -0.3582154329349432,
        "e": 1.4167848589608996,
        "f": -0.5569814577159524,
        "color": 0.3565362209834877,
        "weight": 0.8937666347096324,
        "variations": {
          "swirl": 0.8454261623402014,
          "spherical": 0.7890544936690739
        }
      },
      {
        "a": 0.5441870236600703,
        "b": 0.4705851992606871,
        "c": 0.6262621793416769,
        "d": 0.18988863077284335,
        "e": 0.8516670505902955,
        "f": 1.437281853122999,
        "color": 0.4446926940204774,
        "weight": 0.31828308270119543,
        "variations": {
          "polar": 0.8189193376193202,
          "heart": 0.5795560353546925,
          "linear": 0.4831043454471683
        }
      }
    ],
    "num_points": 1738757,
    "gamma": 2.46246619888213,
    "brightness": 1.2,
    "hue_rotation": 111.4917515429662
  }
}