{
  "seed": "93ca3e78-04f1-4e2f-80a7-c704cbacb39a",
  "params": {
    "transforms": [
      {
        "a": -0.3269278558853337,
        "b": 0.34175048461917124,
        "c": -0.034467587468593575,
        "d": -0.8972891524783757,
        "e": -1.163154938487958,
        "f": -1.104786796828832,
        "color": 0.6742325037192982,
        "weight": 0.32792193741831377,
        "variations": {
          "spherical": 0.3292114225793763,
          "linear": 0.2924427677390824,
          "sinusoidal": 0.5910377954439222
        }
      },
      {
        "a": 0.017343612288637233,
        "b": 0.4767571511448232,
        "c": 0.5132571035367572,
        "d": -0.1039995677533605,
        "e": -0.5049400205085545,
        "f": -0.9237334144441548,
        "color": 0.3949876412463541,
        "weight": 0.9958521304328267,
        "variations": {
          "sinusoidal": 0.027267401702791627
        }
      },
      {
        "a": -0.2526711168494402,
        "b": 0.1298477544931267,
        "c": -0.5348359496875512,
        "d": 0.7488920066438269,
        "e": 0.4118840298384514,
        "f": -1.145933602885549,
        "color": 0.5253435364868009,
        "weight": 0.8633415326084991,
        "variations": {
          "heart": 0.44057568118820334
        }
      }
    ],
    "num_points": 2153007,
    "gamma": 1.914443750906884,
    "brightness": 1.2,
    "hue_rotation": 316.18883146443915
  }
}