{
  "seed": "cce0711b-d899-4515-9999-8b733ee0f0c1",
  "params": {
    "transforms": [
      {
        "a": 0.6525032067121082,
        "b": -0.6334020267113594,
        "c": 0.43232844866097775,
        "d": 0.07551945535635363,
        "e": -0.8771659485618651,
        "f": 0.8777535794620297,
        "color": 0.3698917123001678,
        "weight": 0.8891454818775124,
        "variations": {
          "spherical": 0.14596435578166123,
          "linear": 0.8771554103711393
        }
      },
      {
        "a": 0.31504218353901625,
        "b": 0.5326836954467475,
        "c": 0.8509996522860614,
        "d": -0.465133682918784,
        "e": -0.9263165071835326,
        "f": -0.2494252689777232,
        "color": 0.7511358389170036,
        "weight": 0.44757884955847826,
        "variations": {
          "sinusoidal": 0.43579488473483574,
          "polar": 0.06379214597178429
        }
      },
      {
        "a": -0.708008247681361,
        "b": -0.5055980705113929,
        "c": 0.388775092392746,
        "d": 0.8127171434462666,
        "e": -0.1683077948958318,
        "f": 1.2957634774137317,
        "color": 0.2630707818222787,
        "weight": 0.5652155783273113,
        "variations": {
          "spherical": 0.7580470858838688,
          "linear": 0.30409626440336845
        }
      }
    ],
    "num_points": 1051508,
    "gamma": 1.8620550055625675,
    "brightness": 1.2,
    "hue_rotation": 275.78560249047587
  }
}