{
  "seed": "0b776c5c-c5d5-499b-98d2-b2ea6723a34c",
  "params": {
    "transforms": [
      {
        "a": 0.4635438915580663,
        "b": 0.4007243768615729,
        "c": -0.07699243727046134,
        "d": 0.4113520417940921,
        "e": -1.3078389217578787,
        "f": -1.1958623021833559,
        "color": 0.9784231485432386,
        "weight": 0.8255990402225312,
        "variations": {
          "sinusoidal": 0.3531666883164494
        }
      },
      {
        "a": -0.07865260354525172,
        "b": -0.7914883136101212,
        "c": -0.8730652640990653,
        "d": -0.9691132157073221,
        "e": 1.1197959813155252,
        "f": 0.7199170652149389,
        "color": 0.1389043423424532,
        "weight": 0.5569750968779905,
        "variations": {
          "swirl": 0.6546092360046208,
          "heart": 0.1632062857665123
        }
      },
      {
        "a": 0.5080614955430032,
        "b": 0.13559419957256047,
        "c": 0.35509466676451296,
        "d": 0.46228738662444857,
        "e": 1.1094792680724845,
        "f": -0.38673904550776816,
        "color": 0.871634200614075,
        "weight": 0.2557486427672332,
        "variations": {
          "sinusoidal": 0.18935496203905144,
          "spherical": 0.6095852217920039
        }
      },
      {
        "a": 0.4679922859913499,
        "b": 0.32037375824681136,
        "c": -0.8191237568110483,
        "d": -0.16719444835258312,
        "e": -1.0889071287856924,
        "f": 0.801622232940919,
        "color": 0.525827000836872,
        "weight": 0.8524445047592063,
        "variations": {
          "heart": 0.008997721022068084,
          "sinusoidal": 0.7584182205012394,
          "spherical": 0.152944143496207
        }
      }
    ],
    "num_points": 1997535,
    "gamma": 2.3982488956328307,
    "brightness": 1.2,
    "hue_rotation": 278.9034113782632
  }
}