{
  "seed": "b8656968-766f-4be7-b58f-033df5516d96",
  "params": {
    "transforms": [
      {
        "a": 0.08877601032896498,
        "b": -0.39124991498795736,
        "c": -0.7232032469148355,
        "d": 0.27531589448562643,
        "e": -0.12343847589025314,
        "f": 0.04960929115436752,
        "color": 0.007722652965932886,
        "weight": 0.20283989053055096,
        "variations": {
          "swirl": 0.711238055055419,
          "sinusoidal": 0.24364765111740583
        }
      },
      {
        "a": -0.5029170076225982,
        "b": -0.9483548965411344,
        "c": 0.25255972413925654,
        "d": -0.314011844872355,
        "e": -0.3589452240731563,
        "f": 0.5130974265278629,
        "color": 0.7808056602808654,
        "weight": 0.23203172483394283,
        "variations": {
          "swirl": 0.7115950830958858
        }
      }
    ],
    "num_points": 1960733,
    "gamma": 2.3779542646416663,
    "brightness": 1.2,
    "hue_rotation": 82.6266933825816
  }
}