{
  "seed": "3d5b98a0-e811-4053-b8e8-5b9096296065",
  "params": {
    "transforms": [
      {
        "a": -0.9380251377727487,
        "b": -0.5611371995058629,
        "c": 0.7749367652575436,
        "d": 0.66552096203716,
        "e": -1.341599674961648,
        "f": -0.34954927489832177,
        "color": 0.3074783060640094,
        "weight": 0.33096139357455867,
        "variations": {
          "linear": 0.9722408451801638,
          "spherical": 0.9701988815819308
        }
      },
      {
        "a": 0.1144367227885037,
        "b": 0.4022766088075167,
        "c": -0.7801577135302613,
        "d": -0.12699632232150404,
        "e": 0.6180513581233189,
        "f": 1.2803513082278961,
        "color": 0.08235915640664304,
        "weight": 0.14355990812156766,
        "variations": {
          "sinusoidal": 0.3667519847031193,
          "spherical": 0.8078272524773028,
          "polar": 0.2812484522879445
        }
      },
      {
        "a": -0.8020385910188863,
        "b": 0.700023870956874,
        "c": 0.050296733706091556,
        "d": 0.9772401579333443,
        "e": -1.2804372190390665,
        "f": -0.2736370477691583,
        "color": 0.6201725620787255,
        "weight": 0.2115931372311385,
        "variations": {
          "linear": 0.5919645033353867,
          "heart": 0.562764010650665,
          "sinusoidal": 0.20400445362451247
        }
      }
    ],
    "num_points": 2273007,
    "gamma": 1.9131927233162074,
    "brightness": 1.2,
    "hue_rotation": 207.64200107634412
  }
}