{
  "seed": "c9ebccbc-ad27-4f19-86d6-3e1342508147",
  "params": {
    "transforms": [
      {
        "a": -0.761833788301338,
        "b": -0.23975402778722166,
        "c": -0.28682823338394714,
        "d": 0.7705653346593766,
        "e": -0.3976416502930813,
        "f": 1.1604449102410523,
        "color": 0.6877402152115484,
        "weight": 0.9765649057924979,
        "variations": {
          "linear": 0.43965953804151103,
          "sinusoidal": 0.7018965540297906,
          "spherical": 0.019405714506900873
        }
      },
      {
        "a": -0.23934571110370118,
        "b": 0.8316441619915893,
        "c": -0.32920430993184135,
        "d": -0.5480810363594191,
        "e": 0.708778863835108,
        "f": -0.7464976337647773,
        "color": 0.11212414249968339,
        "weight": 0.9714706907073534,
        "variations": {
          "polar": 0.6524539119676002,
          "sinusoidal": 0.9386071635044586
        }
      },
      {
        "a": 0.3372258469234801,
        "b": -0.6182709465634177,
        "c": 0.18558817054024268,
        "d": 0.9331272055595803,
        "e": 1.088392038925127,
        "f": -0.16872480634949616,
        "color": 0.4932675167764736,
        "weight": 0.601555226479665,
        "variations": {
          "polar": 0.9356696712255178,
          "spherical": 0.128484148930457
        }
      }
    ],
    "num_points": 1229838,
    "gamma": 2.089425194520196,
    "brightness": 1.2,
    "hue_rotation": 135.1471928270134
  }
}