{
  "seed": "d015a928-13e0-4636-a412-97d4e9dd378d",
  "params": {
    "transforms": [
      {
        "a": 0.3999225737834635,
        "b": -0.5574606473289927,
        "c": -0.8551304077826032,
        "d": -0.23460168166139006,
        "e": 0.12866465670068683,
        "f": -0.6809522996937041,
        "color": 0.2946708991301238,
        "weight": 0.7010510373807844,
        "variations": {
          "polar": 0.9958271233721889,
          "sinusoidal": 0.8694756430642601
        }
      },
      {
        "a": 0.6272258410659042,
        "b": 0.9695699179222896,
        "c": 0.884647483280967,
        "d": 0.5982114505454963,
        "e": -1.1918190217353815,
        "f": -0.22776249172805385,
        "color": 0.06739649619896293,
        "weight": 0.13447083663118894,
        "variations": {
          "polar": 0.49762800910113403,
          "spherical": 0.45273850687311246
        }
      }
    ],
    "num_points": 2032866,
    "gamma": 2.284230812766747,
    "brightness": 1.2,
    "hue_rotation": 203.6038511196747
  }
}