{
  "seed": "bcebe67f-4b41-4fe4-8df9-9d0b0d7137ba",
  "params": {
    "transforms": [
      {
        "a": 0.786774281884143,
        "b": 0.39810195869821796,
        "c": -0.08565456155924212,
        "d": 0.34775579441149085,
        "e": 0.9409027682200253,
        "f": -0.40320583158484435,
        "color": 0.6939351183638597,
        "weight": 0.5685990069939083,
        "variations": {
          "heart": 0.8822770578532548,
          "polar": 0.8850916867761014
        }
      },
      {
        "a": -0.5949630235317678,
        "b": -0.43361208435641796,
        "c": -0.5553876605130839,
        "d": 0.4773171902422557,
        "e": 0.6326090258515089,
        "f": 0.5061177745073766,
        "color": 0.2345509062839417,
        "weight": 0.5003139946916131,
        "variations": {
          "heart": 0.040503561381608155,
          "sinusoidal": 0.018283553361641114
        }
      }
    ],
    "num_points": 2801411,
    "gamma": 2.3063945228031293,
    "brightness": 1.2,
    "hue_rotation": 113.55900186373543
  }
}