{
  "seed": "a257a090-80b9-4d17-b4f8-cf0b029db4f6",
  "params": {
    "transforms": [
      {
        "a": 0.6157284177263709,
        "b": -0.5421465035424315,
        "c": -0.04814139330980782,
        "d": 0.13205878873860044,
        "e": 1.1278228012494251,
        "f": -0.9442231203008937,
        "color": 0.49300604817623384,
        "weight": 0.8579888057485906,
        "variations": {
          "polar": 0.04608907830765896,
          "swirl": 0.3965892519671482,
          "sinusoidal": 0.17867347424084057
        }
      },
      {
        "a": 0.07612449553074918,
        "b": 0.9158615062358093,
        "c": 0.22296127100833596,
        "d": -0.6705358284429068,
        "e": -0.14851036159326458,
        "f": -0.6060221919941708,
        "color": 0.5160798753120523,
        "weight": 0.2679525697048304,
        "variations": {
          "swirl": 0.5627078050733195
        }
      }
    ],
    "num_points": 2610256,
    "gamma": 2.3983942362336856,
    "brightness": 1.2,
    "hue_rotation": 326.4326880606179
  }
}