{
  "seed": "e9c94343-c00c-44d7-beb7-aea5bdb267e0",
  "params": {
    "transforms": [
      {
        "a": 0.876919429118479,
        "b": 0.8296309156220416,
        "c": -0.13140312679521537,
        "d": 0.2278227551630243,
        "e": -0.18513396153413542,
        "f": -1.340441539438661,
        "color": 0.4156829598644881,
        "weight": 0.5623412162591759,
        "variations": {
          "sinusoidal": 0.0713719769193496
        }
      },
      {
        "a": 0.39551112312680803,
        "b": 0.15225556275929564,
        "c": -0.9689815101471626,
        "d": 0.48413986991024194,
        "e": 1.3331377916958869,
        "f": 0.38605766592546154,
        "color": 0.7783026415417437,
        "weight": 0.35046566921516165,
        "variations": {
          "heart": 0.2950958419082088,
          "swirl": 0.4084649767769435
        }
      },
      {
        "a": 0.4320601995322233,
        "b": 0.38250452102901655,
        "c": -0.0097858214051314,
        "d": 0.94855586513048,
        "e": -0.3377426429655035,
        "f": -0.9309123205205911,
        "color": 0.0706350054732321,
        "weight": 0.23888058692244682,
        "variations": {
          "polar": 0.38490720471120066
        }
      }
    ],
    "num_points": 2916778,
    "gamma": 2.233989868886653,
    "brightness": 1.2,
    "hue_rotation": 143.83725806296087
  }
}