{
  "seed": "aebd0ea8-21c8-46cb-b842-8e2fe35a0750",
  "params": {
    "transforms": [
      {
        "a": -0.7013282209901426,
        "b": 0.20290349470008318,
        "c": 0.9932818825474174,
        "d": -0.8682467730020238,
        "e": -0.2695507049008685,
        "f": 0.8576364849683831,
        "color": 0.5096328884730776,
        "weight": 0.6101787404039462,
        "variations": {
          "heart": 0.1890370149406556,
          "spherical": 0.8832588705915962,
          "polar": 0.7271357448539333
        }
      },
      {
        "a": -0.046099338707600745,
        "b": -0.8206219446081313,
        "c": 0.8149442523505084,
        "d": -0.8155067058312255,
        "e": -1.2017569364766079,
        "f": 0.07896020309688168,
        "color": 0.7944826840449024,
        "weight": 0.9108721502245661,
        "variations": {
          "swirl": 0.9784510795267868,
          "heart": 0.9398359979791538
        }
      }
    ],
    "num_points": 2305251,
    "gamma": 1.8377234217428775,
    "brightness": 1.2,
    "hue_rotation": 207.29859341065895
  }
}