{
  "seed": "c39eebdd-79f0-4dc6-8e8d-0ee3ffc5229e",
  "params": {
    "transforms": [
      {
        "a": -0.8810350174506743,
        "b": -0.9766763376568988,
        "c": 0.4838490232912256,
        "d": 0.30147454515186656,
        "e": -0.9819803719709327,
        "f": -0.4375045035832794,
        "color": 0.6993331079242858,
        "weight": 0.6572225137772806,
        "variations": {
          "sinusoidal": 0.40452877463025605
        }
      },
      {
        "a": 0.7939707310030317,
        "b": -0.45079029875310117,
        "c": -0.2582192051433225,
        "d": 0.5190967939314111,
        "e": -1.3706696837099068,
        "f": 0.47858264767161174,
        "color": 0.750420323553261,
        "weight": 0.5397210010174258,
        "variations": {
          "linear": 0.666674175937876,
          "spherical": 0.7593784582672609
        }
      },
      {
        "a": -0.8279235369539957,
        "b": -0.0010923500234967243,
        "c": -0.729417005857282,
        "d": 0.34874243434891383,
        "e": 1.1751767417424994,
        "f": 1.4733559197188826,
        "color": 0.2791188524162135,
        "weight": 0.9340613546725082,
        "variations": {
          "polar": 0.857431290494998,
          "spherical": 0.8812674017859049,
          "swirl": 0.871540890103552
        }
      }
    ],
    "num_points": 2322551,
    "gamma": 1.8239531572681933,
    "brightness": 1.2,
    "hue_rotation": 115.76209139869503
  }
}