{
  "seed": "f450e642-b985-42b5-8675-100ddbf7e7f9",
  "params": {
    "transforms": [
      {
        "a": -0.33538301757102773,
        "b": 0.9197823515897292,
        "c": 0.7403737748125567,
        "d": 0.42512185217816145,
        "e": -0.289312315199425,
        "f": -0.5067079061373703,
        "color": 0.8747197894813163,
        "weight": 0.9059810481301692,
        "variations": {
          "sinusoidal": 0.25963108730734696,
          "polar": 0.47065480803081206
        }
      },
      {
        "a": -0.26452246826623016,
        "b": 0.054772159106210694,
        "c": 0.314952799951669,
        "d": -0.40644811110556467,
        "e": 0.7468178369143148,
        "f": 0.12424598567920753,
        "color": 0.46538383479108925,
        "weight": 0.9861428990385381,
        "variations": {
          "spherical": 0.25167520443464353
        }
      },
      {
        "a": -0.48991275730845074,
        "b": -0.04251567948569246,
        "c": -0.28777159660022966,
        "d": -0.14034237733831434,
        "e": 0.30161681843324084,
        "f": -1.1411206622862444,
        "color": 0.15115879330071613,
        "weight": 0.5916114832416446,
        "variations": {
          "heart": 0.7259146483411922,
          "spherical": 0.9014212367378842,
          "linear": 0.22844901491616731
        }
      }
    ],
    "num_points": 1019073,
    "gamma": 1.8642776830543457,
    "brightness": 1.2,
    "hue_rotation": 76.22375869824546
  }
}