{
  "seed": "0b0d165b-d0f2-4589-a7ec-0b31d9be990b",
  "params": {
    "transforms": [
      {
        "a": 0.5200168934569604,
        "b": 0.4037821212778565,
        "c": 0.6774367205851419,
        "d": 0.4481251331438896,
        "e": -0.1804093078918667,
        "f": 0.14467138599357998,
        "color": 0.31281608961301943,
        "weight": 0.9107027590738042,
        "variations": {
          "swirl": 0.5329754780318869,
          "linear": 0.06711387393475887
        }
      },
      {
        "a": -0.4141226093351702,
        "b": 0.2961107130891245,
        "c": -0.6896799624185657,
        "d": 0.6743450159224613,
        "e": 0.3503647947479829,
        "f": -1.3002668804162356,
        "color": 0.26682712542457077,
        "weight": 0.7440866815313227,
        "variations": {
          "linear": 0.19948246101359113,
          "sinusoidal": 0.3653756024960373,
          "swirl": 0.08287684729613165
        }
      },
      {
        "a": 0.5894380928417866,
        "b": 0.04496642124261574,
        "c": 0.09637381172548176,
        "d": 0.11721333172316406,
        "e": -0.496812234916419,
        "f": 0.42516452643179337,
        "color": 0.5896567943852072,
        "weight": 0.5190245986089448,
        "variations": {
          "sinusoidal": 0.9371315684781554,
          "linear": 0.8298315905494486,
          "swirl": 0.1673389400586609
        }
      }
    ],
    "num_points": 1327058,
    "gamma": 2.017655315635889,
    "brightness": 1.2,
    "hue_rotation": 195.68468834836298
  }
}