{
  "seed": "941395a7-a3c3-4ceb-8273-dba425e7fe2e",
  "params": {
    "transforms": [
      {
        "a": 0.5888951261368913,
        "b": -0.7741945798307184,
        "c": -0.4783448367694032,
        "d": 0.1680543372286174,
        "e": -0.5582777430118709,
        "f": 0.2370324738179339,
        "color": 0.06445009495679155,
        "weight": 0.11855291821227015,
        "variations": {
          "spherical": 0.7952437228067138,
          "polar": 0.3670773393225917,
          "swirl": 0.056596567988795976
        }
      },
      {
        "a": -0.8131480819390096,
        "b": -0.7131842863962359,
        "c": 0.12362399772885801,
        "d": -0.8945100343824539,
        "e": -0.39604862641513816,
        "f": 0.6245751742652379,
        "color": 0.7391260370557828,
        "weight": 0.21452118381754276,
        "variations": {
          "spherical": 0.8098821071224637,
          "sinusoidal": 0.11137974665956873,
          "swirl": 0.45421871910075606
        }
      },
      {
        "a": 0.08584662254006092,
        "b": -0.5328051404913088,
        "c": -0.8120925253455036,
        "d": -0.09610345510129803,
        "e": -1.3176410834008254,
        "f": 1.2702129656611278,
        "color": 0.785531552241037,
        "weight": 0.9678015359680667,
        "variations": {
          "polar": 0.1825942497739801,
          "heart": 0.125610961786899,
          "sinusoidal": 0.6177095019411262
        }
      },
      {
        "a": -0.9556098145149579,
        "b": -0.39104134797916656,
        "c": 0.970987207974261,
        "d": -0.056407144388715746,
        "e": 1.0307787954522087,
        "f": -1.4357920325797404,
        "color": 0.24494397872378915,
        "weight": 0.18663309190860905,
        "variations": {
          "polar": 0.7286764257728977
        }
      }
    ],
    "num_points": 2659946,
    "gamma": 1.9895995701031086,
    "brightness": 1.2,
    "hue_rotation": 189.55246937538539
  }
}