{
  "seed": "002cda27-9108-48a2-aa51-949730376e74",
  "params": {
    "transforms": [
      {
        "a": -0.2758341213795965,
        "b": -0.9300848734919778,
        "c": -0.1099401407130689,
        "d": -0.31953892533944805,
        "e": 0.9294657885133155,
        "f": 1.022713124886515,
        "color": 0.29243353318684895,
        "weight": 0.43199134785737225,
        "variations": {
          "sinusoidal": 0.9223618267537804,
          "swirl": 0.9228216185857065
        }
      },
      {
        "a": -0.9135712184520628,
        "b": 0.363292215619091,
        "c": -0.5042541083532106,
        "d": 0.5030198028150215,
        "e": 0.6875904904614254,
        "f": -0.7638625301378688,
        "color": 0.5784231900615944,
        "weight": 0.7909505525562398,
        "variations": {
          "spherical": 0.7435688078743548,
          "polar": 0.6209163603719563,
          "swirl": 0.1395678000000211
        }
      },
      {
        "a": 0.4716133634574198,
        "b": 0.5344340805703323,
        "c": 0.4175095206089232,
        "d": 0.11694525068166062,
        "e": -0.018295912610159615,
        "f": -1.198443425000336,
        "color": 0.016312138702458845,
        "weight": 0.5301566489358407,
        "variations": {
          "polar": 0.2975814018301778,
          "heart": 0.9868013055919007,
          "spherical": 0.46306672521836834
        }
      }
    ],
    "num_points": 1194783,
    "gamma": 2.1166028982334897,
    "brightness": 1.2,
    "hue_rotation": 331.0309574230141
  }
}