{
  "seed": "ce36e323-93c6-4b81-8849-a587ae70720b",
  "params": {
    "transforms": [
      {
        "a": -0.21926850086995575,
        "b": -0.8393714040070293,
        "c": 0.1840822413982408,
        "d": 0.855893671399123,
        "e": 0.7746429271195927,
        "f": 0.36700117750946215,
        "color": 0.2839618616033067,
        "weight": 0.44626204327823715,
        "variations": {
          "swirl": 0.5794000850118844,
          "spherical": 0.6253855278115515,
          "linear": 0.13855485384343824
        }
      },
      {
        "a": 0.276696538409944,
        "b": -0.6208181993851021,
        "c": -0.5618257667791773,
        "d": 0.037486526803552245,
        "e": 0.9543027189095468,
        "f": 0.4350073377748591,
        "color": 0.06307572633518566,
        "weight": 0.8887116124562818,
        "variations": {
          "heart": 0.22655171552178044,
          "polar": 0.2949906053710478
        }
      }
    ],
    "num_points": 2570644,
    "gamma": 2.3500359392016494,
    "brightness": 1.2,
    "hue_rotation": 160.95299743074344
  }
}