{
  "seed": "01ba70dd-a431-4823-8e87-4dac609b0e27",
  "params": {
    "transforms": [
      {
        "a": -0.24416012829661082,
        "b": 0.2016190349376148,
        "c": -0.6647553737970098,
        "d": 0.3047139755521395,
        "e": -1.1023326357098637,
        "f": -0.7462839100199371,
        "color": 0.05090455911878844,
        "weight": 0.6186263497302037,
        "variations": {
          "spherical": 0.6724493006643716,
          "polar": 0.04439777200984729
        }
      },
      {
        "a": -0.12935176293805672,
        "b": -0.9139904309761024,
        "c": -0.6565406929844846,
        "d": 0.051294660257649616,
        "e": -0.2129917410903941,
        "f": 1.4304440198011394,
        "color": 0.8414453836437518,
        "weight": 0.8816081946807471,
        "variations": {
          "linear": 0.04783423845747925,
          "heart": 0.16680417793221491
        }
      },
      {
        "a": 0.557267957418534,
        "b": 0.5603511625375117,
        "c": -0.4058848826168939,
        "d": 0.6436030060267077,
        "e": -0.9065706608966756,
        "f": 0.5023917582443458,
        "color": 0.7758349518398903,
        "weight": 0.7628402403765357,
        "variations": {
          "linear": 0.030061203431659078
        }
      }
    ],
    "num_points": 1140730,
    "gamma": 1.8534016907715338,
    "brightness": 1.2,
    "hue_rotation": 243.61486470068306
  }
}