{
  "seed": "16aa130d-b605-4215-a858-642b09478b4b",
  "params": {
    "transforms": [
      {
        "a": -0.05220285226550403,
        "b": 0.2536320675090138,
        "c": -0.19905678656837922,
        "d": -0.2976093790146104,
        "e": -0.07904345302413995,
        "f": 0.7238532156799895,
        "color": 0.8585394471550453,
        "weight": 0.4245397903101441,
        "variations": {
          "spherical": 0.03608845143423056
        }
      },
      {
        "a": -0.19080555369362706,
        "b": -0.08298299794126818,
        "c": 0.07801262579385515,
        "d": 0.42248529701361437,
        "e": 0.01384991682545822,
        "f": 1.4798734468604637,
        "color": 0.42450780690778556,
        "weight": 0.11929374878431315,
        "variations": {
          "polar": 0.2803197438512086,
          "heart": 0.17113648407617277
        }
      }
    ],
    "num_points": 2302334,
    "gamma": 2.3309178171045284,
    "brightness": 1.2,
    "hue_rotation": 106.52451309671389
  }
}