{
  "seed": "3429ade2-c1a4-4d6d-a166-f2dbeaee8f9c",
  "params": {
    "transforms": [
      {
        "a": 0.9336924720108064,
        "b": -0.17222229725159677,
        "c": 0.9730287140901759,
        "d": -0.2831151440605091,
        "e": 0.35049763061003514,
        "f": 1.2467993456036037,
        "color": 0.9665206130256685,
        "weight": 0.18980151551425856,
        "variations": {
          "polar": 0.5844535467300042,
          "swirl": 0.7511077798323056
        }
      },
      {
        "a": -0.11518439580750361,
        "b": -0.702725139643857,
        "c": 0.9257084617693563,
        "d": 0.8621109750471354,
        "e": 1.0970916788916876,
        "f": -1.3525400321591425,
        "color": 0.6933387024717136,
        "weight": 0.708518594131112,
        "variations": {
          "spherical": 0.4221790422795426,
          "heart": 0.5605574741623571
        }
      }
    ],
    "num_points": 2637209,
    "gamma": 2.024255238453746,
    "brightness": 1.2,
    "hue_rotation": 347.76188487922724
  }
}