{
  "seed": "ee0a6786-3c9e-478b-8a8b-241563305fc9",
  "params": {
    "transforms": [
      {
        "a": -0.2633472042997611,
        "b": -0.6650583170245856,
        "c": -0.8357504754870453,
        "d": 0.17324889924573994,
        "e": -0.8756791398635576,
        "f": -0.20716499754096995,
        "color": 0.1831681926097648,
        "weight": 0.7110993619099255,
        "variations": {
          "heart": 0.10283217088960817
        }
      },
      {
        "a": 0.5464743966729955,
        "b": -0.6113078743199172,
        "c": -0.926844905024544,
        "d": -0.7442681250476959,
        "e": 1.2250094628132784,
        "f": 0.11419782813045387,
        "color": 0.8981524117512902,
        "weight": 0.9352326436734734,
        "variations": {
          "sinusoidal": 0.6803286225823006,
          "heart": 0.7419912213560981
        }
      }
    ],
    "num_points": 2745620,
    "gamma": 2.3154045905611973,
    "brightness": 1.2,
    "hue_rotation": 60.83101452203637
  }
}