{
  "seed": "a25746d7-49b6-4bcf-b28d-844f6de788ad",
  "params": {
    "transforms": [
      {
        "a": 0.867422845312698,
        "b": 0.975051049418932,
        "c": -0.15791593436284135,
        "d": 0.7250263648654596,
        "e": -1.485096417345494,
        "f": 0.37483865330139743,
        "color": 0.6690777735085162,
        "weight": 0.4345769411097926,
        "variations": {
          "linear": 0.31168672913500683,
          "sinusoidal": 0.7578793697581908,
          "heart": 0.15969815162006262
        }
      },
      {
        "a": -0.2936455881430782,
        "b": -0.24297438298386043,
        "c": -0.86153103902108,
        "d": -0.6219016794034711,
        "e": -1.2261015727342883,
        "f": 0.8089852400394459,
        "color": 0.9981369250436353,
        "weight": 0.31029751855525095,
        "variations": {
          "spherical": 0.09750518326351909
        }
      },
      {
        "a": -0.09186603824559914,
        "b": 0.46013068997084394,
        "c": -0.3707201177521917,
        "d": -0.6276940578584489,
        "e": 0.5721930234573671,
        "f": 0.9261553655568382,
        "color": 0.07097800944579757,
        "weight": 0.9539158741103728,
        "variations": {
          "polar": 0.42417027973759436
        }
      },
      {
        "a": 0.45954948599982326,
        "b": 0.222220596220843,
        "c": 0.8847600288778588,
        "d": 0.5705653053439408,
        "e": 0.6954730310418777,
        "f": -1.389874398943221,
        "color": 0.8158597454273824,
        "weight": 0.16155540427465415,
        "variations": {
          "heart": 0.4646618202921632
        }
      }
    ],
    "num_points": 1572923,
    "gamma": 2.2841670613283744,
    "brightness": 1.2,
    "hue_rotation": 310.1167971990953
  }
}