{
  "seed": "973e5e2b-f624-4224-bfda-9ef6b810918b",
  "params": {
    "transforms": [
      {
        "a": -0.6650856836448291,
        "b": -0.9840910866181749,
        "c": -0.09786774704812418,
        "d": 0.2623789723185026,
        "e": -0.9094035826925474,
        "f": -0.2734120420588999,
        "color": 0.5249163236834822,
        "weight": 0.5954868513515078,
        "variations": {
          "spherical": 0.13769379041986163,
          "linear": 0.3511883899801229
        }
      },
      {
        "a": 0.6615496377301322,
        "b": -0.1178389544467,
        "c": 0.19000504662468565,
        "d": -0.30576653759271233,
        "e": -0.22083714232061036,
        "f": -0.5482451523209657,
        "color": 0.7776188110673545,
        "weight": 0.837525484464065,
        "variations": {
          "polar": 0.26074943492384106
        }
      },
      {
        "a": -0.5611855531966075,
        "b": 0.3237738687958951,
        "c": -0.23280758680187286,
        "d": 0.571705707426075,
        "e": -1.3053901207889558,
        "f": -0.18018627401787368,
        "color": 0.21647172338868004,
        "weight": 0.5111401190050601,
        "variations": {
          "polar": 0.25815783811741877,
          "heart": 0.3226195818077484,
          "spherical": 0.5402174860599551
        }
      },
      {
        "a": -0.6095087125034111,
        "b": 0.9644089463154255,
        "c": 0.8154831989920897,
        "d": 0.7230695564109437,
        "e": 0.6893060311746999,
        "f": -0.699924197332407,
        "color": 0.3155747788451584,
        "weight": 0.2048896775187669,
        "variations": {
          "heart": 0.87747158277951,
          "linear": 0.8711584397503228
        }
      }
    ],
    "num_points": 1774576,
    "gamma": 2.2177123659855162,
    "brightness": 1.2,
    "hue_rotation": 54.09083691747024
  }
}