{
  "seed": "ce38d978-420c-4105-a98f-6ee6c00e41a0",
  "params": {
    "transforms": [
      {
        "a": -0.3515304205936498,
        "b": -0.242001899277277,
        "c": 0.9331315483952711,
        "d": 0.1598562310969216,
        "e": -0.5365806958414205,
        "f": -1.1214158916128447,
        "color": 0.13773459426972634,
        "weight": 0.5661525608735324,
        "variations": {
          "linear": 0.013346650960973538,
          "heart": 0.826986547682759
        }
      },
      {
        "a": 0.48685516611228197,
        "b": -0.5953993182214941,
        "c": 0.2648169760913708,
        "d": -0.9784352758197341,
        "e": -1.3637844649958166,
        "f": -0.9797005565365725,
        "color": 0.08076531609334592,
        "weight": 0.19078950733449107,
        "variations": {
          "heart": 0.2553371064358837
        }
      }
    ],
    "num_points": 2086211,
    "gamma": 2.2692001918875144,
    "brightness": 1.2,
    "hue_rotation": 50.08497479830381
  }
}