{
  "seed": "1b703e51-008d-4ce3-8851-eee34d27b279",
  "params": {
    "transforms": [
      {
        "a": 0.11271438842921255,
        "b": 0.29357491378726475,
        "c": 0.824937527645301,
        "d": 0.6070046041955881,
        "e": -1.1850926403095157,
        "f": 1.1688905578778113,
        "color": 0.6853268772240743,
        "weight": 0.8245042464221296,
        "variations": {
          "swirl": 0.9039543641756678
        }
      },
      {
        "a": 0.24508419587109764,
        "b": 0.7689426940512132,
        "c": -0.7858743832817687,
        "d": -0.37501785477689076,
        "e": 0.8430788245683649,
        "f": -0.6539139692473481,
        "color": 0.006767056174061814,
        "weight": 0.12109519588687134,
        "variations": {
          "swirl": 0.5198838611837623,
          "linear": 0.47530823733715355,
          "sinusoidal": 0.25717763223792156
        }
      },
      {
        "a": -0.15402253573163138,
        "b": -0.7481439687635758,
        "c": -0.5758564829022377,
        "d": 0.5086208965467451,
        "e": -0.7215070664770776,
        "f": -0.10620220052507667,
        "color": 0.424468298562126,
        "weight": 0.7774650340412939,
        "variations": {
          "sinusoidal": 0.23081489366233565,
          "heart": 0.3999350231550727
        }
      }
    ],
    "num_points": 2836064,
    "gamma": 1.8651252375694547,
    "brightness": 1.2,
    "hue_rotation": 46.18188907831767
  }
}