{
  "seed": "02ef65b8-9505-4e16-a6e2-6f00cd164a4e",
  "params": {
    "transforms": [
      {
        "a": -0.4887875881879191,
        "b": 0.9601990866842836,
        "c": 0.7102832536535779,
        "d": 0.8590504268284156,
        "e": 1.3233449411169165,
        "f": -0.24031699109623705,
        "color": 0.5806953956383294,
        "weight": 0.5629715120080453,
        "variations": {
          "swirl": 0.4695859954591962
        }
      },
      {
        "a": -0.3959331795209575,
        "b": 0.9626297727384923,
        "c": 0.8694042883828474,
        "d": -0.5420544663153197,
        "e": 0.5430191374251971,
        "f": -0.8777334931422699,
        "color": 0.7904260953644143,
        "weight": 0.3254050434948178,
        "variations": {
          "linear": 0.735917965927368
        }
      }
    ],
    "num_points": 1223214,
    "gamma": 2.1638116051296756,
    "brightness": 1.2,
    "hue_rotation": 222.8785126590804
  }
}