{
  "seed": "87aabbcb-9f47-46d7-801e-95ea0f4224ff",
  "params": {
    "transforms": [
      {
        "a": 0.2549994201203927,
        "b": 0.9418373574708341,
        "c": 0.525866228394831,
        "d": -0.9527275505468573,
        "e": -0.07254257942936881,
        "f": 1.0550881728803323,
        "color": 0.8229175297675418,
        "weight": 0.2650746733098513,
        "variations": {
          "swirl": 0.307593218668074,
          "sinusoidal": 0.6640661971555036
        }
      },
      {
        "a": -0.836745382038647,
        "b": -0.4296128202891367,
        "c": -0.54177161290096,
        "d": -0.4057946060327484,
        "e": -0.1641078188609688,
        "f": 0.8262347881370338,
        "color": 0.8967376148639742,
        "weight": 0.9468447637062074,
        "variations": {
          "polar": 0.90000668755301,
          "sinusoidal": 0.17813131198169252,
          "swirl": 0.5156087881443485
        }
      },
      {
        "a": 0.4883963546094321,
        "b": 0.6882634259018565,
        "c": 0.7893572651704011,
        "d": 0.04904105504785261,
        "e": 0.640395402559959,
        "f": -0.43235688111434545,
        "color": 0.9315165857501941,
        "weight": 0.7377134241073613,
        "variations": {
          "sinusoidal": 0.6339518054786075,
          "linear": 0.9270500447576933,
          "heart": 0.03406774407806179
        }
      }
    ],
    "num_points": 2147524,
    "gamma": 2.4628805622359433,
    "brightness": 1.2,
    "hue_rotation": 244.52793589547267
  }
}