{
  "seed": "37c6cfdb-a56d-4f08-9a58-604110dbcdc2",
  "params": {
    "transforms": [
      {
        "a": 0.7442505289647143,
        "b": 0.5337061055840671,
        "c": 0.35247056116843467,
        "d": 0.6705049282224838,
        "e": -1.3713494848313088,
        "f": 0.9949739567261742,
        "color": 0.874294464321951,
        "weight": 0.7937686585170113,
        "variations": {
          "linear": 0.08846978338455003,
          "polar": 0.23578619101177645
        }
      },
      {
        "a": 0.8353007823170255,
        "b": -0.7242468552990402,
        "c": 0.5088972150393238,
        "d": 0.16187481336192655,
        "e": 0.2392358359386535,
        "f": -1.2950620220702942,
        "color": 0.5425301300263154,
        "weight": 0.5401929052454671,
        "variations": {
          "sinusoidal": 0.06070751143134134,
          "polar": 0.03667959114742447
        }
      },
      {
        "a": -0.43875641601044935,
        "b": 0.16682321605448802,
        "c": -0.294087440992133,
        "d": 0.45468669920805316,
        "e": -0.6618634732395834,
        "f": 0.645542522217383,
        "color": 0.9028006585796137,
        "weight": 0.24501048384590102,
        "variations": {
          "sinusoidal": 0.5358103519676864
        }
      }
    ],
    "num_points": 2144393,
    "gamma": 1.976551269164056,
    "brightness": 1.2,
    "hue_rotation": 177.29101730230755
  }
}