{
  "seed": "44bce51e-ff8d-4d73-b8c3-5000c06b6359",
  "params": {
    "transforms": [
      {
        "a": -0.8683899502550136,
        "b": -0.8961296815382418,
        "c": 0.9170199597983462,
        "d": -0.15555598878681565,
        "e": 1.3352822481115978,
        "f": 0.8413528497545482,
        "color": 0.5937710318098377,
        "weight": 0.7086401037684893,
        "variations": {
          "sinusoidal": 0.18912588928632879,
          "heart": 0.3464554727784409
        }
      },
      {
        "a": -0.0316386729044178,
        "b": 0.046897663300183856,
        "c": -0.7010912142493222,
        "d": 0.7251105230576416,
        "e": -0.756935309028452,
        "f": -0.1258641092173889,
        "color": 0.3180422026848414,
        "weight": 0.8234583397616392,
        "variations": {
          "linear": 0.45916818300248385,
          "sinusoidal": 0.701213391885436,
          "swirl": 0.8546365078417125
        }
      },
      {
        "a": -0.4116537013335042,
        "b": 0.643742439387883,
        "c": -0.43647495176478524,
        "d": 0.687198452182592,
        "e": -1.3807198784621015,
        "f": -0.262904178973681,
        "color": 0.8528051135661726,
        "weight": 0.5018140976379952,
        "variations": {
          "polar": 0.36860127044662916,
          "sinusoidal": 0.2688794754136449
        }
      }
    ],
    "num_points": 2102843,
    "gamma": 2.316206679684089,
    "brightness": 1.2,
    "hue_rotation": 113.84865649508922
  }
}