{
  "seed": "5b1be7e4-299d-40ba-a884-e4999d398eba",
  "params": {
    "transforms": [
      {
        "a": 0.9898052922845268,
        "b": 0.6503020611642181,
        "c": 0.1488405359510987,
        "d": -0.29382086011493147,
        "e": 1.454823810246575,
        "f": 0.7871443891180752,
        "color": 0.7672970154309254,
        "weight": 0.7355052033889599,
        "variations": {
          "polar": 0.7479571134230154
        }
      },
      {
        "a": -0.47553165477082127,
        "b": -0.00615899807319531,
        "c": 0.01589493076481907,
        "d": -0.44939653625101683,
        "e": -0.8364270026135283,
        "f": -0.07872786603806814,
        "color": 0.2553238758425652,
        "weight": 0.38338117950691186,
        "variations": {
          "heart": 0.25652232595030167,
          "linear": 0.5957909322739455
        }
      },
      {
        "a": -0.5239931766330697,
        "b": 0.6260803137070823,
        "c": 0.6117697004549443,
        "d": -0.06406167453597922,
        "e": -0.4464139909167324,
        "f": 1.493537124675909,
        "color": 0.644640192215847,
        "weight": 0.4974195277237501,
        "variations": {
          "linear": 0.3005570035746974,
          "swirl": 0.4714458011832189,
          "heart": 0.19715874005553014
        }
      },
      {
        "a": -0.7394490178361599,
        "b": 0.36541852931745655,
        "c": 0.3503036660567209,
        "d": 0.8104495102785592,
        "e": -0.7178412654053177,
        "f": -0.6465531112307598,
        "color": 0.37821741161958755,
        "weight": 0.1860941050703584,
        "variations": {
          "heart": 0.4768400551463634,
          "linear": 0.008181659457660584,
          "sinusoidal": 0.29259726278255727
        }
      }
    ],
    "num_points": 2173376,
    "gamma": 2.052209859755007,
    "brightness": 1.2,
    "hue_rotation": 160.65743878584405
  }
}