{
  "seed": "dbdb8229-ef8f-4462-ac19-1c9892cc3b0a",
  "params": {
    "transforms": [
      {
        "a": -0.15658453361186675,
        "b": 0.496182694433396,
        "c": -0.5047894756783595,
        "d": 0.08045442132554381,
        "e": -0.1361482590606633,
        "f": -0.22210811640319728,
        "color": 0.7727475286226716,
        "weight": 0.30118178933934925,
        "variations": {
          "sinusoidal": 0.39092284310433034
        }
      },
      {
        "a": 0.09857465550163913,
        "b": 0.3792699541949598,
        "c": -0.26986558164810037,
        "d": 0.41382851330674786,
        "e": -1.1515733265973758,
        "f": -0.1727464462845658,
        "color": 0.4901252662185661,
        "weight": 0.6364532426466042,
        "variations": {
          "heart": 0.608228312196293,
          "linear": 0.2035328637843261
        }
      }
    ],
    "num_points": 2487591,
    "gamma": 2.433858999359488,
    "brightness": 1.2,
    "hue_rotation": 84.81933043991279
  }
}