{
  "seed": "33ae4995-887b-4969-a56f-27084f60f155",
  "params": {
    "transforms": [
      {
        "a": 0.7446278931216364,
        "b": -0.2975320047600645,
        "c": 0.6805026648510415,
        "d": -0.44333331732525316,
        "e": -0.9754606546506059,
        "f": -0.014103340041781376,
        "color": 0.7131188981898425,
        "weight": 0.747443325608915,
        "variations": {
          "sinusoidal": 0.3166226660016739,
          "linear": 0.4378584512936222,
          "polar": 0.40912824702917616
        }
      },
      {
        "a": -0.6223458460965587,
        "b": 0.5383188056499557,
        "c": -0.33910443687059977,
        "d": 0.7850841125322969,
        "e": -0.08322765527681941,
        "f": -1.0740213733706088,
        "color": 0.6291549768730099,
        "weight": 0.48864557435690636,
        "variations": {
          "swirl": 0.3563271031905063
        }
      },
      {
        "a": -0.07799595883538579,
        "b": 0.011563437965807832,
        "c": -0.12851444354778763,
        "d": 0.8308053894528726,
        "e": 0.9807809947935962,
        "f": 1.433328097472558,
        "color": 0.20071326929857225,
        "weight": 0.680875410380345,
        "variations": {
          "linear": 0.4256641907915313
        }
      }
    ],
    "num_points": 2619988,
    "gamma": 2.2279064068501486,
    "brightness": 1.2,
    "hue_rotation": 120.11938344164443
  }
}