{
  "seed": "15eb190c-c5a9-4584-aeea-f32adc09a913",
  "params": {
    "transforms": [
      {
        "a": -0.46620235893291606,
        "b": -0.034151050389508164,
        "c": 0.7635560727131645,
        "d": -0.4529883498441356,
        "e": 0.025111586484547033,
        "f": 1.4459846466648854,
        "color": 0.24066888385470364,
        "weight": 0.8827647304180681,
        "variations": {
          "sinusoidal": 0.5996411124193981,
          "linear": 0.7308331137986777
        }
      },
      {
        "a": 0.5408810011650238,
        "b": 0.9561715664549963,
        "c": -0.4838057874504518,
        "d": 0.32797498185414686,
        "e": -0.7948151695834015,
        "f": -0.7505999997546785,
        "color": 0.43193755073572115,
        "weight": 0.1674927586112907,
        "variations": {
          "linear": 0.35927430490409273
        }
      },
      {
        "a": -0.9351493721764337,
        "b": -0.44758603983849343,
        "c": -0.044939553009484934,
        "d": -0.35874580375684095,
        "e": -1.0132533297830735,
        "f": -0.10434841862249722,
        "color": 0.4493075953548885,
        "weight": 0.41535581570125224,
        "variations": {
          "polar": 0.23843787617521417,
          "spherical": 0.10961561705770106,
          "sinusoidal": 0.5166337313922253
        }
      }
    ],
    "num_points": 2912915,
    "gamma": 2.4984579338474644,
    "brightness": 1.2,
    "hue_rotation": 313.4897156721122
  }
}