{
  "seed": "9709c7ff-21fb-49f6-aa1d-056b20ce074e",
  "params": {
    "transforms": [
      {
        "a": -0.8550686743934224,
        "b": 0.9911427406852948,
        "c": -0.912205044853817,
        "d": -0.7070640428197732,
        "e": -0.5319560183893146,
        "f": 1.463529232006124,
        "color": 0.9716371591434743,
        "weight": 0.7545519240751193,
        "variations": {
          "polar": 0.933617745364655
        }
      },
      {
        "a": 0.776023149126859,
        "b": -0.8057492809381095,
        "c": 0.9439643416538643,
        "d": 0.9529902325253656,
        "e": 0.8067650596492149,
        "f": 0.5113485265178879,
        "color": 0.14062730689545722,
        "weight": 0.4373248040272467,
        "variations": {
          "linear": 0.024752115882919368
        }
      }
    ],
    "num_points": 1065097,
    "gamma": 2.140268709412576,
    "brightness": 1.2,
    "hue_rotation": 284.91180980121464
  }
}