{
  "seed": "9997f792-e815-44d0-a358-bfd7eb348166",
  "params": {
    "transforms": [
      {
        "a": 0.970662464030809,
        "b": 0.48312764146341425,
        "c": -0.1047398906220327,
        "d": 0.7590255406225546,
        "e": 1.1630326638750237,
        "f": -1.2800506432047056,
        "color": 0.5412727184644344,
        "weight": 0.36314228802366977,
        "variations": {
          "swirl": 0.17969208525583913,
          "heart": 0.4115755739695206
        }
      },
      {
        "a": 0.8212335884441293,
        "b": 0.9447913279237177,
        "c": 0.7549762416581611,
        "d": -0.1247132513747331,
        "e": -0.38029294606302333,
        "f": -0.2976180985054224,
        "color": 0.39665116524574684,
        "weight": 0.6199573191324452,
        "variations": {
          "polar": 0.627283399525942
        }
      }
    ],
    "num_points": 1702816,
    "gamma": 1.8203435878808643,
    "brightness": 1.2,
    "hue_rotation": 355.66385509027714
  }
}