{
  "seed": "55f8a3ff-aedf-46b4-b1ec-16fbcef73061",
  "params": {
    "transforms": [
      {
        "a": -0.10073544510691756,
        "b": 0.6798598231459099,
        "c": 0.4193827361412221,
        "d": -0.7545983072570159,
        "e": 0.32354120676783427,
        "f": 1.3334002006717909,
        "color": 0.2934722783485091,
        "weight": 0.8789810940767921,
        "variations": {
          "sinusoidal": 0.1447417435980406,
          "linear": 0.7845830659156705,
          "polar": 0.061957047868966164
        }
      },
      {
        "a": -0.9566642675264976,
        "b": 0.659418661383329,
        "c": 0.33527629673132076,
        "d": 0.8282756188253801,
        "e": 0.6607468852652745,
        "f": -0.7836297252331679,
        "color": 0.25821332323083257,
        "weight": 0.37255957837477893,
        "variations": {
          "linear": 0.5936365876914593
        }
      },
      {
        "a": -0.647836522781067,
        "b": -0.30208597550946226,
        "c": 0.7393306008905058,
        "d": -0.747468542667824,
        "e": 0.949971137627311,
        "f": 0.261301133452446,
        "color": 0.07147913124565974,
        "weight": 0.6710195656038073,
        "variations": {
          "heart": 0.24203509013648727,
          "sinusoidal": 0.029227746451116254
        }
      }
    ],
    "num_points": 2305393,
    "gamma": 2.3708242952786005,
    "brightness": 1.2,
    "hue_rotation": 69.48595294874593
  }
}