{
  "seed": "0f470829-a8b7-4ae0-ab15-c5752666b2fe",
  "params": {
    "transforms": [
      {
        "a": 0.023197425814639905,
        "b": 0.6450719381763252,
        "c": 0.7523141625996095,
        "d": -0.26551783983953414,
        "e": 0.35446004391460706,
        "f": 0.0902478830814002,
        "color": 0.22241769133096256,
        "weight": 0.44864921303047034,
        "variations": {
          "spherical": 0.5437069870476499
        }
      },
      {
        "a": -0.4893069801114416,
        "b": -0.7057493484382689,
        "c": 0.5297269268018387,
        "d": -0.21878701243935383,
        "e": -1.206744659028013,
        "f": 0.7351027847996119,
        "color": 0.7712079740042574,
        "weight": 0.6284848698958746,
        "variations": {
          "spherical": 0.8510891676160014
        }
      }
    ],
    "num_points": 1576141,
    "gamma": 1.8197623545027846,
    "brightness": 1.2,
    "hue_rotation": 217.37231379358954
  }
}