{
  "seed": "3fe43ca3-aa9f-4aeb-87fd-94fb0bb35c1f",
  "params": {
    "transforms": [
      {
        "a": 0.4634917670815224,
        "b": -0.25994500850561497,
        "c": -0.5960296339304589,
        "d": 0.7687485951754718,
        "e": 1.090608955405179,
        "f": 0.22193382749013457,
        "color": 0.37958499736899265,
        "weight": 0.5998186011126055,
        "variations": {
          "heart": 0.31148114464105814,
          "linear": 0.1168526628542067,
          "spherical": 0.4649026441291002
        }
      },
      {
        "a": 0.0021973437807119023,
        "b": 0.8207591650264849,
        "c": -0.848718206010121,
        "d": -0.5904562598378666,
        "e": 1.0932572946863268,
        "f": 0.9006765623748376,
        "color": 0.32133481031083855,
        "weight": 0.21913815038503776,
        "variations": {
          "spherical": 0.4775844077700665,
          "linear": 0.7473340809991781,
          "sinusoidal": 0.08430401308715962
        }
      }
    ],
    "num_points": 1971302,
    "gamma": 2.415582441531206,
    "brightness": 1.2,
    "hue_rotation": 119.78597269016942
  }
}