{
  "seed": "2ffc8302-6633-4669-83fe-429f65db4c61",
  "params": {
    "transforms": [
      {
        "a": -0.10560167931140851,
        "b": -0.7583152995933413,
        "c": 0.7106708435444582,
        "d": 0.796221335362985,
        "e": 0.045089600857568524,
        "f": -1.0083242690138867,
        "color": 0.13753213465219816,
        "weight": 0.5049019324223577,
        "variations": {
          "sinusoidal": 0.376026712968645,
          "linear": 0.927068393873664,
          "heart": 0.9167897155268393
        }
      },
      {
        "a": -0.15544933171934439,
        "b": 0.3431475672816977,
        "c": -0.8832421841219273,
        "d": -0.36961822742582817,
        "e": -0.09766231223384803,
        "f": -1.1175629232411703,
        "color": 0.10621054138152741,
        "weight": 0.8591531284745654,
        "variations": {
          "linear": 0.8891977418745892,
          "polar": 0.40743717969553184
        }
      },
      {
        "a": 0.6786257371261788,
        "b": 0.00944301837707573,
        "c": 0.6216996417504519,
        "d": -0.9948046066513077,
        "e": 1.4553693026850434,
        "f": 0.5560032528693353,
        "color": 0.28499307620603453,
        "weight": 0.32688660357626165,
        "variations": {
          "polar": 0.07141034098584886
        }
      }
    ],
    "num_points": 2964471,
    "gamma": 2.289600019111205,
    "brightness": 1.2,
    "hue_rotation": 344.77420661571006
  }
}