{
  "seed": "2d314053-4cdc-4734-af94-ec63bd7cc667",
  "params": {
    "transforms": [
      {
        "a": -0.8482055105287616,
        "b": -0.6312477610603382,
        "c": -0.9461098725082875,
        "d": 0.8487920079293385,
        "e": -0.38282979204744416,
        "f": -1.10694464266986,
        "color": 0.503840048067993,
        "weight": 0.9298974999213375,
        "variations": {
          "linear": 0.6331583274038348,
          "sinusoidal": 0.9316880195130491,
          "heart": 0.5538138203862893
        }
      },
      {
        "a": -0.9074665089520357,
        "b": 0.4264187871498022,
        "c": -0.9039684465291993,
        "d": 0.15007457006651648,
        "e": 0.190061578488395,
        "f": -0.6682545002543592,
        "color": 0.5729315399594285,
        "weight": 0.14893233518105875,
        "variations": {
          "swirl": 0.6844881692766978
        }
      },
      {
        "a": 0.8286392025612868,
        "b": 0.13834156538650388,
        "c": 0.5323341597435793,
        "d": -0.0365089193602659,
        "e": -0.5131145454902933,
        "f": 1.1675757984860438,
        "color": 0.7171946283428718,
        "weight": 0.2735819356947342,
        "variations": {
          "spherical": 0.28982608940722177,
          "linear": 0.9433148848215309,
          "heart": 0.21534075594045976
        }
      },
      {
        "a": -0.07943023817645822,
        "b": 0.8903142713439245,
        "c": 0.9377136456569457,
        "d": 0.3452047576932338,
        "e": 0.1981352774689349,
        "f": 0.5683698436901183,
        "color": 0.2232217051582127,
        "weight": 0.3570831543663413,
        "variations": {
          "linear": 0.8197065519579643,
          "sinusoidal": 0.9527298863143099,
          "spherical": 0.7488996413369232
        }
      }
    ],
    "num_points": 1058099,
    "gamma": 2.252510215957344,
    "brightness": 1.2,
    "hue_rotation": 156.55385088021998
  }
}