{
  "seed": "974bf34a-81b5-42ab-b487-30cf109463be",
  "params": {
    "transforms": [
      {
        "a": -0.8324906974000799,
        "b": -0.22850748006599075,
        "c": -0.4065428748552835,
        "d": 0.28903893106875,
        "e": 0.13895225109169274,
        "f": 0.6098018426836616,
        "color": 0.9746091065623828,
        "weight": 0.7521478743924565,
        "variations": {
          "heart": 0.48498988059427073,
          "sinusoidal": 0.3432869022371998
        }
      },
      {
        "a": 0.18190801980687277,
        "b": 0.172390987344746,
        "c": -0.2955231182237079,
        "d": -0.05013547761685522,
        "e": -0.9342198340099691,
        "f": -0.28907371068790644,
        "color": 0.10176420362857963,
        "weight": 0.6852594074545861,
        "variations": {
          "spherical": 0.9305825748311517,
          "linear": 0.19780398558246082
        }
      },
      {
        "a": 0.06988238848601158,
        "b": -0.9548554366177153,
        "c": 0.620048844125022,
        "d": 0.04162004984048284,
        "e": -0.7765966337423295,
        "f": -1.3358608703981245,
        "color": 0.20382908687246715,
        "weight": 0.8842003654817328,
        "variations": {
          "polar": 0.2393898774495946,
          "sinusoidal": 0.00767011204399215,
          "linear": 0.8618290716534874
        }
      }
    ],
    "num_points": 1714328,
    "gamma": 2.443160900530912,
    "brightness": 1.2,
    "hue_rotation": 65.54003499510165
  }
}