{
  "seed": "5ad5387c-a1e7-4c93-83b0-57b1c2f96572",
  "params": {
    "transforms": [
      {
        "a": 0.11321128311015793,
        "b": 0.4826791715465333,
        "c": -0.28802491875113745,
        "d": 0.9544395528311103,
        "e": -0.21005583450653198,
        "f": 0.39853106220924017,
        "color": 0.6621223479163824,
        "weight": 0.7140823736800685,
        "variations": {
          "spherical": 0.7239924547950882,
          "swirl": 0.19178454156572233
        }
      },
      {
        "a": -0.6084704400713303,
        "b": -0.7057062273256125,
        "c": 0.022335473810691786,
        "d": -0.8056953455675877,
        "e": -0.5276812258515453,
        "f": 0.772838852145429,
        "color": 0.19074772486500824,
        "weight": 0.4436676243129031,
        "variations": {
          "sinusoidal": 0.1426228937242704,
          "swirl": 0.8040281826026214
        }
      },
      {
        "a": -0.022896476901201224,
        "b": 0.547917037999804,
        "c": 0.2751585722675063,
        "d": 0.368096338289559,
        "e": -0.6613994793268442,
        "f": -0.6704604809151342,
        "color": 0.792248515505318,
        "weight": 0.5761633382970058,
        "variations": {
          "spherical": 0.5547489584969517,
          "swirl": 0.17861203027100636
        }
      }
    ],
    "num_points": 2184096,
    "gamma": 2.065181614256449,
    "brightness": 1.2,
    "hue_rotation": 68.6459738615095
  }
}