{
  "seed": "20d3b04b-83d1-4c65-a1a7-353f0d2ba214",
  "params": {
    "transforms": [
      {
        "a": 0.5844606323969281,
        "b": 0.006957617284192752,
        "c": -0.3212697654467662,
        "d": 0.30605035344648535,
        "e": 0.2637489021849446,
        "f": 0.6274271113461847,
        "color": 0.2357642153779158,
        "weight": 0.9872260015691293,
        "variations": {
          "sinusoidal": 0.29146184589409574
        }
      },
      {
        "a": -0.7807392148412791,
        "b": 0.2529053834349353,
        "c": 0.472972840860578,
        "d": 0.43355943612024705,
        "e": 0.9532380298536709,
        "f": 0.9251988594949521,
        "color": 0.03656461480497264,
        "weight": 0.8137904807706363,
        "variations": {
          "sinusoidal": 0.37843712552816955,
          "swirl": 0.5647298610144547,
          "linear": 0.22623725897333846
        }
      }
    ],
    "num_points": 1132061,
    "gamma": 1.9809186919444748,
    "brightness": 1.2,
    "hue_rotation": 91.95798448603784
  }
}