{
  "seed": "fa9459a4-12d0-4125-9fd8-6d0075ebd730",
  "params": {
    "transforms": [
      {
        "a": 0.531007627872667,
        "b": -0.44632326350064266,
        "c": 0.23147020605880342,
        "d": 0.3366681608840467,
        "e": -0.5185913694974466,
        "f": 0.11327202485226229,
        "color": 0.12958324749832262,
        "weight": 0.7030180083671976,
        "variations": {
          "sinusoidal": 0.9998481254950479
        }
      },
      {
        "a": -0.009302378734606931,
        "b": 0.5639693881593428,
        "c": 0.34394043472034874,
        "d": -0.7025441488429096,
        "e": 0.5834142803185145,
        "f": -1.3382060297577216,
        "color": 0.4904491181951751,
        "weight": 0.2284833073284165,
        "variations": {
          "sinusoidal": 0.9557705217422976
        }
      }
    ],
    "num_points": 1673735,
    "gamma": 2.4130370144555844,
    "brightness": 1.2,
    "hue_rotation": 269.8737085522559
  }
}