{
  "seed": "c4e4d0ef-c504-47be-af82-3d1914b66d08",
  "params": {
    "transforms": [
      {
        "a": 0.5787979460533228,
        "b": -0.8639825352803163,
        "c": 0.4007266129160285,
        "d": -0.130290755468494,
        "e": 1.1112862117902815,
        "f": 0.7764570767750465,
        "color": 0.4227843920637484,
        "weight": 0.8766739878907956,
        "variations": {
          "heart": 0.5653221539210993
        }
      },
      {
        "a": -0.2353925551505296,
        "b": -0.36001480462063395,
        "c": 0.8241568495713372,
        "d": -0.4300549235479545,
        "e": 1.4921482593244604,
        "f": -1.1375232237019994,
        "color": 0.25520486649523333,
        "weight": 0.5647654200585606,
        "variations": {
          "spherical": 0.9642129281675507
        }
      }
    ],
    "num_points": 1386173,
    "gamma": 2.467426500827366,
    "brightness": 1.2,
    "hue_rotation": 323.56147484803864
  }
}