{
  "seed": "66a0d95a-18ea-44a8-bd81-699bacddc36f",
  "params": {
    "transforms": [
      {
        "a": -0.7900271519049817,
        "b": 0.8079443182192299,
        "c": 0.08766026517594305,
        "d": -0.9026219107207243,
        "e": -1.4504726063981321,
        "f": -1.327239224460933,
        "color": 0.489072309080159,
        "weight": 0.1764779352873529,
        "variations": {
          "swirl": 0.2897652064051479
        }
      },
      {
        "a": 0.5239376919361733,
        "b": -0.73605495465263,
        "c": -0.11091514231743149,
        "d": 0.5262124555486904,
        "e": 0.8278337764412038,
        "f": 0.8441468910156931,
        "color": 0.3419897221468031,
        "weight": 0.9661288272052477,
        "variations": {
          "heart": 0.7979252366903627,
          "swirl": 0.17016442209642635,
          "spherical": 0.02632898157447039
        }
      },
      {
        "a": 0.7147254489750292,
        "b": -0.7748617273703795,
        "c": 0.7397716518801924,
        "d": 0.8780351484230038,
        "e": -0.9327805735398037,
        "f": 0.7005679887783911,
        "color": 0.2948581165171533,
        "weight": 0.38762754281864664,
        "variations": {
          "heart": 0.6378420740994384,
          "swirl": 0.7124865643234286,
          "spherical": 0.09704383610342049
        }
      }
    ],
    "num_points": 2354790,
    "gamma": 2.073315929382473,
    "brightness": 1.2,
    "hue_rotation": 215.04403387262022
  }
}