{
  "seed": "6d350276-f4cc-4bf4-be87-4dddba16762d",
  "params": {
    "transforms": [
      {
        "a": -0.37813812233982436,
        "b": 0.28523092592607346,
        "c": -0.6625211156468731,
        "d": -0.7141344776784193,
        "e": -0.1330364925060068,
        "f": -0.4683939733928528,
        "color": 0.4357164904096881,
        "weight": 0.3269139711706812,
        "variations": {
          "swirl": 0.5272938939742869,
          "linear": 0.9239447650235281,
          "polar": 0.7058879952357834
        }
      },
      {
        "a": -0.6390485226388094,
        "b": 0.25604594181212437,
        "c": 0.099861178012572,
        "d": -0.7872971141826755,
        "e": -1.4886088137091598,
        "f": 1.1425567511056913,
        "color": 0.1938076552378215,
        "weight": 0.43511535913197674,
        "variations": {
          "sinusoidal": 0.7374401452486011,
          "linear": 0.5009259853435364,
          "swirl": 0.24649173285617154
        }
      },
      {
        "a": -0.9043944757521547,
        "b": -0.49366033980795043,
        "c": 0.32747887154559474,
        "d": 0.5374767026127023,
        "e": 1.206094412158591,
        "f": 0.9239173485129162,
        "color": 0.9809737585565577,
        "weight": 0.370508859454595,
        "variations": {
          "sinusoidal": 0.9523028155428431
        }
      },
      {
        "a": 0.9132836405526139,
        "b": 0.6553270856563673,
        "c": -0.5039585611622555,
        "d": -0.795602961988735,
        "e": -1.4244030290688525,
        "f": -1.363511549161399,
        "color": 0.038068516674175545,
        "weight": 0.4092495494750451,
        "variations": {
          "heart": 0.37307167113002193
        }
      }
    ],
    "num_points": 2748122,
    "gamma": 2.2997116657166896,
    "brightness": 1.2,
    "hue_rotation": 127.58594949500228
  }
}