{
  "seed": "4ad15a47-4267-4d4c-9683-5d89abbe99d1",
  "params": {
    "transforms": [
      {
        "a": -0.5697158930351174,
        "b": 0.6801769711735428,
        "c": -0.07969970135279136,
        "d": -0.7783575222849701,
        "e": -1.4874384904735265,
        "f": 0.21780717662626858,
        "color": 0.14844069466230625,
        "weight": 0.8764703936740148,
        "variations": {
          "polar": 0.22248998713098345,
          "spherical": 0.43816854689457607
        }
      },
      {
        "a": 0.2494861022311674,
        "b": 0.03492371394156191,
        "c": -0.07278888430863217,
        "d": 0.1396307919133195,
        "e": -0.7850485098032005,
        "f": 0.01810443711092624,
        "color": 0.1866430304276765,
        "weight": 0.2366801188420113,
        "variations": {
          "polar": 0.500411042393893
        }
      },
      {
        "a": 0.9595480313426057,
        "b": -0.9628681103799823,
        "c": -0.5345220873993044,
        "d": -0.990519558068037,
        "e": 0.49564583086948977,
        "f": -0.6766546208132425,
        "color": 0.7638951674424248,
        "weight": 0.7529336456213521,
        "variations": {
          "sinusoidal": 0.9828996100805001
        }
      }
    ],
    "num_points": 2246108,
    "gamma": 1.9342058484407898,
    "brightness": 1.2,
    "hue_rotation": 15.572446254226628
  }
}