{
  "seed": "0b7cada3-b614-4278-85ad-08d4ea6a4624",
  "params": {
    "transforms": [
      {
        "a": 0.625950175183621,
        "b": 0.9106879428326888,
        "c": 0.8364709287310925,
        "d": 0.08381883091506959,
        "e": -0.7726881693382706,
        "f": 0.10352241268082718,
        "color": 0.5899228069495529,
        "weight": 0.8038726473032342,
        "variations": {
          "linear": 0.26660895804842255,
          "swirl": 0.9645672378136052
        }
      },
      {
        "a": -0.7505784812173086,
        "b": 0.3730091787302525,
        "c": 0.11944452800492567,
        "d": 0.9086639206416152,
        "e": 0.24355448756828646,
        "f": 1.4189455302155851,
        "color": 0.6966000861814103,
        "weight": 0.5921182378468034,
        "variations": {
          "linear": 0.019352717617148518
        }
      }
    ],
    "num_points": 2238774,
    "gamma": 2.4678091656025867,
    "brightness": 1.2,
    "hue_rotation": 221.8308988330087
  }
}