{
  "seed": "b2474c84-079c-46e7-8a20-b71ecfde4173",
  "params": {
    "transforms": [
      {
        "a": -0.049908164610643624,
        "b": -0.26335692418560597,
        "c": 0.7109232601801534,
        "d": 0.752625137550508,
        "e": -1.3353718664220209,
        "f": 0.6560155793412075,
        "color": 0.9699912655788433,
        "weight": 0.9607718958281017,
        "variations": {
          "spherical": 0.13738327845299603
        }
      },
      {
        "a": -0.028028363777475862,
        "b": 0.4374136806109248,
        "c": 0.8583005397026413,
        "d": -0.684792006476215,
        "e": -0.009939398536212174,
        "f": 0.21739962576835214,
        "color": 0.8401058222535663,
        "weight": 0.8837815561547115,
        "variations": {
          "swirl": 0.06337171710687706
        }
      }
    ],
    "num_points": 2934804,
    "gamma": 2.4766202419705543,
    "brightness": 1.2,
    "hue_rotation": 341.73825682994675
  }
}