{
  "seed": "f5676364-f265-4e2b-9dc6-6c06037f6035",
  "params": {
    "transforms": [
      {
        "a": -0.3256716550243217,
        "b": -0.021122744390112524,
        "c": 0.6908768230619384,
        "d": -0.517972998340213,
        "e": 0.42996259926065905,
        "f": 1.314280410608669,
        "color": 0.013866408129608376,
        "weight": 0.6315523024781586,
        "variations": {
          "polar": 0.9633272221970531,
          "sinusoidal": 0.19280002093967974,
          "heart": 0.15116681816691024
        }
      },
      {
        "a": 0.6198265929259676,
        "b": -0.9045587809168874,
        "c": 0.11089805310876066,
        "d": 0.7344702026220076,
        "e": -0.657279990581212,
        "f": -1.3652837626528134,
        "color": 0.660403058910534,
        "weight": 0.8138069394951039,
        "variations": {
          "heart": 0.2124975690667692
        }
      },
      {
        "a": 0.8458181740466615,
        "b": 0.43629817260044557,
        "c": -0.7761838243595245,
        "d": 0.8156797944359191,
        "e": 0.42699227503074555,
        "f": -0.6492793187439001,
        "color": 0.47123856089793204,
        "weight": 0.628464393914133,
        "variations": {
          "swirl": 0.08891149861261427
        }
      },
      {
        "a": -0.8415804857495413,
        "b": -0.7025650849420915,
        "c": -0.8825836913050349,
        "d": 0.524210250350114,
        "e": 1.426624035741768,
        "f": 0.6255497255032223,
        "color": 0.5876419762195108,
        "weight": 0.6829719865452613,
        "variations": {
          "spherical": 0.22439391185621282,
          "linear": 0.7847664574418979,
          "swirl": 0.10477775076030227
        }
      }
    ],
    "num_points": 2692830,
    "gamma": 2.4804187945182816,
    "brightness": 1.2,
    "hue_rotation": 110.75032730999796
  }
}