{
  "seed": "c7f7e6bf-4a0c-42e9-ac07-e02e41352c14",
  "params": {
    "transforms": [
      {
        "a": -0.628412356891106,
        "b": 0.0008728844775613975,
        "c": -0.6175419560738507,
        "d": 0.25587842711213393,
        "e": -0.002562987435295927,
        "f": 0.509618635039125,
        "color": 0.8965914040106965,
        "weight": 0.12580525500397693,
        "variations": {
          "linear": 0.73591244398517,
          "polar": 0.692224169248549,
          "heart": 0.8686479138713236
        }
      },
      {
        "a": -0.993011344331624,
        "b": 0.28062071156293844,
        "c": 0.198335102911271,
        "d": -0.46851716300413293,
        "e": -0.030145383594422093,
        "f": 0.6644929238106494,
        "color": 0.9802868970885792,
        "weight": 0.17916035901522126,
        "variations": {
          "linear": 0.3218095473868664,
          "spherical": 0.23074534223775856
        }
      }
    ],
    "num_points": 2044430,
    "gamma": 1.8447320902991309,
    "brightness": 1.2,
    "hue_rotation": 281.4625495011397
  }
}