{
  "seed": "9ad8ef85-7094-4ebf-9443-f1c1151353b6",
  "params": {
    "transforms": [
      {
        "a": 0.9363586401231916,
        "b": -0.7291201162441283,
        "c": 0.022241296121285448,
        "d": -0.8486490503205648,
        "e": -1.1820073884895428,
        "f": -0.3842328108284243,
        "color": 0.5989050098399034,
        "weight": 0.5328202277498563,
        "variations": {
          "polar": 0.3932095378262954,
          "heart": 0.19442335280513856
        }
      },
      {
        "a": -0.10195962110706525,
        "b": 0.34700166606075267,
        "c": 0.736772463843502,
        "d": -0.06828266247463399,
        "e": -0.30117764265854285,
        "f": 0.8841113074098765,
        "color": 0.16160064497265436,
        "weight": 0.2340407011446127,
        "variations": {
          "linear": 0.6354576860069913,
          "spherical": 0.14844168302147764
        }
      },
      {
        "a": 0.4862117533502972,
        "b": -0.09680930839788648,
        "c": -0.14374967480960743,
        "d": 0.951395836536933,
        "e": 1.42716688322799,
        "f": 1.104070903560836,
        "color": 0.7233879792691011,
        "weight": 0.3773364281705436,
        "variations": {
          "swirl": 0.9351857525084155,
          "spherical": 0.6774620964002378
        }
      },
      {
        "a": 0.0535938784647092,
        "b": -0.39301891335638706,
        "c": 0.24093729818283927,
        "d": -0.3808054121286819,
        "e": 0.8278282984459624,
        "f": 0.7584260527126929,
        "color": 0.7875167803319245,
        "weight": 0.7299618905273201,
        "variations": {
          "swirl": 0.6846494823635584
        }
      }
    ],
    "num_points": 2704572,
    "gamma": 1.9445374604644607,
    "brightness": 1.2,
    "hue_rotation": 142.53517957227493
  }
}