{
  "seed": "98bec3b6-aa0d-4b44-8bcf-2631663ec5a7",
  "params": {
    "transforms": [
      {
        "a": -0.30472709304342116,
        "b": 0.9016550786822879,
        "c": -0.18524435535422845,
        "d": -0.38340953375881703,
        "e": -0.957256862097969,
        "f": -0.8345723767297368,
        "color": 0.6279055662575518,
        "weight": 0.2134738595388464,
        "variations": {
          "swirl": 0.32240506854628515
        }
      },
      {
        "a": 0.6823445277808984,
        "b": -0.6397201549281286,
        "c": -0.2480204100601473,
        "d": 0.9669985175275282,
        "e": -1.128019545204257,
        "f": -1.2882938622597853,
        "color": 0.47203957016639175,
        "weight": 0.39738351690864093,
        "variations": {
          "sinusoidal": 0.16753313202775677,
          "swirl": 0.14884961321424528
        }
      },
      {
        "a": -0.8327192974258633,
        "b": -0.8510271509939173,
        "c": 0.23972813814888894,
        "d": 0.8053573445042594,
        "e": -1.1501257066721815,
        "f": 0.3520399804115846,
        "color": 0.26024322807760614,
        "weight": 0.4332520126730657,
        "variations": {
          "linear": 0.9147883628536372,
          "polar": 0.3475742308541765,
          "sinusoidal": 0.9109307088095614
        }
      }
    ],
    "num_points": 1684761,
    "gamma": 1.905897071627545,
    "brightness": 1.2,
    "hue_rotation": 320.59308254417294
  }
}