{
  "seed": "183a24d3-ed0d-4528-9c0d-9b0ca47ecd84",
  "params": {
    "transforms": [
      {
        "a": -0.9649652042093788,
        "b": 0.34431076999029786,
        "c": -0.3290211890510759,
        "d": -0.37389633679708445,
        "e": -0.9543867845214193,
        "f": -0.3676002513632435,
        "color": 0.10706959322305187,
        "weight": 0.5258763109232569,
        "variations": {
          "heart": 0.40049468068852423
        }
      },
      {
        "a": -0.005518788418499954,
        "b": 0.3188120951289848,
        "c": 0.17025089377884162,
        "d": 0.43815160457043145,
        "e": -0.2855573082492149,
        "f": 0.06640527901528759,
        "color": 0.892128663796432,
        "weight": 0.4077426155802887,
        "variations": {
          "linear": 0.5629040165887037,
          "sinusoidal": 0.4244988961092584
        }
      }
    ],
    "num_points": 1837404,
    "gamma": 2.4362834932986495,
    "brightness": 1.2,
    "hue_rotation": 145.69307935298738
  }
}