{
  "seed": "57ae7c02-98d4-4a79-a1c6-2c6d24120be8",
  "params": {
    "transforms": [
      {
        "a": 0.9420191538066673,
        "b": -0.5700066073500103,
        "c": -0.2229558390071067,
        "d": 0.3513552700511493,
        "e": -1.419389188834539,
        "f": 0.07926851845832772,
        "color": 0.7487351557176787,
        "weight": 0.19821298103288826,
        "variations": {
          "polar": 0.49191015108296454,
          "linear": 0.4814050124448749
        }
      },
      {
        "a": -0.8381394357907488,
        "b": 0.29936357821104576,
        "c": -0.6290720619083381,
        "d": -0.2591313508145421,
        "e": -0.11670714275772465,
        "f": 0.9007898464527435,
        "color": 0.050235730347409246,
        "weight": 0.749475096932408,
        "variations": {
          "linear": 0.09037796793769415,
          "heart": 0.5625379217119799
        }
      },
      {
        "a": -0.6730891806192871,
        "b": 0.5851442215335165,
        "c": 0.8569618523369447,
        "d": 0.5215917137960906,
        "e": 0.24776493264069166,
        "f": -0.16751073256690496,
        "color": 0.03282241951077958,
        "weight": 0.8627915440517362,
        "variations": {
          "sinusoidal": 0.6413845431482935
        }
      }
    ],
    "num_points": 2341867,
    "gamma": 2.4619329985571285,
    "brightness": 1.2,
    "hue_rotation": 206.39425088117085
  }
}