{
  "seed": "dc5f4a71-1fea-4be8-8384-44b2c3c7c70f",
  "params": {
    "transforms": [
      {
        "a": 0.22556402019597988,
        "b": -0.6779916263899075,
        "c": 0.273102904876767,
        "d": 0.7124580764428945,
        "e": 0.2280423124964206,
        "f": 1.3232958369041952,
        "color": 0.7959099491152244,
        "weight": 0.6429084566994934,
        "variations": {
          "polar": 0.3582828389554469
        }
      },
      {
        "a": 0.537842281436802,
        "b": -0.41671764493906527,
        "c": -0.9961782437662381,
        "d": 0.9948812205390303,
        "e": -0.35146248991272766,
        "f": 1.2912034706561917,
        "color": 0.819726296864299,
        "weight": 0.2056820381383213,
        "variations": {
          "sinusoidal": 0.9687865861316256
        }
      },
      {
        "a": -0.27536840051924716,
        "b": 0.11046881465799241,
        "c": 0.7309440535957488,
        "d": 0.17147130145772538,
        "e": 0.09238336389698731,
        "f": -1.132203842267196,
        "color": 0.5863645689005246,
        "weight": 0.8984637980666584,
        "variations": {
          "sinusoidal": 0.04268179724944865,
          "swirl": 0.4693129650741189,
          "spherical": 0.9546360958035516
        }
      },
      {
        "a": -0.6762630300002181,
        "b": 0.5463853216151986,
        "c": 0.8408544253971673,
        "d": 0.5568846453957115,
        "e": -1.2505702250033348,
        "f": 0.944304497724834,
        "color": 0.8696037212684411,
        "weight": 0.6521534506637101,
        "variations": {
          "sinusoidal": 0.7758370880413143,
          "linear": 0.3563549149531462
        }
      }
    ],
    "num_points": 2937825,
    "gamma": 1.9190923045520263,
    "brightness": 1.2,
    "hue_rotation": 266.94521000079044
  }
}