{
  "seed": "f3d9c052-2dd5-4903-a513-582a6f836410",
  "params": {
    "transforms": [
      {
        "a": -0.16541993791640386,
        "b": 0.7521969579078336,
        "c": -0.026185501480163742,
        "d": -0.15682847926713883,
        "e": -1.187800445202981,
        "f": 0.5238327701840522,
        "color": 0.18972014513187851,
        "weight": 0.7544188097657,
        "variations": {
          "spherical": 0.8229286599760919
        }
      },
      {
        "a": -0.4921143588793906,
        "b": 0.5487902798970978,
        "c": -0.49343637417498587,
        "d": -0.8544027047880425,
        "e": -1.4731360321169558,
        "f": 0.03174010718511022,
        "color": 0.6516031083439747,
        "weight": 0.40318600470756794,
        "variations": {
          "spherical": 0.056681825217176574
        }
      }
    ],
    "num_points": 1671698,
    "gamma": 1.9741324434175809,
    "brightness": 1.2,
    "hue_rotation": 167.247595791488
  }
}