{
  "seed": "c16fd08c-4eeb-45d8-a077-7c1a483c400e",
  "params": {
    "transforms": [
      {
        "a": -0.797627515839241,
        "b": -0.10574055611404898,
        "c": 0.8943176445324994,
        "d": 0.8550465764410993,
        "e": -0.1131796334827797,
        "f": 0.8870208078069304,
        "color": 0.18625813940477476,
        "weight": 0.5517802222925339,
        "variations": {
          "polar": 0.986704723869922,
          "linear": 0.6100951574616714
        }
      },
      {
        "a": 0.2254342743816935,
        "b": 0.38632524071466423,
        "c": -0.05906625658959164,
        "d": 0.9725286771395192,
        "e": -1.3052880100014548,
        "f": 0.5028211750535547,
        "color": 0.7468025586916587,
        "weight": 0.5641149381950377,
        "variations": {
          "sinusoidal": 0.8382244817015081,
          "linear": 0.4117292315445511
        }
      },
      {
        "a": 0.7565719160493003,
        "b": -0.6452080146435486,
        "c": -0.04443540263144463,
        "d": -0.6482519755667913,
        "e": -1.3755600166847826,
        "f": -0.28658759809643497,
        "color": 0.5523956751601414,
        "weight": 0.9318998006676856,
        "variations": {
          "sinusoidal": 0.03906477179904855
        }
      }
    ],
    "num_points": 1227692,
    "gamma": 1.8612364927250935,
    "brightness": 1.2,
    "hue_rotation": 171.96391816796253
  }
}