{
  "seed": "0ca8a841-c7d9-4137-81ae-ec64998dd632",
  "params": {
    "transforms": [
      {
        "a": 0.21692506773242526,
        "b": -0.3866373186081602,
        "c": 0.914334116532197,
        "d": -0.6093397411619148,
        "e": 0.06110434620238925,
        "f": -1.0032914647709525,
        "color": 0.05050381003210758,
        "weight": 0.23621645317814283,
        "variations": {
          "sinusoidal": 0.017815197534242544,
          "linear": 0.4406803749689495,
          "heart": 0.6281790577175604
        }
      },
      {
        "a": -0.9527269780714644,
        "b": 0.9156020231770163,
        "c": 0.7749339489025135,
        "d": 0.505664512879703,
        "e": 0.15413427230281984,
        "f": -1.0784051660275198,
        "color": 0.7385270713269427,
        "weight": 0.7147566933415413,
        "variations": {
          "linear": 0.6366239707262646,
          "polar": 0.6808805299110241,
          "heart": 0.948329462117831
        }
      }
    ],
    "num_points": 2297513,
    "gamma": 1.8999611932928029,
    "brightness": 1.2,
    "hue_rotation": 190.6089535660681
  }
}