{
  "seed": "1295cc1c-1525-424e-a313-9b3fcab50ec9",
  "params": {
    "transforms": [
      {
        "a": -0.033882938868691204,
        "b": -0.5343395701210825,
        "c": 0.7566720175175068,
        "d": -0.11432532603530454,
        "e": -0.1697019559904469,
        "f": 0.6898864044576225,
        "color": 0.6898976578745867,
        "weight": 0.9335667650717968,
        "variations": {
          "swirl": 0.3629627742626885
        }
      },
      {
        "a": -0.29764434873288415,
        "b": 0.5005081630864938,
        "c": -0.44405729466383126,
        "d": -0.713088852737209,
        "e": -0.09506074399468378,
        "f": 1.0198549889890574,
        "color": 0.9774868256572542,
        "weight": 0.8211536487446003,
        "variations": {
          "polar": 0.12425931409000246
        }
      }
    ],
    "num_points": 1045986,
    "gamma": 2.265150356377748,
    "brightness": 1.2,
    "hue_rotation": 122.61659922545918
  }
}