{
  "seed": "df5c0b89-6a6b-4ab3-8e40-58753c33d62d",
  "params": {
    "transforms": [
      {
        "a": 0.2321432331810036,
        "b": -0.5053511598541076,
        "c": -0.5124009164762444,
        "d": -0.7806692303096954,
        "e": -1.3349796004114163,
        "f": -0.6196477513841882,
        "color": 0.6460256984725312,
        "weight": 0.45119840686889534,
        "variations": {
          "swirl": 0.8113953914019784,
          "linear": 0.781872618456586,
          "heart": 0.6110791254689487
        }
      },
      {
        "a": -0.9426499829980834,
        "b": -0.6330834597319765,
        "c": 0.2971267529020336,
        "d": -0.9056173844956354,
        "e": 0.6444831905455581,
        "f": -0.40906674159636647,
        "color": 0.7782826972184168,
        "weight": 0.9166003375252336,
        "variations": {
          "swirl": 0.15214911687175126,
          "heart": 0.12775555411013795,
          "polar": 0.4948241016691777
        }
      },
      {
        "a": 0.35869050335980046,
        "b": -0.6499352495207569,
        "c": 0.829483959687257,
        "d": -0.541414803190192,
        "e": -0.5714312196691635,
        "f": -0.2862831082986288,
        "color": 0.4072622711705104,
        "weight": 0.8319321686481511,
        "variations": {
          "spherical": 0.412853044938045,
          "polar": 0.6353489095683926
        }
      },
      {
        "a": 0.9834947487710293,
        "b": -0.3775666313575099,
        "c": -0.1117553364244166,
        "d": -0.8723493095646484,
        "e": -1.2579428031500783,
        "f": -0.9520508949310247,
        "color": 0.5449528848171037,
        "weight": 0.8190335770662813,
        "variations": {
          "heart": 0.0546222622439867,
          "swirl": 0.7560601379169499,
          "spherical": 0.7721128848373267
        }
      }
    ],
    "num_points": 2734339,
    "gamma": 2.129713838540724,
    "brightness": 1.2,
    "hue_rotation": 251.88627455541277
  }
}