{
  "seed": "05fe5901-b199-4790-a946-348b0c962885",
  "params": {
    "transforms": [
      {
        "a": 0.6883240036557727,
        "b": -0.5481159305213807,
        "c": -0.14033208994838886,
        "d": 0.5331872803185518,
        "e": 0.053941464516582105,
        "f": -1.431374079555095,
        "color": 0.2578214655260267,
        "weight": 0.5095758060978741,
        "variations": {
          "spherical": 0.3581674046036707,
          "polar": 0.7535056891338292
        }
      },
      {
        "a": 0.7920373727176149,
        "b": 0.35152650455575096,
        "c": -0.1383302667772195,
        "d": -0.33275446069872006,
        "e": -0.4915808396721979,
        "f": 0.26720668619319987,
        "color": 0.3431212398768906,
        "weight": 0.5420232668494005,
        "variations": {
          "sinusoidal": 0.6118435830669161,
          "spherical": 0.05703710501667336
        }
      },
      {
        "a": 0.20439492389623126,
        "b": -0.2855007269518337,
        "c": -0.6147507314031824,
        "d": -0.4667585500191429,
        "e": 1.4019118610531107,
        "f": -1.1583317621852207,
        "color": 0.936469016416143,
        "weight": 0.44954840899422854,
        "variations": {
          "spherical": 0.7037136356850524,
          "swirl": 0.6202806764125701
        }
      }
    ],
    "num_points": 1046909,
    "gamma": 1.9637175841704149,
    "brightness": 1.2,
    "hue_rotation": 27.755775869499143
  }
}