{
  "seed": "4f7112a6-93a7-47f4-817e-0c4072976f41",
  "params": {
    "transforms": [
      {
        "a": 0.19811220471242974,
        "b": -0.6532345932815795,
        "c": 0.7587928494914407,
        "d": 0.023443607487181994,
        "e": 0.9678672082005222,
        "f": 1.0206907119844577,
        "color": 0.22922362216104453,
        "weight": 0.8571265713259169,
        "variations": {
          "polar": 0.4427350634599704,
          "heart": 0.6081835470442475
        }
      },
      {
        "a": 0.5005232630299843,
        "b": -0.08703147421884982,
        "c": -0.4918112878385925,
        "d": 0.22724559108509368,
        "e": 0.9371666366099345,
        "f": -0.5284383591191572,
        "color": 0.1739675548967342,
        "weight": 0.46127312267445353,
        "variations": {
          "spherical": 0.35974638251036606,
          "sinusoidal": 0.033868655284575055,
          "polar": 0.8544445321811923
        }
      }
    ],
    "num_points": 2803510,
    "gamma": 2.1851461835876016,
    "brightness": 1.2,
    "hue_rotation": 180.1209004752617
  }
}