{
  "seed": "4024dc98-ee58-47be-986b-e4ed923f6a02-519",
  "parameters": {
    "num_transforms": 2,
    "transforms": [
      {
        "a": 1.305897940098614,
        "b": 0.3662217843939821,
        "c": -1.0230096885035673,
        "d": -0.7153414690608384,
        "e": 0.700196097199905,
        "f": 1.2089917575701588,
        "color": 0.28494291121237303,
        "variations": {
          "swirl": 0.6327150583966159,
          "sinusoidal": 0.7899556775023999,
          "spherical": 0.01604115390861971
        },
        "weight": 1.6885551224532265
      },
      {
        "a": -0.07835396017734242,
        "b": 0.8983479951681685,
        "c": -0.7885938155777887,
        "d": 1.3616991737695923,
        "e": 0.7806759793842613,
        "f": 0.44333680381539864,
        "color": 0.19705992851850407,
        "variations": {
          "heart": 0.251002793638331,
          "polar": 0.0,
          "spherical": 0.0,
          "sinusoidal": 0.0
        },
        "weight": 1.8775145361373569
      }
    ],
    "num_points": 4512082,
    "gamma": 3.439892900737047,
    "brightness": 0.8502447648871658,
    "contrast": 0.809074260843516,
    "hue_rotation": 35.63067229855907
  }
}