{
  "seed": "5a81f7c4-6111-4811-8417-727100e56a48",
  "params": {
    "transforms": [
      {
        "a": -0.8992295258219878,
        "b": -0.7383087128276116,
        "c": -0.9338738036993224,
        "d": -0.6279550383591437,
        "e": -0.14982928964925812,
        "f": -0.15598343392168834,
        "color": 0.30061203260404,
        "weight": 0.3833044879663644,
        "variations": {
          "sinusoidal": 0.6590864341917219
        }
      },
      {
        "a": -0.5309326493087039,
        "b": 0.7405023490057798,
        "c": -0.9613283766945981,
        "d": -0.035155090964389846,
        "e": -0.115536718490582,
        "f": 0.9421074296492504,
        "color": 0.475435140110539,
        "weight": 0.3061831198588032,
        "variations": {
          "heart": 0.5758037832037055,
          "linear": 0.04832016495646241,
          "swirl": 0.5379332839252005
        }
      },
      {
        "a": -0.8268993991879314,
        "b": 0.9499144731033546,
        "c": 0.4666407316419927,
        "d": -0.77869376042131,
        "e": 0.36439316366126406,
        "f": -1.1679150383082235,
        "color": 0.32603443100433604,
        "weight": 0.23139714819065316,
        "variations": {
          "spherical": 0.689505109310427
        }
      },
      {
        "a": 0.716561565814581,
        "b": 0.7000251667564936,
        "c": 0.1988769076619401,
        "d": 0.3403166197062597,
        "e": -0.5297911330498455,
        "f": -1.1183029909233757,
        "color": 0.6349120485884635,
        "weight": 0.8613230186550729,
        "variations": {
          "swirl": 0.34880522219535803,
          "spherical": 0.015043154063661746
        }
      }
    ],
    "num_points": 1398230,
    "gamma": 2.416430927687454,
    "brightness": 1.2,
    "hue_rotation": 33.54405762884974
  }
}