{
  "seed": "a5dbea06-7c78-454c-8262-93d332493efe",
  "params": {
    "transforms": [
      {
        "a": 0.6622723390454128,
        "b": 0.6625112898080494,
        "c": 0.5761279992763737,
        "d": -0.6531601898146668,
        "e": 0.10963748440113164,
        "f": 0.37973244975180886,
        "color": 0.15484436067026763,
        "weight": 0.516440596429822,
        "variations": {
          "polar": 0.4334249694142571,
          "swirl": 0.847371755424713,
          "sinusoidal": 0.4051025218667751
        }
      },
      {
        "a": -0.8711311579189964,
        "b": -0.17819314151838794,
        "c": -0.07339771937993222,
        "d": 0.40329134715789894,
        "e": -1.4128520080990403,
        "f": 0.08772834791729922,
        "color": 0.8832352020609214,
        "weight": 0.8188829500444895,
        "variations": {
          "sinusoidal": 0.9821141103784332,
          "polar": 0.7536812449058882
        }
      },
      {
        "a": -0.3404380138017076,
        "b": -0.010152618837201643,
        "c": 0.9285220928877276,
        "d": 0.12291647464353117,
        "e": -0.7665157113387742,
        "f": 0.7343124553535008,
        "color": 0.931163241469116,
        "weight": 0.36922095763953333,
        "variations": {
          "sinusoidal": 0.17576537140032877
        }
      }
    ],
    "num_points": 1661164,
    "gamma": 2.063506980025278,
    "brightness": 1.2,
    "hue_rotation": 77.90240870062982
  }
}