{
  "seed": "8fd06669-4a27-4128-8537-8d863bf73e69",
  "params": {
    "transforms": [
      {
        "a": 0.12684004230223378,
        "b": 0.7286066981232502,
        "c": 0.4799626564801258,
        "d": -0.7373633338174126,
        "e": 1.3122635821831707,
        "f": -1.3444644721081795,
        "color": 0.9643011387570112,
        "weight": 0.7443179734841849,
        "variations": {
          "linear": 0.5703136353096963,
          "sinusoidal": 0.8027421082066769
        }
      },
      {
        "a": 0.10399079762865937,
        "b": -0.9589731154305798,
        "c": 0.9757455572967826,
        "d": 0.6554379716501895,
        "e": -1.2643561232306941,
        "f": -1.2546987532078868,
        "color": 0.2091269309324746,
        "weight": 0.2867271578579398,
        "variations": {
          "spherical": 0.43115145884180606,
          "linear": 0.8105152259295365,
          "polar": 0.009536869941004
        }
      },
      {
        "a": 0.2727064199103775,
        "b": 0.4010112017698859,
        "c": -0.20313229783477937,
        "d": 0.048503371434545084,
        "e": 0.45383544956918676,
        "f": -0.4715714901125474,
        "color": 0.8868716822015016,
        "weight": 0.6431328857606481,
        "variations": {
          "swirl": 0.34930007459816925,
          "polar": 0.6489936470329538
        }
      }
    ],
    "num_points": 2260413,
    "gamma": 2.357960853751357,
    "brightness": 1.2,
    "hue_rotation": 55.33483440926412
  }
}