{
  "seed": "e089ae99-cfcb-4095-af13-777fdcca6d2d-226",
  "parameters": {
    "num_transforms": 4,
    "transforms": [
      {
        "a": -0.29919906713736566,
        "b": 0.7859359913654496,
        "c": 0.7684568919959096,
        "d": 1.3573646697080815,
        "e": -0.604723866282482,
        "f": -0.8537449917350178,
        "color": 0.841290150513407,
        "variations": {
          "handkerchief": 0.0,
          "disc": 0.9868243002912236,
          "sinusoidal": 0.07253215595128049,
          "spiral": 0.7766162116732532
        },
        "weight": 1.1031913367322579
      },
      {
        "a": -0.9217203329675148,
        "b": -0.14028254654244532,
        "c": -1.4837119468218796,
        "d": 0.20208658865769302,
        "e": 0.1889479016474489,
        "f": -0.03233142203673456,
        "color": 0.5087211465291409,
        "variations": {
          "polar": 0.0,
          "swirl": 0.7560753034318376,
          "heart": 0.6449326767234554,
          "spiral": 0.4822669458630461
        },
        "weight": 0.5892938715679779
      },
      {
        "a": -0.8719759673957945,
        "b": 0.7395121605319357,
        "c": -1.2852950142829527,
        "d": 1.4210350817476787,
        "e": -1.4200246898787017,
        "f": 1.3415580168868204,
        "color": 0.567053824525551,
        "variations": {
          "horseshoe": 0.03154406183304026,
          "handkerchief": 0.9619124421433364
        },
        "weight": 1.2241621482630336
      },
      {
        "a": 1.268296811275845,
        "b": -0.5015217160255502,
        "c": -0.04790611977149162,
        "d": -1.0589774058707204,
        "e": 1.0310408089967038,
        "f": -0.31141610289546984,
        "color": 0.7991808340544188,
        "variations": {
          "horseshoe": 0.25791565445396314,
          "hyperbolic": 0.5413152225807896,
          "sinusoidal": 0.0
        },
        "weight": 1.0860104436291975
      }
    ],
    "num_points": 3603098,
    "gamma": 3.0805109448016874,
    "brightness": 1.4507112418294636,
    "contrast": 0.6689444025331026,
    "hue_rotation": 133.69612305943676
  }
}