{
  "seed": "42eaf92e-f836-4468-8886-7029db11c16b",
  "params": {
    "transforms": [
      {
        "a": -0.33009321787570367,
        "b": 0.08914493629934706,
        "c": 0.12212298627416929,
        "d": 0.7299019060199625,
        "e": 1.0229216834757713,
        "f": 1.0101828243130169,
        "color": 0.5058555065563846,
        "weight": 0.4057214271581884,
        "variations": {
          "linear": 0.7929710813780739,
          "sinusoidal": 0.7069058663284055,
          "swirl": 0.7787674153956842
        }
      },
      {
        "a": -0.7951599781044831,
        "b": 0.7123403792395189,
        "c": -0.6558313290880062,
        "d": -0.6334005178935731,
        "e": -0.8858278953354093,
        "f": -0.4595805632347114,
        "color": 0.09938413801675894,
        "weight": 0.7609312098835549,
        "variations": {
          "linear": 0.9602088467299016
        }
      },
      {
        "a": -0.7049727986414538,
        "b": 0.5193495126844916,
        "c": -0.1839393028614449,
        "d": 0.6063952719263199,
        "e": 1.4537417215599033,
        "f": -0.3596682329487306,
        "color": 0.5042609749892644,
        "weight": 0.3173497199682417,
        "variations": {
          "heart": 0.07666868475448474
        }
      }
    ],
    "num_points": 1194317,
    "gamma": 2.305675359264319,
    "brightness": 1.2,
    "hue_rotation": 105.65898229717766
  }
}