{
  "seed": "2bb5e21e-b00d-4efe-81a4-77b3a810daaf",
  "params": {
    "transforms": [
      {
        "a": 0.3143402154930972,
        "b": -0.6943702957223452,
        "c": 0.14801744220103163,
        "d": -0.5107861213579441,
        "e": -1.1047792970584271,
        "f": 0.024847765916251152,
        "color": 0.1817569480458231,
        "weight": 0.760620018129346,
        "variations": {
          "swirl": 0.8659574772942997
        }
      },
      {
        "a": -0.027747891816384707,
        "b": -0.08603131750392379,
        "c": -0.9183223141153516,
        "d": 0.6381333765730584,
        "e": -0.87359278557961,
        "f": -1.4700257888426926,
        "color": 0.768317151785714,
        "weight": 0.8556477736194241,
        "variations": {
          "linear": 0.6133484938152909,
          "swirl": 0.5651817561352606
        }
      }
    ],
    "num_points": 2013567,
    "gamma": 1.9891033936978797,
    "brightness": 1.2,
    "hue_rotation": 334.60777250888356
  }
}