{
  "seed": "fcbd1748-c0ae-463f-9572-925af5d4e281",
  "params": {
    "transforms": [
      {
        "a": -0.9402073224066863,
        "b": -0.09957740180713603,
        "c": -0.032895486851515,
        "d": -0.6840477210847187,
        "e": -0.11705436673425584,
        "f": -0.8953154302447992,
        "color": 0.9984380867560262,
        "weight": 0.48625943105619374,
        "variations": {
          "swirl": 0.805063293790556
        }
      },
      {
        "a": 0.10670049927633185,
        "b": 0.7685923547650126,
        "c": 0.011591970955525444,
        "d": 0.2711361405942563,
        "e": 0.5557232152157017,
        "f": 1.1088862889768634,
        "color": 0.46125054360877416,
        "weight": 0.6791467715623011,
        "variations": {
          "sinusoidal": 0.3081327846426557
        }
      }
    ],
    "num_points": 1953316,
    "gamma": 1.972725953369719,
    "brightness": 1.2,
    "hue_rotation": 5.24970958899158
  }
}