{
  "seed": "7af90374-fa47-4b4f-9b60-70ef6a6666b1",
  "params": {
    "transforms": [
      {
        "a": 0.35134922787816025,
        "b": 0.5603611268757231,
        "c": -0.6062458843344745,
        "d": -0.3234392844698233,
        "e": 0.5020770326731405,
        "f": -0.7016207407287268,
        "color": 0.5647486095621173,
        "weight": 0.6857291601548356,
        "variations": {
          "spherical": 0.8393482102871069,
          "swirl": 0.42248299514038923,
          "sinusoidal": 0.8243347431273561
        }
      },
      {
        "a": 0.7676919655213097,
        "b": -0.5679885837735457,
        "c": 0.7385487905069132,
        "d": -0.10728933348896175,
        "e": -1.0206470339973812,
        "f": -0.421638181277326,
        "color": 0.6622647354068336,
        "weight": 0.3888154809780271,
        "variations": {
          "sinusoidal": 0.6232556307797745
        }
      },
      {
        "a": -0.4745567535517774,
        "b": -0.5859247057422656,
        "c": -0.3197132791130215,
        "d": 0.17753483887176347,
        "e": 0.5560414679686412,
        "f": -0.5340375261962965,
        "color": 0.22088421974078565,
        "weight": 0.8897029961473587,
        "variations": {
          "swirl": 0.7391458951511496
        }
      }
    ],
    "num_points": 1106879,
    "gamma": 2.396515347078509,
    "brightness": 1.2,
    "hue_rotation": 342.69079298011474
  }
}