{
  "seed": "66a36206-0064-458a-9f00-c61c28bdca4a",
  "params": {
    "transforms": [
      {
        "a": -0.14102777137491618,
        "b": 0.46211447403119665,
        "c": -0.18916677098998025,
        "d": 0.2716004405901382,
        "e": 1.043149076003786,
        "f": -0.5349263552156023,
        "color": 0.08151193710444049,
        "weight": 0.24864912525149968,
        "variations": {
          "sinusoidal": 0.48052947215178443,
          "swirl": 0.793921536581469
        }
      },
      {
        "a": 0.37461396243808887,
        "b": 0.3710729926433438,
        "c": -0.2778981794574358,
        "d": 0.33947995900095007,
        "e": 1.2141438844251797,
        "f": 0.9896495545824746,
        "color": 0.5715104687020734,
        "weight": 0.30947554220327067,
        "variations": {
          "linear": 0.08509818851999795,
          "heart": 0.6942835463280193
        }
      },
      {
        "a": -0.9272588947332832,
        "b": 0.3476352088700949,
        "c": -0.6965063652785299,
        "d": -0.5473343730029216,
        "e": -0.9987615068461575,
        "f": -0.8543001845536545,
        "color": 0.6780338362931296,
        "weight": 0.8901536231972313,
        "variations": {
          "heart": 0.10135548934456284,
          "spherical": 0.5837595396725874,
          "linear": 0.45662642225397343
        }
      }
    ],
    "num_points": 2749363,
    "gamma": 1.9139695845132625,
    "brightness": 1.2,
    "hue_rotation": 100.70612629115776
  }
}