{
  "seed": "510724b6-f5c0-434f-a6a4-de7dd7b52238",
  "params": {
    "transforms": [
      {
        "a": 0.2696710309531025,
        "b": 0.12845457879015232,
        "c": 0.16884605597890956,
        "d": -0.1253323795905794,
        "e": 0.42098965308978165,
        "f": -1.2530801608497766,
        "color": 0.23462183486293442,
        "weight": 0.6209934036002301,
        "variations": {
          "polar": 0.6702986575274943,
          "swirl": 0.22961173882828845,
          "heart": 0.5237831424988627
        }
      },
      {
        "a": -0.43383984738743053,
        "b": 0.477506586999106,
        "c": -0.9919880361274866,
        "d": 0.21494701924039505,
        "e": 0.6027448850002242,
        "f": 0.914648356652283,
        "color": 0.03176350032305031,
        "weight": 0.5166700486944865,
        "variations": {
          "swirl": 0.6545363579517421,
          "polar": 0.9285607581385261
        }
      },
      {
        "a": 0.12502541475534334,
        "b": 0.9186908814747579,
        "c": -0.3428558013991976,
        "d": 0.170634126638727,
        "e": 1.043794079282832,
        "f": 0.8248366105748643,
        "color": 0.6766812099217641,
        "weight": 0.6580338973880957,
        "variations": {
          "polar": 0.21320964762677996,
          "heart": 0.492842385902729,
          "spherical": 0.29154125995183466
        }
      }
    ],
    "num_points": 1511238,
    "gamma": 2.241668037592592,
    "brightness": 1.2,
    "hue_rotation": 337.17991411035496
  }
}