{
  "seed": "df354517-2808-4abe-9f7f-906c36794f41",
  "params": {
    "transforms": [
      {
        "a": 0.18580609155193661,
        "b": -0.7046499702740012,
        "c": -0.7982098672895563,
        "d": 0.040530571099890444,
        "e": 0.46048954614448334,
        "f": 0.3806396175814255,
        "color": 0.8079880394003097,
        "weight": 0.38538262632157094,
        "variations": {
          "sinusoidal": 0.2558309044708792
        }
      },
      {
        "a": 0.11276906956116495,
        "b": -0.08877252049956152,
        "c": 0.9146000125268343,
        "d": -0.970188365894423,
        "e": -1.4853057976017876,
        "f": -1.2535182721333555,
        "color": 0.9790631114936457,
        "weight": 0.15376823691463165,
        "variations": {
          "swirl": 0.35611157488340117,
          "spherical": 0.5745692028889853
        }
      }
    ],
    "num_points": 2624099,
    "gamma": 1.9899655269979775,
    "brightness": 1.2,
    "hue_rotation": 167.2964526792898
  }
}