{
  "seed": "836cd575-8b0b-480d-b5bf-84fff70aec7e",
  "params": {
    "transforms": [
      {
        "a": -0.44028055954038026,
        "b": -0.9451940713970008,
        "c": 0.1449520445730239,
        "d": -0.38004541157581273,
        "e": -0.3765235861914129,
        "f": 0.24595359517310644,
        "color": 0.810833813344972,
        "weight": 0.38421449027597,
        "variations": {
          "spherical": 0.6547784862698878,
          "polar": 0.22194993271274988,
          "heart": 0.12622005071657116
        }
      },
      {
        "a": 0.24633351506564716,
        "b": -0.06924391876523184,
        "c": -0.11525784878162737,
        "d": 0.21340667780197653,
        "e": -0.08784664010910714,
        "f": 0.045632833042796195,
        "color": 0.8625366459587651,
        "weight": 0.6081423916737083,
        "variations": {
          "sinusoidal": 0.8693586899437148,
          "heart": 0.7495850130181934,
          "spherical": 0.19499861074500557
        }
      },
      {
        "a": -0.22182130683468082,
        "b": 0.7730817548442939,
        "c": 0.507904360457547,
        "d": -0.574968459236213,
        "e": -0.6197949714987143,
        "f": -0.06550081148882514,
        "color": 0.5078138684364805,
        "weight": 0.783470162632421,
        "variations": {
          "swirl": 0.9917865491622095,
          "heart": 0.691540746107793,
          "spherical": 0.5141190345362423
        }
      },
      {
        "a": 0.2803158092115421,
        "b": 0.8464129124158433,
        "c": -0.6660872979898425,
        "d": 0.5343858132940875,
        "e": 1.0073143705627285,
        "f": -0.49330882793346587,
        "color": 0.5214611481106608,
        "weight": 0.3735946898017516,
        "variations": {
          "polar": 0.3077301582696099,
          "spherical": 0.3811664316364126
        }
      }
    ],
    "num_points": 2398748,
    "gamma": 2.0088469532857025,
    "brightness": 1.2,
    "hue_rotation": 110.06653664909928
  }
}