{
  "seed": "4c5a694c-7108-41fd-a297-8878d1efb98d",
  "params": {
    "transforms": [
      {
        "a": -0.21649327819697106,
        "b": -0.05473454721525184,
        "c": 0.9048248507849819,
        "d": -0.6452233814040678,
        "e": 0.06634770752117847,
        "f": -1.3548048173686604,
        "color": 0.9252224073124572,
        "weight": 0.14629177428237244,
        "variations": {
          "sinusoidal": 0.25835062783809304,
          "linear": 0.7813724187130657
        }
      },
      {
        "a": -0.7322959483643137,
        "b": 0.48735219856717205,
        "c": -0.230171804219641,
        "d": 0.3808756953507977,
        "e": -0.7453585548762915,
        "f": 0.6196000279732852,
        "color": 0.14979908852328816,
        "weight": 0.8035507212327653,
        "variations": {
          "linear": 0.9471630101067269,
          "swirl": 0.6974950197500177
        }
      },
      {
        "a": -0.6732117480060082,
        "b": -0.6379270488575648,
        "c": -0.2711541773541788,
        "d": 0.7504505160894503,
        "e": 1.1470346636077182,
        "f": -0.30365494298863105,
        "color": 0.5100208213736536,
        "weight": 0.8287156469458812,
        "variations": {
          "polar": 0.6988282565057675,
          "sinusoidal": 0.5362856873979378
        }
      },
      {
        "a": -0.9685521123296073,
        "b": 0.1201452642771077,
        "c": -0.3410598396313749,
        "d": -0.12542889587165695,
        "e": -1.4049065863170682,
        "f": 1.0489015082451623,
        "color": 0.9148375075178881,
        "weight": 0.5788109085168787,
        "variations": {
          "spherical": 0.5992476073178384,
          "sinusoidal": 0.8076649819931124
        }
      }
    ],
    "num_points": 1020889,
    "gamma": 2.366610864483233,
    "brightness": 1.2,
    "hue_rotation": 313.92485393146234
  }
}