{
  "seed": "cc520c36-3993-47db-991e-3dca08f93591",
  "params": {
    "transforms": [
      {
        "a": 0.39369676231074235,
        "b": -0.2599724306000635,
        "c": -0.40088296209910634,
        "d": -0.48690457133922305,
        "e": 0.6536341165351862,
        "f": 0.7929779065507749,
        "color": 0.7527468639406232,
        "weight": 0.470337604280505,
        "variations": {
          "sinusoidal": 0.3991240256887455,
          "heart": 0.6733148049831985,
          "linear": 0.033066510851473496
        }
      },
      {
        "a": -0.655866265995541,
        "b": -0.3745067415980279,
        "c": 0.5752052729692854,
        "d": 0.815872456623886,
        "e": -1.0572867852584587,
        "f": 1.3772600481476776,
        "color": 0.24946771622273212,
        "weight": 0.33417877619382097,
        "variations": {
          "swirl": 0.598261379102501
        }
      },
      {
        "a": 0.3856767484117569,
        "b": 0.758823545096704,
        "c": -0.08728603683615943,
        "d": -0.6202907156897259,
        "e": 0.005189451137825429,
        "f": -1.0949727671901488,
        "color": 0.0015756864769490564,
        "weight": 0.8536335856321754,
        "variations": {
          "sinusoidal": 0.9592612221225065,
          "swirl": 0.25423673174239214
        }
      }
    ],
    "num_points": 2673351,
    "gamma": 2.402676868209875,
    "brightness": 1.2,
    "hue_rotation": 300.9895725473
  }
}