{
  "seed": "82401520-add1-4b30-99da-46706bf6268b",
  "params": {
    "transforms": [
      {
        "a": -0.9671844897660624,
        "b": -0.8910602612255414,
        "c": -0.535983578062285,
        "d": 0.5709295521893303,
        "e": -0.39834521211218954,
        "f": 0.7712120770170712,
        "color": 0.9064485050257274,
        "weight": 0.15696654433925347,
        "variations": {
          "linear": 0.6959797141802564,
          "swirl": 0.5917830231321538,
          "spherical": 0.13948253988299908
        }
      },
      {
        "a": -0.9021619725402716,
        "b": -0.5238218905934244,
        "c": -0.5465530404872998,
        "d": 0.9270725822516088,
        "e": 0.5407377388939465,
        "f": 0.5630383218402057,
        "color": 0.4639915700965216,
        "weight": 0.2158865909584275,
        "variations": {
          "sinusoidal": 0.48830182306178027
        }
      }
    ],
    "num_points": 2167129,
    "gamma": 2.1550196140907114,
    "brightness": 1.2,
    "hue_rotation": 126.88287538646418
  }
}