{
  "seed": "b6b4f239-abff-4e30-87cb-83d50d76926b-416",
  "parameters": {
    "num_transforms": 2,
    "transforms": [
      {
        "a": 0.7162887208920412,
        "b": -1.3985694360116996,
        "c": -0.23528609333860429,
        "d": 0.3856635573807985,
        "e": 0.4796705597270443,
        "f": -1.3417993484391715,
        "color": 0.20152909092160753,
        "variations": {
          "linear": 0.4902387968481181,
          "polar": 0.0,
          "horseshoe": 0.0
        },
        "weight": 0.6452426759042387
      },
      {
        "a": 0.06324451585152868,
        "b": -0.7023448791079798,
        "c": 1.2747161314154112,
        "d": 1.4140565453529113,
        "e": 1.1556237913462297,
        "f": 0.5666527980936928,
        "color": 0.2745303834771915,
        "variations": {
          "sinusoidal": 0.0,
          "hyperbolic": 0.12592432522410224,
          "spherical": 0.13427970691726,
          "swirl": 0.3866794527720707
        },
        "weight": 1.1949091096956768
      }
    ],
    "num_points": 1449700,
    "gamma": 2.6575363723519407,
    "brightness": 0.6651702993563282,
    "contrast": 1.388947809772938,
    "hue_rotation": 307.7980757597074
  }
}