{
  "seed": "015bae48-fcc2-47f7-97b3-5d7eca3873e8",
  "params": {
    "transforms": [
      {
        "a": -0.5756540556016865,
        "b": -0.03361014566900633,
        "c": -0.5806772376012972,
        "d": 0.25102472776139306,
        "e": 0.6868048281953061,
        "f": 0.38129638477063277,
        "color": 0.516952295734793,
        "weight": 0.759486931127588,
        "variations": {
          "sinusoidal": 0.8305206344503516,
          "polar": 0.7445274518093933
        }
      },
      {
        "a": -0.16334823598525516,
        "b": 0.9879458673226922,
        "c": -0.7262341240089853,
        "d": -0.6984194631596534,
        "e": 0.7984069896053385,
        "f": 0.07201952475779105,
        "color": 0.823989274074337,
        "weight": 0.3381251216230714,
        "variations": {
          "sinusoidal": 0.27282522313480007,
          "swirl": 0.17150397658361138,
          "heart": 0.5904214474298655
        }
      }
    ],
    "num_points": 1418910,
    "gamma": 2.0188335936030803,
    "brightness": 1.2,
    "hue_rotation": 10.106195122512727
  }
}