{
  "seed": "e70364ab-e624-412d-9acc-12424e9cd5be-1",
  "parameters": {
    "num_transforms": 2,
    "transforms": [
      {
        "a": -1.32285523968336,
        "b": 0.9721002164568944,
        "c": -1.4432761986363836,
        "d": -1.1618971070549153,
        "e": -0.6942960529959822,
        "f": 1.3464938425389636,
        "color": 0.14934752858129663,
        "variations": {
          "handkerchief": 0.12010816729435769,
          "heart": 0.0,
          "swirl": 0.679108641634864
        },
        "weight": 0.6987989885830342
      },
      {
        "a": 1.325683956133068,
        "b": -0.4473398616919173,
        "c": 0.6456554704751172,
        "d": -0.7269539455025749,
        "e": 0.6446364097160022,
        "f": -0.4302679738979074,
        "color": 0.3550433698264601,
        "variations": {
          "spherical": 0.0,
          "polar": 0.6443378193491907,
          "linear": 0.9684050051606856,
          "disc": 0.0
        },
        "weight": 1.3537610792733281
      }
    ],
    "num_points": 4314963,
    "gamma": 2.4122225469980947,
    "brightness": 1.5802851868067382,
    "contrast": 0.9549118270940982,
    "hue_rotation": 42.632607310312196
  }
}