{
  "seed": "9e58a9e1-30f5-4c3d-9a60-b67b852b7c14",
  "params": {
    "transforms": [
      {
        "a": 0.38998012281946215,
        "b": 0.5543500960218064,
        "c": 0.7086885411413733,
        "d": 0.7889298769777979,
        "e": 0.24108472355798272,
        "f": -1.437187802638111,
        "color": 0.04343799540577109,
        "weight": 0.4637441394759827,
        "variations": {
          "polar": 0.7136113823264947
        }
      },
      {
        "a": -0.6073306991770047,
        "b": 0.42939888633758017,
        "c": -0.6658960802816067,
        "d": 0.85202132415289,
        "e": -0.44013367045185037,
        "f": 0.6253349704180287,
        "color": 0.7724403156675155,
        "weight": 0.5079492290889436,
        "variations": {
          "heart": 0.08666431278864628
        }
      },
      {
        "a": 0.37249883145805374,
        "b": -0.8889478213837825,
        "c": 0.6355178769255772,
        "d": -0.7990751412673851,
        "e": -0.02468730992589907,
        "f": 0.9868361053893899,
        "color": 0.8839781441871748,
        "weight": 0.19278682869925629,
        "variations": {
          "sinusoidal": 0.764050248116378,
          "heart": 0.24516493761693792,
          "spherical": 0.6355347961640844
        }
      }
    ],
    "num_points": 1206447,
    "gamma": 2.1843373084084314,
    "brightness": 1.2,
    "hue_rotation": 138.67864463855662
  }
}