{
  "seed": "0cda2242-dc89-4343-9a0a-29b626f894ee",
  "params": {
    "transforms": [
      {
        "a": 0.33400296528931483,
        "b": -0.3870848270424765,
        "c": 0.32952561345717535,
        "d": 0.9624970533752804,
        "e": -0.7099011634457625,
        "f": -0.8018260397924672,
        "color": 0.7246662542250883,
        "weight": 0.9137309435171314,
        "variations": {
          "heart": 0.9075762302084281,
          "linear": 0.8766810237757301
        }
      },
      {
        "a": -0.9100318537876524,
        "b": 0.2739099781362897,
        "c": 0.4267850169510272,
        "d": -0.5089241997087361,
        "e": 1.3002786253171035,
        "f": -0.11845356216026115,
        "color": 0.08714520246487145,
        "weight": 0.8532325546815496,
        "variations": {
          "polar": 0.6383941622868046
        }
      }
    ],
    "num_points": 2459950,
    "gamma": 2.4445652618448235,
    "brightness": 1.2,
    "hue_rotation": 251.15507945048176
  }
}