{
  "seed": "25f1d4b9-8d6d-4ff3-a064-6c6794074ada",
  "params": {
    "transforms": [
      {
        "a": 0.6364240364829901,
        "b": -0.07805069476063431,
        "c": -0.8666090531400639,
        "d": -0.6511276897469258,
        "e": -0.6335092462028362,
        "f": 1.4525188779991982,
        "color": 0.6069860195418941,
        "weight": 0.21408589404431289,
        "variations": {
          "swirl": 0.9713770348988934
        }
      },
      {
        "a": -0.6952385454896561,
        "b": -0.33400603164600784,
        "c": 0.18369657710531206,
        "d": -0.3272469938973501,
        "e": -0.2212193016729893,
        "f": 1.3112104815956909,
        "color": 0.5568361672414907,
        "weight": 0.2754825787976486,
        "variations": {
          "sinusoidal": 0.49887967477175976,
          "spherical": 0.3699853434965312
        }
      }
    ],
    "num_points": 2094105,
    "gamma": 1.9724951655071283,
    "brightness": 1.2,
    "hue_rotation": 137.55522241246828
  }
}