{
  "seed": "f7cb8d91-cbcd-4121-88f9-169831f0ca7d",
  "params": {
    "transforms": [
      {
        "a": 0.6300787733879691,
        "b": -0.22266856526148082,
        "c": 0.4200370667266795,
        "d": 0.905713409215261,
        "e": 0.9953920709081459,
        "f": 1.33873460937787,
        "color": 0.5392938043898574,
        "weight": 0.9006570224613349,
        "variations": {
          "linear": 0.8017105007289078,
          "sinusoidal": 0.13849737541477314
        }
      },
      {
        "a": 0.6854799707475725,
        "b": 0.2447195939905722,
        "c": 0.22146134885548152,
        "d": 0.0017991195267967885,
        "e": 0.49250399146943113,
        "f": -0.626703517925322,
        "color": 0.7436917146174908,
        "weight": 0.9852914281838278,
        "variations": {
          "linear": 0.7281340831229904,
          "spherical": 0.006259822591257125
        }
      },
      {
        "a": 0.5118767011505958,
        "b": 0.2109170206267168,
        "c": 0.8986613765902598,
        "d": 0.15252188473089134,
        "e": -0.13349219904523935,
        "f": 0.05742507602517399,
        "color": 0.02583587239932117,
        "weight": 0.4736520043912763,
        "variations": {
          "heart": 0.2312648061441257,
          "sinusoidal": 0.8052696233332151
        }
      },
      {
        "a": -0.43378551566567936,
        "b": 0.9598521306892871,
        "c": -0.1493989058677212,
        "d": -0.9560430833240419,
        "e": 1.295482468009073,
        "f": 1.1945276404604654,
        "color": 0.1887016607599019,
        "weight": 0.647336076649302,
        "variations": {
          "heart": 0.6051674304802974,
          "linear": 0.9083013395652033,
          "polar": 0.9996293996510505
        }
      }
    ],
    "num_points": 2493675,
    "gamma": 1.9140446032615617,
    "brightness": 1.2,
    "hue_rotation": 94.2363345781705
  }
}