{
  "seed": "761fa969-0e0e-4ad0-af0f-ac0ab39c016c",
  "params": {
    "transforms": [
      {
        "a": -0.8120039654970621,
        "b": -0.9097083789893965,
        "c": 0.9728844498827984,
        "d": -0.5172697033941236,
        "e": -0.06308264883482595,
        "f": -0.11987878412977215,
        "color": 0.875682897575781,
        "weight": 0.2387773789794997,
        "variations": {
          "sinusoidal": 0.13416899879793154,
          "polar": 0.44065869367278176
        }
      },
      {
        "a": -0.09032810559897508,
        "b": -0.7455548588072574,
        "c": -0.7071157588294612,
        "d": 0.15058208884895796,
        "e": -0.13847380057845382,
        "f": -0.4150034299415539,
        "color": 0.20114969320431775,
        "weight": 0.2606466882480983,
        "variations": {
          "spherical": 0.9005607146791856
        }
      }
    ],
    "num_points": 2720052,
    "gamma": 2.3917745532704404,
    "brightness": 1.2,
    "hue_rotation": 222.51328902804792
  }
}