{
  "seed": "164a8b0b-0fae-4e2b-b924-0172b4ecc537",
  "params": {
    "transforms": [
      {
        "a": 0.7576427566364381,
        "b": 0.18349331050745166,
        "c": 0.7476079243873626,
        "d": 0.6035544680771447,
        "e": 0.06928936207106595,
        "f": -0.38155343392225083,
        "color": 0.2573029876813382,
        "weight": 0.9155829054843411,
        "variations": {
          "sinusoidal": 0.4810688950957267,
          "swirl": 0.6976671196381862,
          "linear": 0.3148635436830477
        }
      },
      {
        "a": -0.9468225624939095,
        "b": 0.47959247326057364,
        "c": -0.5986929139993162,
        "d": -0.32541148959303867,
        "e": 0.8833401337582929,
        "f": -1.1267795498070545,
        "color": 0.29091369318753924,
        "weight": 0.5870228719658157,
        "variations": {
          "heart": 0.15518126809212773
        }
      },
      {
        "a": 0.7248509025735665,
        "b": -0.016833832104593993,
        "c": -0.9185483844055546,
        "d": -0.41771339145575315,
        "e": 1.4119732217598289,
        "f": 0.3062513402369551,
        "color": 0.04730425803493321,
        "weight": 0.2543805511294649,
        "variations": {
          "linear": 0.7007628174149244,
          "sinusoidal": 0.07400268763218609,
          "swirl": 0.2021540664104554
        }
      },
      {
        "a": -0.19971449030959842,
        "b": 0.3804330487941574,
        "c": 0.4535421054228219,
        "d": -0.6828638189506513,
        "e": 0.9865295913879333,
        "f": 1.1240961720477904,
        "color": 0.05642371858779227,
        "weight": 0.7660466272310191,
        "variations": {
          "sinusoidal": 0.5940872536154962,
          "linear": 0.8919096739270242,
          "spherical": 0.03551099712062311
        }
      }
    ],
    "num_points": 2711378,
    "gamma": 1.8745970118897801,
    "brightness": 1.2,
    "hue_rotation": 186.627598865998
  }
}