{
  "seed": "5aebd362-e7bb-4b4c-a605-9f7290c981ff",
  "params": {
    "transforms": [
      {
        "a": -0.30188337246212793,
        "b": -0.11023174338559949,
        "c": 0.9599842925892084,
        "d": 0.2395150017737857,
        "e": 0.3753131478906453,
        "f": 1.0748043393761995,
        "color": 0.8105790604837446,
        "weight": 0.9980266061151304,
        "variations": {
          "heart": 0.1419453997507032
        }
      },
      {
        "a": -0.5650268411145614,
        "b": -0.8089018658945817,
        "c": -0.039300760185036365,
        "d": -0.747770193349623,
        "e": 0.16664257706471908,
        "f": -1.499973746758414,
        "color": 0.14677627400537552,
        "weight": 0.27932410175328953,
        "variations": {
          "heart": 0.2470402409536271,
          "spherical": 0.8801946434832035
        }
      }
    ],
    "num_points": 1306639,
    "gamma": 2.4473223134881312,
    "brightness": 1.2,
    "hue_rotation": 269.7315204730127
  }
}