{
  "seed": "bad792ed-d8cd-432b-9be1-fe70944def4f",
  "params": {
    "transforms": [
      {
        "a": -0.35826660762016815,
        "b": 0.9267914682626301,
        "c": 0.07912387620180272,
        "d": 0.07201839833192492,
        "e": -0.8369428257334989,
        "f": -0.5623996721279042,
        "color": 0.1567676143239829,
        "weight": 0.7991783764450909,
        "variations": {
          "spherical": 0.3914000895570042,
          "polar": 0.6687302560206632
        }
      },
      {
        "a": -0.9424176316921362,
        "b": 0.8254285305986067,
        "c": 0.001921047117603436,
        "d": 0.07408909708923783,
        "e": -1.0381366095330398,
        "f": 1.2725946503356278,
        "color": 0.8226192476290247,
        "weight": 0.7231274718676434,
        "variations": {
          "linear": 0.8881702273910511
        }
      }
    ],
    "num_points": 2090682,
    "gamma": 2.0733356610433202,
    "brightness": 1.2,
    "hue_rotation": 103.55007789775729
  }
}