{
  "seed": "3c4396e0-459c-43b8-9f70-7c62f7317dd7",
  "params": {
    "transforms": [
      {
        "a": 0.31001921299409374,
        "b": 0.05381526315259766,
        "c": -0.9902574839097831,
        "d": -0.6211299135938577,
        "e": 0.372840280875951,
        "f": -0.3694654698831652,
        "color": 0.8348470966077414,
        "weight": 0.9857245742892292,
        "variations": {
          "linear": 0.7635320363910743
        }
      },
      {
        "a": 0.601001424343002,
        "b": 0.259225626197489,
        "c": 0.5997524215459005,
        "d": 0.7060584410897457,
        "e": 1.3998383368419018,
        "f": 0.15194689418009144,
        "color": 0.009523510225119103,
        "weight": 0.5887003153192719,
        "variations": {
          "spherical": 0.7356869518826528,
          "sinusoidal": 0.4632739363891759
        }
      }
    ],
    "num_points": 1556772,
    "gamma": 2.4435816042827727,
    "brightness": 1.2,
    "hue_rotation": 115.66963281498155
  }
}