{
  "seed": "13b38b4f-1e20-48c5-8fd0-8ded9ffc401c",
  "params": {
    "transforms": [
      {
        "a": -0.5446936884208633,
        "b": -0.34089042925642765,
        "c": 0.2917017786177394,
        "d": 0.02742933694352989,
        "e": -0.98441632069493,
        "f": -0.6865144344654955,
        "color": 0.2097404202278712,
        "weight": 0.5254285735323062,
        "variations": {
          "heart": 0.36479596837795714
        }
      },
      {
        "a": -0.16271663938500724,
        "b": -0.19459816475155023,
        "c": 0.7009393798995305,
        "d": -0.8473979655649277,
        "e": -0.4130279087059603,
        "f": -0.541991026293617,
        "color": 0.8410823249833588,
        "weight": 0.14563900703973554,
        "variations": {
          "sinusoidal": 0.6350934100948777,
          "heart": 0.1772471210445009,
          "linear": 0.8166526071765858
        }
      }
    ],
    "num_points": 1540857,
    "gamma": 1.9108836369034132,
    "brightness": 1.2,
    "hue_rotation": 328.47331915465236
  }
}