{
  "seed": "14093f25-88ca-470f-9eda-d222528fcb34",
  "params": {
    "transforms": [
      {
        "a": -0.44694032364519565,
        "b": -0.4310472208125464,
        "c": 0.7776937203158216,
        "d": -0.10667537461438403,
        "e": -0.004717119068723186,
        "f": 1.136634528264815,
        "color": 0.7008590978487175,
        "weight": 0.32193511146190046,
        "variations": {
          "heart": 0.08418710977601152,
          "polar": 0.5055352607620484
        }
      },
      {
        "a": 0.8797288951733775,
        "b": 0.8167799483937643,
        "c": 0.7188539098875877,
        "d": 0.2819544100222273,
        "e": -0.3104746374374958,
        "f": 0.39438777902551814,
        "color": 0.3809083381660002,
        "weight": 0.7992116587033093,
        "variations": {
          "swirl": 0.5015838375013925
        }
      },
      {
        "a": -0.15181604223798062,
        "b": 0.4227297338984981,
        "c": 0.3240813741433508,
        "d": 0.4979345808800708,
        "e": -0.7613635118827051,
        "f": 0.6113897805533535,
        "color": 0.5886615013641696,
        "weight": 0.8967375776949899,
        "variations": {
          "spherical": 0.25984421081986797
        }
      },
      {
        "a": -0.1879507544832799,
        "b": -0.5940287559161912,
        "c": 0.5154347604019116,
        "d": -0.3464538521976861,
        "e": -1.4146290230560659,
        "f": -0.10046021372569447,
        "color": 0.9517546334512382,
        "weight": 0.6984356172963875,
        "variations": {
          "sinusoidal": 0.8919760401707384,
          "linear": 0.15626228491560767
        }
      }
    ],
    "num_points": 1281161,
    "gamma": 1.9000805343039862,
    "brightness": 1.2,
    "hue_rotation": 82.51543171321507
  }
}