{
  "seed": "fc1c88c0-153f-4be7-9c24-230475143767",
  "params": {
    "transforms": [
      {
        "a": -0.8095733912203786,
        "b": 0.3953732821008511,
        "c": 0.7009229274641167,
        "d": -0.8500985272673671,
        "e": 0.7939652569320366,
        "f": -1.2990163959445662,
        "color": 0.25392142631867876,
        "weight": 0.1281774217498231,
        "variations": {
          "sinusoidal": 0.5541338885844181,
          "swirl": 0.30686046761774366
        }
      },
      {
        "a": -0.09087270326700603,
        "b": 0.5313765269839796,
        "c": -0.47766355783737,
        "d": -0.2644939605586403,
        "e": -1.0534192846420178,
        "f": -0.7434433191671924,
        "color": 0.8211736120750718,
        "weight": 0.3151038783071945,
        "variations": {
          "linear": 0.6080936178039572
        }
      },
      {
        "a": 0.7491429993545353,
        "b": 0.9339118578237404,
        "c": 0.9778666249344155,
        "d": -0.9974848343541545,
        "e": -0.6675831344071568,
        "f": -1.4125971686342087,
        "color": 0.7458449311008126,
        "weight": 0.43234315072310625,
        "variations": {
          "polar": 0.8433060549472643,
          "heart": 0.5706882070844328
        }
      }
    ],
    "num_points": 1246033,
    "gamma": 2.415491492952609,
    "brightness": 1.2,
    "hue_rotation": 326.83831769920147
  }
}