{
  "seed": "458540b3-8243-4ae9-86a9-d314787c9573",
  "params": {
    "transforms": [
      {
        "a": -0.9481745725609725,
        "b": 0.9346313227485741,
        "c": 0.8005113005605948,
        "d": 0.19579965392602383,
        "e": 0.2656501914778593,
        "f": 1.4796240797971025,
        "color": 0.31644383859277747,
        "weight": 0.6549309311047606,
        "variations": {
          "swirl": 0.4436201477467291,
          "sinusoidal": 0.17518638360172922
        }
      },
      {
        "a": -0.3502100923213616,
        "b": 0.6250467675481579,
        "c": 0.6629683025428652,
        "d": 0.8142834298307045,
        "e": 0.28160725765090855,
        "f": 1.0520624152807754,
        "color": 0.8754412583173498,
        "weight": 0.7827499013538902,
        "variations": {
          "polar": 0.3157104726034695,
          "heart": 0.7969815102485864,
          "swirl": 0.7871723415752004
        }
      },
      {
        "a": -0.2531472419584113,
        "b": -0.3560924355137609,
        "c": -0.11640581068353617,
        "d": 0.34610856799120593,
        "e": 0.34078845728258256,
        "f": -1.109480204393749,
        "color": 0.9580855134403318,
        "weight": 0.39135205817854946,
        "variations": {
          "sinusoidal": 0.2430529142896204,
          "linear": 0.7285516373335541
        }
      }
    ],
    "num_points": 2887296,
    "gamma": 2.408024758515171,
    "brightness": 1.2,
    "hue_rotation": 231.5071635605904
  }
}