{
  "seed": "a8e64e14-6a98-44a2-a801-2ed81fac6ecb-585",
  "parameters": {
    "num_transforms": 2,
    "transforms": [
      {
        "a": 1.1168285261966098,
        "b": 1.2372365948352035,
        "c": 0.5659703700236434,
        "d": -0.07614356664268751,
        "e": 1.246931327004225,
        "f": 0.6142312674023054,
        "color": 0.46543951410334805,
        "variations": {
          "heart": 0.0,
          "sinusoidal": 0.26547593218649523,
          "handkerchief": 0.9098081912620948,
          "swirl": 0.4552836045994172
        },
        "weight": 1.8101550745120685
      },
      {
        "a": -0.6387251927418169,
        "b": -1.0349701298434182,
        "c": 1.1302708060373616,
        "d": 1.328184927372484,
        "e": 1.054622434442638,
        "f": -1.1725809379361847,
        "color": 0.5747508212376589,
        "variations": {
          "handkerchief": 0.5245424461302688,
          "hyperbolic": 0.28104553260849297,
          "disc": 0.7010881543695725,
          "polar": 0.9724538802568455
        },
        "weight": 1.517112993535672
      }
    ],
    "num_points": 3636228,
    "gamma": 1.658146304649343,
    "brightness": 0.9045105673077329,
    "contrast": 1.7197500237239844,
    "hue_rotation": 17.56295883441669
  }
}