{
  "seed": "74e471fd-2d80-4dfe-851d-a67fbcffe969",
  "params": {
    "transforms": [
      {
        "a": -0.35094880105682247,
        "b": 0.38925872935500005,
        "c": 0.16809038966038314,
        "d": -0.8051030160612074,
        "e": -0.05259410768103301,
        "f": 1.3931634057747067,
        "color": 0.4790092307518511,
        "weight": 0.6770435011388363,
        "variations": {
          "linear": 0.8947512705129818
        }
      },
      {
        "a": -0.10505377348621736,
        "b": -0.40137184714401153,
        "c": -0.5545553372405263,
        "d": -0.7481806930522474,
        "e": 0.6076272206415911,
        "f": -0.12094550438695184,
        "color": 0.3874507964920384,
        "weight": 0.5440147152374818,
        "variations": {
          "sinusoidal": 0.7116710937757487,
          "swirl": 0.4885451798067061
        }
      },
      {
        "a": -0.7312165685547332,
        "b": 0.5767634739865337,
        "c": -0.02272067018275159,
        "d": -0.8611280811780633,
        "e": 0.9480728198585222,
        "f": 0.6535107373943365,
        "color": 0.00011293062909445428,
        "weight": 0.19499553556041677,
        "variations": {
          "spherical": 0.1921231683807414,
          "linear": 0.05819682514494229
        }
      },
      {
        "a": -0.17454567890921724,
        "b": 0.47485975531472957,
        "c": -0.5795621387338705,
        "d": 0.2212513913259082,
        "e": -1.0817867314645069,
        "f": 1.0374897112584125,
        "color": 0.2684608886116697,
        "weight": 0.7311416892602247,
        "variations": {
          "heart": 0.373007762268872,
          "spherical": 0.3610530251921651,
          "swirl": 0.9074441300802047
        }
      }
    ],
    "num_points": 2591197,
    "gamma": 1.9111656855783068,
    "brightness": 1.2,
    "hue_rotation": 248.17597116444657
  }
}