{
  "seed": "9a92710c-15e1-4d8d-ad5a-181f18c81a5a",
  "params": {
    "transforms": [
      {
        "a": 0.5474166507463698,
        "b": 0.5169612149990639,
        "c": 0.17929074892242114,
        "d": 0.4406484514617328,
        "e": 1.2387874899249338,
        "f": -0.9751005743803282,
        "color": 0.09797740845245939,
        "weight": 0.39098182906603707,
        "variations": {
          "spherical": 0.2699237857250184
        }
      },
      {
        "a": -0.8737187504460084,
        "b": -0.683969349725412,
        "c": 0.39162658380739157,
        "d": -0.3996599868243427,
        "e": 1.1629878641261788,
        "f": -0.22387087479380519,
        "color": 0.7159183614785594,
        "weight": 0.9441210627628309,
        "variations": {
          "heart": 0.4966675692864079,
          "polar": 0.8538731624694434,
          "spherical": 0.6611324821178806
        }
      },
      {
        "a": -0.4045926509345281,
        "b": 0.7146137987172658,
        "c": -0.9636644205983487,
        "d": -0.9333231471266636,
        "e": 0.04252406559911259,
        "f": 0.02787622231270781,
        "color": 0.038536891775620696,
        "weight": 0.9008441747457644,
        "variations": {
          "polar": 0.7829293825514393,
          "swirl": 0.009586086613626366,
          "sinusoidal": 0.2490682341317424
        }
      }
    ],
    "num_points": 1675530,
    "gamma": 2.0574488988519075,
    "brightness": 1.2,
    "hue_rotation": 115.73080754520305
  }
}