{
  "seed": "4e65907b-f4d2-410c-a28f-30d5335d6e44",
  "params": {
    "transforms": [
      {
        "a": -0.25816199741302337,
        "b": 0.10529491575951422,
        "c": 0.04320771776968102,
        "d": -0.5017643065682074,
        "e": -1.0850569941744634,
        "f": -0.680791029528456,
        "color": 0.6608126405694635,
        "weight": 0.930264258388857,
        "variations": {
          "sinusoidal": 0.6755577984564757,
          "spherical": 0.8462686494692918
        }
      },
      {
        "a": -0.4113217644354952,
        "b": -0.5125844528401806,
        "c": -0.5771046332700434,
        "d": 0.4507909259320322,
        "e": 0.7222799327779672,
        "f": 0.00900431374552313,
        "color": 0.27656660821054924,
        "weight": 0.6252589825307009,
        "variations": {
          "swirl": 0.056881309875759456,
          "linear": 0.009172278456897498,
          "heart": 0.43508192566802417
        }
      },
      {
        "a": -0.0892994797296518,
        "b": 0.057527232315892185,
        "c": 0.19580762757268078,
        "d": 0.09253408320481271,
        "e": 0.19126266002569547,
        "f": -0.249772642542907,
        "color": 0.41834770984098824,
        "weight": 0.7521498296414931,
        "variations": {
          "polar": 0.6111546769812957,
          "swirl": 0.37542224781834
        }
      },
      {
        "a": -0.3655136311549827,
        "b": -0.9171863335250898,
        "c": -0.3345300715758881,
        "d": 0.8379424032115874,
        "e": -1.369419798819684,
        "f": 0.6672850276290498,
        "color": 0.5457957465742627,
        "weight": 0.36631992255991475,
        "variations": {
          "spherical": 0.778240339940833,
          "heart": 0.5205909257615949
        }
      }
    ],
    "num_points": 2462483,
    "gamma": 1.9771186620497343,
    "brightness": 1.2,
    "hue_rotation": 47.42444283907438
  }
}