{
  "seed": "87f3250e-e4cf-458e-a089-115d17ba2c7b",
  "params": {
    "transforms": [
      {
        "a": -0.7825148375561817,
        "b": -0.5120069126722255,
        "c": -0.9432750425639365,
        "d": -0.8304748326041642,
        "e": 1.1829346816283586,
        "f": -1.0070588388839175,
        "color": 0.7629541412086372,
        "weight": 0.5356079691220706,
        "variations": {
          "heart": 0.618317776937026
        }
      },
      {
        "a": -0.38957883387244996,
        "b": -0.9889685846378804,
        "c": 0.0799957309911401,
        "d": -0.6573682123890763,
        "e": -0.37038696639227875,
        "f": -0.33281849403031716,
        "color": 0.9821054057803893,
        "weight": 0.6185437936704797,
        "variations": {
          "linear": 0.5569354716758705,
          "polar": 0.617792269927225
        }
      },
      {
        "a": -0.4205213855441794,
        "b": 0.11908979975719447,
        "c": -0.04263541377605895,
        "d": 0.2954234028443772,
        "e": 1.2284782875649656,
        "f": 1.3590712211243945,
        "color": 0.5639563429071525,
        "weight": 0.30826394251663614,
        "variations": {
          "spherical": 0.5928764592485775
        }
      }
    ],
    "num_points": 2714189,
    "gamma": 2.4666329620873855,
    "brightness": 1.2,
    "hue_rotation": 327.47684746346425
  }
}