{
  "seed": "434c0774-cce8-4986-bc9e-341bb2a36f98",
  "params": {
    "transforms": [
      {
        "a": 0.5141914909571557,
        "b": 0.5208599613317051,
        "c": -0.6397760120173706,
        "d": -0.7059293590127631,
        "e": 0.5322507822759657,
        "f": 0.8287414863135929,
        "color": 0.7161437035845285,
        "weight": 0.49081129385671396,
        "variations": {
          "heart": 0.7997839545083681,
          "swirl": 0.7426258293150095
        }
      },
      {
        "a": -0.4975435259779877,
        "b": -0.08441047004641167,
        "c": -0.6824014303035184,
        "d": 0.39507564659925554,
        "e": -0.35142138075677365,
        "f": 0.42348555089884377,
        "color": 0.9720321270942329,
        "weight": 0.5001709249391568,
        "variations": {
          "spherical": 0.8834399299527964,
          "sinusoidal": 0.7710420475376802
        }
      },
      {
        "a": -0.21218626863879209,
        "b": 0.9976319542731598,
        "c": -0.4029305604228408,
        "d": 0.11806200009201495,
        "e": 0.6877322557598635,
        "f": 0.19906179193818874,
        "color": 0.2884755035648098,
        "weight": 0.9841218751700005,
        "variations": {
          "sinusoidal": 0.795412923729465
        }
      },
      {
        "a": 0.22883636002804875,
        "b": -0.7373712522000437,
        "c": -0.5610960600864097,
        "d": -0.6607628964048211,
        "e": 1.1986923451515432,
        "f": -0.5394367703096623,
        "color": 0.29203444393660216,
        "weight": 0.5455632637532123,
        "variations": {
          "heart": 0.7103456755443733
        }
      }
    ],
    "num_points": 1133424,
    "gamma": 1.8949921949915713,
    "brightness": 1.2,
    "hue_rotation": 186.1489121890766
  }
}