{
  "seed": "591ed3b7-4e0a-4092-aad5-d0a5290129b9",
  "params": {
    "transforms": [
      {
        "a": 0.18404506416036215,
        "b": -0.9661000597879967,
        "c": 0.3795194732652154,
        "d": -0.5444285558253084,
        "e": 0.38021961220392786,
        "f": -0.9207437093776482,
        "color": 0.5178887992156691,
        "weight": 0.5083443402011788,
        "variations": {
          "spherical": 0.7791319020204586
        }
      },
      {
        "a": -0.477320077273232,
        "b": -0.8068995302808075,
        "c": -0.3483507266570285,
        "d": 0.4049732450603778,
        "e": 0.3764286826621128,
        "f": -0.7089067121163006,
        "color": 0.684581322306615,
        "weight": 0.23777901835312237,
        "variations": {
          "polar": 0.7028918643417046,
          "linear": 0.12777726750834073,
          "swirl": 0.8026941263393905
        }
      },
      {
        "a": -0.07766645980513331,
        "b": -0.019858112682009654,
        "c": -0.9276778772067569,
        "d": -0.7326383923408759,
        "e": -0.057610153449549006,
        "f": -1.3611389507968978,
        "color": 0.3793016045570058,
        "weight": 0.8258819685715529,
        "variations": {
          "spherical": 0.8035727417591827
        }
      }
    ],
    "num_points": 1318316,
    "gamma": 2.4372218847743206,
    "brightness": 1.2,
    "hue_rotation": 223.09987770290383
  }
}