{
  "seed": "98b8a7ae-5ccd-4bf6-a204-0db1af694531-279",
  "parameters": {
    "num_transforms": 4,
    "transforms": [
      {
        "a": -0.47260210472184694,
        "b": -0.7540260777241743,
        "c": 0.5755484335505359,
        "d": 0.02022957932765257,
        "e": 1.0964252903979461,
        "f": 0.09725926317503619,
        "color": 0.7221500516658024,
        "variations": {
          "sinusoidal": 0.0,
          "swirl": 0.5381694461768604,
          "horseshoe": 0.0,
          "linear": 0.7348528026402857
        },
        "weight": 0.7120607558888488
      },
      {
        "a": -0.03541391387079651,
        "b": -1.4569938205493949,
        "c": 1.395622733554291,
        "d": -0.19917503840603068,
        "e": 0.4148524373294573,
        "f": -0.760677392663492,
        "color": 0.952007884095345,
        "variations": {
          "hyperbolic": 0.6168418216626617,
          "heart": 0.8238859965603709,
          "polar": 0.0
        },
        "weight": 1.6187082851456707
      },
      {
        "a": 1.4345969532225737,
        "b": -0.9436786851127931,
        "c": 1.3691135524447828,
        "d": -0.8483199843920134,
        "e": -0.9702028855340987,
        "f": -1.3529143126205314,
        "color": 0.45557923696398506,
        "variations": {
          "handkerchief": 0.8348996691795656,
          "spiral": 0.0
        },
        "weight": 1.9004320190501556
      },
      {
        "a": -0.04215815950160229,
        "b": 0.3371005641076099,
        "c": -0.038506789622553494,
        "d": 0.02162932692390873,
        "e": 0.4602243605399745,
        "f": 0.9265372204919755,
        "color": 0.7711489391861363,
        "variations": {
          "handkerchief": 0.7399819824792814,
          "linear": 0.7058870408692941
        },
        "weight": 0.9452938429551286
      }
    ],
    "num_points": 3833465,
    "gamma": 3.63899361529175,
    "brightness": 0.6709963015656946,
    "contrast": 1.990674291838339,
    "hue_rotation": 102.91095149494004
  }
}