{
  "seed": "865fefaa-70c3-401c-92ec-8297eaf70b13",
  "params": {
    "transforms": [
      {
        "a": -0.1122496125206145,
        "b": -0.6077675156316884,
        "c": -0.930437820351476,
        "d": 0.016722239772954506,
        "e": 0.05614569805645275,
        "f": -1.4767812658396555,
        "color": 0.7023288675601115,
        "weight": 0.41259377067076375,
        "variations": {
          "linear": 0.17185490161623762
        }
      },
      {
        "a": 0.8650533866925838,
        "b": 0.3770249295271306,
        "c": 0.4147934860929767,
        "d": 0.22499795661304245,
        "e": 0.033274393505547284,
        "f": -0.59245506966898,
        "color": 0.40985260014838154,
        "weight": 0.759602489223029,
        "variations": {
          "heart": 0.5004632571296679
        }
      },
      {
        "a": -0.6721508415869739,
        "b": 0.473164944037862,
        "c": -0.5927133655426973,
        "d": 0.5530080331602074,
        "e": 0.9232665820648376,
        "f": -0.618340647119179,
        "color": 0.04122620360298068,
        "weight": 0.7819772705455151,
        "variations": {
          "sinusoidal": 0.17809679484275365
        }
      }
    ],
    "num_points": 1061735,
    "gamma": 1.9525223205470883,
    "brightness": 1.2,
    "hue_rotation": 161.38486256093017
  }
}