{
  "seed": "7087508b-9db7-410b-8f19-5e7fec4cebca",
  "params": {
    "transforms": [
      {
        "a": -0.48242763181335957,
        "b": -0.4452696863047685,
        "c": 0.9173156980229327,
        "d": 0.341131824572368,
        "e": -0.8745115047756707,
        "f": 0.12015436432150395,
        "color": 0.296878777874229,
        "weight": 0.7902995740423657,
        "variations": {
          "heart": 0.6575390331458077
        }
      },
      {
        "a": 0.39572354195064396,
        "b": 0.3306574412963186,
        "c": 0.4951193022709568,
        "d": 0.22246645436747348,
        "e": 1.3348961459962845,
        "f": -0.017082120686946922,
        "color": 0.028749833606122044,
        "weight": 0.5686039011312329,
        "variations": {
          "linear": 0.4470857250956477,
          "polar": 0.3512092757053922
        }
      },
      {
        "a": 0.3585419853038099,
        "b": -0.20553009425425794,
        "c": -0.8671873911845451,
        "d": -0.44071119920044044,
        "e": -1.0033466420235908,
        "f": 0.3869461357887114,
        "color": 0.47573280141512486,
        "weight": 0.5761207960132735,
        "variations": {
          "linear": 0.913298881380434,
          "heart": 0.5303189437027707,
          "spherical": 0.16558522134644205
        }
      }
    ],
    "num_points": 1144444,
    "gamma": 1.847476612243923,
    "brightness": 1.2,
    "hue_rotation": 201.2242148940027
  }
}