{
  "seed": "6bc07da9-3478-451c-91ac-0ea78576829d",
  "params": {
    "transforms": [
      {
        "a": 0.3917901737388465,
        "b": 0.6607503995131816,
        "c": -0.13671653689765284,
        "d": -0.5914872169905294,
        "e": -0.37102374015069306,
        "f": -0.7731776682556953,
        "color": 0.3441383191699653,
        "weight": 0.6477921831794133,
        "variations": {
          "swirl": 0.4436904203118228,
          "sinusoidal": 0.7538142452106992
        }
      },
      {
        "a": 0.6563380848417346,
        "b": 0.16775800583337297,
        "c": 0.46922335168346496,
        "d": -0.4552446399930232,
        "e": -0.6925845740051438,
        "f": 1.3887390127204249,
        "color": 0.2545631304339593,
        "weight": 0.3106472922463731,
        "variations": {
          "linear": 0.6207368919290822,
          "swirl": 0.5537449086063778
        }
      },
      {
        "a": -0.23259121453133424,
        "b": -0.8862878884431278,
        "c": 0.7971655141282632,
        "d": 0.8401501620262528,
        "e": -0.7861876976403693,
        "f": 1.3986906585950187,
        "color": 0.7628135181547271,
        "weight": 0.6471532340343049,
        "variations": {
          "linear": 0.11123146279656682
        }
      },
      {
        "a": 0.0675790334871329,
        "b": 0.9404960944816936,
        "c": -0.13199079501530742,
        "d": -0.715358666779162,
        "e": -0.08121074978547882,
        "f": 0.6750228303799171,
        "color": 0.9985035834551292,
        "weight": 0.3384880108471465,
        "variations": {
          "spherical": 0.34322111184541504,
          "polar": 0.976942068121019
        }
      }
    ],
    "num_points": 2173095,
    "gamma": 2.040325941615169,
    "brightness": 1.2,
    "hue_rotation": 182.97743013575135
  }
}