{
  "seed": "53653a23-51e9-4fec-a9c7-589ef7582550",
  "params": {
    "transforms": [
      {
        "a": 0.7996549844932634,
        "b": -0.6468593092889843,
        "c": 0.6362439440061851,
        "d": 0.18091876597540169,
        "e": -0.19887716788709353,
        "f": -1.4869469671380315,
        "color": 0.8214013045860719,
        "weight": 0.6844550542898032,
        "variations": {
          "swirl": 0.9152374043299614
        }
      },
      {
        "a": -0.08027828469370912,
        "b": 0.7886814895953567,
        "c": 0.4140536820676042,
        "d": -0.7186902457914082,
        "e": -0.9743544042542925,
        "f": 0.1255086323157042,
        "color": 0.42260156760818124,
        "weight": 0.7732965118936757,
        "variations": {
          "sinusoidal": 0.8417339335348435,
          "heart": 0.1059471711171649
        }
      },
      {
        "a": 0.7467186533265269,
        "b": -0.5668318637533463,
        "c": 0.0036040616825012695,
        "d": 0.9998684801961846,
        "e": 0.25170026975756987,
        "f": -0.02678540911708982,
        "color": 0.48895570435953717,
        "weight": 0.18374673887055012,
        "variations": {
          "linear": 0.8864910762713635,
          "heart": 0.7671324235815448,
          "spherical": 0.1909645683347697
        }
      },
      {
        "a": 0.42366155120822246,
        "b": -0.19643106594895166,
        "c": 0.5584143214018769,
        "d": -0.9973558701631233,
        "e": -0.5156246308827129,
        "f": 1.001370746537709,
        "color": 0.8927003993790307,
        "weight": 0.9159785377167654,
        "variations": {
          "polar": 0.06005863673040701,
          "linear": 0.7279350357140584,
          "heart": 0.8008796238736845
        }
      }
    ],
    "num_points": 2654122,
    "gamma": 1.801559405307504,
    "brightness": 1.2,
    "hue_rotation": 46.14131016892099
  }
}