{
  "seed": "446a2444-8abc-4ecd-9ddb-c9b90eed4e0d-502",
  "parameters": {
    "num_transforms": 2,
    "transforms": [
      {
        "a": -1.2176016331069452,
        "b": -0.032883498025559454,
        "c": -1.1311676957902446,
        "d": -0.5509884457413987,
        "e": 1.0493780496305414,
        "f": 0.9290383963529516,
        "color": 0.15734853225121537,
        "variations": {
          "sinusoidal": 0.12557899296994735,
          "swirl": 0.8982147413770454,
          "heart": 0.5174032449903844
        },
        "weight": 1.0121136153728294
      },
      {
        "a": -0.5885111604268635,
        "b": 0.05529755215416721,
        "c": -0.3584177883399089,
        "d": -1.0687361322678266,
        "e": -0.35740023772373064,
        "f": -0.37921170232231427,
        "color": 0.9759469053705873,
        "variations": {
          "swirl": 0.22037512632906375,
          "linear": 0.08700064512448191,
          "heart": 0.1809640961865887
        },
        "weight": 1.3823114687869478
      }
    ],
    "num_points": 1857242,
    "gamma": 1.8326582078913152,
    "brightness": 1.9173763108134252,
    "contrast": 0.5403323410256434,
    "hue_rotation": 206.02072866184318
  }
}