{
  "seed": "393db2c8-98cd-49df-a037-cbb747d5551d",
  "params": {
    "transforms": [
      {
        "a": -0.10365412065693258,
        "b": 0.2553321433076292,
        "c": -0.1224576368963346,
        "d": 0.8143112759515414,
        "e": -0.6327799690611083,
        "f": -0.7192004226193193,
        "color": 0.2979336289518483,
        "weight": 0.31040071426024884,
        "variations": {
          "spherical": 0.699446228419173,
          "linear": 0.8417841171968307,
          "polar": 0.2537821832350895
        }
      },
      {
        "a": 0.25462031860742185,
        "b": -0.5711217674671132,
        "c": 0.20382048886249415,
        "d": 0.5385974611108515,
        "e": 1.0390919748406389,
        "f": 1.4215160471937094,
        "color": 0.8914876641064815,
        "weight": 0.6502520235751579,
        "variations": {
          "swirl": 0.06031061300366558
        }
      },
      {
        "a": 0.7419870903032224,
        "b": -0.17585634943556472,
        "c": 0.9805652245552026,
        "d": -0.9767495893490372,
        "e": 0.6790138704482507,
        "f": -0.19406311360864548,
        "color": 0.1605521360058848,
        "weight": 0.41338501040874076,
        "variations": {
          "heart": 0.6556765568047773,
          "polar": 0.6381972625013256
        }
      },
      {
        "a": 0.03951353053455553,
        "b": -0.016949318772157662,
        "c": 0.17587289522240068,
        "d": 0.10255788968613144,
        "e": 0.8228384805786697,
        "f": -0.23876657173813065,
        "color": 0.8349359162693373,
        "weight": 0.6152045453698745,
        "variations": {
          "heart": 0.8435282595945232,
          "swirl": 0.08388765247853003
        }
      }
    ],
    "num_points": 2451369,
    "gamma": 1.853025836409741,
    "brightness": 1.2,
    "hue_rotation": 9.130050557263996
  }
}