{
  "seed": "1e291340-e2ac-42c5-83d5-1994219b6af5",
  "params": {
    "transforms": [
      {
        "a": -0.015471271538861409,
        "b": 0.5497688100292202,
        "c": 0.06212332979455426,
        "d": 0.7816261489054663,
        "e": -0.01662638027124741,
        "f": 1.013149640689043,
        "color": 0.3815992242132725,
        "weight": 0.6795742080486914,
        "variations": {
          "linear": 0.3607239168786611
        }
      },
      {
        "a": -0.4303274774217638,
        "b": 0.12827102087226971,
        "c": -0.33818633027617184,
        "d": 0.03962592426733447,
        "e": -0.5519394585927424,
        "f": 0.015342369745628748,
        "color": 0.9271979265394835,
        "weight": 0.9621669705883195,
        "variations": {
          "sinusoidal": 0.4343304623566011,
          "spherical": 0.28351744152745917
        }
      },
      {
        "a": 0.47679027701329235,
        "b": 0.2946329113774875,
        "c": 0.13436492565801172,
        "d": -0.1193881219627313,
        "e": -0.46088056032877933,
        "f": 0.10125717013360536,
        "color": 0.8420494375476845,
        "weight": 0.11360993012752103,
        "variations": {
          "sinusoidal": 0.5911222213211524,
          "linear": 0.21554958222101217,
          "spherical": 0.334800076079559
        }
      }
    ],
    "num_points": 1740235,
    "gamma": 2.2867282547097605,
    "brightness": 1.2,
    "hue_rotation": 256.3958628145237
  }
}