{
  "seed": "8a60cbd2-5bb9-4ff6-a375-4b8de44985fc",
  "params": {
    "transforms": [
      {
        "a": 0.27497195734814617,
        "b": 0.44994648450321884,
        "c": 0.5023377635376256,
        "d": 0.38579107882454355,
        "e": -1.0881658924460744,
        "f": 0.3913923181204524,
        "color": 0.7897976049986809,
        "weight": 0.9578596101294236,
        "variations": {
          "spherical": 0.1775755557001648
        }
      },
      {
        "a": 0.3840378464497829,
        "b": 0.8864432482114852,
        "c": -0.6879376065763427,
        "d": 0.5545934885539106,
        "e": -0.13042904920185228,
        "f": 1.2009599273854357,
        "color": 0.3363355548060405,
        "weight": 0.588336306389329,
        "variations": {
          "swirl": 0.05747406609086014
        }
      }
    ],
    "num_points": 1690241,
    "gamma": 2.0601915178818024,
    "brightness": 1.2,
    "hue_rotation": 137.24179062671803
  }
}