{
  "seed": "0495cd6f-8d14-46e4-b666-42f6f145f086",
  "params": {
    "transforms": [
      {
        "a": -0.23467113315544097,
        "b": 0.01778991746233327,
        "c": 0.24896067764019292,
        "d": 0.6312055880891729,
        "e": 0.9113619086145657,
        "f": 0.9059061336283811,
        "color": 0.7520449638351012,
        "weight": 0.9631891627054532,
        "variations": {
          "sinusoidal": 0.8979618296407099,
          "linear": 0.9855225954890767,
          "swirl": 0.09903346376163313
        }
      },
      {
        "a": 0.5456894889828829,
        "b": 0.16553505278330927,
        "c": -0.8569274294143845,
        "d": -0.5742229763590003,
        "e": 0.6004941334721217,
        "f": -0.8033576471721846,
        "color": 0.8981029928967906,
        "weight": 0.3745827465707373,
        "variations": {
          "swirl": 0.4679323217166338
        }
      },
      {
        "a": 0.5037650171762769,
        "b": -0.6665489714591692,
        "c": 0.5868939551244514,
        "d": 0.6475752914709381,
        "e": -0.5771323557683703,
        "f": 0.15905888334907559,
        "color": 0.5986103219756956,
        "weight": 0.9611499035204498,
        "variations": {
          "heart": 0.524446202223657,
          "polar": 0.026200849993992747
        }
      },
      {
        "a": 0.7299967910018395,
        "b": -0.715959014121408,
        "c": 0.8419334407158545,
        "d": 0.1910291052972659,
        "e": 0.331274931860835,
        "f": -1.4514932854158995,
        "color": 0.9620137739624987,
        "weight": 0.6996693230166281,
        "variations": {
          "polar": 0.8782620092534145,
          "linear": 0.2938717334431673
        }
      }
    ],
    "num_points": 1288643,
    "gamma": 2.0859074217570623,
    "brightness": 1.2,
    "hue_rotation": 128.349975902088
  }
}