{
  "seed": "b329673a-c547-429e-a386-b91d04307aff",
  "params": {
    "transforms": [
      {
        "a": 0.39440170909063443,
        "b": -0.8604136937126174,
        "c": -0.7820249690725565,
        "d": 0.6670822086209158,
        "e": 0.993871647964303,
        "f": 0.552320987006107,
        "color": 0.16692034366419772,
        "weight": 0.9778975662768212,
        "variations": {
          "spherical": 0.1020644653744277,
          "polar": 0.5263938152333548,
          "swirl": 0.391597627400463
        }
      },
      {
        "a": -0.5519768121911253,
        "b": 0.06784243672798995,
        "c": -0.27775747769896286,
        "d": -0.7009417861060769,
        "e": -0.5988675470372808,
        "f": -0.0350026108434216,
        "color": 0.75718874650065,
        "weight": 0.6324399868095816,
        "variations": {
          "heart": 0.41598689011334156
        }
      }
    ],
    "num_points": 2043593,
    "gamma": 1.8458445167510447,
    "brightness": 1.2,
    "hue_rotation": 40.50828443241593
  }
}