{
  "seed": "8a9e090b-6262-4c90-8773-c5da8c002d3a",
  "params": {
    "transforms": [
      {
        "a": 0.17883171387209207,
        "b": 0.686985490133154,
        "c": 0.9657905904684014,
        "d": -0.12197798988043296,
        "e": -0.23598747351478488,
        "f": 0.9911788498438514,
        "color": 0.33830711238730393,
        "weight": 0.6891783972210603,
        "variations": {
          "sinusoidal": 0.37061362505022954,
          "linear": 0.9239036068159935,
          "heart": 0.8141979742064843
        }
      },
      {
        "a": -0.9215097098617204,
        "b": -0.6379784456686644,
        "c": 0.12311214459178466,
        "d": 0.22615441550426563,
        "e": -0.1701231069629603,
        "f": 0.6714977076046713,
        "color": 0.4683723881621814,
        "weight": 0.5406918610591839,
        "variations": {
          "sinusoidal": 0.951376692059975,
          "swirl": 0.04967360097273765
        }
      },
      {
        "a": -0.9510769587848928,
        "b": -0.47586876071813355,
        "c": -0.31870826719928314,
        "d": -0.5185467086109659,
        "e": -0.05756350681990119,
        "f": -0.39079914539532945,
        "color": 0.862212135703162,
        "weight": 0.45849146434503707,
        "variations": {
          "spherical": 0.368286554531846,
          "linear": 0.4543474312359579,
          "polar": 0.6018609964954139
        }
      },
      {
        "a": 0.43319970414197484,
        "b": 0.6845503055883817,
        "c": -0.7942964977506233,
        "d": -0.2840863438714678,
        "e": -0.22399121479906992,
        "f": -1.010671469760807,
        "color": 0.3520209960332832,
        "weight": 0.8655397847298982,
        "variations": {
          "sinusoidal": 0.6160803330318213,
          "heart": 0.3929662987231446,
          "polar": 0.008617723278153022
        }
      }
    ],
    "num_points": 2290138,
    "gamma": 1.9789622299643528,
    "brightness": 1.2,
    "hue_rotation": 78.68730519698707
  }
}