{
  "seed": "e1ca8565-c006-4461-8f76-33228f2b992d",
  "params": {
    "transforms": [
      {
        "a": -0.6991287965496107,
        "b": 0.4333372068228949,
        "c": -0.7220827090005697,
        "d": -0.5708494025554487,
        "e": -1.277946047888273,
        "f": -0.26427807743975307,
        "color": 0.3600199585824505,
        "weight": 0.12498493091720253,
        "variations": {
          "swirl": 0.4877901509756236
        }
      },
      {
        "a": 0.779146781905754,
        "b": 0.8572093203274171,
        "c": 0.13704927026903913,
        "d": 0.03742699094370883,
        "e": 0.21883972424975817,
        "f": 1.0908198967792564,
        "color": 0.10830188861073264,
        "weight": 0.28494053928417196,
        "variations": {
          "linear": 0.9042523983408174,
          "heart": 0.22230232855639087
        }
      }
    ],
    "num_points": 2363279,
    "gamma": 2.3364485550005623,
    "brightness": 1.2,
    "hue_rotation": 31.2745961431855
  }
}