{
  "seed": "15876476-6fde-4250-8280-9223d9b09f31",
  "params": {
    "transforms": [
      {
        "a": 0.8498070582853752,
        "b": 0.15044994409771562,
        "c": 0.21837060407053088,
        "d": -0.4602830348061284,
        "e": -0.9047966552348787,
        "f": -1.1175329226400135,
        "color": 0.39175296278103844,
        "weight": 0.7533537814651213,
        "variations": {
          "swirl": 0.6696138307992876,
          "linear": 0.00406691055815922,
          "spherical": 0.08986286175150526
        }
      },
      {
        "a": -0.10675457772457708,
        "b": 0.3425705910987191,
        "c": -0.17576818164710017,
        "d": 0.8522108286054044,
        "e": 0.30562783978723784,
        "f": 0.27228493005386767,
        "color": 0.6175035851128818,
        "weight": 0.6301230391257009,
        "variations": {
          "polar": 0.4290449662928836,
          "heart": 0.31718025276591266,
          "spherical": 0.6519648752261434
        }
      }
    ],
    "num_points": 1349472,
    "gamma": 2.2370332232447008,
    "brightness": 1.2,
    "hue_rotation": 199.3112122050527
  }
}