{
  "seed": "f00d7754-416c-4dd5-8e9c-c06cd0aedb6a",
  "params": {
    "transforms": [
      {
        "a": 0.8289022149767518,
        "b": -0.027501347525525466,
        "c": -0.24756441137154228,
        "d": -0.6809286273238724,
        "e": -0.550261715562195,
        "f": 1.4878367063301736,
        "color": 0.0120266750371113,
        "weight": 0.9722105439659585,
        "variations": {
          "linear": 0.2329800518166285
        }
      },
      {
        "a": -0.31562824555121605,
        "b": -0.49588509673564807,
        "c": 0.5627815402958554,
        "d": 0.75580949008597,
        "e": 1.3818642552922338,
        "f": 1.0490995183674228,
        "color": 0.9446883223918187,
        "weight": 0.6825283431004507,
        "variations": {
          "linear": 0.32593803745159866,
          "heart": 0.9194511266090909
        }
      }
    ],
    "num_points": 1419132,
    "gamma": 2.3473288764614053,
    "brightness": 1.2,
    "hue_rotation": 133.68767347967403
  }
}