{
  "seed": "3ce0c4d3-9510-479b-868f-529d70784c85",
  "params": {
    "transforms": [
      {
        "a": -0.869284628883946,
        "b": 0.7677051165143502,
        "c": -0.016040512521382277,
        "d": 0.0011322310435910588,
        "e": 0.3750708548753807,
        "f": 1.469752906773183,
        "color": 0.3364070196791491,
        "weight": 0.790278900161415,
        "variations": {
          "heart": 0.8030862999486535,
          "swirl": 0.06914009098480478,
          "sinusoidal": 0.22015851151731403
        }
      },
      {
        "a": -0.23231666405009133,
        "b": 0.6018913701801452,
        "c": 0.8960787618064563,
        "d": -0.27305610117559476,
        "e": 1.2805671544724553,
        "f": -0.42046637170381107,
        "color": 0.3867985483278773,
        "weight": 0.17846942277158384,
        "variations": {
          "heart": 0.5661805400022444,
          "linear": 0.7584266381220768,
          "polar": 0.38071186049878925
        }
      }
    ],
    "num_points": 2379794,
    "gamma": 2.4460546363891833,
    "brightness": 1.2,
    "hue_rotation": 18.46467572773011
  }
}