{
  "seed": "34def0d9-1806-4627-a397-a8a65dfca984",
  "params": {
    "transforms": [
      {
        "a": 0.6763408490047169,
        "b": 0.5988520528601757,
        "c": -0.5153561607276462,
        "d": -0.586105137819048,
        "e": -1.3062754240237393,
        "f": 0.25308052736618336,
        "color": 0.46639023812549196,
        "weight": 0.4018548931490896,
        "variations": {
          "polar": 0.035461101162341024,
          "sinusoidal": 0.9269671342140894,
          "linear": 0.29270447920415177
        }
      },
      {
        "a": 0.9627714971063472,
        "b": 0.3422026671297733,
        "c": 0.7121590156036013,
        "d": -0.4315493774132855,
        "e": 1.0858547992443053,
        "f": 0.025526213497577555,
        "color": 0.6233675370513257,
        "weight": 0.8289842005172656,
        "variations": {
          "spherical": 0.06304736853236237
        }
      },
      {
        "a": -0.6886102209583107,
        "b": 0.14295946065612464,
        "c": -0.8739277098366456,
        "d": 0.6632335950504347,
        "e": -1.4727598965843525,
        "f": -0.6203769881548605,
        "color": 0.4494584719374969,
        "weight": 0.36956908409114586,
        "variations": {
          "sinusoidal": 0.6743682263510633
        }
      },
      {
        "a": -0.14084128859082412,
        "b": 0.7908088751585816,
        "c": 0.15431473069665413,
        "d": 0.9021516426786422,
        "e": -0.29050786120102323,
        "f": -1.1215521404419002,
        "color": 0.09217682490939949,
        "weight": 0.9171660755408386,
        "variations": {
          "sinusoidal": 0.7453388697428277,
          "linear": 0.7904369022371504
        }
      }
    ],
    "num_points": 1130281,
    "gamma": 2.2228011248027904,
    "brightness": 1.2,
    "hue_rotation": 31.540394584113653
  }
}