{
  "seed": "6e9709b6-885e-4d43-971d-7b667a2eabc4",
  "params": {
    "transforms": [
      {
        "a": -0.25488654934492794,
        "b": -0.7742933823526426,
        "c": -0.1465979950711931,
        "d": 0.5796126627678677,
        "e": -0.19676058182947598,
        "f": 1.009544212686321,
        "color": 0.19777555343158204,
        "weight": 0.1006953247878233,
        "variations": {
          "spherical": 0.6469848641992704,
          "heart": 0.41078882094125546
        }
      },
      {
        "a": -0.5367346556934847,
        "b": -0.7992473459707781,
        "c": 0.9248660405573692,
        "d": 0.8773614120004127,
        "e": -0.3762081440910081,
        "f": -0.4814138348230763,
        "color": 0.5121261252616485,
        "weight": 0.6614811129733528,
        "variations": {
          "polar": 0.7481431537753477
        }
      },
      {
        "a": -0.2002495087300027,
        "b": -0.3490753742816217,
        "c": -0.8343383296511047,
        "d": 0.15928428602079592,
        "e": -0.3171700517249594,
        "f": -1.4766696240619943,
        "color": 0.0895654851394655,
        "weight": 0.6328739262563639,
        "variations": {
          "swirl": 0.7704535309750248,
          "spherical": 0.5340901758612032,
          "linear": 0.4951385899600699
        }
      }
    ],
    "num_points": 1375897,
    "gamma": 2.0432403456982295,
    "brightness": 1.2,
    "hue_rotation": 236.50123426575956
  }
}