{
  "seed": "e71b5d32-5a53-4d58-808c-64dae6d64837-0",
  "parameters": {
    "num_transforms": 3,
    "transforms": [
      {
        "a": 0.1295450826578457,
        "b": -0.25225316237731654,
        "c": -0.6226768434557116,
        "d": -0.4585240031958757,
        "e": 1.3519534133403122,
        "f": 1.3158137747467444,
        "color": 0.8133889484612942,
        "variations": {
          "swirl": 0.9290367499932206,
          "disc": 0.4762286542226226
        },
        "weight": 0.6647322895947663
      },
      {
        "a": 0.4878156747673723,
        "b": 1.4748154676350107,
        "c": -0.8347472001316402,
        "d": -0.6907070569258695,
        "e": -1.033316745091028,
        "f": -0.8769538475323967,
        "color": 0.42416751421491916,
        "variations": {
          "handkerchief": 0.8989997115680504,
          "linear": 0.0
        },
        "weight": 1.8472896413243673
      },
      {
        "a": 0.5952509863838662,
        "b": 0.7212698829005006,
        "c": -0.2659137012324786,
        "d": 1.4603245263627138,
        "e": -0.9945777984259911,
        "f": -1.0442217447054645,
        "color": 0.38348897924626313,
        "variations": {
          "swirl": 0.825951570216809,
          "spherical": 0.0,
          "hyperbolic": 0.0,
          "horseshoe": 0.4855709250476523
        },
        "weight": 1.452932771556943
      }
    ],
    "num_points": 2096691,
    "gamma": 2.7506606327814476,
    "brightness": 0.9184422233464629,
    "contrast": 0.7909031175501143,
    "hue_rotation": 132.19079699181768
  }
}