{
  "seed": "e2e7263b-a1ea-4876-ac27-3e6cc3917831",
  "params": {
    "transforms": [
      {
        "a": 0.1066135536504964,
        "b": -0.7609345473884694,
        "c": -0.6961633756456858,
        "d": 0.9416928336000994,
        "e": -0.16629519222075562,
        "f": 1.464597520170769,
        "color": 0.30023647708277723,
        "weight": 0.7435849708314524,
        "variations": {
          "sinusoidal": 0.5427180488743769,
          "linear": 0.5123852501698052,
          "heart": 0.5859187259639457
        }
      },
      {
        "a": -0.7184291885778151,
        "b": 0.6541718813450521,
        "c": -0.7076680955140431,
        "d": 0.3285966063261354,
        "e": -1.4178029494770388,
        "f": 1.0259286987225127,
        "color": 0.2123902887517689,
        "weight": 0.7510570052727903,
        "variations": {
          "swirl": 0.09900911269067103
        }
      },
      {
        "a": 0.4126622128235369,
        "b": -0.20530676532287773,
        "c": 0.1715691244548554,
        "d": 0.7788505768143363,
        "e": -0.12721744132098367,
        "f": 0.31802373276680274,
        "color": 0.5028661018471996,
        "weight": 0.3393474949813512,
        "variations": {
          "swirl": 0.2121139199094828
        }
      },
      {
        "a": -0.7001113683418938,
        "b": 0.661283622661845,
        "c": -0.1390395629793515,
        "d": -0.9116185144243782,
        "e": -0.2646446942342715,
        "f": -0.39214627244991185,
        "color": 0.04255576066921274,
        "weight": 0.26892842015600205,
        "variations": {
          "heart": 0.2679717964972911,
          "sinusoidal": 0.5824337102662372
        }
      }
    ],
    "num_points": 2105763,
    "gamma": 1.9536170422535304,
    "brightness": 1.2,
    "hue_rotation": 113.96636974581453
  }
}