{
  "seed": "dc84f6e6-362a-4942-8a55-f84dc1e4969c",
  "params": {
    "transforms": [
      {
        "a": 0.780809572562783,
        "b": -0.1997652463997981,
        "c": 0.7624154830810252,
        "d": -0.5121199393459073,
        "e": 0.3418927401372933,
        "f": -0.551962296437533,
        "color": 0.10439721831629944,
        "weight": 0.9225946429871099,
        "variations": {
          "polar": 0.16613173537807469,
          "spherical": 0.06737847536481179
        }
      },
      {
        "a": 0.39647450247978444,
        "b": 0.6626630027280256,
        "c": -0.9931058599006628,
        "d": -0.7678049166617016,
        "e": -0.38152584505513376,
        "f": 0.8690343487538512,
        "color": 0.5974050674463511,
        "weight": 0.8616842367557598,
        "variations": {
          "polar": 0.6480539416697115,
          "swirl": 0.33819608272239876,
          "linear": 0.11408600678191594
        }
      }
    ],
    "num_points": 1105952,
    "gamma": 2.1609715103195613,
    "brightness": 1.2,
    "hue_rotation": 134.91118872438625
  }
}