{
  "seed": "cad119af-190d-47d8-8e9e-38780ecd9bc0",
  "params": {
    "transforms": [
      {
        "a": 0.02671475935718437,
        "b": -0.6693124299404065,
        "c": -0.8068708206704469,
        "d": 0.7235441043127999,
        "e": 0.8723261419631632,
        "f": 1.009803376136675,
        "color": 0.23195976239095073,
        "weight": 0.20444867206305542,
        "variations": {
          "polar": 0.5556272357426603,
          "sinusoidal": 0.9982382222969818
        }
      },
      {
        "a": 0.7359331015188402,
        "b": -0.8186427408097938,
        "c": -0.4879832758284919,
        "d": 0.9734418283191226,
        "e": -1.01261850365329,
        "f": -1.190800049109398,
        "color": 0.6148521781178311,
        "weight": 0.9774408459222877,
        "variations": {
          "heart": 0.6527875662137724
        }
      }
    ],
    "num_points": 2905383,
    "gamma": 2.148589802453676,
    "brightness": 1.2,
    "hue_rotation": 9.41626806061496
  }
}