{
  "seed": "b368d8fe-b82f-4a7b-89b2-c2e8e89fa5d1",
  "params": {
    "transforms": [
      {
        "a": -0.4782727411445915,
        "b": -0.1393144364575083,
        "c": 0.6194972254082789,
        "d": 0.9809772647226684,
        "e": 0.9168573486337994,
        "f": -0.9196453722880293,
        "color": 0.7675148976749853,
        "weight": 0.7558969363785373,
        "variations": {
          "heart": 0.34824250984963767,
          "swirl": 0.6219524521490135
        }
      },
      {
        "a": -0.031206305910322474,
        "b": -0.3265016415712434,
        "c": -0.28049995696026686,
        "d": 0.7062291693588647,
        "e": -0.7170865962348811,
        "f": -1.2559774340654632,
        "color": 0.32293816101814365,
        "weight": 0.4792889837490575,
        "variations": {
          "sinusoidal": 0.9204796876231358
        }
      }
    ],
    "num_points": 2413010,
    "gamma": 2.1112976463923188,
    "brightness": 1.2,
    "hue_rotation": 240.35663050424117
  }
}