{
  "seed": "e7c8a8e4-cec0-47c2-b6f8-ae4032405d01-392",
  "parameters": {
    "num_transforms": 2,
    "transforms": [
      {
        "a": -0.8276950021577291,
        "b": -0.3577435877585846,
        "c": 0.4682624879265078,
        "d": 0.13871234068347515,
        "e": -1.0052169945385718,
        "f": 0.10209998970776679,
        "color": 0.6090055562575124,
        "variations": {
          "handkerchief": 0.0,
          "hyperbolic": 0.10410015013690121,
          "spherical": 0.07808633041464275
        },
        "weight": 0.8245492006762696
      },
      {
        "a": 0.4757508478360366,
        "b": -1.1772428068119951,
        "c": 0.22531409532939417,
        "d": 1.1619522464406722,
        "e": 0.7158133245252509,
        "f": -1.1656858934831809,
        "color": 0.4195163170375795,
        "variations": {
          "spiral": 0.4902375948470976,
          "sinusoidal": 0.6105993704095946,
          "spherical": 0.564487406873375,
          "linear": 0.0
        },
        "weight": 1.7424982875459913
      }
    ],
    "num_points": 2294718,
    "gamma": 3.1091386777083607,
    "brightness": 1.8930506716604212,
    "contrast": 1.3230030059168114,
    "hue_rotation": 127.26525037485693
  }
}