{
  "seed": "4b60ffda-5053-4367-9fb6-b920b9578c2b",
  "params": {
    "transforms": [
      {
        "a": 0.3797648533741562,
        "b": -0.18288744511203925,
        "c": 0.0876287508030058,
        "d": 0.5305510014752788,
        "e": -0.47810871992575676,
        "f": 1.464866628113319,
        "color": 0.9554938941674569,
        "weight": 0.3892442973319995,
        "variations": {
          "polar": 0.425662244641842
        }
      },
      {
        "a": -0.8548101416291791,
        "b": 0.43864993831459276,
        "c": 0.48974783544770406,
        "d": 0.04384882841063842,
        "e": 0.4440013725234815,
        "f": 0.08465518796099514,
        "color": 0.2020132071405063,
        "weight": 0.41915795766603536,
        "variations": {
          "spherical": 0.7896903804151907
        }
      },
      {
        "a": -0.6829587241107771,
        "b": 0.258521855755667,
        "c": -0.11273238607053582,
        "d": 0.1464992128774607,
        "e": 0.6175372019541228,
        "f": -1.0751499264674202,
        "color": 0.33284720304100424,
        "weight": 0.30616507552442823,
        "variations": {
          "spherical": 0.9814065735256804,
          "linear": 0.9067960250468275,
          "swirl": 0.8707227469856997
        }
      }
    ],
    "num_points": 2320167,
    "gamma": 2.114420305099851,
    "brightness": 1.2,
    "hue_rotation": 191.9553082423932
  }
}