{
  "seed": "051afffe-1c79-429b-8414-fdb0d623145e",
  "params": {
    "transforms": [
      {
        "a": -0.869401695541036,
        "b": 0.6950440703596303,
        "c": -0.15064075396855992,
        "d": -0.6811834457785959,
        "e": 1.1269532546485266,
        "f": 0.3701126299351132,
        "color": 0.2301123760086382,
        "weight": 0.3484266913109252,
        "variations": {
          "heart": 0.6534098340232644
        }
      },
      {
        "a": 0.7260507995882635,
        "b": -0.2846845075435409,
        "c": -0.936925434203657,
        "d": 0.9869746551347716,
        "e": -0.5446279002516063,
        "f": 0.6149413253513791,
        "color": 0.6213781508208348,
        "weight": 0.5091779986022688,
        "variations": {
          "heart": 0.7697527979176374
        }
      }
    ],
    "num_points": 1974904,
    "gamma": 2.494295341933891,
    "brightness": 1.2,
    "hue_rotation": 90.23505226082268
  }
}