{
  "seed": "e5eeb5c8-a3ef-44c6-b8b4-5defb28833b7",
  "params": {
    "transforms": [
      {
        "a": 0.21260609644943007,
        "b": -0.7803827961213428,
        "c": -0.7906556811179086,
        "d": 0.22793466090566583,
        "e": -1.3173371030373393,
        "f": -0.45656973983371896,
        "color": 0.7263168655135137,
        "weight": 0.3870518735052708,
        "variations": {
          "heart": 0.39709802244297765
        }
      },
      {
        "a": 0.10242204539028399,
        "b": -0.9283548566130897,
        "c": 0.4546407210881305,
        "d": -0.16766953389701023,
        "e": -1.4258281562500326,
        "f": 0.61196749165244,
        "color": 0.40837102621979704,
        "weight": 0.8940932010357072,
        "variations": {
          "spherical": 0.1563222258603264,
          "swirl": 0.12252018951125054,
          "heart": 0.059673393253940055
        }
      }
    ],
    "num_points": 1218798,
    "gamma": 1.8166644007301476,
    "brightness": 1.2,
    "hue_rotation": 56.310842484847356
  }
}