{
  "seed": "2c2a57d9-67a9-4dfc-b34e-fb0822527fd9",
  "params": {
    "transforms": [
      {
        "a": 0.7669047778481441,
        "b": 0.7342732834457288,
        "c": -0.1321067871955901,
        "d": 0.48140051534049055,
        "e": 0.36926333471933637,
        "f": 1.460540832141041,
        "color": 0.9173285448139865,
        "weight": 0.4991148388017259,
        "variations": {
          "heart": 0.06825019239484387
        }
      },
      {
        "a": 0.5196009850052978,
        "b": -0.2523004019424471,
        "c": -0.3159982578573257,
        "d": -0.9631883272649724,
        "e": 0.5808099456287223,
        "f": -0.3519852618114032,
        "color": 0.8406567672805807,
        "weight": 0.4435294072222341,
        "variations": {
          "linear": 0.7182864166197959
        }
      }
    ],
    "num_points": 2368837,
    "gamma": 2.253306252594292,
    "brightness": 1.2,
    "hue_rotation": 42.4375240327077
  }
}