{
  "seed": "63ca341b-1282-403e-83e8-154956dea11d-395",
  "parameters": {
    "num_transforms": 3,
    "transforms": [
      {
        "a": -1.29855755825022,
        "b": 1.053440776090282,
        "c": -0.009966404213360258,
        "d": -0.45670087140882165,
        "e": 0.8922069810295143,
        "f": 1.2123677990339963,
        "color": 0.30141058947288224,
        "variations": {
          "polar": 0.31992224555919013,
          "swirl": 0.45968885177967334
        },
        "weight": 0.8659234975808114
      },
      {
        "a": -1.3335553928762667,
        "b": 0.26949244251071525,
        "c": -1.2439755294488473,
        "d": -0.09765070571731593,
        "e": 0.06847766728615934,
        "f": 1.4574727810481187,
        "color": 0.891956775717104,
        "variations": {
          "disc": 0.6330086756613162,
          "hyperbolic": 0.10967862775873283,
          "spiral": 0.3272513164286376
        },
        "weight": 1.56341185357555
      },
      {
        "a": 1.496276521810958,
        "b": 0.7660819147283551,
        "c": -0.44328390256316874,
        "d": -0.8052227938410426,
        "e": 0.7828432507939551,
        "f": -1.4737777295930736,
        "color": 0.06609975832697912,
        "variations": {
          "heart": 0.0,
          "disc": 0.0,
          "linear": 0.0
        },
        "weight": 1.0441114876529105
      }
    ],
    "num_points": 4825962,
    "gamma": 1.5380928412946298,
    "brightness": 1.6439711972762845,
    "contrast": 0.9854831235998982,
    "hue_rotation": 99.46174415931156
  }
}