{
  "seed": "e9a795f3-c873-4380-a11d-ba36de050cc8",
  "params": {
    "transforms": [
      {
        "a": -0.4568849685928711,
        "b": 0.7453803246143369,
        "c": 0.8566197091391152,
        "d": -0.7878908054972962,
        "e": -0.04348207696962092,
        "f": -0.12567181421818452,
        "color": 0.27826625638300306,
        "weight": 0.8557070076581931,
        "variations": {
          "sinusoidal": 0.09034796415041313,
          "linear": 0.9892356034639511
        }
      },
      {
        "a": 0.3275995930352702,
        "b": 0.9134384811827057,
        "c": -0.5405759307719553,
        "d": -0.2978608473358717,
        "e": -0.23356468108867467,
        "f": -0.12835461478496946,
        "color": 0.42519078882162975,
        "weight": 0.5789990227314354,
        "variations": {
          "spherical": 0.5473103562204777,
          "swirl": 0.13313794632940523,
          "sinusoidal": 0.04070907581763272
        }
      },
      {
        "a": 0.16241173248261775,
        "b": 0.597483150361765,
        "c": 0.6283326989507139,
        "d": -0.6427308409744401,
        "e": 1.4493629042463416,
        "f": 0.5163031257116502,
        "color": 0.6652261341118738,
        "weight": 0.9900659707010977,
        "variations": {
          "swirl": 0.8746312455232563
        }
      }
    ],
    "num_points": 1220255,
    "gamma": 2.1614032351390287,
    "brightness": 1.2,
    "hue_rotation": 14.565127898525706
  }
}