{
  "seed": "3e7fdedd-7f11-4d35-b5bd-321bf3f8e37a-161",
  "parameters": {
    "num_transforms": 3,
    "transforms": [
      {
        "a": -1.300653887274111,
        "b": -0.4113506769449704,
        "c": -0.757681124587277,
        "d": -0.41544582522574824,
        "e": 0.8186371737475255,
        "f": 0.6448764110638376,
        "color": 0.9943662589755198,
        "variations": {
          "horseshoe": 0.9240438600917007,
          "spiral": 0.0,
          "sinusoidal": 0.6000935611545406,
          "heart": 0.9299289077078922
        },
        "weight": 1.0091499781156488
      },
      {
        "a": 0.8172558856040673,
        "b": -1.4481753545296354,
        "c": -0.04388853278765037,
        "d": -1.2224733449560294,
        "e": 0.8106377824888633,
        "f": 0.7347046541652422,
        "color": 0.011507636341072991,
        "variations": {
          "spiral": 0.3081347988377602,
          "sinusoidal": 0.0,
          "heart": 0.7193401123046139
        },
        "weight": 1.8573324042417465
      },
      {
        "a": 0.5334462560326196,
        "b": 1.2385366175589176,
        "c": -0.21663821226597424,
        "d": -0.15388881018852318,
        "e": -0.5712576999813126,
        "f": -0.44441775907128944,
        "color": 0.45562993227830306,
        "variations": {
          "horseshoe": 0.0,
          "swirl": 0.0
        },
        "weight": 1.4701024490395385
      }
    ],
    "num_points": 1546719,
    "gamma": 2.328736381511564,
    "brightness": 0.6990857195111613,
    "contrast": 1.5920086343126014,
    "hue_rotation": 116.28414408874286
  }
}