{
  "seed": "e0af0eaf-a4fa-4050-b9d4-b76467f1be50",
  "params": {
    "transforms": [
      {
        "a": -0.1483668212140261,
        "b": -0.9062674242582902,
        "c": -0.22251799696419017,
        "d": -0.4673452863349352,
        "e": 0.5941566288914673,
        "f": 0.7702177895864364,
        "color": 0.8552049973041189,
        "weight": 0.8857392141515676,
        "variations": {
          "heart": 0.524664773962398
        }
      },
      {
        "a": 0.35916313584237036,
        "b": 0.4497734584905406,
        "c": -0.9108029939959403,
        "d": 0.21851232219912609,
        "e": -1.019403591699225,
        "f": -0.0035513314350001934,
        "color": 0.11071308259904833,
        "weight": 0.3082057266790147,
        "variations": {
          "swirl": 0.9901778766306003
        }
      },
      {
        "a": 0.1434662562396185,
        "b": 0.8365419443872093,
        "c": -0.7377938410308953,
        "d": -0.2916807468640543,
        "e": -0.559976447081619,
        "f": -0.19414090960748753,
        "color": 0.7799886304125451,
        "weight": 0.6160765902212428,
        "variations": {
          "polar": 0.6029507333899645,
          "swirl": 0.4110777652633204,
          "sinusoidal": 0.6615801326655639
        }
      }
    ],
    "num_points": 1333306,
    "gamma": 2.3753340445062294,
    "brightness": 1.2,
    "hue_rotation": 161.88180708603352
  }
}