{
  "seed": "630abfd4-07cc-48c8-8588-24d93dfa66b4",
  "params": {
    "transforms": [
      {
        "a": 0.0741717444594776,
        "b": 0.5239924913950496,
        "c": 0.1243408119435987,
        "d": 0.3167020146187409,
        "e": -0.9753231716602987,
        "f": 0.18716984640778422,
        "color": 0.051947369825086076,
        "weight": 0.7814203738233897,
        "variations": {
          "sinusoidal": 0.052445349937822794
        }
      },
      {
        "a": 0.993642945496265,
        "b": 0.7124972327574424,
        "c": -0.35869567057415996,
        "d": 0.2551469784307481,
        "e": -1.4024155344531097,
        "f": 0.7693816707764141,
        "color": 0.009558752181843655,
        "weight": 0.6213061472786374,
        "variations": {
          "spherical": 0.23735361244012565
        }
      },
      {
        "a": -0.9835192224611451,
        "b": -0.984525473211519,
        "c": 0.6891816118858867,
        "d": -0.2928977026649804,
        "e": 0.5853644892590193,
        "f": 0.751503058665079,
        "color": 0.7145531998656174,
        "weight": 0.1147554641100906,
        "variations": {
          "swirl": 0.4519930282932746
        }
      }
    ],
    "num_points": 1935087,
    "gamma": 2.4458859075221464,
    "brightness": 1.2,
    "hue_rotation": 359.31169046744293
  }
}