{
  "seed": "4adb6912-21a4-40fe-9892-a97178093720",
  "params": {
    "transforms": [
      {
        "a": -0.029477490442257892,
        "b": -0.9185267821599554,
        "c": -0.19176083688235246,
        "d": -0.9559684006823848,
        "e": -0.5155907463083532,
        "f": -0.724583846811545,
        "color": 0.36078287209672943,
        "weight": 0.3166469343169707,
        "variations": {
          "swirl": 0.881492039004813,
          "sinusoidal": 0.8111621513147529,
          "polar": 0.32259487076570237
        }
      },
      {
        "a": -0.6334012520137686,
        "b": -0.9405291033016385,
        "c": 0.48281075681008856,
        "d": -0.8926715911715202,
        "e": -1.0195578173111024,
        "f": -1.070217869471111,
        "color": 0.12995088886155293,
        "weight": 0.8809834286329199,
        "variations": {
          "heart": 0.22775400301051918,
          "polar": 0.8349500563877942,
          "sinusoidal": 0.7112429175729481
        }
      },
      {
        "a": -0.14598646510120306,
        "b": -0.07378640991334784,
        "c": -0.921643603435953,
        "d": 0.6694183478308036,
        "e": -0.14229631392992337,
        "f": 0.28447081669137786,
        "color": 0.13426349802821602,
        "weight": 0.9618073464146822,
        "variations": {
          "linear": 0.8957080409814177
        }
      }
    ],
    "num_points": 2378715,
    "gamma": 2.3648233872675357,
    "brightness": 1.2,
    "hue_rotation": 63.0597551638684
  }
}