{
  "seed": "ccac0519-1575-4087-a786-1dc6a15d7257",
  "params": {
    "transforms": [
      {
        "a": 0.8826713726588904,
        "b": -0.924624549941254,
        "c": 0.4792702613450617,
        "d": 0.749509199484345,
        "e": -1.2263303418461815,
        "f": -1.2822283222268576,
        "color": 0.025648213774653317,
        "weight": 0.6985071616905332,
        "variations": {
          "spherical": 0.3522505431889883,
          "polar": 0.973505681337216,
          "swirl": 0.6759206866348717
        }
      },
      {
        "a": 0.4899652388883107,
        "b": -0.3431096999886094,
        "c": -0.5121351901615958,
        "d": 0.39692508091962697,
        "e": 0.19935675990372514,
        "f": 0.9631007103200324,
        "color": 0.5374301470462727,
        "weight": 0.6056040483878161,
        "variations": {
          "heart": 0.008091503344240247
        }
      },
      {
        "a": -0.6090540649121894,
        "b": -0.6308165774882046,
        "c": -0.4128976404171443,
        "d": -0.6650879882934406,
        "e": 0.4195577170084517,
        "f": -1.2347492889221927,
        "color": 0.13975091279114693,
        "weight": 0.8823665057300202,
        "variations": {
          "spherical": 0.48994321579411537
        }
      }
    ],
    "num_points": 1201939,
    "gamma": 1.8229171461791325,
    "brightness": 1.2,
    "hue_rotation": 167.53193497383725
  }
}