{
  "seed": "89e87c4d-2526-47bd-8fc7-13b0c0f5e6c5",
  "params": {
    "transforms": [
      {
        "a": 0.035502242407011275,
        "b": -0.4437953594472144,
        "c": 0.12830967168216056,
        "d": -0.8200282874135054,
        "e": -0.88072835450065,
        "f": 0.18808045914256866,
        "color": 0.09033663146715143,
        "weight": 0.19824662418088143,
        "variations": {
          "polar": 0.9219319014522612,
          "spherical": 0.8101903634380392
        }
      },
      {
        "a": -0.9555264233800056,
        "b": 0.849434993301627,
        "c": 0.6409484588931611,
        "d": 0.6963630676264061,
        "e": -0.11912915879516861,
        "f": 0.09811402703296301,
        "color": 0.8156965880998859,
        "weight": 0.549554182589059,
        "variations": {
          "linear": 0.5724156155682204
        }
      },
      {
        "a": 0.05629368000102586,
        "b": -0.8965781025964576,
        "c": -0.28236839294085003,
        "d": 0.7855587641156214,
        "e": -0.13419962174104572,
        "f": -0.7737511835581472,
        "color": 0.2989675519547801,
        "weight": 0.6990268957764114,
        "variations": {
          "polar": 0.5941443963554096,
          "swirl": 0.1747461399708824
        }
      },
      {
        "a": 0.023065376768692136,
        "b": -0.716515159559453,
        "c": -0.5980136341257143,
        "d": -0.6204788999720527,
        "e": -1.4785471442053986,
        "f": -1.3310204125623168,
        "color": 0.768873626315881,
        "weight": 0.2751651075521843,
        "variations": {
          "linear": 0.02520045558032269,
          "sinusoidal": 0.3654379616514849,
          "heart": 0.3225352743930462
        }
      }
    ],
    "num_points": 2906505,
    "gamma": 2.252508437924077,
    "brightness": 1.2,
    "hue_rotation": 206.5549178098211
  }
}