{
  "seed": "82ceb332-f236-497c-a06a-d9e9d9cfeeee-570",
  "parameters": {
    "num_transforms": 4,
    "transforms": [
      {
        "a": 0.8225307524294796,
        "b": -1.49880139668628,
        "c": 0.737385847125168,
        "d": -0.9553018114657434,
        "e": -0.051776712364083544,
        "f": 0.43028642127393457,
        "color": 0.25450844464831923,
        "variations": {
          "spherical": 0.0,
          "handkerchief": 0.0
        },
        "weight": 1.2076285189693203
      },
      {
        "a": -1.345990514181455,
        "b": 0.22064601785211857,
        "c": 0.6080765713172176,
        "d": -0.13943826989570018,
        "e": -0.42757094733793877,
        "f": 0.6277144801978798,
        "color": 0.18774350041092758,
        "variations": {
          "hyperbolic": 0.0,
          "swirl": 0.9635730018240386
        },
        "weight": 0.6737236416552094
      },
      {
        "a": 0.8742811722896389,
        "b": 1.4068739069672294,
        "c": 1.3566051024194166,
        "d": -1.130262565904311,
        "e": -0.7694672756936791,
        "f": 0.16505656989138306,
        "color": 0.11096216852318497,
        "variations": {
          "handkerchief": 0.0,
          "spiral": 0.0,
          "polar": 0.8494513806960964
        },
        "weight": 1.7448096024923994
      },
      {
        "a": 1.4665821573490936,
        "b": -0.5648970785546524,
        "c": 1.2621208249254963,
        "d": -0.8902033683754608,
        "e": -1.3278635014590319,
        "f": 0.38907476017500575,
        "color": 0.8366424294212521,
        "variations": {
          "hyperbolic": 0.934010170987874,
          "heart": 0.22706684113770537
        },
        "weight": 1.501686681323229
      }
    ],
    "num_points": 3755886,
    "gamma": 1.6907186989414655,
    "brightness": 0.5894478131707971,
    "contrast": 0.7576096247990141,
    "hue_rotation": 56.53368621955032
  }
}