{
  "seed": "e6987b05-7f58-4084-8569-1945405e3b80",
  "params": {
    "transforms": [
      {
        "a": 0.20508745488339475,
        "b": -0.9396734710644856,
        "c": -0.8245213141478982,
        "d": 0.8250724303990034,
        "e": 1.4138677821819257,
        "f": 1.4024517302935564,
        "color": 0.8111100291342024,
        "weight": 0.46804904657055435,
        "variations": {
          "polar": 0.2447005467395843,
          "heart": 0.08004477161493961,
          "spherical": 0.09878966643511111
        }
      },
      {
        "a": -0.5559713618205442,
        "b": -0.50824327639383,
        "c": 0.8787328587219152,
        "d": -0.6009806697696349,
        "e": 0.3471650923024725,
        "f": 1.2117903041705675,
        "color": 0.47483287522441653,
        "weight": 0.507813476754015,
        "variations": {
          "spherical": 0.9969873129543186
        }
      }
    ],
    "num_points": 2051157,
    "gamma": 2.0746204254322933,
    "brightness": 1.2,
    "hue_rotation": 200.78523229405394
  }
}