{
  "seed": "04f7b3d8-5789-4cab-9b31-7957cdd81708",
  "params": {
    "transforms": [
      {
        "a": -0.5309474119952979,
        "b": 0.7768376380397088,
        "c": -0.8783597174179654,
        "d": 0.17313692172831563,
        "e": 0.453127666375968,
        "f": -0.5072547943097753,
        "color": 0.8254553679534941,
        "weight": 0.7992220535030636,
        "variations": {
          "heart": 0.47191650520325745,
          "swirl": 0.4240735688946392
        }
      },
      {
        "a": -0.9329894494054354,
        "b": 0.6703786218534831,
        "c": 0.5888839587920771,
        "d": -0.3809048384259659,
        "e": -1.0929640463049353,
        "f": 0.43278328225386486,
        "color": 0.4219605315567906,
        "weight": 0.282026619130536,
        "variations": {
          "sinusoidal": 0.9399811897689924,
          "linear": 0.9938484394723233
        }
      }
    ],
    "num_points": 2920831,
    "gamma": 1.9124623860213534,
    "brightness": 1.2,
    "hue_rotation": 332.4179751273305
  }
}