{
  "seed": "eccd426c-6652-472e-848b-9157bb86d9ac",
  "params": {
    "transforms": [
      {
        "a": 0.9214872789163151,
        "b": -0.9878513469333126,
        "c": 0.10275557297452975,
        "d": 0.04197939741956058,
        "e": -0.210938239972839,
        "f": -0.9584317468287805,
        "color": 0.956919033015513,
        "weight": 0.2666433738231251,
        "variations": {
          "sinusoidal": 0.722091017988676,
          "heart": 0.4926742053100145
        }
      },
      {
        "a": -0.8612185928252691,
        "b": -0.917685702243151,
        "c": 0.3685683281593055,
        "d": 0.3076842305004752,
        "e": -1.4815327671742216,
        "f": 0.5663531593283784,
        "color": 0.3708695639681928,
        "weight": 0.7146916891594144,
        "variations": {
          "sinusoidal": 0.007959425058347347,
          "heart": 0.9926731050897486
        }
      }
    ],
    "num_points": 1636099,
    "gamma": 1.92349979063689,
    "brightness": 1.2,
    "hue_rotation": 263.06915455371217
  }
}