{
  "seed": "9504a7ef-af85-4f31-bfa4-623224376e5f",
  "params": {
    "transforms": [
      {
        "a": 0.33656863483757316,
        "b": 0.7812948129713071,
        "c": -0.7699362519391524,
        "d": 0.7868805775443242,
        "e": -0.5944103943752114,
        "f": 1.496162644415838,
        "color": 0.7264016855843531,
        "weight": 0.706669422050184,
        "variations": {
          "spherical": 0.7336978080809998,
          "polar": 0.932347707293467,
          "sinusoidal": 0.8640011575910412
        }
      },
      {
        "a": -0.26006673182631523,
        "b": 0.4345032427566351,
        "c": -0.908040699403929,
        "d": -0.7043152531070414,
        "e": -1.2320213242845484,
        "f": 0.5389994528011415,
        "color": 0.5751567346516381,
        "weight": 0.5856434599173509,
        "variations": {
          "sinusoidal": 0.3460526489179869,
          "polar": 0.14595585615445905,
          "spherical": 0.4865108112336012
        }
      },
      {
        "a": -0.8922933779152145,
        "b": -0.13898486812667676,
        "c": -0.6127566691282398,
        "d": -0.13173490500914964,
        "e": -0.809463856208521,
        "f": -1.4195469252820996,
        "color": 0.7508429303818385,
        "weight": 0.19181393593964324,
        "variations": {
          "spherical": 0.947896579386656,
          "heart": 0.28154860307092144
        }
      }
    ],
    "num_points": 2276595,
    "gamma": 2.161940871535321,
    "brightness": 1.2,
    "hue_rotation": 199.10858437459493
  }
}