{
  "seed": "252c110d-e417-4d4f-8531-6474d0c1c78b",
  "params": {
    "transforms": [
      {
        "a": 0.3337371423218549,
        "b": -0.3303030440317263,
        "c": 0.6264084169082151,
        "d": -0.7827009904558655,
        "e": 0.0773119850698123,
        "f": 0.6239756735281596,
        "color": 0.5655643966414542,
        "weight": 0.6862060660442857,
        "variations": {
          "swirl": 0.5570777140045765
        }
      },
      {
        "a": 0.548203728028676,
        "b": 0.8698439638234345,
        "c": -0.7251046890372641,
        "d": 0.657112249455567,
        "e": 0.508950875993246,
        "f": -1.4059061082345008,
        "color": 0.21130463946343792,
        "weight": 0.7454270900867502,
        "variations": {
          "linear": 0.431991100313183,
          "sinusoidal": 0.9044470468785203,
          "polar": 0.20741476597524366
        }
      }
    ],
    "num_points": 2852082,
    "gamma": 2.3725932074790537,
    "brightness": 1.2,
    "hue_rotation": 221.99497706161563
  }
}