{
  "seed": "6981634c-d2b1-4264-999a-43b935af78b9",
  "params": {
    "transforms": [
      {
        "a": 0.4903283803657861,
        "b": -0.4944322167931279,
        "c": 0.25126168562209217,
        "d": 0.009959115209955849,
        "e": 0.03183786679546685,
        "f": 1.1021871413230202,
        "color": 0.6398792358225411,
        "weight": 0.8761385969530535,
        "variations": {
          "spherical": 0.44622606295755574
        }
      },
      {
        "a": -0.41107564125281315,
        "b": 0.1356766985786002,
        "c": 0.8513633231301618,
        "d": -0.34547633103642084,
        "e": 0.14257692108982067,
        "f": 0.6597281808278002,
        "color": 0.5871159377507407,
        "weight": 0.8452485789207672,
        "variations": {
          "sinusoidal": 0.1616319579460308,
          "linear": 0.9393019824094663
        }
      }
    ],
    "num_points": 2480282,
    "gamma": 2.1138287427320033,
    "brightness": 1.2,
    "hue_rotation": 35.70158425012807
  }
}