{
  "seed": "e021f022-597f-4304-9a54-fdf866c34d44",
  "params": {
    "transforms": [
      {
        "a": 0.5746710764418692,
        "b": -0.69588624133884,
        "c": -0.9857352664919632,
        "d": 0.6180689285325218,
        "e": -0.5369474530598007,
        "f": -0.08042341119132801,
        "color": 0.9889254552865192,
        "weight": 0.9456318036396132,
        "variations": {
          "polar": 0.19942740672359416
        }
      },
      {
        "a": -0.2350524237690219,
        "b": -0.7708356252848487,
        "c": -0.7000157230461026,
        "d": 0.3791836847129775,
        "e": 0.3283654491267036,
        "f": 0.2435103137207153,
        "color": 0.9429831821614879,
        "weight": 0.4345567347146083,
        "variations": {
          "spherical": 0.7965372609120924
        }
      },
      {
        "a": 0.07446984085515806,
        "b": -0.10828196289285663,
        "c": 0.08045209215936122,
        "d": -0.48587751430585135,
        "e": -0.24314297851410682,
        "f": 0.6149292001602578,
        "color": 0.15258625762463374,
        "weight": 0.13172417453029842,
        "variations": {
          "linear": 0.18332995282251796
        }
      },
      {
        "a": 0.980254099599706,
        "b": 0.9296868728073944,
        "c": 0.6895271785965922,
        "d": 0.5742184136550208,
        "e": 1.0381485083803677,
        "f": -0.20519549525284164,
        "color": 0.48666967166136654,
        "weight": 0.6700734637123593,
        "variations": {
          "polar": 0.7051461447664126,
          "spherical": 0.9686002007808658
        }
      }
    ],
    "num_points": 2254270,
    "gamma": 2.0227495848786043,
    "brightness": 1.2,
    "hue_rotation": 106.99016507934667
  }
}