{
  "seed": "4f8e2918-c2e7-4522-af7e-e8e09a8d20a6",
  "params": {
    "transforms": [
      {
        "a": -0.9684771692786192,
        "b": -0.024824385528494863,
        "c": 0.2038677044670012,
        "d": -0.1948735749785766,
        "e": 0.48679110453412733,
        "f": -0.9054546793307994,
        "color": 0.26561260206915094,
        "weight": 0.2603053580128592,
        "variations": {
          "heart": 0.43655650338892316,
          "linear": 0.20991308856468138
        }
      },
      {
        "a": 0.18046374834776024,
        "b": -0.48105352236419563,
        "c": 0.6017807511275095,
        "d": 0.035870288842277054,
        "e": 0.8207803770174609,
        "f": 1.278758913588009,
        "color": 0.9210765177812512,
        "weight": 0.20459301521593037,
        "variations": {
          "sinusoidal": 0.5745825122644665,
          "linear": 0.1493772078549951,
          "spherical": 0.6604806832844707
        }
      }
    ],
    "num_points": 2239465,
    "gamma": 2.405235190212843,
    "brightness": 1.2,
    "hue_rotation": 283.1992917526083
  }
}