{
  "seed": "bbb10597-0eb2-4482-9724-4268a279350b",
  "params": {
    "transforms": [
      {
        "a": 0.058467275863012036,
        "b": 0.6652348278193816,
        "c": 0.8730011710007743,
        "d": -0.45001814601027923,
        "e": -0.3151416769644968,
        "f": -0.5924764260551708,
        "color": 0.7667140625992707,
        "weight": 0.1582649649371768,
        "variations": {
          "heart": 0.34746553474649067,
          "linear": 0.17099888483945214,
          "sinusoidal": 0.5400816588200322
        }
      },
      {
        "a": -0.0880575935052641,
        "b": 0.5702878208846307,
        "c": -0.4003223538721947,
        "d": 0.8039584345109851,
        "e": 0.8240652559312966,
        "f": 1.2335764819706831,
        "color": 0.1373816505463783,
        "weight": 0.23380626899736917,
        "variations": {
          "heart": 0.16545530402949815
        }
      },
      {
        "a": -0.0006191648703650632,
        "b": -0.6007661744677821,
        "c": 0.305530234789408,
        "d": -0.8361796651884645,
        "e": -1.3052214190049825,
        "f": -0.35140305599196564,
        "color": 0.8716679520021141,
        "weight": 0.7786433771840962,
        "variations": {
          "swirl": 0.6676609972806059
        }
      }
    ],
    "num_points": 2162301,
    "gamma": 1.9985200411480881,
    "brightness": 1.2,
    "hue_rotation": 36.06509646892351
  }
}