{
  "seed": "386ac2ad-3220-4274-8870-be9957e86592",
  "params": {
    "transforms": [
      {
        "a": -0.3846357350414109,
        "b": 0.18117016756757498,
        "c": -0.16771133753958445,
        "d": 0.2889414622285258,
        "e": -1.4483190530862138,
        "f": -1.351596887490066,
        "color": 0.9341186269705435,
        "weight": 0.7100923421302628,
        "variations": {
          "swirl": 0.9000238588706924,
          "linear": 0.36616723181340527
        }
      },
      {
        "a": 0.29158680261647585,
        "b": 0.5085348554823372,
        "c": 0.748895930793728,
        "d": -0.602514597842257,
        "e": 0.9903786821217366,
        "f": -0.8586910162841974,
        "color": 0.270699325409652,
        "weight": 0.6540574261858972,
        "variations": {
          "spherical": 0.5681595442170091
        }
      },
      {
        "a": 0.08660209128643337,
        "b": 0.22653116785701566,
        "c": -0.3123687652194469,
        "d": -0.5330486102150589,
        "e": -1.3972213544800747,
        "f": -0.5028410673959531,
        "color": 0.22652689766942236,
        "weight": 0.2268201003707736,
        "variations": {
          "heart": 0.5126055673071015,
          "spherical": 0.10353832086792158
        }
      },
      {
        "a": -0.9438726173932257,
        "b": -0.8936304532175277,
        "c": -0.9158356686056339,
        "d": -0.10455545518024434,
        "e": -0.9711983276091172,
        "f": 0.256076390574705,
        "color": 0.40679536369110436,
        "weight": 0.824518872067712,
        "variations": {
          "spherical": 0.46467376099868796
        }
      }
    ],
    "num_points": 2108541,
    "gamma": 2.1755562067223675,
    "brightness": 1.2,
    "hue_rotation": 237.9618333283092
  }
}