{
  "seed": "0fc66c95-2608-43fb-ac2d-07a7d56420be",
  "params": {
    "transforms": [
      {
        "a": 0.7477235105595899,
        "b": -0.04946904537823227,
        "c": -0.18045520798276682,
        "d": 0.574242257131939,
        "e": 0.5710475630302971,
        "f": -1.481642944604354,
        "color": 0.87981319405293,
        "weight": 0.2928642697664694,
        "variations": {
          "spherical": 0.7379051524435554
        }
      },
      {
        "a": -0.9768896241988967,
        "b": -0.1742692869407494,
        "c": -0.9019272434407593,
        "d": 0.19374340905291976,
        "e": -0.5634006786604397,
        "f": 0.38204057385778545,
        "color": 0.5401605158559448,
        "weight": 0.8273556920955516,
        "variations": {
          "linear": 0.3410705847384983,
          "heart": 0.7265837133282396,
          "sinusoidal": 0.5876951972420845
        }
      },
      {
        "a": -0.8440928613802048,
        "b": 0.26115958426997854,
        "c": -0.3556380166256574,
        "d": 0.9668067837714154,
        "e": -0.08974793355995536,
        "f": 1.2772604972126587,
        "color": 0.24338534942277545,
        "weight": 0.5649513390513564,
        "variations": {
          "linear": 0.9524721800708794
        }
      },
      {
        "a": -0.8129276270054648,
        "b": 0.8881805050922209,
        "c": -0.1170806642672595,
        "d": 0.395941205318582,
        "e": 1.0486671502898983,
        "f": -0.3255043009468843,
        "color": 0.1587602322995174,
        "weight": 0.4082281058478555,
        "variations": {
          "swirl": 0.4616290928268366,
          "heart": 0.5129698916522827
        }
      }
    ],
    "num_points": 2815672,
    "gamma": 1.9744916979981955,
    "brightness": 1.2,
    "hue_rotation": 132.2786797762459
  }
}