{
  "seed": "73641e9b-771c-4d41-9150-535d110fcf24",
  "params": {
    "transforms": [
      {
        "a": -0.48287155639096024,
        "b": -0.6796908360819554,
        "c": 0.31286391600971664,
        "d": 0.17332751145294023,
        "e": -0.05602171213290075,
        "f": 0.10712158820050743,
        "color": 0.9406887914210896,
        "weight": 0.6260202798313611,
        "variations": {
          "linear": 0.23763980379365157,
          "swirl": 0.12217743156618777,
          "heart": 0.8272246843515613
        }
      },
      {
        "a": -0.0627493482106749,
        "b": -0.00182021166814339,
        "c": 0.5168082917756052,
        "d": 0.7509246888923282,
        "e": -0.49562642032967474,
        "f": 0.6955014671074746,
        "color": 0.9535330711817863,
        "weight": 0.49509733679741186,
        "variations": {
          "swirl": 0.7029498713656176,
          "sinusoidal": 0.12228055058543452
        }
      },
      {
        "a": 0.32636778003403877,
        "b": 0.6795375884436312,
        "c": 0.5582580245437989,
        "d": 0.9811969281936568,
        "e": -0.24097886088648357,
        "f": 0.9971819540782616,
        "color": 0.24353028223043216,
        "weight": 0.2534886070599752,
        "variations": {
          "heart": 0.0988492193939613,
          "sinusoidal": 0.44688404150342065,
          "linear": 0.8088951336666935
        }
      }
    ],
    "num_points": 1309696,
    "gamma": 2.460439289987906,
    "brightness": 1.2,
    "hue_rotation": 122.75935789441485
  }
}