{
  "seed": "0eb25daf-9922-422f-8506-0785abd0517a",
  "params": {
    "transforms": [
      {
        "a": 0.003457634427527445,
        "b": -0.2732759373737723,
        "c": 0.11358800799781932,
        "d": -0.7410175627476618,
        "e": -1.3636010199775557,
        "f": -1.0813988915801276,
        "color": 0.5198388355567723,
        "weight": 0.12500357502515594,
        "variations": {
          "linear": 0.7258018721174201,
          "sinusoidal": 0.47360462256253344
        }
      },
      {
        "a": -0.3058865267267523,
        "b": 0.766892706139412,
        "c": 0.07732793655645853,
        "d": -0.0594752706364996,
        "e": 1.2896624001598003,
        "f": 0.4623900809338839,
        "color": 0.6133942072337492,
        "weight": 0.3007988036628495,
        "variations": {
          "spherical": 0.517603769137814
        }
      },
      {
        "a": 0.5337504511727076,
        "b": 0.0950474821220324,
        "c": 0.7420741007014435,
        "d": -0.6539451085605306,
        "e": 1.113838328174535,
        "f": 0.7501946563381043,
        "color": 0.07193073984657516,
        "weight": 0.34804298107908904,
        "variations": {
          "polar": 0.9273053695594012
        }
      },
      {
        "a": -0.6853193363637482,
        "b": -0.6779709045686204,
        "c": 0.30420171359107284,
        "d": -0.8747917281093802,
        "e": -0.5793852520845599,
        "f": 0.34324133589641326,
        "color": 0.8958185681790961,
        "weight": 0.18111134924174832,
        "variations": {
          "polar": 0.7026741554436108,
          "sinusoidal": 0.3744134917891293,
          "swirl": 0.5143196833756382
        }
      }
    ],
    "num_points": 1271816,
    "gamma": 1.9672980478451472,
    "brightness": 1.2,
    "hue_rotation": 345.1221640819412
  }
}