{
  "seed": "60b1e00b-ed7f-4b96-be6e-d95820260ed2",
  "params": {
    "transforms": [
      {
        "a": 0.7419566879696313,
        "b": 0.5829460040212031,
        "c": -0.5807218121935886,
        "d": 0.10996460811160813,
        "e": -0.9746035035161055,
        "f": 1.0305663344288907,
        "color": 0.6985789721333279,
        "weight": 0.3953629121798956,
        "variations": {
          "swirl": 0.8940696443935024,
          "linear": 0.3964919224843275
        }
      },
      {
        "a": -0.1549512338649539,
        "b": 0.4767148962508856,
        "c": 0.904701818852409,
        "d": -0.35859018788931807,
        "e": 1.225530220193272,
        "f": -0.9504465919151809,
        "color": 0.3499542917185857,
        "weight": 0.32165179470378635,
        "variations": {
          "spherical": 0.8592791459294984,
          "heart": 0.6484591861794063,
          "polar": 0.36916261153182306
        }
      }
    ],
    "num_points": 2089338,
    "gamma": 1.8840502710992033,
    "brightness": 1.2,
    "hue_rotation": 198.1918066573261
  }
}