{
  "seed": "b236f921-0f11-4768-ab71-ddbced49d67d",
  "params": {
    "transforms": [
      {
        "a": -0.8478013436356353,
        "b": -0.48708521283248585,
        "c": -0.02253999753339664,
        "d": -0.7965128139819724,
        "e": -0.5229266564670371,
        "f": -1.0399115993025918,
        "color": 0.8943906539592023,
        "weight": 0.8028909529469511,
        "variations": {
          "linear": 0.015277553357954221
        }
      },
      {
        "a": -0.7169990006127187,
        "b": 0.15630816293832428,
        "c": -0.13940685451997048,
        "d": -0.28235047392375057,
        "e": -0.7106151692830863,
        "f": -0.8466160756605381,
        "color": 0.014191193936547886,
        "weight": 0.6709791932863401,
        "variations": {
          "linear": 0.05705606982718525,
          "polar": 0.41978164742900603
        }
      },
      {
        "a": -0.0412178844942257,
        "b": 0.9075772198254821,
        "c": -0.4368707513029362,
        "d": 0.07294911328284037,
        "e": 1.0330448004681019,
        "f": 0.8560855650101376,
        "color": 0.5710516573070036,
        "weight": 0.5755671357716666,
        "variations": {
          "swirl": 0.3444151648721796
        }
      },
      {
        "a": -0.422329204961966,
        "b": 0.4942235026384296,
        "c": -0.7462515080252392,
        "d": 0.1974102247619567,
        "e": -0.12803424763150195,
        "f": 1.3911550226436988,
        "color": 0.9630630365732615,
        "weight": 0.7396187337967955,
        "variations": {
          "swirl": 0.982035178475078,
          "sinusoidal": 0.6653047239351005
        }
      }
    ],
    "num_points": 1741364,
    "gamma": 2.019833092469062,
    "brightness": 1.2,
    "hue_rotation": 62.59816996383918
  }
}