{
  "seed": "83a9f99c-c769-43d0-9dba-5c024f4e915c",
  "params": {
    "transforms": [
      {
        "a": -0.27919454204128713,
        "b": -0.8791640901447138,
        "c": -0.48416080400218475,
        "d": -0.28865514960533156,
        "e": 0.6812237281843236,
        "f": 0.559652996761125,
        "color": 0.8796779471172338,
        "weight": 0.5778038425173881,
        "variations": {
          "spherical": 0.4860874919383775
        }
      },
      {
        "a": 0.4117432716499734,
        "b": -0.8370914119162709,
        "c": -0.42634364747943687,
        "d": 0.4080531684889954,
        "e": -1.1069860445593052,
        "f": -0.35388193790527733,
        "color": 0.874757393150351,
        "weight": 0.7417495449989924,
        "variations": {
          "heart": 0.19219203153576692
        }
      },
      {
        "a": -0.38501682429017237,
        "b": 0.046694072863555425,
        "c": -0.8387331843258268,
        "d": -0.9113240185410845,
        "e": -1.0433010057849312,
        "f": -0.4632097271577158,
        "color": 0.3573454945337896,
        "weight": 0.14959724249751685,
        "variations": {
          "spherical": 0.8013662098500678,
          "polar": 0.26614350381050444
        }
      }
    ],
    "num_points": 1523019,
    "gamma": 2.094593482186353,
    "brightness": 1.2,
    "hue_rotation": 164.1210598467863
  }
}