{
  "seed": "4382c590-fe3b-444c-bf3e-e50a19b190cd",
  "params": {
    "transforms": [
      {
        "a": -0.7218907562897277,
        "b": 0.11042752783216692,
        "c": 0.7567892762984421,
        "d": -0.5598775425734284,
        "e": 0.6794365755230194,
        "f": 0.39863635641943307,
        "color": 0.8821101728229284,
        "weight": 0.527842016710878,
        "variations": {
          "spherical": 0.3823962534169688,
          "linear": 0.1497294680229524
        }
      },
      {
        "a": -0.9061242398505378,
        "b": -0.2138540594657936,
        "c": -0.5034447316146591,
        "d": -0.7771746903831138,
        "e": -0.3845038111238195,
        "f": 0.16532206354974632,
        "color": 0.20750988223886624,
        "weight": 0.9982646895141598,
        "variations": {
          "swirl": 0.35086621275512464
        }
      },
      {
        "a": 0.17951030846920668,
        "b": -0.9027969589019207,
        "c": -0.5877505720471721,
        "d": -0.9196546642568817,
        "e": 0.11479028476897346,
        "f": 0.9904544362882355,
        "color": 0.44536764975798326,
        "weight": 0.7863460270288514,
        "variations": {
          "polar": 0.4758230328765827
        }
      }
    ],
    "num_points": 1003326,
    "gamma": 2.1315301002694937,
    "brightness": 1.2,
    "hue_rotation": 132.44018039928554
  }
}