{
  "seed": "275365fa-e44d-46d0-9862-5f3a6746930f",
  "params": {
    "transforms": [
      {
        "a": -0.035213376982782485,
        "b": -0.8269747920197008,
        "c": 0.5885266243152618,
        "d": -0.602920512330116,
        "e": -0.19497002114036688,
        "f": -0.3398146899230905,
        "color": 0.14907497199531305,
        "weight": 0.5479548552792345,
        "variations": {
          "linear": 0.5701641258874701,
          "spherical": 0.4834296683145951,
          "sinusoidal": 0.6972183547844755
        }
      },
      {
        "a": -0.705721847152718,
        "b": -0.3424094748844875,
        "c": -0.6655683234932888,
        "d": -0.6716435081434611,
        "e": 1.1042298786110392,
        "f": -1.1968182981041462,
        "color": 0.9109506397920095,
        "weight": 0.6539439578041724,
        "variations": {
          "swirl": 0.9506185214095867,
          "spherical": 0.2048011870941291,
          "polar": 0.2425051366596337
        }
      },
      {
        "a": 0.04005616960855218,
        "b": 0.4005370764676415,
        "c": 0.6548795780316421,
        "d": -0.20645245754805064,
        "e": 0.6512806403276694,
        "f": 1.4947981302661626,
        "color": 0.5652034731020241,
        "weight": 0.5354876196308949,
        "variations": {
          "linear": 0.25388007569137916,
          "polar": 0.2741307941298068
        }
      }
    ],
    "num_points": 2156344,
    "gamma": 2.3713743921950785,
    "brightness": 1.2,
    "hue_rotation": 30.201266594667953
  }
}