{
  "seed": "a6115983-1a60-4f57-b48d-8c725fa515e0",
  "params": {
    "transforms": [
      {
        "a": 0.26062119662560823,
        "b": -0.6993023255081183,
        "c": -0.9828946676654131,
        "d": 0.9979697970144132,
        "e": 1.419077224734874,
        "f": -0.6080566516201846,
        "color": 0.43892836491421006,
        "weight": 0.9583353533473586,
        "variations": {
          "spherical": 0.14661434506231352
        }
      },
      {
        "a": 0.6000564868509113,
        "b": 0.4797397122861846,
        "c": -0.37401124938086316,
        "d": 0.5118878267650642,
        "e": 0.19852253797453967,
        "f": 1.148979817184344,
        "color": 0.6020965037247952,
        "weight": 0.16111963108955804,
        "variations": {
          "polar": 0.5015529152964658,
          "spherical": 0.08892868787688335
        }
      }
    ],
    "num_points": 1722998,
    "gamma": 2.1776565891609976,
    "brightness": 1.2,
    "hue_rotation": 225.60868993971886
  }
}