{
  "seed": "019d7b57-b63a-462e-92e0-a97c79fe7bf6",
  "params": {
    "transforms": [
      {
        "a": 0.4478847934045791,
        "b": -0.5344920791349956,
        "c": -0.44923714027010897,
        "d": 0.17235427934241576,
        "e": 1.1537817261643184,
        "f": -0.7896069236019824,
        "color": 0.0925818977953149,
        "weight": 0.27002067682004816,
        "variations": {
          "polar": 0.2624593618060078
        }
      },
      {
        "a": -0.9532187567156538,
        "b": -0.20098166320221922,
        "c": -0.7226103560636641,
        "d": -0.21681130210791388,
        "e": 0.9851223969600209,
        "f": -1.4318461056213403,
        "color": 0.10498678553938845,
        "weight": 0.4292159771851465,
        "variations": {
          "swirl": 0.5896438322906479,
          "linear": 0.9185164362003441,
          "polar": 0.6200543978791103
        }
      },
      {
        "a": 0.16877901073598478,
        "b": 0.015757792700517026,
        "c": 0.7755350326649371,
        "d": -0.585431337482109,
        "e": -0.9912295077871438,
        "f": -1.4363520549235773,
        "color": 0.6528551703109842,
        "weight": 0.12955423974581717,
        "variations": {
          "spherical": 0.8734954584364971
        }
      },
      {
        "a": -0.2221320644900462,
        "b": -0.18058095140354924,
        "c": 0.744045516991388,
        "d": -0.851340826378963,
        "e": -0.9795808771529049,
        "f": -1.3456442767757264,
        "color": 0.6573158967417421,
        "weight": 0.7508037045260672,
        "variations": {
          "sinusoidal": 0.062475415129381595
        }
      }
    ],
    "num_points": 1654134,
    "gamma": 2.1315267019831556,
    "brightness": 1.2,
    "hue_rotation": 263.4206668995948
  }
}