{
  "seed": "b6438fdb-2d65-439d-9b8f-b0d247775eb3",
  "params": {
    "transforms": [
      {
        "a": -0.3841449842025024,
        "b": 0.050169283355136596,
        "c": -0.802425419833261,
        "d": 0.45661602668027723,
        "e": 0.33123825746026525,
        "f": -0.2760575701479844,
        "color": 0.7626537349538939,
        "weight": 0.8551857339419482,
        "variations": {
          "polar": 0.8654343631858569,
          "linear": 0.8681541358369935,
          "spherical": 0.2373979994699177
        }
      },
      {
        "a": 0.8994359727854444,
        "b": 0.5011683175507635,
        "c": 0.6868768032183625,
        "d": 0.5412009621618525,
        "e": 1.3248627952678085,
        "f": 0.6197397387933767,
        "color": 0.7285535356712679,
        "weight": 0.7118227292061413,
        "variations": {
          "polar": 0.5672509642072092,
          "sinusoidal": 0.3463681938954992
        }
      }
    ],
    "num_points": 2867560,
    "gamma": 2.077889121292923,
    "brightness": 1.2,
    "hue_rotation": 43.41857249616958
  }
}