{
  "seed": "6c7ca345-5b5c-4de4-a99e-59c642d57482",
  "params": {
    "transforms": [
      {
        "a": -0.16335512514881656,
        "b": -0.7980719819430722,
        "c": -0.3885277936549898,
        "d": -0.26963055616077214,
        "e": -0.527239318740564,
        "f": 0.2337050063539925,
        "color": 0.8850212810575588,
        "weight": 0.5418787218199803,
        "variations": {
          "linear": 0.7154416917007138
        }
      },
      {
        "a": -0.4651010751916149,
        "b": -0.8731738672406824,
        "c": -0.41954722228461394,
        "d": 0.545517186062026,
        "e": -0.19283374197161085,
        "f": 1.2442860007175973,
        "color": 0.7580434808558674,
        "weight": 0.8618291044842911,
        "variations": {
          "spherical": 0.4660381522379162,
          "sinusoidal": 0.2129800066786134,
          "linear": 0.3364398263862468
        }
      },
      {
        "a": -0.15082355261396918,
        "b": 0.5702378515393731,
        "c": 0.1159355319477513,
        "d": -0.3478955393177252,
        "e": -0.09797847562000239,
        "f": 0.9382988636052998,
        "color": 0.1120129638111853,
        "weight": 0.5419496751907343,
        "variations": {
          "spherical": 0.5821708492279217,
          "sinusoidal": 0.9187660269280655,
          "polar": 0.7983656554498604
        }
      }
    ],
    "num_points": 1902412,
    "gamma": 2.1555250521086466,
    "brightness": 1.2,
    "hue_rotation": 126.01365719948392
  }
}