{
  "seed": "5d37eac2-89be-499c-a8f1-4548229ebe2e",
  "params": {
    "transforms": [
      {
        "a": 0.9798621046305769,
        "b": -0.8846919559097444,
        "c": -0.49489389341107515,
        "d": 0.9305289538337975,
        "e": -0.18696196711159763,
        "f": -0.05683835054965236,
        "color": 0.029983510114320322,
        "weight": 0.517815211151051,
        "variations": {
          "heart": 0.025654966170892912
        }
      },
      {
        "a": -0.29037352305697306,
        "b": -0.8701516187937739,
        "c": 0.1313473729758885,
        "d": -0.5772068204082073,
        "e": -0.9118274521943776,
        "f": 0.6197407502554935,
        "color": 0.9831679736288603,
        "weight": 0.692992271482535,
        "variations": {
          "polar": 0.29655439384321214,
          "spherical": 0.278692483104484,
          "heart": 0.016938222534588765
        }
      }
    ],
    "num_points": 1783391,
    "gamma": 1.8523029956428128,
    "brightness": 1.2,
    "hue_rotation": 15.987020262454852
  }
}