{
  "seed": "81142877-5e47-4050-90ee-ff1218cb2478",
  "params": {
    "transforms": [
      {
        "a": -0.7613599763004819,
        "b": 0.6331516431891517,
        "c": -0.18731809185353487,
        "d": 0.8088383246466853,
        "e": -0.4350984838880092,
        "f": 1.3882401230263204,
        "color": 0.5198092435603652,
        "weight": 0.3586695598080176,
        "variations": {
          "sinusoidal": 0.05159093014255545,
          "polar": 0.012282500409646957,
          "linear": 0.5148335711626778
        }
      },
      {
        "a": 0.78097710505452,
        "b": -0.7654738809162163,
        "c": -0.2598057011956314,
        "d": -0.8258177810741822,
        "e": 0.7906120747727923,
        "f": -0.5206842922624859,
        "color": 0.4021742189055485,
        "weight": 0.3484218573633663,
        "variations": {
          "linear": 0.5180792996735539
        }
      }
    ],
    "num_points": 1606496,
    "gamma": 2.3504593046131212,
    "brightness": 1.2,
    "hue_rotation": 262.1874693129246
  }
}