{
  "seed": "ea7cb358-129f-4280-bc0d-901aab4b8659",
  "params": {
    "transforms": [
      {
        "a": 0.9909281253920617,
        "b": 0.5829812995440278,
        "c": -0.2708441824481731,
        "d": -0.07013753608595463,
        "e": 1.3262698972734688,
        "f": -1.119800215609445,
        "color": 0.6437836218027735,
        "weight": 0.36836653205002046,
        "variations": {
          "linear": 0.17050693835652964
        }
      },
      {
        "a": 0.9701395121576268,
        "b": 0.30553144365023077,
        "c": 0.5623882595145528,
        "d": -0.26299258429207817,
        "e": -1.08270497984604,
        "f": 1.2296352398658636,
        "color": 0.6957373278599348,
        "weight": 0.7109423392109211,
        "variations": {
          "sinusoidal": 0.6325340163760876
        }
      }
    ],
    "num_points": 1774488,
    "gamma": 2.003102846179071,
    "brightness": 1.2,
    "hue_rotation": 40.3159549543994
  }
}