{
  "seed": "156940d0-fc5c-4c51-a6a2-f702e9f71ef1",
  "params": {
    "transforms": [
      {
        "a": -0.012009822830023165,
        "b": -0.5994500158901768,
        "c": 0.6411711625313083,
        "d": -0.7245641003934373,
        "e": 0.06800259993176172,
        "f": -1.180091705461522,
        "color": 0.6219246333361319,
        "weight": 0.175907437826815,
        "variations": {
          "heart": 0.59674154367545,
          "polar": 0.028994953493453046,
          "swirl": 0.015799886867356783
        }
      },
      {
        "a": 0.28446447393483965,
        "b": 0.11985354412140636,
        "c": 0.032909728831240326,
        "d": 0.783703942637672,
        "e": -0.2809052243399828,
        "f": -1.3067682358280273,
        "color": 0.836202098868201,
        "weight": 0.2507042734850561,
        "variations": {
          "polar": 0.01937921817812427,
          "linear": 0.17289230239134068,
          "heart": 0.20583481727654773
        }
      }
    ],
    "num_points": 1582124,
    "gamma": 1.9662315929205116,
    "brightness": 1.2,
    "hue_rotation": 127.1451060596743
  }
}