{
  "seed": "46b9a2fd-e0b8-4373-a342-c8b37f993e5f",
  "params": {
    "transforms": [
      {
        "a": -0.6796069059017071,
        "b": -0.5299327947969303,
        "c": 0.21824873346392848,
        "d": 0.08120998992444495,
        "e": -0.5244293593590251,
        "f": -0.9779663617880636,
        "color": 0.10158083841751098,
        "weight": 0.38789451987685164,
        "variations": {
          "sinusoidal": 0.0931915808596927,
          "spherical": 0.4953467971180068,
          "swirl": 0.6689553995515257
        }
      },
      {
        "a": -0.015017389466433828,
        "b": -0.6319180225651693,
        "c": 0.6507368631532835,
        "d": 0.6642719409456772,
        "e": -1.3198414140304453,
        "f": 0.4101405192146914,
        "color": 0.8293410329781831,
        "weight": 0.744870976347145,
        "variations": {
          "spherical": 0.5122879927242933
        }
      },
      {
        "a": 0.3471694077294931,
        "b": -0.21609538519033755,
        "c": -0.5506667869287514,
        "d": -0.2714783130176237,
        "e": 1.2898194490308361,
        "f": 0.23459578193284836,
        "color": 0.35552238522886115,
        "weight": 0.11341219539062612,
        "variations": {
          "spherical": 0.07837018282953245
        }
      },
      {
        "a": -0.1709899986457626,
        "b": -0.6090812494428168,
        "c": 0.6029712382973076,
        "d": -0.3906525331541739,
        "e": -0.1317656472691775,
        "f": -0.2610191485453295,
        "color": 0.7602748018586328,
        "weight": 0.7006908291003602,
        "variations": {
          "swirl": 0.2746996947653395
        }
      }
    ],
    "num_points": 2636888,
    "gamma": 1.8325107083488152,
    "brightness": 1.2,
    "hue_rotation": 212.9638356133991
  }
}