{
  "seed": "8c613f2d-6046-47e9-8078-1bf23774c9bf",
  "params": {
    "transforms": [
      {
        "a": -0.44901170733755436,
        "b": -0.37083741102046996,
        "c": 0.21159627199984854,
        "d": -0.6818909016496675,
        "e": 0.14557466466726865,
        "f": 0.5994771127982057,
        "color": 0.8107769324817015,
        "weight": 0.7115121930524493,
        "variations": {
          "heart": 0.8916028644105634,
          "linear": 0.6020003235243823,
          "swirl": 0.4907774706970113
        }
      },
      {
        "a": -0.5323131361977034,
        "b": 0.576178931002411,
        "c": 0.8369164086650209,
        "d": -0.6121948165794155,
        "e": -1.4684728302903074,
        "f": 0.6869716048252448,
        "color": 0.2804369934755886,
        "weight": 0.966126760602657,
        "variations": {
          "swirl": 0.3884527595391116,
          "spherical": 0.22989696367744294
        }
      },
      {
        "a": 0.7243038087522564,
        "b": 0.11859509238302501,
        "c": 0.10706646883023829,
        "d": -0.5565739996896126,
        "e": 1.1891191170164381,
        "f": 1.3083929016831832,
        "color": 0.9302456685686874,
        "weight": 0.38159104803400024,
        "variations": {
          "polar": 0.908688833088273,
          "sinusoidal": 0.16124067549151,
          "heart": 0.7118223779993755
        }
      }
    ],
    "num_points": 1455956,
    "gamma": 2.2638045752116778,
    "brightness": 1.2,
    "hue_rotation": 219.92148868194326
  }
}