{
  "seed": "61977cfd-3b69-4661-a26c-dc07a0d1a69d",
  "params": {
    "transforms": [
      {
        "a": -0.42508941687635127,
        "b": 0.43485505464855034,
        "c": -0.47200879720107713,
        "d": -0.6391238150319327,
        "e": -0.09448936157066035,
        "f": -1.3588062869001098,
        "color": 0.8080145820693833,
        "weight": 0.17552265852635562,
        "variations": {
          "linear": 0.013123407368988205,
          "polar": 0.0020003374796332407
        }
      },
      {
        "a": 0.34418611791655085,
        "b": 0.6575199188939398,
        "c": -0.7979236591918799,
        "d": -0.6257432762052337,
        "e": 0.9727340203414299,
        "f": 0.9576482770389338,
        "color": 0.42081326936514984,
        "weight": 0.2829429712246107,
        "variations": {
          "heart": 0.0195388918177819,
          "spherical": 0.6331540436476784,
          "linear": 0.07585665657065876
        }
      },
      {
        "a": 0.6532637619828927,
        "b": -0.6486541574475175,
        "c": -0.8663383367948536,
        "d": 0.5767918509612353,
        "e": 0.8194906752654361,
        "f": -1.3285648553234366,
        "color": 0.3680235873431008,
        "weight": 0.4946561022608629,
        "variations": {
          "spherical": 0.6952718795706018
        }
      },
      {
        "a": 0.8691755187751369,
        "b": -0.9845397175318888,
        "c": -0.45377255389719506,
        "d": 0.04429841941153989,
        "e": -1.3181893464076375,
        "f": 0.3310078791193307,
        "color": 0.4955866687760472,
        "weight": 0.5495751315432919,
        "variations": {
          "polar": 0.8162409621751708,
          "sinusoidal": 0.5104139002143303,
          "swirl": 0.6402803310128782
        }
      }
    ],
    "num_points": 1889311,
    "gamma": 2.3138267928550045,
    "brightness": 1.2,
    "hue_rotation": 125.23908645460423
  }
}