{
  "seed": "64ed9650-ec22-4d72-a423-7f936fc93f12",
  "params": {
    "transforms": [
      {
        "a": -0.29949694101247304,
        "b": 0.4005172621273936,
        "c": -0.4096252177870501,
        "d": -0.7195150275944922,
        "e": -1.0018744189299653,
        "f": 1.3901553260870214,
        "color": 0.565655116278157,
        "weight": 0.5325857427218768,
        "variations": {
          "swirl": 0.07564713825122626,
          "spherical": 0.6757974311104019,
          "heart": 0.3923034301245125
        }
      },
      {
        "a": -0.2143525205426169,
        "b": 0.8880437641298027,
        "c": 0.848301846061229,
        "d": -0.9165948393757886,
        "e": 0.4228748522373156,
        "f": -1.182763962557612,
        "color": 0.11818502614818216,
        "weight": 0.6880478619842683,
        "variations": {
          "polar": 0.8673121358877328
        }
      }
    ],
    "num_points": 2721087,
    "gamma": 2.4325505146807664,
    "brightness": 1.2,
    "hue_rotation": 140.7307649568058
  }
}