{
  "seed": "58b4740e-7400-402e-91c6-cd68c12715db",
  "params": {
    "transforms": [
      {
        "a": -0.7076864709416448,
        "b": 0.9943781053708298,
        "c": 0.9891065204446825,
        "d": 0.08165120490383981,
        "e": 0.3294842640998996,
        "f": -0.5639488045223823,
        "color": 0.7187977647015735,
        "weight": 0.9205384741627569,
        "variations": {
          "heart": 0.5526983444833301
        }
      },
      {
        "a": -0.1841813273252353,
        "b": 0.8409674090609864,
        "c": 0.32096575116295356,
        "d": -0.6593999589973385,
        "e": -0.5986184406591953,
        "f": -0.22027244636220145,
        "color": 0.6156174823180208,
        "weight": 0.5234685966207938,
        "variations": {
          "spherical": 0.2970572324035028,
          "linear": 0.7192196755796304,
          "sinusoidal": 0.7607593896924835
        }
      },
      {
        "a": 0.7456856530848879,
        "b": -0.9242509623339277,
        "c": -0.18278822121495542,
        "d": 0.6521838427553146,
        "e": 1.1865822181240344,
        "f": -0.818522757595357,
        "color": 0.31861049195257485,
        "weight": 0.35651181594247405,
        "variations": {
          "swirl": 0.28450821490457767,
          "linear": 0.0706331712896342
        }
      },
      {
        "a": 0.007538758561843162,
        "b": 0.8883407185475549,
        "c": -0.7863016004141408,
        "d": -0.00886544794491928,
        "e": 0.7257698639423769,
        "f": 0.9716344548027509,
        "color": 0.07759853379472037,
        "weight": 0.8080168503815477,
        "variations": {
          "swirl": 0.17547803465090472,
          "spherical": 0.15130671504873638
        }
      }
    ],
    "num_points": 1543481,
    "gamma": 2.35475612410905,
    "brightness": 1.2,
    "hue_rotation": 357.37323221272965
  }
}