{
  "seed": "5283ef46-3ab7-44c4-98a7-4f8b2763b0e4",
  "params": {
    "transforms": [
      {
        "a": 0.5295557793930112,
        "b": -0.29660600576643215,
        "c": 0.37598384726192036,
        "d": -0.42858628074456884,
        "e": 1.2816378190872473,
        "f": 0.6932401668760484,
        "color": 0.5923237538128562,
        "weight": 0.7031185675574626,
        "variations": {
          "swirl": 0.218473053942437,
          "heart": 0.7534243569412208,
          "spherical": 0.2433725713224011
        }
      },
      {
        "a": -0.8778835720708709,
        "b": -0.7790320042131018,
        "c": 0.8824748466814094,
        "d": 0.4279080271626763,
        "e": 0.05354897908881906,
        "f": -0.27434153843159503,
        "color": 0.38084197523966257,
        "weight": 0.6287127233131791,
        "variations": {
          "polar": 0.25350601304801446,
          "linear": 0.5837077205469963
        }
      },
      {
        "a": -0.10921979849320773,
        "b": -0.594580582578603,
        "c": 0.3752793762651059,
        "d": 0.5179097521515388,
        "e": 1.1571848132413693,
        "f": 1.1965736051765377,
        "color": 0.26496782945084163,
        "weight": 0.19376757821650337,
        "variations": {
          "spherical": 0.015437900395628867,
          "swirl": 0.16676726477399584,
          "polar": 0.3775657131625264
        }
      },
      {
        "a": -0.644768875322441,
        "b": -0.5220138614664114,
        "c": 0.7740516407872999,
        "d": 0.3863160053154091,
        "e": -0.2211717403339284,
        "f": 0.13032595210248665,
        "color": 0.7850041601600796,
        "weight": 0.635512065409498,
        "variations": {
          "swirl": 0.7491066625306833
        }
      }
    ],
    "num_points": 2086735,
    "gamma": 2.0268877594722734,
    "brightness": 1.2,
    "hue_rotation": 186.1493063958359
  }
}