{
  "seed": "e147d968-6e86-44f6-9f89-b44466190f92",
  "params": {
    "transforms": [
      {
        "a": -0.15557853198355032,
        "b": -0.16376902104435298,
        "c": 0.09937369540426944,
        "d": 0.7876136672929219,
        "e": 0.7714580029446778,
        "f": 1.171697035250514,
        "color": 0.7430901892986357,
        "weight": 0.18928483150677533,
        "variations": {
          "linear": 0.9441820859882932,
          "polar": 0.3974884585158026,
          "sinusoidal": 0.03717651329149507
        }
      },
      {
        "a": -0.642596673323405,
        "b": 0.07290108175450771,
        "c": -0.27334489319705857,
        "d": -0.010423839126168177,
        "e": -1.1210896640538508,
        "f": 0.9072881638259531,
        "color": 0.5279659950029815,
        "weight": 0.5199087190737643,
        "variations": {
          "spherical": 0.045411331991137005,
          "swirl": 0.5478155883137794,
          "linear": 0.8338363077311415
        }
      },
      {
        "a": -0.5569840367751728,
        "b": -0.1301956981665222,
        "c": 0.4489559758233448,
        "d": -0.8498915431956928,
        "e": 0.9535671172483857,
        "f": -0.016282677797706757,
        "color": 0.20610745861607693,
        "weight": 0.6248184744453383,
        "variations": {
          "spherical": 0.8826241185533575
        }
      }
    ],
    "num_points": 2600777,
    "gamma": 2.2377688571362517,
    "brightness": 1.2,
    "hue_rotation": 29.223648837925666
  }
}