{
  "seed": "96587275-ffcf-4c9c-9623-4ee5a7830dac",
  "params": {
    "transforms": [
      {
        "a": 0.361250784606042,
        "b": 0.4369359708443368,
        "c": -0.861810616352287,
        "d": -0.16897453584578992,
        "e": 1.4011071109972062,
        "f": 0.3921714144645079,
        "color": 0.32161695871147655,
        "weight": 0.39695867776722615,
        "variations": {
          "heart": 0.8836338708272679
        }
      },
      {
        "a": -0.8483558721026854,
        "b": -0.45957924807646844,
        "c": -0.7833965810918564,
        "d": 0.758754011076034,
        "e": -0.7116778879055661,
        "f": 0.6669627063911863,
        "color": 0.5699533320979069,
        "weight": 0.7973208474029564,
        "variations": {
          "heart": 0.723084222189182,
          "polar": 0.6274313884722464
        }
      },
      {
        "a": -0.45581792548277833,
        "b": -0.08124677387533463,
        "c": 0.6515090026192925,
        "d": 0.8681899354339855,
        "e": -0.8383315218099382,
        "f": -0.2168441012353537,
        "color": 0.8658221769873009,
        "weight": 0.5293868235413375,
        "variations": {
          "spherical": 0.49168102379004963,
          "polar": 0.14335535276610434,
          "swirl": 0.16089570510499085
        }
      },
      {
        "a": 0.7603289584424524,
        "b": 0.04364863381676254,
        "c": 0.09767990027172369,
        "d": 0.904646478161943,
        "e": -1.4043467774992946,
        "f": 0.5792615781359602,
        "color": 0.6242090645365974,
        "weight": 0.5047771999816012,
        "variations": {
          "linear": 0.5558601412996862,
          "swirl": 0.6719701277775113
        }
      }
    ],
    "num_points": 1750085,
    "gamma": 2.4095754081251606,
    "brightness": 1.2,
    "hue_rotation": 85.0978442083215
  }
}