{
  "seed": "79e177ce-450e-4bc5-b1b8-8bbb81151ad2",
  "params": {
    "transforms": [
      {
        "a": 0.28704879546883344,
        "b": -0.17248727988680157,
        "c": 0.9275575422951643,
        "d": -0.8372785725416678,
        "e": 1.0620840905354143,
        "f": 0.2089843919528509,
        "color": 0.9520867280969696,
        "weight": 0.22229790408577538,
        "variations": {
          "spherical": 0.5570333989557964
        }
      },
      {
        "a": 0.34645371905766953,
        "b": -0.8555023547512537,
        "c": 0.3474165998990999,
        "d": -0.6370791038456951,
        "e": 0.9352565628576355,
        "f": -1.479502230290857,
        "color": 0.7532531916636561,
        "weight": 0.12308794593315678,
        "variations": {
          "polar": 0.6090894736839703,
          "sinusoidal": 0.49770924072031586,
          "heart": 0.36574958532864577
        }
      },
      {
        "a": -0.00831477157725713,
        "b": -0.8023115593625685,
        "c": -0.9604689659508743,
        "d": -0.28060286586707206,
        "e": -1.2374194903910993,
        "f": -0.9750233722492725,
        "color": 0.5827383382407971,
        "weight": 0.21354201306732118,
        "variations": {
          "swirl": 0.25745327346246993,
          "heart": 0.5911541501722403
        }
      }
    ],
    "num_points": 2628412,
    "gamma": 2.0836031015912333,
    "brightness": 1.2,
    "hue_rotation": 177.7580390545423
  }
}