{
  "seed": "23f6d7f1-5dc5-446b-872b-ea68bd9d41d8-357",
  "parameters": {
    "num_transforms": 3,
    "transforms": [
      {
        "a": -1.3663272414884928,
        "b": 0.059973964855773554,
        "c": 0.9157748983872018,
        "d": 1.0714229231065264,
        "e": 1.3308694641679852,
        "f": 0.2769976429873209,
        "color": 0.3322863729266815,
        "variations": {
          "polar": 0.0,
          "sinusoidal": 0.4097279078737278,
          "hyperbolic": 0.25039954115250485,
          "handkerchief": 0.24791870705829422
        },
        "weight": 1.8871178581479457
      },
      {
        "a": 0.5675332900473506,
        "b": 1.030376065276541,
        "c": 0.736935702613446,
        "d": -0.0668487995042173,
        "e": -0.18150186545688363,
        "f": 0.8723347679636371,
        "color": 0.7365627652062986,
        "variations": {
          "sinusoidal": 0.9333518322315734,
          "disc": 0.0,
          "hyperbolic": 0.48716767822112084
        },
        "weight": 1.1502818876404692
      },
      {
        "a": 0.7471094705579473,
        "b": -0.26207770913744266,
        "c": -1.4069605035569044,
        "d": -0.8560698917195022,
        "e": 0.3756728693308835,
        "f": -0.5642591631533849,
        "color": 0.14197400975814423,
        "variations": {
          "polar": 0.0,
          "heart": 0.0,
          "disc": 0.753925027574809
        },
        "weight": 1.1779952326127532
      }
    ],
    "num_points": 2111919,
    "gamma": 2.449422011755001,
    "brightness": 1.758496652280157,
    "contrast": 1.3411423090596535,
    "hue_rotation": 23.679660383801775
  }
}