{
  "seed": "01695f59-137b-40da-b693-62218cad301e",
  "params": {
    "transforms": [
      {
        "a": 0.40317231045256396,
        "b": -0.33782391215165264,
        "c": -0.21544913421681788,
        "d": 0.3357957825386346,
        "e": 1.1599197569051265,
        "f": 1.3828851656004395,
        "color": 0.3186475926041741,
        "weight": 0.6442992988073477,
        "variations": {
          "heart": 0.8451949141082209
        }
      },
      {
        "a": -0.03492250800166774,
        "b": 0.5288982687866102,
        "c": 0.2294006619247988,
        "d": -0.46079253340201043,
        "e": -0.3701499599176554,
        "f": -0.5003553003995415,
        "color": 0.7235110175788221,
        "weight": 0.26735349094082544,
        "variations": {
          "spherical": 0.9233046971114289
        }
      },
      {
        "a": 0.05238695563040641,
        "b": -0.5546215559774523,
        "c": 0.3290298599180743,
        "d": 0.26027503666527796,
        "e": -1.1170616692362842,
        "f": -0.05137959196501285,
        "color": 0.46974734644069727,
        "weight": 0.9996983124135262,
        "variations": {
          "linear": 0.8254422716129268,
          "heart": 0.057136267311806876
        }
      },
      {
        "a": -0.34444202342662256,
        "b": 0.045271822260769756,
        "c": 0.869940931264676,
        "d": 0.9776875802155625,
        "e": 0.785050559391907,
        "f": 0.5997730924592268,
        "color": 0.052951841574116476,
        "weight": 0.35170110307565994,
        "variations": {
          "heart": 0.5085064903586922,
          "linear": 0.33441607349795277
        }
      }
    ],
    "num_points": 1985313,
    "gamma": 2.034200404575826,
    "brightness": 1.2,
    "hue_rotation": 288.59995419422495
  }
}