{
  "seed": "7cf6fdc3-a48f-4d41-9fc8-dc1863660ce7",
  "params": {
    "transforms": [
      {
        "a": -0.4045960397388566,
        "b": -0.4323409485078591,
        "c": -0.6200768267796117,
        "d": 0.4122798537971588,
        "e": 0.1566819135933164,
        "f": 1.1691594782825732,
        "color": 0.7867828293455266,
        "weight": 0.8726214712092946,
        "variations": {
          "spherical": 0.8372145032105804
        }
      },
      {
        "a": -0.731392414274004,
        "b": -0.11378187493274217,
        "c": -0.6402027510133308,
        "d": -0.2878115992063395,
        "e": -0.923549074361952,
        "f": 0.20847860428739273,
        "color": 0.043732310174723454,
        "weight": 0.6901956966364431,
        "variations": {
          "spherical": 0.35537976480867306,
          "polar": 0.670686831704558
        }
      },
      {
        "a": -0.6936900333591287,
        "b": -0.40673151217969217,
        "c": 0.7034829303819519,
        "d": 0.4996903519078346,
        "e": 1.3289073141285068,
        "f": 0.032356121211624345,
        "color": 0.2592181511046254,
        "weight": 0.3359577755689612,
        "variations": {
          "swirl": 0.8598726909516621
        }
      }
    ],
    "num_points": 2101769,
    "gamma": 2.0195307322058187,
    "brightness": 1.2,
    "hue_rotation": 347.47112130740607
  }
}