{
  "seed": "d5700bd7-01c3-4636-b6de-ff31df6f527f",
  "params": {
    "transforms": [
      {
        "a": -0.7482783551214947,
        "b": 0.20669663346645906,
        "c": -0.45812445991441497,
        "d": 0.21692109561233952,
        "e": 1.0251181094349535,
        "f": 0.7227866523313731,
        "color": 0.6040657384696196,
        "weight": 0.4107787918192942,
        "variations": {
          "polar": 0.039126525929440326,
          "spherical": 0.5290436358014369,
          "linear": 0.9675932950363604
        }
      },
      {
        "a": 0.6918078971748145,
        "b": -0.4921542679077202,
        "c": -0.7511689142974476,
        "d": -0.5239678004549841,
        "e": 0.22476503958806093,
        "f": 0.32438175692183946,
        "color": 0.5904260501281657,
        "weight": 0.16507692108419558,
        "variations": {
          "swirl": 0.3593770120853449,
          "spherical": 0.16032823753022707,
          "polar": 0.1187647748726921
        }
      },
      {
        "a": 0.15069080567128967,
        "b": 0.9279222395757223,
        "c": -0.5786642046615416,
        "d": 0.415130906626916,
        "e": 0.72657044408643,
        "f": -1.368715791068698,
        "color": 0.8585428342555887,
        "weight": 0.8851679366309799,
        "variations": {
          "spherical": 0.5745414870206823,
          "swirl": 0.999414440000738,
          "polar": 0.7075576158023971
        }
      }
    ],
    "num_points": 1371589,
    "gamma": 2.4550180082430297,
    "brightness": 1.2,
    "hue_rotation": 356.12627010527206
  }
}