{
  "seed": "fc1495cc-04eb-4996-8098-df5ed5ff0b97",
  "params": {
    "transforms": [
      {
        "a": -0.6158955948559315,
        "b": 0.44420458493255754,
        "c": 0.11675317577718736,
        "d": -0.7137917621780729,
        "e": 1.102441024097542,
        "f": -0.9560178089556188,
        "color": 0.9351177043520674,
        "weight": 0.30782823516942415,
        "variations": {
          "spherical": 0.23417248564427318,
          "heart": 0.9225754327539084,
          "linear": 0.1665065569815699
        }
      },
      {
        "a": -0.6450103047295777,
        "b": 0.2526155693634615,
        "c": -0.6035561659881021,
        "d": 0.5567455599241171,
        "e": 0.36667720088708133,
        "f": 1.182039928076812,
        "color": 0.02158287820648519,
        "weight": 0.7152107143254041,
        "variations": {
          "linear": 0.4084858278992064,
          "heart": 0.9601258297228407
        }
      },
      {
        "a": -0.871258834063652,
        "b": -0.010769573007096911,
        "c": 0.08783568369302741,
        "d": -0.4745260534093543,
        "e": -1.297682979488171,
        "f": -1.3265896601962197,
        "color": 0.6446156010469063,
        "weight": 0.3034149974890882,
        "variations": {
          "polar": 0.4784691090851815,
          "spherical": 0.9296472557792937
        }
      }
    ],
    "num_points": 2052483,
    "gamma": 2.2687332503810937,
    "brightness": 1.2,
    "hue_rotation": 123.54506327214962
  }
}