{
  "seed": "f737de92-3fca-4be5-84e3-798f0e2fe059",
  "params": {
    "transforms": [
      {
        "a": 0.3276972645797278,
        "b": 0.15118084970179568,
        "c": -0.8060876498496943,
        "d": -0.5502255070147861,
        "e": -1.490649620220542,
        "f": -0.549077177848672,
        "color": 0.8206114163184322,
        "weight": 0.561542246324862,
        "variations": {
          "swirl": 0.4649837330826101,
          "sinusoidal": 0.43958222260499424,
          "spherical": 0.12078824810825484
        }
      },
      {
        "a": -0.7337522773883958,
        "b": -0.5643643418378061,
        "c": 0.16129599632810665,
        "d": -0.2826897326273057,
        "e": 1.0393348845402381,
        "f": -1.1638176366170738,
        "color": 0.19987249252548078,
        "weight": 0.9631928295840817,
        "variations": {
          "polar": 0.9961455892254633,
          "heart": 0.19484615798998461
        }
      },
      {
        "a": 0.7909756742240679,
        "b": -0.43129539156278884,
        "c": -0.45495416731246285,
        "d": -0.8992823092148841,
        "e": -0.8274272727082985,
        "f": -0.8152807508315952,
        "color": 0.8653222940254791,
        "weight": 0.3733166480278177,
        "variations": {
          "sinusoidal": 0.3745718865586062,
          "swirl": 0.9053638331419445
        }
      }
    ],
    "num_points": 1167633,
    "gamma": 2.4109107341292817,
    "brightness": 1.2,
    "hue_rotation": 219.21343517513046
  }
}