{
  "seed": "9c63b0a4-5241-4f25-add6-0442e4bc782a",
  "params": {
    "transforms": [
      {
        "a": 0.9535843764143264,
        "b": 0.29536355696261896,
        "c": -0.7076674145838493,
        "d": 0.19372722196271952,
        "e": 0.0076435647058292755,
        "f": 0.3794729098120917,
        "color": 0.7299676496382996,
        "weight": 0.9619875801349306,
        "variations": {
          "spherical": 0.07675123818125151,
          "sinusoidal": 0.26700076547132057,
          "polar": 0.1411243799327806
        }
      },
      {
        "a": -0.7731482185610796,
        "b": 0.3818452986558065,
        "c": -0.8756433080944066,
        "d": -0.923971590436039,
        "e": 0.32528103186668034,
        "f": -1.2842713517797404,
        "color": 0.2797796143824154,
        "weight": 0.7551752845841901,
        "variations": {
          "spherical": 0.557424255201552
        }
      },
      {
        "a": 0.4156248384815293,
        "b": 0.5515820040198449,
        "c": 0.10192286498877579,
        "d": -0.37040400691212394,
        "e": -1.3448151684563288,
        "f": -0.792700936519763,
        "color": 0.2786456016747445,
        "weight": 0.2718558477811003,
        "variations": {
          "polar": 0.0215433234500928
        }
      }
    ],
    "num_points": 1673172,
    "gamma": 2.2455655712813583,
    "brightness": 1.2,
    "hue_rotation": 226.13765521765248
  }
}