{
  "seed": "ae2e426c-0851-4d92-ae0b-5a0d082dd07f",
  "params": {
    "transforms": [
      {
        "a": -0.274203705828431,
        "b": 0.9429957648694283,
        "c": 0.5410961890294013,
        "d": 0.4248871611505043,
        "e": 0.501582813946297,
        "f": 0.8686249475325427,
        "color": 0.1794054248747904,
        "weight": 0.8811091546574918,
        "variations": {
          "linear": 0.6096779645586333,
          "polar": 0.31059206668926376
        }
      },
      {
        "a": -0.711083579281069,
        "b": -0.19345270356424016,
        "c": -0.3540353331527679,
        "d": -0.7974683479826776,
        "e": -0.26765460988092515,
        "f": 0.6230630637567716,
        "color": 0.26609253124867305,
        "weight": 0.9577043716322755,
        "variations": {
          "heart": 0.34443536054410673
        }
      },
      {
        "a": -0.6889595365384256,
        "b": -0.2218969846835528,
        "c": -0.36586378700188704,
        "d": -0.12000703117901224,
        "e": -1.2947781524067685,
        "f": -1.191151068468973,
        "color": 0.45418971082713366,
        "weight": 0.6162904158287913,
        "variations": {
          "linear": 0.35399535764118273,
          "heart": 0.014829250771433822,
          "polar": 0.6123292893450551
        }
      },
      {
        "a": 0.6093658758268496,
        "b": 0.47555523717716164,
        "c": -0.6918102533785,
        "d": -0.16623155004670664,
        "e": -0.15722235766502957,
        "f": -1.1428384254617552,
        "color": 0.8939463291229285,
        "weight": 0.7885001698449019,
        "variations": {
          "linear": 0.4647328054669676,
          "polar": 0.8750150583986854
        }
      }
    ],
    "num_points": 1277198,
    "gamma": 2.0123178790708227,
    "brightness": 1.2,
    "hue_rotation": 356.3927577214198
  }
}