{
  "seed": "669640f1-a025-4d9d-97b6-a743ea2fb10d",
  "params": {
    "transforms": [
      {
        "a": -0.08005157366213855,
        "b": -0.42535077479819194,
        "c": -0.20108044795534652,
        "d": 0.17596117513977694,
        "e": 0.973968128861447,
        "f": -0.4238350747377706,
        "color": 0.12480060834015516,
        "weight": 0.40512120885688085,
        "variations": {
          "sinusoidal": 0.2674702815497607,
          "spherical": 0.11141254506456966
        }
      },
      {
        "a": 0.07506622093350357,
        "b": 0.7077852271505389,
        "c": 0.326178488079349,
        "d": -0.019251464997968704,
        "e": 1.3589791863496679,
        "f": 0.4381958041087164,
        "color": 0.7847881428550771,
        "weight": 0.6135913791462891,
        "variations": {
          "linear": 0.4395110619192003
        }
      },
      {
        "a": 0.16201374334906404,
        "b": -0.11777324054839111,
        "c": -0.698796828929662,
        "d": 0.7716483830736318,
        "e": -1.3144926430000852,
        "f": 1.4063848896662896,
        "color": 0.1928905226537213,
        "weight": 0.2574779792274704,
        "variations": {
          "sinusoidal": 0.4497504306728345,
          "linear": 0.44800860526175634
        }
      },
      {
        "a": 0.2918665590323539,
        "b": 0.5746615446209045,
        "c": -0.18849105225096308,
        "d": -0.3390184180492588,
        "e": -0.9008169373865693,
        "f": -0.11847061822755167,
        "color": 0.8782324021300548,
        "weight": 0.9988421713614993,
        "variations": {
          "heart": 0.09326789202124997,
          "swirl": 0.22903241369762806,
          "polar": 0.9709804595978926
        }
      }
    ],
    "num_points": 1921208,
    "gamma": 1.8450983010555562,
    "brightness": 1.2,
    "hue_rotation": 230.0555024129942
  }
}