{
  "seed": "003c2b62-b22b-42a9-915b-ef6867d855c8",
  "params": {
    "transforms": [
      {
        "a": -0.7672001058148155,
        "b": 0.9965621679419328,
        "c": -0.6226826924759934,
        "d": 0.6994914656761821,
        "e": 0.4092012015591664,
        "f": 1.152642048440355,
        "color": 0.9014756410724767,
        "weight": 0.19837098859422486,
        "variations": {
          "heart": 0.8191845798812055
        }
      },
      {
        "a": 0.3986043562846573,
        "b": -0.3714573415741611,
        "c": 0.4369534776142714,
        "d": -0.5990007441706713,
        "e": 0.6722267736637662,
        "f": 0.7978079471578763,
        "color": 0.4323177883727747,
        "weight": 0.3922560680881739,
        "variations": {
          "swirl": 0.6001309059981241,
          "spherical": 0.021735021211536476,
          "linear": 0.5025888709435212
        }
      },
      {
        "a": -0.5253269808969696,
        "b": -0.3725005098454528,
        "c": -0.04323858012621673,
        "d": 0.29139164306343646,
        "e": 0.8319886203179299,
        "f": 0.44741244854214557,
        "color": 0.6923875939807772,
        "weight": 0.33624750115512664,
        "variations": {
          "heart": 0.23591385177239133,
          "spherical": 0.06818285663060264
        }
      },
      {
        "a": 0.08538492543690257,
        "b": -0.9226360341671149,
        "c": 0.9544861016801742,
        "d": 0.9895801611295896,
        "e": 0.8223294036281352,
        "f": 0.18561473459821576,
        "color": 0.9709568055621189,
        "weight": 0.6534256219854309,
        "variations": {
          "polar": 0.5988909441036617,
          "heart": 0.8315863301851398
        }
      }
    ],
    "num_points": 1164248,
    "gamma": 1.904006482841057,
    "brightness": 1.2,
    "hue_rotation": 183.6268861823325
  }
}