{
  "seed": "4ef405b3-ddba-4acd-9562-5ef58d968f56",
  "params": {
    "transforms": [
      {
        "a": 0.9416460375166475,
        "b": -0.4599521576696064,
        "c": -0.13348733203355634,
        "d": 0.5399085076208106,
        "e": -0.7475083803391196,
        "f": -0.3989040107371191,
        "color": 0.8445931471573912,
        "weight": 0.9763441343125547,
        "variations": {
          "polar": 0.3568074995768933,
          "linear": 0.7346358772656146
        }
      },
      {
        "a": 0.9742826800334312,
        "b": 0.33471728546581847,
        "c": 0.44429320029223285,
        "d": -0.21052959360710033,
        "e": 0.866586525873525,
        "f": -0.1043033289311539,
        "color": 0.14450210244443307,
        "weight": 0.6180987022422426,
        "variations": {
          "linear": 0.2762938934234477,
          "sinusoidal": 0.8421613375072899
        }
      },
      {
        "a": 0.2023138966836302,
        "b": 0.4426740177276083,
        "c": -0.49308548091158166,
        "d": 0.5112393463964817,
        "e": -1.3999816336067372,
        "f": -0.8146337083888797,
        "color": 0.4760307772751903,
        "weight": 0.5523716239708396,
        "variations": {
          "polar": 0.8903072394715332,
          "sinusoidal": 0.6972142132525307,
          "heart": 0.840766030392738
        }
      }
    ],
    "num_points": 2327403,
    "gamma": 2.429782716499698,
    "brightness": 1.2,
    "hue_rotation": 67.84906011448875
  }
}