{
  "seed": "fe7d1442-8e4d-4e31-99fe-3d3168bf6807",
  "params": {
    "transforms": [
      {
        "a": -0.30065776293984237,
        "b": 0.18743582310805107,
        "c": -0.2231877742766737,
        "d": -0.8747962900723112,
        "e": -0.062191667990418864,
        "f": -0.5093637261297677,
        "color": 0.8689710439819891,
        "weight": 0.138925787196997,
        "variations": {
          "sinusoidal": 0.7289426870842327
        }
      },
      {
        "a": -0.3935099801370747,
        "b": 0.10124076983564012,
        "c": 0.41042402016356117,
        "d": 0.1520486204136322,
        "e": 1.2134505501496298,
        "f": 0.08879452868259197,
        "color": 0.26092759556847367,
        "weight": 0.9861049214041815,
        "variations": {
          "linear": 0.7633764131170707
        }
      },
      {
        "a": -0.013894221810782925,
        "b": 0.5608807435285466,
        "c": -0.34040196078048246,
        "d": -0.7267040125523507,
        "e": -1.4312994905812855,
        "f": 0.3421274862635122,
        "color": 0.16954546335413467,
        "weight": 0.5399843130217454,
        "variations": {
          "heart": 0.14682416860020708,
          "swirl": 0.5428849524280036,
          "sinusoidal": 0.8527567407485064
        }
      }
    ],
    "num_points": 2211508,
    "gamma": 2.3977439304426755,
    "brightness": 1.2,
    "hue_rotation": 86.58710382733767
  }
}