{
  "seed": "00d5d1eb-d1d7-4e81-bd25-21ff42470726",
  "params": {
    "transforms": [
      {
        "a": 0.9281393011583137,
        "b": 0.1400490103522325,
        "c": -0.17528120684268567,
        "d": -0.7122029160496535,
        "e": 0.3492951177839114,
        "f": 0.47674532115671875,
        "color": 0.4868967969338962,
        "weight": 0.1883920177385342,
        "variations": {
          "swirl": 0.6782898461419993,
          "spherical": 0.028131902952750254,
          "polar": 0.4017614940147831
        }
      },
      {
        "a": -0.5823698677365585,
        "b": 0.18399686696030737,
        "c": 0.5285942806367905,
        "d": 0.44234919695669883,
        "e": -0.013737616195675706,
        "f": -1.4902353201341842,
        "color": 0.09767845260972507,
        "weight": 0.7578425055124568,
        "variations": {
          "swirl": 0.8912640195643635,
          "linear": 0.3527828651443615,
          "spherical": 0.9044121686485986
        }
      }
    ],
    "num_points": 1384918,
    "gamma": 2.199617572827203,
    "brightness": 1.2,
    "hue_rotation": 251.79894102227723
  }
}