{
  "seed": "0089199b-0243-401e-a3e3-a6ae571302dd",
  "params": {
    "transforms": [
      {
        "a": 0.35491729771489133,
        "b": 0.11475402227574238,
        "c": 0.05839710753065108,
        "d": -0.11781548942794151,
        "e": 0.11414173809595884,
        "f": -1.1439243270068222,
        "color": 0.6266771544348912,
        "weight": 0.3948278489399786,
        "variations": {
          "polar": 0.6660912173707965,
          "swirl": 0.04560726091383327,
          "linear": 0.014655757536953029
        }
      },
      {
        "a": -0.8256795644662731,
        "b": -0.5899723452768155,
        "c": 0.10280874351317904,
        "d": -0.5612255031603361,
        "e": -1.238217968085999,
        "f": -0.19708767422169693,
        "color": 0.14290723597860477,
        "weight": 0.13081474879911906,
        "variations": {
          "sinusoidal": 0.2769557095882297,
          "polar": 0.6052961942760366,
          "linear": 0.7972027352606278
        }
      },
      {
        "a": 0.6996591032637596,
        "b": 0.5602325413470555,
        "c": 0.1153850679739743,
        "d": 0.4826640729270626,
        "e": 0.9563449556814501,
        "f": 0.4310209476317304,
        "color": 0.33833370118899786,
        "weight": 0.2944363470114407,
        "variations": {
          "sinusoidal": 0.7019565446996389,
          "swirl": 0.6341910686044773
        }
      },
      {
        "a": -0.0367404483668079,
        "b": 0.8412671058724996,
        "c": -0.5555771683469126,
        "d": -0.14465463534951084,
        "e": 0.3700480891333764,
        "f": -0.034013317850722036,
        "color": 0.8012033474693827,
        "weight": 0.8639706798021012,
        "variations": {
          "heart": 0.4424175891752071,
          "spherical": 0.6476543807838989
        }
      }
    ],
    "num_points": 1992624,
    "gamma": 2.2085464632633873,
    "brightness": 1.2,
    "hue_rotation": 39.31766749032607
  }
}