{
  "seed": "f8bdffa2-31ee-4a8e-b402-c2bf1ea6cf6f",
  "params": {
    "transforms": [
      {
        "a": -0.8928722718985527,
        "b": 0.04909898900938492,
        "c": 0.7574017849556973,
        "d": -0.21939259087718344,
        "e": -0.4306872632744847,
        "f": 0.583773078148023,
        "color": 0.18983529575638136,
        "weight": 0.32964493954790175,
        "variations": {
          "swirl": 0.38275917966937223,
          "linear": 0.033859369991391275,
          "heart": 0.6962869612950516
        }
      },
      {
        "a": -0.9389914594433229,
        "b": -0.6226068511523397,
        "c": 0.2792199376685258,
        "d": -0.5356024758343376,
        "e": 1.4063519934470028,
        "f": 1.12494241335428,
        "color": 0.250537879683676,
        "weight": 0.9207388748341939,
        "variations": {
          "sinusoidal": 0.8159772199078075
        }
      }
    ],
    "num_points": 2091055,
    "gamma": 2.190745845589277,
    "brightness": 1.2,
    "hue_rotation": 248.45834159297718
  }
}