{
  "seed": "2519c21a-fcb4-4562-b55a-a9ad7c06e7b9",
  "params": {
    "transforms": [
      {
        "a": -0.7799156694682625,
        "b": -0.1361468422200236,
        "c": 0.9870930958608295,
        "d": 0.14331844920455228,
        "e": 1.4480580605097466,
        "f": 1.3001714848760546,
        "color": 0.4858234544150778,
        "weight": 0.6082771421537685,
        "variations": {
          "spherical": 0.8290952461373629
        }
      },
      {
        "a": -0.3745854887786464,
        "b": -0.6074593644336408,
        "c": 0.13068495478676767,
        "d": -0.6150661749037778,
        "e": 0.8822200469256827,
        "f": 1.2320650751533821,
        "color": 0.7153904623103038,
        "weight": 0.45128583711533765,
        "variations": {
          "heart": 0.2313044194740923,
          "polar": 0.17057060229384402
        }
      },
      {
        "a": -0.9206329212261628,
        "b": -0.9883509113812705,
        "c": -0.6669650741593811,
        "d": -0.8087492574099382,
        "e": 1.4042477726793763,
        "f": -0.6102961225690857,
        "color": 0.19387695011464756,
        "weight": 0.9208205260192015,
        "variations": {
          "polar": 0.984682049876809
        }
      }
    ],
    "num_points": 1581064,
    "gamma": 2.2450449401069914,
    "brightness": 1.2,
    "hue_rotation": 322.8957043792434
  }
}