{
  "seed": "a9c3aa14-8c56-4fbe-b0fc-2808bcf29f64",
  "params": {
    "transforms": [
      {
        "a": -0.4868914629755474,
        "b": -0.8390342019699726,
        "c": 0.4388282354324273,
        "d": -0.46496358324650644,
        "e": -0.17551407093917848,
        "f": -0.5103779857900774,
        "color": 0.4674789350967784,
        "weight": 0.873516639221018,
        "variations": {
          "linear": 0.9050504111859428
        }
      },
      {
        "a": 0.012030122676796928,
        "b": -0.9821616856819688,
        "c": -0.10246973457045061,
        "d": 0.31335099719334303,
        "e": 0.8363281350279883,
        "f": 0.2412457971947175,
        "color": 0.3832893067129033,
        "weight": 0.3216784464047178,
        "variations": {
          "spherical": 0.07124429800231735,
          "swirl": 0.9087423754189318,
          "sinusoidal": 0.08468663648388686
        }
      },
      {
        "a": 0.6421299004414445,
        "b": -0.385346244750816,
        "c": 0.06099930498062145,
        "d": -0.5456166155430577,
        "e": -0.9739874702309297,
        "f": 0.8027035830876019,
        "color": 0.25709068106859645,
        "weight": 0.345844888279939,
        "variations": {
          "polar": 0.5904077242796492,
          "sinusoidal": 0.5880987150649358,
          "spherical": 0.8283745929685783
        }
      },
      {
        "a": 0.03939610174197261,
        "b": -0.9837267377484054,
        "c": -0.31772866849444714,
        "d": -0.36216208320747256,
        "e": 0.813049395817595,
        "f": -0.09334787329498218,
        "color": 0.3665809753086694,
        "weight": 0.8018656669928941,
        "variations": {
          "heart": 0.33448197287464887,
          "spherical": 0.9287257453108108,
          "sinusoidal": 0.5860048833781346
        }
      }
    ],
    "num_points": 1723122,
    "gamma": 1.9528859807370864,
    "brightness": 1.2,
    "hue_rotation": 148.72968055667107
  }
}