{
  "seed": "b5d1aec0-0df3-42dc-94ef-f1d268de323a",
  "params": {
    "transforms": [
      {
        "a": 0.8057596716067488,
        "b": 0.5348351035951968,
        "c": 0.06789141435254775,
        "d": 0.5512116763906287,
        "e": -0.47413237271748376,
        "f": -0.48563940723030496,
        "color": 0.894735776192776,
        "weight": 0.281337431158061,
        "variations": {
          "sinusoidal": 0.5281362217698476,
          "polar": 0.8166440180642421,
          "swirl": 0.6375764409111828
        }
      },
      {
        "a": -0.8110836582490102,
        "b": -0.9952419996066477,
        "c": -0.8850689679628259,
        "d": 0.6436958428772586,
        "e": -1.1610480912635603,
        "f": 0.28619517586784227,
        "color": 0.23915345375588448,
        "weight": 0.59679303948222,
        "variations": {
          "sinusoidal": 0.17048901101768843
        }
      },
      {
        "a": 0.3534707107085471,
        "b": -0.16504440370556095,
        "c": -0.9581505673222135,
        "d": -0.9551599378628524,
        "e": 0.12961453456057548,
        "f": -1.4315835642270849,
        "color": 0.3826861080457443,
        "weight": 0.9892529450282141,
        "variations": {
          "linear": 0.27235863459725684
        }
      }
    ],
    "num_points": 2690406,
    "gamma": 1.9588631192489112,
    "brightness": 1.2,
    "hue_rotation": 117.16482640250985
  }
}