{
  "seed": "08a90267-f875-4146-a620-24c39a779bab",
  "params": {
    "transforms": [
      {
        "a": 0.7570416515311311,
        "b": 0.17465885334296805,
        "c": -0.5749333662905869,
        "d": -0.6409989594081695,
        "e": -1.0897979797548827,
        "f": 0.4381056285058924,
        "color": 0.47414171074162204,
        "weight": 0.3463012746078648,
        "variations": {
          "sinusoidal": 0.20161365170822076,
          "swirl": 0.6013700051043476
        }
      },
      {
        "a": -0.7786504759306361,
        "b": 0.23922238342257063,
        "c": 0.8623948409272828,
        "d": 0.13832027941711278,
        "e": -1.4493483101954696,
        "f": 1.3539484658240912,
        "color": 0.4284296353161612,
        "weight": 0.7321412736109233,
        "variations": {
          "sinusoidal": 0.5522835028550122,
          "spherical": 0.13331966935996686,
          "polar": 0.4273038158804542
        }
      }
    ],
    "num_points": 1145280,
    "gamma": 2.2905091518295593,
    "brightness": 1.2,
    "hue_rotation": 15.421192664646984
  }
}