{
  "seed": "81c25341-db66-4e8d-8824-09b97c6724ef",
  "params": {
    "transforms": [
      {
        "a": -0.9027249294935695,
        "b": 0.967036413502256,
        "c": 0.5357100673077242,
        "d": -0.8322556297529136,
        "e": 0.8017240831042085,
        "f": 1.3458989396102021,
        "color": 0.9442082230454015,
        "weight": 0.4126084407301215,
        "variations": {
          "linear": 0.12989263141282426,
          "sinusoidal": 0.25244703302975324,
          "heart": 0.8241233485761285
        }
      },
      {
        "a": 0.9520059500143403,
        "b": -0.870675079555725,
        "c": -0.27674522207746177,
        "d": 0.12842774695671322,
        "e": -1.2619460547254968,
        "f": 1.1668663092581042,
        "color": 0.5998094876882568,
        "weight": 0.8424406590829352,
        "variations": {
          "polar": 0.022512277020429128,
          "swirl": 0.14347699112546441
        }
      },
      {
        "a": 0.683849118196656,
        "b": 0.21152304102553354,
        "c": -0.36320537803754727,
        "d": 0.7006843632975759,
        "e": -1.236521771805325,
        "f": -0.40092876855459947,
        "color": 0.5224660547635052,
        "weight": 0.33457941850662953,
        "variations": {
          "spherical": 0.5397687363757714,
          "swirl": 0.35489635648278095
        }
      },
      {
        "a": 0.6633522138388239,
        "b": 0.5806598259003517,
        "c": -0.4597982774682632,
        "d": -0.342636968879487,
        "e": 1.2605259072683213,
        "f": -1.0666607843789655,
        "color": 0.07540914269188037,
        "weight": 0.8790195789733943,
        "variations": {
          "swirl": 0.1733851243671457,
          "sinusoidal": 0.8775268291992252,
          "polar": 0.787508354398286
        }
      }
    ],
    "num_points": 2097301,
    "gamma": 1.9329791606070716,
    "brightness": 1.2,
    "hue_rotation": 330.23714485227254
  }
}