{
  "seed": "b3955dd6-5578-42a9-8db0-fa3696fe445b",
  "params": {
    "transforms": [
      {
        "a": -0.8329801242887886,
        "b": 0.19677945105648287,
        "c": -0.7020002623095409,
        "d": -0.46143037885301674,
        "e": -0.9438365379278952,
        "f": 1.3521641196422132,
        "color": 0.6202612941146902,
        "weight": 0.35925161742311473,
        "variations": {
          "spherical": 0.04405927836220802
        }
      },
      {
        "a": 0.5525553039435029,
        "b": 0.7951846557931941,
        "c": 0.03430473715438276,
        "d": 0.7609859649666271,
        "e": 0.5005926493686701,
        "f": -0.9711106858529311,
        "color": 0.7848025938189274,
        "weight": 0.9488741724607855,
        "variations": {
          "polar": 0.8303531632676769,
          "heart": 0.20017646872600303
        }
      },
      {
        "a": 0.8888169942334152,
        "b": -0.047487324728582525,
        "c": -0.9555817955442598,
        "d": -0.736690770548956,
        "e": 0.389249240566935,
        "f": -0.1886713597885059,
        "color": 0.5478220846621205,
        "weight": 0.441229471359987,
        "variations": {
          "linear": 0.7417327237393566
        }
      },
      {
        "a": 0.679770546234117,
        "b": 0.3248559677776277,
        "c": 0.2710942117948856,
        "d": -0.3254331597956823,
        "e": -0.36742783898663944,
        "f": 1.1295644091100092,
        "color": 0.5023596653760616,
        "weight": 0.2402541448993353,
        "variations": {
          "swirl": 0.8362290416993621,
          "polar": 0.11111366330585881
        }
      }
    ],
    "num_points": 1146317,
    "gamma": 2.0057529132714604,
    "brightness": 1.2,
    "hue_rotation": 68.71794442299407
  }
}