{
  "seed": "6bbd02da-6226-4601-8f17-81dead8867b6",
  "params": {
    "transforms": [
      {
        "a": -0.3918787296665185,
        "b": 0.7706072265296062,
        "c": -0.4316947950822312,
        "d": -0.4642165522782582,
        "e": -0.9374027072881307,
        "f": 0.13899264207114692,
        "color": 0.15646254188157505,
        "weight": 0.15108723827746973,
        "variations": {
          "swirl": 0.9300897230662394,
          "linear": 0.4146290571873291
        }
      },
      {
        "a": 0.5921897220224217,
        "b": -0.7410228032612103,
        "c": -0.44332126933092497,
        "d": -0.5690122623600828,
        "e": 0.49533968920169746,
        "f": -0.395723868243,
        "color": 0.8355896256325137,
        "weight": 0.4204852143614174,
        "variations": {
          "heart": 0.2941051995931876,
          "linear": 0.47277811078190213,
          "polar": 0.761773645682566
        }
      },
      {
        "a": -0.49407888486024043,
        "b": 0.008082898250110215,
        "c": -0.9799448175854235,
        "d": -0.7658692710879678,
        "e": -0.8153820930825649,
        "f": -0.6408849897811958,
        "color": 0.943112494671569,
        "weight": 0.2894451558228504,
        "variations": {
          "polar": 0.27732750696649366,
          "swirl": 0.16022927437141743,
          "sinusoidal": 0.552783854344786
        }
      }
    ],
    "num_points": 2431877,
    "gamma": 1.8636822739272207,
    "brightness": 1.2,
    "hue_rotation": 46.99276085881889
  }
}