{
  "seed": "ecea27e3-ae6d-4f4d-8296-1ae85441a875-323",
  "parameters": {
    "num_transforms": 3,
    "transforms": [
      {
        "a": 0.8138525598503765,
        "b": -1.1382783283913755,
        "c": -0.7653909813442697,
        "d": -0.3517548871952023,
        "e": -1.420951849973339,
        "f": -0.4553199087077169,
        "color": 0.2730613284654566,
        "variations": {
          "spiral": 0.0,
          "linear": 0.9684958940341435,
          "handkerchief": 0.0
        },
        "weight": 0.6419614404565457
      },
      {
        "a": 1.09107473864605,
        "b": 0.20977796513327274,
        "c": -1.0203857885069576,
        "d": 0.518521551348714,
        "e": 0.12440288313187597,
        "f": -0.3200374356234059,
        "color": 0.5089517704103463,
        "variations": {
          "disc": 0.7830791000857094,
          "swirl": 0.6367319823854695,
          "heart": 0.340625748748292
        },
        "weight": 1.5436720866972733
      },
      {
        "a": 1.2969574726715347,
        "b": 0.39017046664161326,
        "c": 0.6105784341984144,
        "d": -1.4603982590408002,
        "e": 0.22368906581292114,
        "f": -1.2406713443754114,
        "color": 0.09987477566617664,
        "variations": {
          "sinusoidal": 0.12066224978870466,
          "horseshoe": 0.8264456441716485
        },
        "weight": 1.2026031657280014
      }
    ],
    "num_points": 2155422,
    "gamma": 1.5146940801972526,
    "brightness": 1.6302427900336927,
    "contrast": 1.7683744540491075,
    "hue_rotation": 355.1165501684447
  }
}