{
  "seed": "2430d5a2-4a9e-4631-a58e-9f67aecc0f34",
  "params": {
    "transforms": [
      {
        "a": 0.3418618399341835,
        "b": 0.28459584912742253,
        "c": -0.24574581821379304,
        "d": -0.9054447644357349,
        "e": 1.1405435258449588,
        "f": -0.7587449239970637,
        "color": 0.05298783525399553,
        "weight": 0.3089825683221217,
        "variations": {
          "heart": 0.24613449091167916,
          "spherical": 0.39582127546962254
        }
      },
      {
        "a": 0.0509720506222322,
        "b": -0.6762811622087181,
        "c": -0.9626237103931155,
        "d": 0.7422846424135976,
        "e": 1.3816583047473814,
        "f": -1.0529517520565688,
        "color": 0.2706837657629927,
        "weight": 0.5967643520800233,
        "variations": {
          "heart": 0.7383739810565113,
          "linear": 0.05564733047093706,
          "sinusoidal": 0.4145088348550632
        }
      },
      {
        "a": -0.5969627044681942,
        "b": -0.06810075603169752,
        "c": 0.24689963988782537,
        "d": 0.8634768876049927,
        "e": -1.3153558617256054,
        "f": 0.2900816265694788,
        "color": 0.9771502645855045,
        "weight": 0.7510539103214728,
        "variations": {
          "sinusoidal": 0.21864973578513947
        }
      },
      {
        "a": 0.7861747502099594,
        "b": 0.4944019633382579,
        "c": -0.8933640715810125,
        "d": 0.9308377606991363,
        "e": 0.30791580606278046,
        "f": 0.8466688165729974,
        "color": 0.3469409011955882,
        "weight": 0.2550723273765124,
        "variations": {
          "polar": 0.46748776318039653,
          "heart": 0.17832299966152876,
          "swirl": 0.2459076452404909
        }
      }
    ],
    "num_points": 2568899,
    "gamma": 2.1833952683947064,
    "brightness": 1.2,
    "hue_rotation": 121.27039450829594
  }
}