{
  "seed": "3f822ebb-8751-4a8d-9019-47ee088e202f",
  "params": {
    "transforms": [
      {
        "a": 0.7609206220444067,
        "b": 0.5302736136070998,
        "c": 0.4900978974333874,
        "d": -0.6036243159899317,
        "e": 0.4355881434497788,
        "f": -0.6628618550509698,
        "color": 0.5969913681439076,
        "weight": 0.6744935143823043,
        "variations": {
          "spherical": 0.27527750438706855,
          "polar": 0.33399399558086973
        }
      },
      {
        "a": -0.4699473086705446,
        "b": 0.3866613769378835,
        "c": 0.3453734541556366,
        "d": -0.8557463104702869,
        "e": -0.7164738328624086,
        "f": -0.9633268113528644,
        "color": 0.7966576600304319,
        "weight": 0.3203394161619032,
        "variations": {
          "heart": 0.06400271244506195,
          "sinusoidal": 0.42081313180233737
        }
      }
    ],
    "num_points": 2550121,
    "gamma": 2.028492148552282,
    "brightness": 1.2,
    "hue_rotation": 99.6872328297996
  }
}