{
  "seed": "ed94dc2c-3d43-4800-8817-486bd09c2929",
  "params": {
    "transforms": [
      {
        "a": 0.4244303950452537,
        "b": -0.7268228014158582,
        "c": 0.2785167334475518,
        "d": -0.2252614011022951,
        "e": 0.4904206095809749,
        "f": 0.45044449889669025,
        "color": 0.9228654373876134,
        "weight": 0.344638939835766,
        "variations": {
          "polar": 0.22553623900128295,
          "swirl": 0.506109045170564
        }
      },
      {
        "a": 0.7609320453719655,
        "b": 0.5373709672841018,
        "c": -0.6282042534307404,
        "d": 0.952297465399147,
        "e": -0.7688641718904821,
        "f": 1.332619349610058,
        "color": 0.2334745013880435,
        "weight": 0.41419341728030457,
        "variations": {
          "linear": 0.2171331847163802,
          "heart": 0.7421162626187782,
          "swirl": 0.4135714702114106
        }
      }
    ],
    "num_points": 2420640,
    "gamma": 2.012566172541157,
    "brightness": 1.2,
    "hue_rotation": 271.8808569544377
  }
}