{
  "seed": "9c72287b-b0fa-4b85-a211-3e2f4e47cf63",
  "params": {
    "transforms": [
      {
        "a": -0.8937879082864533,
        "b": 0.8197279659888423,
        "c": -0.3551960961454774,
        "d": 0.6909487398513781,
        "e": -0.61714496409585,
        "f": -0.28337022872570694,
        "color": 0.9568200839908328,
        "weight": 0.12444636078268281,
        "variations": {
          "heart": 0.039480774888709935
        }
      },
      {
        "a": 0.5535210844915954,
        "b": 0.9255394841015823,
        "c": -0.8779511509266726,
        "d": -0.297657429922632,
        "e": 0.3462094045163102,
        "f": -0.6372817103242595,
        "color": 0.46403257130601017,
        "weight": 0.4014217283327748,
        "variations": {
          "linear": 0.25252903659525494,
          "heart": 0.6641738694566258,
          "spherical": 0.69862616008259
        }
      },
      {
        "a": -0.46766047320545656,
        "b": 0.2555297848430189,
        "c": -0.9702654378823661,
        "d": -0.9347636850654049,
        "e": 1.4606750333550642,
        "f": -0.7901032800106,
        "color": 0.38163041162277866,
        "weight": 0.7700238284032858,
        "variations": {
          "linear": 0.3198212183681498
        }
      },
      {
        "a": 0.9607052083056931,
        "b": -0.10197630575797878,
        "c": 0.19890888569786025,
        "d": -0.4657229346358016,
        "e": 0.4572445742182607,
        "f": 0.5892446966865754,
        "color": 0.11247702957766215,
        "weight": 0.16965411818816883,
        "variations": {
          "swirl": 0.7257289937974858
        }
      }
    ],
    "num_points": 1414921,
    "gamma": 2.2055525960082742,
    "brightness": 1.2,
    "hue_rotation": 98.42846099768245
  }
}