{
  "seed": "1909f16b-449e-416b-add9-a3096616902b",
  "params": {
    "transforms": [
      {
        "a": -0.7569246772197953,
        "b": 0.04720982200645896,
        "c": 0.9927318202940618,
        "d": 0.8194662795462555,
        "e": 0.5340335685896953,
        "f": 0.8233893565186099,
        "color": 0.10501669894815846,
        "weight": 0.7191516477727339,
        "variations": {
          "linear": 0.37728006068137454,
          "spherical": 0.7012043426900764
        }
      },
      {
        "a": 0.0781400903227667,
        "b": 0.3851141553975048,
        "c": -0.7332496892968932,
        "d": 0.3631128081500705,
        "e": 0.08357278727191675,
        "f": 1.355455844814458,
        "color": 0.00513808799370441,
        "weight": 0.5039557706341525,
        "variations": {
          "polar": 0.5814182765548218,
          "linear": 0.8297077175987354
        }
      },
      {
        "a": -0.6593359686476084,
        "b": 0.04939932333234176,
        "c": -0.3817335599247238,
        "d": 0.36076675083150533,
        "e": -0.8752133645392295,
        "f": 0.30672437500932115,
        "color": 0.6828682648204801,
        "weight": 0.9783374096424724,
        "variations": {
          "linear": 0.13850732679836097,
          "swirl": 0.04311803965739258,
          "polar": 0.4213278177239099
        }
      }
    ],
    "num_points": 1246646,
    "gamma": 1.8646927672046105,
    "brightness": 1.2,
    "hue_rotation": 47.72498060233599
  }
}