{
  "seed": "8895b342-0da8-4aae-b38e-4784c7d8959b",
  "params": {
    "transforms": [
      {
        "a": 0.04972738183182135,
        "b": -0.9533634574485943,
        "c": 0.9236757994969917,
        "d": 0.357759128281661,
        "e": 0.5661785300415181,
        "f": -0.8393121310704926,
        "color": 0.9245157143256941,
        "weight": 0.5372709449111533,
        "variations": {
          "sinusoidal": 0.8767732946248299
        }
      },
      {
        "a": -0.5371675252827117,
        "b": 0.6896259793408419,
        "c": -0.56375499871039,
        "d": 0.3072127311167512,
        "e": 0.6819343937936981,
        "f": 1.1330972588081116,
        "color": 0.16335257233163203,
        "weight": 0.10444680748966419,
        "variations": {
          "heart": 0.1014336680148118
        }
      },
      {
        "a": -0.5532616767201399,
        "b": 0.42909196777052894,
        "c": -0.8173560010796213,
        "d": -0.30757253878291624,
        "e": 0.5133580320815714,
        "f": -0.3430451481700907,
        "color": 0.015796587210578417,
        "weight": 0.49864853606746784,
        "variations": {
          "swirl": 0.8785845068146906,
          "sinusoidal": 0.29279411637957165
        }
      }
    ],
    "num_points": 2587570,
    "gamma": 1.831341147833314,
    "brightness": 1.2,
    "hue_rotation": 129.0958735601045
  }
}