{
  "seed": "8116419a-007c-48ef-af3b-3604419fc61d",
  "params": {
    "transforms": [
      {
        "a": 0.7755559696031915,
        "b": -0.03589514659340476,
        "c": 0.3368209856936708,
        "d": 0.6480535494073625,
        "e": -0.6049998953503454,
        "f": -1.09658961403797,
        "color": 0.801271264523395,
        "weight": 0.556552941763714,
        "variations": {
          "swirl": 0.7653406900927223,
          "sinusoidal": 0.8491432897033263
        }
      },
      {
        "a": 0.733883843278879,
        "b": -0.4961422934627673,
        "c": 0.096221852427822,
        "d": 0.713059521979658,
        "e": -0.3821947534561778,
        "f": 0.6436038018316399,
        "color": 0.8783586139514794,
        "weight": 0.8607693476143387,
        "variations": {
          "sinusoidal": 0.12107469612255684
        }
      }
    ],
    "num_points": 2339756,
    "gamma": 1.9392053155981126,
    "brightness": 1.2,
    "hue_rotation": 297.04621678348803
  }
}