{
  "seed": "a8863f9e-b8e6-45fb-a360-5faa365a5784",
  "params": {
    "transforms": [
      {
        "a": 0.3365022177402197,
        "b": 0.25872247333452125,
        "c": 0.4360597392838321,
        "d": 0.20406245908748422,
        "e": 1.4153736488612871,
        "f": 0.5943920605231101,
        "color": 0.946113292080177,
        "weight": 0.7183255712192368,
        "variations": {
          "swirl": 0.13458422287622884,
          "linear": 0.12810210914263798
        }
      },
      {
        "a": -0.41765742574312426,
        "b": -0.8735731276364616,
        "c": -0.3187654305795622,
        "d": 0.10307978438770404,
        "e": 0.48496529121397125,
        "f": 0.036911167047805726,
        "color": 0.932791792131288,
        "weight": 0.5002087244229637,
        "variations": {
          "heart": 0.238254307390801
        }
      }
    ],
    "num_points": 1187805,
    "gamma": 1.9466953075129727,
    "brightness": 1.2,
    "hue_rotation": 11.869856215258391
  }
}