{
  "seed": "b5dfcc38-6272-4e28-9108-67a5064a2c24",
  "params": {
    "transforms": [
      {
        "a": 0.48885277338324196,
        "b": -0.13276780452381498,
        "c": -0.8737640738502721,
        "d": 0.2925519916333801,
        "e": -1.433596154825793,
        "f": 0.2423052207206573,
        "color": 0.5308140943222304,
        "weight": 0.5522829345816253,
        "variations": {
          "spherical": 0.10131973535622896,
          "sinusoidal": 0.7830619480075267
        }
      },
      {
        "a": -0.9509917959767096,
        "b": -0.557602082349614,
        "c": 0.31451556366136413,
        "d": -0.387394316943646,
        "e": -0.07441515604864457,
        "f": -1.2954523077149749,
        "color": 0.610901173175868,
        "weight": 0.30278323255315737,
        "variations": {
          "heart": 0.9844947546806443
        }
      }
    ],
    "num_points": 1849343,
    "gamma": 2.0359036664320893,
    "brightness": 1.2,
    "hue_rotation": 221.00744427110928
  }
}