{
  "seed": "fc0868e1-4786-43d7-b102-c5e27e093159",
  "params": {
    "transforms": [
      {
        "a": -0.170342416113763,
        "b": -0.5417290437344953,
        "c": 0.33150370133451146,
        "d": -0.4815513654723236,
        "e": 0.918436651551124,
        "f": 0.44371569266188127,
        "color": 0.3851255072400064,
        "weight": 0.7381169887979737,
        "variations": {
          "heart": 0.14998262737195744
        }
      },
      {
        "a": -0.242546658224976,
        "b": 0.6103950199249681,
        "c": 0.9467337505103699,
        "d": 0.09595494133807803,
        "e": 0.5758440546322201,
        "f": -0.7891704410904183,
        "color": 0.7802732730374328,
        "weight": 0.7126719928092892,
        "variations": {
          "linear": 0.9868912717503789,
          "sinusoidal": 0.5400997468311185
        }
      }
    ],
    "num_points": 2162923,
    "gamma": 2.201204063316803,
    "brightness": 1.2,
    "hue_rotation": 259.42007737421875
  }
}