{
  "seed": "0305f546-9305-4bac-8ca8-0c93257cad2e",
  "params": {
    "transforms": [
      {
        "a": -0.5844023996585033,
        "b": 0.10203401148426017,
        "c": 0.7154108728524582,
        "d": 0.806413601667902,
        "e": -0.2559457488879977,
        "f": -0.169562476679761,
        "color": 0.41946831001902185,
        "weight": 0.7178740396051201,
        "variations": {
          "polar": 0.4762596027422643,
          "swirl": 0.9244508586854511,
          "sinusoidal": 0.4864992791095599
        }
      },
      {
        "a": 0.5177897590389458,
        "b": 0.15360600634511523,
        "c": -0.631743571311846,
        "d": -0.5931262795050818,
        "e": -0.620180981714335,
        "f": -0.1649017925403009,
        "color": 0.7629537422661707,
        "weight": 0.5755799302341224,
        "variations": {
          "linear": 0.2931056333831986,
          "spherical": 0.8874400395693588
        }
      },
      {
        "a": -0.057251275097859544,
        "b": 0.7494776165188117,
        "c": 0.2673737170772179,
        "d": 0.9684107587040724,
        "e": 1.4650670413738585,
        "f": -0.8492859007425325,
        "color": 0.4125267290355572,
        "weight": 0.9514129756970152,
        "variations": {
          "spherical": 0.8474394650957802
        }
      }
    ],
    "num_points": 1584002,
    "gamma": 1.9741476959430946,
    "brightness": 1.2,
    "hue_rotation": 34.10228512455404
  }
}