{
  "seed": "dc85b008-9150-4c64-a135-b3430d2b8d51",
  "params": {
    "transforms": [
      {
        "a": -0.4615217884586955,
        "b": 0.6976801776963621,
        "c": -0.4339203486654084,
        "d": -0.7549179769902232,
        "e": -1.178894734204719,
        "f": 0.25552858395675404,
        "color": 0.23648380818760273,
        "weight": 0.7211696778934805,
        "variations": {
          "heart": 0.08884290465764766
        }
      },
      {
        "a": 0.7742647047055919,
        "b": 0.5920022767673514,
        "c": -0.11342551840656778,
        "d": -0.9848434667330686,
        "e": -0.8565812989161025,
        "f": 0.8479717710678436,
        "color": 0.013683716571534,
        "weight": 0.7784278260973486,
        "variations": {
          "sinusoidal": 0.8912855976542864,
          "spherical": 0.9701515552540025
        }
      },
      {
        "a": 0.6146629826249874,
        "b": 0.9765181666232976,
        "c": -0.8520370053713655,
        "d": 0.6039242836131542,
        "e": 0.2596325763573928,
        "f": -0.655599665238414,
        "color": 0.4614072110599232,
        "weight": 0.9512399516419988,
        "variations": {
          "swirl": 0.6376496826160906,
          "heart": 0.8743964401833464,
          "linear": 0.20268077505483506
        }
      }
    ],
    "num_points": 2664997,
    "gamma": 2.24734187578595,
    "brightness": 1.2,
    "hue_rotation": 4.194714904368282
  }
}