{
  "seed": "053a8ce2-4557-4f09-8bde-ce2e40033206",
  "params": {
    "transforms": [
      {
        "a": -0.7898850147398531,
        "b": 0.3634547611784067,
        "c": -0.46547643815473827,
        "d": 0.9613403355586971,
        "e": -0.38435972757627157,
        "f": 1.4696413721120871,
        "color": 0.24525780654155505,
        "weight": 0.20259641300528924,
        "variations": {
          "sinusoidal": 0.7600911070786324
        }
      },
      {
        "a": -0.16553242250660416,
        "b": -0.3060166190753755,
        "c": -0.8617514723415283,
        "d": -0.08180545799394978,
        "e": -0.6750276829339681,
        "f": 0.4967960182231552,
        "color": 0.8607773606848429,
        "weight": 0.845976264107123,
        "variations": {
          "linear": 0.2639772274832458,
          "polar": 0.22712869397203472
        }
      },
      {
        "a": 0.38983922470927146,
        "b": 0.6759215264562954,
        "c": -0.1280632935794963,
        "d": 0.1880329200910218,
        "e": 0.4948308275055091,
        "f": 1.2573155746744633,
        "color": 0.5103254039406312,
        "weight": 0.9179181278458963,
        "variations": {
          "heart": 0.6555652435420911,
          "spherical": 0.07852235123645901
        }
      },
      {
        "a": 0.27043017935349645,
        "b": 0.12927893147001357,
        "c": 0.8579867005758326,
        "d": 0.05457455394189381,
        "e": -0.5016279972589309,
        "f": -0.2067033359734345,
        "color": 0.2493691501287052,
        "weight": 0.7002442616273302,
        "variations": {
          "swirl": 0.4824767776370986
        }
      }
    ],
    "num_points": 2595665,
    "gamma": 2.1268472665108202,
    "brightness": 1.2,
    "hue_rotation": 239.10506738686757
  }
}