{
  "seed": "491de292-a6f9-4516-b586-8975f68edbc2",
  "params": {
    "transforms": [
      {
        "a": 0.6268537980871822,
        "b": 0.8244906932820373,
        "c": -0.0779296022774929,
        "d": 0.0976237574914125,
        "e": -0.8502008334455209,
        "f": -0.07352630941506932,
        "color": 0.09313770114987097,
        "weight": 0.7787628605746221,
        "variations": {
          "polar": 0.8174861437640396,
          "sinusoidal": 0.794921750420716,
          "swirl": 0.23931126930963942
        }
      },
      {
        "a": 0.3783482066692454,
        "b": -0.4949202483360584,
        "c": -0.5613701033548728,
        "d": 0.5133546302493204,
        "e": 0.9189487822870261,
        "f": -1.488220059305769,
        "color": 0.46671135771733485,
        "weight": 0.32743462216206315,
        "variations": {
          "heart": 0.38763726133242815,
          "polar": 0.4819735151172204,
          "sinusoidal": 0.21347373158586902
        }
      }
    ],
    "num_points": 1744786,
    "gamma": 2.03879519119836,
    "brightness": 1.2,
    "hue_rotation": 23.45013537741351
  }
}