{
  "seed": "fb4f76ef-3b15-4ca6-af82-c4c0e879789b",
  "params": {
    "transforms": [
      {
        "a": -0.7040552953166233,
        "b": -0.6874361946729721,
        "c": 0.39041243153771243,
        "d": -0.16527538314533485,
        "e": 0.9310876272443687,
        "f": 1.0513242259602174,
        "color": 0.35840624329280013,
        "weight": 0.10879594597368775,
        "variations": {
          "spherical": 0.28906372118776724,
          "swirl": 0.6463400788656163
        }
      },
      {
        "a": -0.966139796004525,
        "b": -0.637637774210204,
        "c": -0.979933400088083,
        "d": -0.8961113381507748,
        "e": -1.1820574901801866,
        "f": 0.8794481934724914,
        "color": 0.8413936285876382,
        "weight": 0.3619020477677458,
        "variations": {
          "heart": 0.35511344872236084,
          "sinusoidal": 0.8436889010004999
        }
      }
    ],
    "num_points": 2667628,
    "gamma": 2.2014925012365807,
    "brightness": 1.2,
    "hue_rotation": 56.21730409095728
  }
}