{
  "seed": "c811b3cb-2679-4368-8ded-2d396044322a",
  "params": {
    "transforms": [
      {
        "a": -0.44289919667453814,
        "b": 0.7058552670960669,
        "c": 0.7739467602246586,
        "d": -0.5838554792665789,
        "e": -0.14975379278376222,
        "f": 1.286026727367525,
        "color": 0.5005266690061277,
        "weight": 0.5211623561613252,
        "variations": {
          "heart": 0.59203319942677
        }
      },
      {
        "a": 0.11759062082519578,
        "b": 0.6910254168151995,
        "c": 0.41199747983180823,
        "d": -0.8050614375834824,
        "e": -0.8564947653364836,
        "f": 0.06999598721452482,
        "color": 0.9417881008412268,
        "weight": 0.12995587018688506,
        "variations": {
          "linear": 0.7157857298708298
        }
      },
      {
        "a": 0.7945617748863778,
        "b": -0.6665206336695162,
        "c": -0.3082659629905258,
        "d": -0.14612444456410034,
        "e": 1.3104710310037313,
        "f": 0.9445887345350603,
        "color": 0.06604354993070216,
        "weight": 0.19939936535315933,
        "variations": {
          "sinusoidal": 0.7315006614584303,
          "swirl": 0.31115632656557746
        }
      }
    ],
    "num_points": 2450605,
    "gamma": 2.492903164101588,
    "brightness": 1.2,
    "hue_rotation": 46.395393333452276
  }
}