{
  "seed": "ebb29f02-06a6-49a7-9e69-f3bdf5d816a4-377",
  "parameters": {
    "num_transforms": 3,
    "transforms": [
      {
        "a": 1.3453022716465242,
        "b": -0.7165102345119223,
        "c": -1.446230043474756,
        "d": 0.7953114642037873,
        "e": -0.710237192960699,
        "f": -0.4619893574749723,
        "color": 0.054027234892540243,
        "variations": {
          "handkerchief": 0.4783334330482598,
          "linear": 0.518291492680222,
          "polar": 0.36230460477864124
        },
        "weight": 1.1252783487358176
      },
      {
        "a": -0.8959337883775434,
        "b": 0.4481878056206452,
        "c": 1.151210644817405,
        "d": -0.1218550735887034,
        "e": -0.9130427019260589,
        "f": 1.479549444075949,
        "color": 0.6916883462132265,
        "variations": {
          "hyperbolic": 0.0,
          "spiral": 0.050157569812807834,
          "swirl": 0.0
        },
        "weight": 1.3200612329402948
      },
      {
        "a": 0.22098903961200578,
        "b": 0.5054791120575861,
        "c": 0.1699133548435987,
        "d": 1.2887100372972817,
        "e": -0.39457485471431797,
        "f": -0.7495484046533962,
        "color": 0.8474941333660877,
        "variations": {
          "handkerchief": 0.42909121309476506,
          "swirl": 0.9058108844869646,
          "disc": 0.05910690877181479,
          "spiral": 0.21386181815196825
        },
        "weight": 1.9177828675656254
      }
    ],
    "num_points": 3363650,
    "gamma": 2.983509590952024,
    "brightness": 0.5237862868559926,
    "contrast": 1.605713851805546,
    "hue_rotation": 63.40621110764784
  }
}