{
  "seed": "320f0610-f71c-4a80-9d46-dbb75bf80d69",
  "params": {
    "transforms": [
      {
        "a": 0.01879896367274747,
        "b": 0.16239959733200782,
        "c": 0.29535032709284414,
        "d": 0.7632005196216003,
        "e": -0.1709299752807989,
        "f": -0.014471963590750647,
        "color": 0.10697710248785508,
        "weight": 0.24585830015229904,
        "variations": {
          "heart": 0.015738566083798977,
          "linear": 0.18147847910667358
        }
      },
      {
        "a": -0.10226167399515873,
        "b": 0.2668722393924938,
        "c": -0.8218921198867963,
        "d": -0.5015244413682107,
        "e": -0.14077032305975345,
        "f": 1.1183064162267753,
        "color": 0.4672108444727917,
        "weight": 0.884169316090564,
        "variations": {
          "swirl": 0.9444691893562764
        }
      },
      {
        "a": -0.5845996267503271,
        "b": 0.6152248314155382,
        "c": -0.5651817103926231,
        "d": -0.06109818530950828,
        "e": -1.2977840861171035,
        "f": -0.26711988788350105,
        "color": 0.5759436068123699,
        "weight": 0.34772074497585925,
        "variations": {
          "swirl": 0.4721065454924136,
          "polar": 0.5566043757352945
        }
      },
      {
        "a": 0.31740373855458937,
        "b": -0.135002657622463,
        "c": -0.8461483110658004,
        "d": 0.5408342507353616,
        "e": 0.6092653596575759,
        "f": -1.2527400444915346,
        "color": 0.4902766612998556,
        "weight": 0.41478210116742453,
        "variations": {
          "polar": 0.4047647953033259,
          "heart": 0.6064105143066303,
          "sinusoidal": 0.12271723261427592
        }
      }
    ],
    "num_points": 2808173,
    "gamma": 2.009847216196556,
    "brightness": 1.2,
    "hue_rotation": 20.041774256654307
  }
}