{
  "seed": "eb8b9501-a8c0-4ca9-93d2-093a324587b5",
  "params": {
    "transforms": [
      {
        "a": -0.34728117879502984,
        "b": -0.3405833627672106,
        "c": -0.1381456264509311,
        "d": 0.8820636667943924,
        "e": -0.44007555552478106,
        "f": -0.010848303448944385,
        "color": 0.775184949409615,
        "weight": 0.43217985769701195,
        "variations": {
          "swirl": 0.039298837076792714,
          "spherical": 0.5263810644211481
        }
      },
      {
        "a": -0.11813502149975674,
        "b": 0.707133377406691,
        "c": 0.11592665348857278,
        "d": 0.4138304518803957,
        "e": -0.28723036037078753,
        "f": -0.5530958079137183,
        "color": 0.01812677007564456,
        "weight": 0.3393717782271284,
        "variations": {
          "heart": 0.2428579777548454,
          "spherical": 0.2140765713288394
        }
      }
    ],
    "num_points": 1973992,
    "gamma": 1.9957139378375321,
    "brightness": 1.2,
    "hue_rotation": 344.65806367845124
  }
}