{
  "seed": "a0322876-99cb-4518-9100-32e69fcbb5da-601",
  "parameters": {
    "num_transforms": 4,
    "transforms": [
      {
        "a": -0.4196531781298607,
        "b": -0.46375508594596404,
        "c": -0.8863963261931179,
        "d": -0.24422815968309508,
        "e": 0.12242574849125276,
        "f": -0.7377624569668344,
        "color": 0.10079457184027996,
        "variations": {
          "heart": 0.1656654439723062,
          "linear": 0.0
        },
        "weight": 1.5338842361592635
      },
      {
        "a": -0.0098867286138129,
        "b": -0.5850605637152624,
        "c": -0.33075245040441925,
        "d": 1.2926444493712768,
        "e": -1.2059568821145343,
        "f": 0.06394700691706845,
        "color": 0.33268715858459985,
        "variations": {
          "horseshoe": 0.37532446274690245,
          "handkerchief": 0.0
        },
        "weight": 0.6800900315300127
      },
      {
        "a": 0.833387784726082,
        "b": 1.0211185642483702,
        "c": 0.18306335684626052,
        "d": 0.47214211401623496,
        "e": 0.16841831581431865,
        "f": 0.48755043385534513,
        "color": 0.35940821607283313,
        "variations": {
          "spherical": 0.0,
          "sinusoidal": 0.7605093506567714,
          "disc": 0.43322907142773115,
          "linear": 0.0
        },
        "weight": 1.5874037669371535
      },
      {
        "a": -0.34482441878188785,
        "b": -0.9997095403044662,
        "c": 1.1375373779909879,
        "d": 0.8804308976943371,
        "e": 0.10152773822351335,
        "f": -0.1927083754187624,
        "color": 0.533997552935277,
        "variations": {
          "spherical": 0.5586935064648991,
          "linear": 0.509782515604872
        },
        "weight": 0.9894093982107444
      }
    ],
    "num_points": 4143763,
    "gamma": 1.4607757555546197,
    "brightness": 0.7004135248920944,
    "contrast": 1.739960027616959,
    "hue_rotation": 49.2584157220256
  }
}