{
  "seed": "e36c2251-e4cb-4a5e-8ee3-295ee7a7d487",
  "params": {
    "transforms": [
      {
        "a": -0.7997737957509949,
        "b": -0.3196049568639472,
        "c": -0.5097408723994779,
        "d": -0.8842191858711947,
        "e": -0.4752339762832605,
        "f": 1.3902292440569672,
        "color": 0.6571697016916019,
        "weight": 0.7941089278952156,
        "variations": {
          "linear": 0.9665102841955729,
          "polar": 0.8491689473274384,
          "swirl": 0.01801493032970003
        }
      },
      {
        "a": 0.9154413862218049,
        "b": -0.23829618380806017,
        "c": -0.6459424403360912,
        "d": 0.842410435377503,
        "e": -1.0256074954461196,
        "f": -0.014536183925923263,
        "color": 0.5718784461111446,
        "weight": 0.8861272345731462,
        "variations": {
          "spherical": 0.10255293285140366,
          "polar": 0.026390508964607262
        }
      },
      {
        "a": -0.7954326993126573,
        "b": 0.5208489127571723,
        "c": -0.10531520441732778,
        "d": 0.7809968558225426,
        "e": 0.9920966785382541,
        "f": 0.41600021128651044,
        "color": 0.12840088953537154,
        "weight": 0.5320381754322309,
        "variations": {
          "polar": 0.8795361576967664
        }
      }
    ],
    "num_points": 1054184,
    "gamma": 1.8502573853765767,
    "brightness": 1.2,
    "hue_rotation": 158.07116139837217
  }
}