{
  "seed": "20d32f7a-e010-411a-b6fc-06aaa3a41f84",
  "params": {
    "transforms": [
      {
        "a": 0.7003810713316037,
        "b": -0.8862546206278556,
        "c": -0.6225947292257354,
        "d": 0.525223780373405,
        "e": 0.2470945242501208,
        "f": -1.37997523172228,
        "color": 0.9152715215578694,
        "weight": 0.9947671691073439,
        "variations": {
          "linear": 0.5247828762727939,
          "spherical": 0.46355107763560366
        }
      },
      {
        "a": 0.9816901376316818,
        "b": 0.14475791685267048,
        "c": 0.6305392185413428,
        "d": -0.330585892082218,
        "e": 0.10550542483910252,
        "f": 0.26834727882811626,
        "color": 0.6185134667352445,
        "weight": 0.7525389068251835,
        "variations": {
          "linear": 0.3835533612118164
        }
      },
      {
        "a": -0.48939133900045007,
        "b": 0.6342579971257032,
        "c": 0.17590300933802339,
        "d": 0.33676508378538794,
        "e": 1.0488936986232424,
        "f": 1.4244830746867705,
        "color": 0.9252993542639917,
        "weight": 0.43989674656029976,
        "variations": {
          "sinusoidal": 0.5444258985408074,
          "polar": 0.8974344109768309
        }
      },
      {
        "a": 0.13836769713261798,
        "b": 0.5704341900513943,
        "c": 0.4941693353563861,
        "d": 0.8849958309459021,
        "e": -0.14295357043434365,
        "f": 0.3602266688135731,
        "color": 0.06160252600908034,
        "weight": 0.5018994083766056,
        "variations": {
          "heart": 0.9146714084920434
        }
      }
    ],
    "num_points": 2001925,
    "gamma": 2.1452951889404237,
    "brightness": 1.2,
    "hue_rotation": 236.61502783105868
  }
}