{
  "seed": "b7c16a9c-ac08-455d-8216-c7c43de59dc0",
  "params": {
    "transforms": [
      {
        "a": 0.5877456509572279,
        "b": -0.18901619585923424,
        "c": 0.9162675233542681,
        "d": 0.6295466002967351,
        "e": 1.4845576477857039,
        "f": 0.7696031275235606,
        "color": 0.5985572301943304,
        "weight": 0.25331716671385995,
        "variations": {
          "spherical": 0.044397646578910765,
          "heart": 0.8924215137298946,
          "sinusoidal": 0.9742876621154402
        }
      },
      {
        "a": -0.9304938567745111,
        "b": -0.18725844399129188,
        "c": 0.5219116166827109,
        "d": 0.09282943663519982,
        "e": -0.6156959106023873,
        "f": -1.0675955598153857,
        "color": 0.25024569239895145,
        "weight": 0.4075392619454786,
        "variations": {
          "sinusoidal": 0.881320524332488,
          "spherical": 0.3923319522510207
        }
      },
      {
        "a": -0.28990352628852967,
        "b": 0.3517247075098786,
        "c": -0.4222995262153011,
        "d": -0.8016785442387095,
        "e": -0.7224850421997746,
        "f": -0.7774404264701588,
        "color": 0.8107255471320965,
        "weight": 0.3818816247458491,
        "variations": {
          "heart": 0.9164912961040296,
          "sinusoidal": 0.06118653900905302,
          "polar": 0.8032577631876987
        }
      },
      {
        "a": 0.172480128344628,
        "b": -0.29897265573549503,
        "c": -0.5216185402978548,
        "d": 0.23431198527389885,
        "e": 0.7496399760230958,
        "f": 1.2451192604831443,
        "color": 0.6162130250161761,
        "weight": 0.987133495724578,
        "variations": {
          "linear": 0.20668296465137903
        }
      }
    ],
    "num_points": 2532576,
    "gamma": 2.1378861241347304,
    "brightness": 1.2,
    "hue_rotation": 65.3578704167204
  }
}