{
  "seed": "9390f480-98e6-4681-a6ba-aef36c442bb9",
  "params": {
    "transforms": [
      {
        "a": 0.7653421082989027,
        "b": 0.19498594032806604,
        "c": -0.28186830268744334,
        "d": 0.6035059188071463,
        "e": -0.9845109085986512,
        "f": 1.3484708562255632,
        "color": 0.8924628208279091,
        "weight": 0.2757093303663666,
        "variations": {
          "polar": 0.14018583460617862,
          "swirl": 0.6748148890631943,
          "sinusoidal": 0.41466681242719916
        }
      },
      {
        "a": 0.8810618536577397,
        "b": 0.15260837159881868,
        "c": 0.573983909189578,
        "d": 0.4604197479393559,
        "e": -0.3536550597483399,
        "f": -0.3451507230291413,
        "color": 0.7326625944557055,
        "weight": 0.3136334906606426,
        "variations": {
          "sinusoidal": 0.5941143662594661
        }
      }
    ],
    "num_points": 1064331,
    "gamma": 2.386421408083916,
    "brightness": 1.2,
    "hue_rotation": 251.7086560167057
  }
}