{
  "seed": "8cff7fdf-8b2c-4856-85b8-bafff90b5019",
  "params": {
    "transforms": [
      {
        "a": -0.4645143406564738,
        "b": 0.7733613351424964,
        "c": -0.5866168671814118,
        "d": -0.15608470407215647,
        "e": -0.9291353701337491,
        "f": 0.6099427138006353,
        "color": 0.017226050502725077,
        "weight": 0.4950060396400958,
        "variations": {
          "sinusoidal": 0.49749090302322674
        }
      },
      {
        "a": -0.5001801877414189,
        "b": -0.33101468669165457,
        "c": -0.41845902224368103,
        "d": 0.9444906242590378,
        "e": 0.15881540601920907,
        "f": -1.1843066176960793,
        "color": 0.8875846293538577,
        "weight": 0.1958725399971402,
        "variations": {
          "linear": 0.9153029394043986,
          "heart": 0.44884999543641413,
          "spherical": 0.31053326426493677
        }
      },
      {
        "a": 0.2675311808726297,
        "b": 0.8473332242578269,
        "c": 0.7402613176636748,
        "d": -0.35942414650318644,
        "e": -0.48410079400587946,
        "f": 0.3054357098470837,
        "color": 0.8897347667638461,
        "weight": 0.5147847465919209,
        "variations": {
          "heart": 0.4813727060867331
        }
      }
    ],
    "num_points": 1826678,
    "gamma": 1.8336082861553122,
    "brightness": 1.2,
    "hue_rotation": 206.9129730571098
  }
}