{
  "seed": "f4250fe2-12bf-4bf9-9dc7-81e57910b891",
  "params": {
    "transforms": [
      {
        "a": -0.9802544785223599,
        "b": -0.0864229768330882,
        "c": -0.3010658955463188,
        "d": -0.00802588035736762,
        "e": 0.5500262498637327,
        "f": -0.9388029766781878,
        "color": 0.7273327995156756,
        "weight": 0.22022114521015523,
        "variations": {
          "spherical": 0.9352811433196265,
          "swirl": 0.062116292865968425
        }
      },
      {
        "a": -0.5666926048461944,
        "b": 0.4055917098326851,
        "c": -0.04304502752085049,
        "d": -0.5152007449879417,
        "e": -1.2108682379079077,
        "f": -0.11799987979874693,
        "color": 0.923741400244155,
        "weight": 0.5771133223285843,
        "variations": {
          "spherical": 0.6952157250595878
        }
      }
    ],
    "num_points": 2706698,
    "gamma": 2.2477426986644238,
    "brightness": 1.2,
    "hue_rotation": 11.736360270392545
  }
}