{
  "seed": "216e67ff-d20c-4753-8a1b-9df410be1d61",
  "params": {
    "transforms": [
      {
        "a": -0.7440310383368332,
        "b": -0.20767634123019918,
        "c": -0.7410974158743722,
        "d": 0.7551079003390428,
        "e": 0.04300766439062853,
        "f": -0.8966890588703549,
        "color": 0.8339437670729627,
        "weight": 0.6045235449893966,
        "variations": {
          "spherical": 0.316449169320106
        }
      },
      {
        "a": -0.22673923485384395,
        "b": 0.8500849529736414,
        "c": -0.24219259247123315,
        "d": -0.47972461570861347,
        "e": -0.8275541290617067,
        "f": -1.4062529090623652,
        "color": 0.20767827827780483,
        "weight": 0.714622652369323,
        "variations": {
          "sinusoidal": 0.6343483108503678
        }
      }
    ],
    "num_points": 2287825,
    "gamma": 2.0030103741619696,
    "brightness": 1.2,
    "hue_rotation": 99.13387858499995
  }
}