{
  "seed": "38a6e998-589d-440a-842d-3692e595fa91",
  "params": {
    "transforms": [
      {
        "a": -0.6246221074871332,
        "b": 0.8887237047169014,
        "c": -0.3292391698135064,
        "d": -0.10291798278588926,
        "e": 0.08355291150671018,
        "f": 0.24051068409858867,
        "color": 0.14969830068677614,
        "weight": 0.16927974706932175,
        "variations": {
          "polar": 0.6481840082001552,
          "heart": 0.05828911422993166,
          "linear": 0.38636458550277686
        }
      },
      {
        "a": 0.5380670862250785,
        "b": 0.7585515309914166,
        "c": -0.9440667840155124,
        "d": -0.8585528804467253,
        "e": -0.25018969372037936,
        "f": -0.034295763803581236,
        "color": 0.12598835972206646,
        "weight": 0.9215923030944329,
        "variations": {
          "sinusoidal": 0.643882471257076
        }
      }
    ],
    "num_points": 1121688,
    "gamma": 2.0816100355625555,
    "brightness": 1.2,
    "hue_rotation": 265.20699630092344
  }
}