{
  "seed": "b9accecf-a232-44f6-ba09-c4d246416437",
  "params": {
    "transforms": [
      {
        "a": 0.7855118081200954,
        "b": 0.07219443400972403,
        "c": -0.47619326317349175,
        "d": -0.973808354497611,
        "e": 0.3174856453433228,
        "f": -1.2398474105362203,
        "color": 0.013615267300875145,
        "weight": 0.5885418235812938,
        "variations": {
          "linear": 0.3281550443902306,
          "heart": 0.07687686801783089
        }
      },
      {
        "a": 0.1949798047734499,
        "b": -0.0641736889423361,
        "c": 0.20282136969984088,
        "d": 0.9566454097998449,
        "e": -0.7763125764050178,
        "f": -0.15855773362524994,
        "color": 0.8294087458402349,
        "weight": 0.5739789312472989,
        "variations": {
          "spherical": 0.6015515240781566,
          "polar": 0.7952237416842827
        }
      },
      {
        "a": 0.9632504419414103,
        "b": -0.17118603042645697,
        "c": 0.22773834951494476,
        "d": 0.8897866343053755,
        "e": 1.1260457535923627,
        "f": 1.0813605453223416,
        "color": 0.2586802955915134,
        "weight": 0.8152400322472386,
        "variations": {
          "polar": 0.3966088978698995,
          "heart": 0.3708184191452406,
          "spherical": 0.10832831931877929
        }
      }
    ],
    "num_points": 1551069,
    "gamma": 2.282067336713801,
    "brightness": 1.2,
    "hue_rotation": 13.74640536204993
  }
}