{
  "seed": "1c2eb2be-16d3-40f8-8c1f-59691c63b7fe",
  "params": {
    "transforms": [
      {
        "a": -0.07986309587494822,
        "b": -0.9229385264574967,
        "c": 0.051636871965819786,
        "d": 0.24477440338002654,
        "e": -0.340622050139205,
        "f": 0.5688357592818281,
        "color": 0.7891420861224029,
        "weight": 0.917112305772361,
        "variations": {
          "polar": 0.2690408419695298
        }
      },
      {
        "a": -0.843657214259717,
        "b": 0.8131543712752389,
        "c": -0.6739438525761554,
        "d": -0.9667008409497329,
        "e": 0.08343157981895555,
        "f": -0.22848128472842788,
        "color": 0.18716063458027776,
        "weight": 0.4076891024883993,
        "variations": {
          "polar": 0.4757331447746629,
          "spherical": 0.11428164883059211,
          "sinusoidal": 0.8123123961529689
        }
      }
    ],
    "num_points": 1884073,
    "gamma": 2.035071524760617,
    "brightness": 1.2,
    "hue_rotation": 230.73841281997738
  }
}