{
  "seed": "c2ffc611-2a8e-4db3-99e6-578ebe0f8ffe",
  "params": {
    "transforms": [
      {
        "a": -0.4517600632535905,
        "b": -0.03661953030135723,
        "c": 0.5322697788960868,
        "d": -0.05390202321388493,
        "e": 1.0865414728800684,
        "f": 0.8803054419344529,
        "color": 0.5261469809713203,
        "weight": 0.7759832139752884,
        "variations": {
          "spherical": 0.5973723861308622
        }
      },
      {
        "a": 0.19462968673135728,
        "b": -0.44794016373321877,
        "c": 0.9660676970287521,
        "d": 0.5510809773155971,
        "e": 0.5229028424147808,
        "f": 1.4981698079344317,
        "color": 0.3367298568282667,
        "weight": 0.877150013707668,
        "variations": {
          "spherical": 0.773662404390875,
          "swirl": 0.37086518927554235,
          "polar": 0.034565630084331556
        }
      },
      {
        "a": -0.23354374906902375,
        "b": -0.723498607164299,
        "c": 0.5952694701286525,
        "d": 0.18259005110122906,
        "e": 0.007072103943647656,
        "f": -0.6916228269716727,
        "color": 0.520047105309735,
        "weight": 0.23448761450450356,
        "variations": {
          "heart": 0.3976351143350034,
          "linear": 0.49173916593815314,
          "spherical": 0.6404508761583244
        }
      },
      {
        "a": -0.8680614162908731,
        "b": -0.27191809173161685,
        "c": -0.3429080487090155,
        "d": 0.6215778417582392,
        "e": 0.6579975944060736,
        "f": -0.1343375343365587,
        "color": 0.3525388205905987,
        "weight": 0.7441629268099345,
        "variations": {
          "sinusoidal": 0.7690757277749167,
          "spherical": 0.9286119451688052,
          "swirl": 0.5051827304340113
        }
      }
    ],
    "num_points": 1818418,
    "gamma": 2.0589084912316045,
    "brightness": 1.2,
    "hue_rotation": 122.3530158131045
  }
}