{
  "seed": "b481d18a-b997-46e8-add6-1c0a2aea2db5",
  "params": {
    "transforms": [
      {
        "a": 0.04507302803087687,
        "b": -0.2936573446548807,
        "c": -0.7863837537332732,
        "d": -0.237318455209103,
        "e": 1.4712328462069326,
        "f": 0.7630976858182779,
        "color": 0.584468378914457,
        "weight": 0.5071701364873156,
        "variations": {
          "heart": 0.3401857102549848
        }
      },
      {
        "a": -0.24125642377122758,
        "b": 0.26196207695437335,
        "c": 0.584637052588914,
        "d": 0.1620484173215877,
        "e": -1.494726150750457,
        "f": -0.406156757038034,
        "color": 0.70589210352217,
        "weight": 0.853053028717635,
        "variations": {
          "sinusoidal": 0.5709573977997662,
          "linear": 0.040069060935421064,
          "polar": 0.9452704766387583
        }
      },
      {
        "a": -0.5865608469033239,
        "b": 0.8920079195502324,
        "c": -0.14102857107209754,
        "d": 0.17683946912786142,
        "e": 1.1696699707384934,
        "f": -0.9137286606581844,
        "color": 0.8191697597487793,
        "weight": 0.4288802167500946,
        "variations": {
          "spherical": 0.25540356545781207,
          "heart": 0.40294559169029065
        }
      },
      {
        "a": 0.8077059381621334,
        "b": -0.10994664841138335,
        "c": -0.9249503500499214,
        "d": 0.17922676791358216,
        "e": 0.355472469922844,
        "f": -0.6499300499183986,
        "color": 0.9106678220059599,
        "weight": 0.8883932005049302,
        "variations": {
          "polar": 0.8618416949727812
        }
      }
    ],
    "num_points": 1938305,
    "gamma": 2.298217517423178,
    "brightness": 1.2,
    "hue_rotation": 281.19983294720254
  }
}