{
  "seed": "01c5885b-c87e-4e15-a3d2-54c43d820119",
  "params": {
    "transforms": [
      {
        "a": -0.14440253650881218,
        "b": -0.2358020240508436,
        "c": 0.7708258317941836,
        "d": -0.1069990737183284,
        "e": -0.26692753474140307,
        "f": -0.7804820885111285,
        "color": 0.6052292124817051,
        "weight": 0.4152018618724811,
        "variations": {
          "sinusoidal": 0.8196584384064975,
          "swirl": 0.9724194573053121,
          "spherical": 0.2093773377166308
        }
      },
      {
        "a": -0.3760584534275262,
        "b": -0.5706110883370343,
        "c": 0.6531367034378761,
        "d": -0.6875537811302856,
        "e": 1.3262395983229727,
        "f": -0.9685377827968937,
        "color": 0.423424608306055,
        "weight": 0.5704244612276032,
        "variations": {
          "polar": 0.10766093265252386,
          "sinusoidal": 0.5235468294106614
        }
      }
    ],
    "num_points": 2198797,
    "gamma": 2.3225363350840964,
    "brightness": 1.2,
    "hue_rotation": 132.28809486686174
  }
}