{
  "seed": "c6aabdaf-58b3-4fc6-a733-76b84a693f91",
  "params": {
    "transforms": [
      {
        "a": -0.3761137606263891,
        "b": -0.19245446417042666,
        "c": -0.6155967374312483,
        "d": 0.14756690715695253,
        "e": 0.4578259692919935,
        "f": -0.4685516905460858,
        "color": 0.7868015938213104,
        "weight": 0.6723048095958909,
        "variations": {
          "linear": 0.20117829446130842
        }
      },
      {
        "a": -0.5234087835606063,
        "b": 0.07911613900339787,
        "c": 0.6458012494644314,
        "d": 0.9268938274322975,
        "e": -0.2539084153750033,
        "f": -0.7052200603987411,
        "color": 0.5333017865372315,
        "weight": 0.5069180795324758,
        "variations": {
          "sinusoidal": 0.05493622940853604
        }
      },
      {
        "a": 0.042354154879742145,
        "b": 0.7062507633921742,
        "c": -0.07362284568475186,
        "d": 0.7560762391456737,
        "e": -0.06140365259610614,
        "f": 0.37479782361749914,
        "color": 0.88077265427774,
        "weight": 0.2947818124796877,
        "variations": {
          "swirl": 0.8615346144915568
        }
      }
    ],
    "num_points": 2090253,
    "gamma": 2.3997456256136793,
    "brightness": 1.2,
    "hue_rotation": 165.56412012264866
  }
}