{
  "seed": "ff2706a0-d372-4824-bb66-5510c5b7ce75",
  "params": {
    "transforms": [
      {
        "a": 0.2778333209911201,
        "b": -0.20257657252275796,
        "c": 0.6713155481287456,
        "d": -0.4042424567456653,
        "e": 0.5371523738577126,
        "f": -0.6486823556786845,
        "color": 0.2676697989864737,
        "weight": 0.999476945607314,
        "variations": {
          "sinusoidal": 0.4560065473288032,
          "polar": 0.2304033629116089
        }
      },
      {
        "a": -0.5737001109770696,
        "b": -0.454593223047735,
        "c": 0.8747927576560457,
        "d": 0.8401163252200472,
        "e": 0.7511694423636941,
        "f": 1.2490497066083215,
        "color": 0.4769137083024012,
        "weight": 0.6261840853879375,
        "variations": {
          "linear": 0.5386987013531501
        }
      },
      {
        "a": 0.9433770967801738,
        "b": -0.1883011701724433,
        "c": -0.9646475839928901,
        "d": -0.9116488286039051,
        "e": -0.4378373993765119,
        "f": 0.6263662887850217,
        "color": 0.3211437916693519,
        "weight": 0.6480312846368207,
        "variations": {
          "linear": 0.7378173245510272,
          "spherical": 0.7671233699781841,
          "heart": 0.7917888700810469
        }
      }
    ],
    "num_points": 2007399,
    "gamma": 2.3202708369676435,
    "brightness": 1.2,
    "hue_rotation": 15.465758659299658
  }
}