{
  "seed": "51632bf7-6d41-453a-8e5f-04250aaa53f8",
  "params": {
    "transforms": [
      {
        "a": -0.6860314598723147,
        "b": 0.7627625660909485,
        "c": -0.7402011936737511,
        "d": 0.28039547116156727,
        "e": -0.4757898512425931,
        "f": 0.9291587762085634,
        "color": 0.3347686566034547,
        "weight": 0.5843444391016867,
        "variations": {
          "spherical": 0.5421178812022822,
          "sinusoidal": 0.7113381995466389
        }
      },
      {
        "a": 0.7143799921043739,
        "b": 0.33238041194460033,
        "c": -0.5447613229473924,
        "d": -0.7905344270659154,
        "e": -1.2696298026822521,
        "f": -0.16241062865639644,
        "color": 0.25090216382322494,
        "weight": 0.6071763080213062,
        "variations": {
          "swirl": 0.6694545291168116,
          "spherical": 0.5045570308051287
        }
      },
      {
        "a": 0.43604377895160007,
        "b": 0.015764963047204317,
        "c": -0.024969145408650695,
        "d": 0.1347475028772669,
        "e": -0.7915290157452546,
        "f": 1.2183018435329132,
        "color": 0.4393474731396221,
        "weight": 0.9269474214128065,
        "variations": {
          "polar": 0.9947591131072223,
          "spherical": 0.9388859165786368
        }
      }
    ],
    "num_points": 1626045,
    "gamma": 2.300051087684925,
    "brightness": 1.2,
    "hue_rotation": 263.61877450827234
  }
}