{
  "seed": "3f470c38-3579-44c1-aa53-d0e99eede265",
  "params": {
    "transforms": [
      {
        "a": 0.18998287064839703,
        "b": 0.9938722262050179,
        "c": 0.018125530326583705,
        "d": 0.18070160658659384,
        "e": 0.21192067924405267,
        "f": -0.3135057404032615,
        "color": 0.5673379480007144,
        "weight": 0.6123202710493267,
        "variations": {
          "sinusoidal": 0.9425788667322212,
          "heart": 0.38482997148257403,
          "spherical": 0.7859423374790538
        }
      },
      {
        "a": -0.7498697779942394,
        "b": 0.5973386733974642,
        "c": 0.22673434053625652,
        "d": -0.3862760704268968,
        "e": -0.0877250587084919,
        "f": 0.2664561494105684,
        "color": 0.8928934951318224,
        "weight": 0.9556408706100418,
        "variations": {
          "swirl": 0.9086881840703486
        }
      },
      {
        "a": -0.7378956059851323,
        "b": 0.6765020604099614,
        "c": -0.8561120500502277,
        "d": -0.9606054380550133,
        "e": -0.5171452919708415,
        "f": 0.08028456618367352,
        "color": 0.8093692537040881,
        "weight": 0.10155030628631558,
        "variations": {
          "polar": 0.20308709604898045,
          "linear": 0.26321969288945524
        }
      },
      {
        "a": -0.6830450713595129,
        "b": 0.42651223368275515,
        "c": -0.2753741807717147,
        "d": 0.020632694715863487,
        "e": 0.7681077216404217,
        "f": -0.6442366007180886,
        "color": 0.36434351872878956,
        "weight": 0.38422256621177975,
        "variations": {
          "spherical": 0.6555930093401628,
          "swirl": 0.7994653080783215,
          "linear": 0.6537473634190086
        }
      }
    ],
    "num_points": 1936461,
    "gamma": 2.2057009500226137,
    "brightness": 1.2,
    "hue_rotation": 75.55644479245748
  }
}