{
  "seed": "df9f8810-14b8-4a56-9e24-d975bda988dd-118",
  "parameters": {
    "num_transforms": 4,
    "transforms": [
      {
        "a": 0.24776029947881906,
        "b": -1.0073295788000012,
        "c": -0.8553649235028812,
        "d": -1.367360436380069,
        "e": -1.1572266922941794,
        "f": 0.383875375822023,
        "color": 0.9088630488704869,
        "variations": {
          "sinusoidal": 0.15576514587717416,
          "swirl": 0.24381712425388535,
          "disc": 0.511151328250651
        },
        "weight": 1.3342195054905688
      },
      {
        "a": 0.19399737963517927,
        "b": 0.26470665461224807,
        "c": -0.354517510255862,
        "d": -1.4926767032468873,
        "e": 1.4699644764425739,
        "f": 0.835708142473329,
        "color": 0.7678594488490873,
        "variations": {
          "swirl": 0.5046889425155304,
          "hyperbolic": 0.0,
          "disc": 0.9648770341893899,
          "spiral": 0.3651437252368235
        },
        "weight": 1.3464563929022066
      },
      {
        "a": -1.3284807760463102,
        "b": -1.4632532714348554,
        "c": -0.9467522764622467,
        "d": -0.6848449799530647,
        "e": 0.6150046422531701,
        "f": 0.5134469830726731,
        "color": 0.6424084692825262,
        "variations": {
          "linear": 0.0,
          "disc": 0.6353002470030416,
          "horseshoe": 0.8820116796185588
        },
        "weight": 1.6428060104821793
      },
      {
        "a": -0.35080508409394984,
        "b": 0.4036675515525876,
        "c": 1.4614183600441004,
        "d": -0.12269982536482615,
        "e": 1.2737301211088132,
        "f": -0.02091987616229396,
        "color": 0.011958863372054651,
        "variations": {
          "spiral": 0.2535825141416076,
          "heart": 0.5707217960300279
        },
        "weight": 1.293835692647483
      }
    ],
    "num_points": 4642028,
    "gamma": 3.315812015382823,
    "brightness": 0.7380158762731629,
    "contrast": 0.7095481059024175,
    "hue_rotation": 132.11438965057397
  }
}