{
  "seed": "77f6ac0e-7f5b-4b7c-9c5f-64abd57027b7",
  "params": {
    "transforms": [
      {
        "a": -0.7110503165126674,
        "b": -0.8656073306784235,
        "c": 0.5960518087255382,
        "d": -0.4143646909412655,
        "e": 1.0675759716312347,
        "f": -0.1805710685800892,
        "color": 0.5626693988723611,
        "weight": 0.6298720318583322,
        "variations": {
          "polar": 0.9272513036088756,
          "swirl": 0.3361744293414016,
          "sinusoidal": 0.9447843961233261
        }
      },
      {
        "a": -0.43027306513611174,
        "b": 0.2853047594927005,
        "c": -0.9222513831210628,
        "d": 0.9794513150876121,
        "e": -0.6068914096999501,
        "f": 0.5713639765112459,
        "color": 0.6199183457206014,
        "weight": 0.11144583214966262,
        "variations": {
          "heart": 0.8751804593967968,
          "spherical": 0.12499692645444682
        }
      },
      {
        "a": 0.7857214678607418,
        "b": 0.9391873474653258,
        "c": 0.8887952170495175,
        "d": -0.5539240747062111,
        "e": 0.2333405397165773,
        "f": -1.0617706242012435,
        "color": 0.8289407319846878,
        "weight": 0.46711224497325454,
        "variations": {
          "linear": 0.010307456639591539,
          "sinusoidal": 0.5482084829001972,
          "polar": 0.9023567748528448
        }
      },
      {
        "a": -0.34839477401555263,
        "b": -0.0453940293918389,
        "c": 0.06836708215924636,
        "d": -0.04258091931846675,
        "e": -0.07751811254985541,
        "f": 0.892354264001372,
        "color": 0.8193088239962064,
        "weight": 0.7833538002318562,
        "variations": {
          "swirl": 0.5734258643918858
        }
      }
    ],
    "num_points": 2202906,
    "gamma": 2.3918259100197163,
    "brightness": 1.2,
    "hue_rotation": 233.68290237410054
  }
}