{
  "seed": "da0c7695-e478-4f83-84f6-9e094cf2826b",
  "params": {
    "transforms": [
      {
        "a": -0.1936281406833793,
        "b": -0.7726233349217326,
        "c": -0.4787017409872716,
        "d": -0.05102022461020028,
        "e": 0.2316396071297624,
        "f": 0.31521465400824233,
        "color": 0.9924077056003442,
        "weight": 0.7702790907189385,
        "variations": {
          "swirl": 0.6223954798379554,
          "heart": 0.22576665331186663,
          "polar": 0.6087015163682085
        }
      },
      {
        "a": 0.3683872122251115,
        "b": 0.31316088265435327,
        "c": 0.48346647069030957,
        "d": -0.6199382571520049,
        "e": -0.595664261445839,
        "f": -0.4144441461197974,
        "color": 0.11919245140858703,
        "weight": 0.10922982897290004,
        "variations": {
          "sinusoidal": 0.7949870343357865,
          "swirl": 0.19324205236563374
        }
      }
    ],
    "num_points": 2839701,
    "gamma": 2.018530847728443,
    "brightness": 1.2,
    "hue_rotation": 38.806749069318926
  }
}