{
  "seed": "9c136ab3-ceec-4d79-bead-4c7fe78f5dba",
  "params": {
    "transforms": [
      {
        "a": 0.18616361347432364,
        "b": -0.3853775364143286,
        "c": -0.2141393051642222,
        "d": 0.41431622470506047,
        "e": 1.286505123378277,
        "f": 1.2601502114205925,
        "color": 0.4336551507578432,
        "weight": 0.678713851393727,
        "variations": {
          "spherical": 0.28822019014577904,
          "swirl": 0.9343672124643236
        }
      },
      {
        "a": -0.5856557684813481,
        "b": -0.5303685527720592,
        "c": 0.5826457871081414,
        "d": 0.2500771195135969,
        "e": -1.2457509573627203,
        "f": -0.9829379444326276,
        "color": 0.3335214396633488,
        "weight": 0.9373167317892349,
        "variations": {
          "swirl": 0.8541670818226257
        }
      }
    ],
    "num_points": 1712866,
    "gamma": 2.2203229491984624,
    "brightness": 1.2,
    "hue_rotation": 158.87688761510904
  }
}