{
  "seed": "1a5458cb-72f0-40c9-b725-94c8bcaa55b3-147",
  "parameters": {
    "num_transforms": 4,
    "transforms": [
      {
        "a": 1.4976961846662649,
        "b": 1.2546403895077312,
        "c": -0.555845003823366,
        "d": -0.8979390515513933,
        "e": -1.0775385591241482,
        "f": 0.32502095797261554,
        "color": 0.3231191570854647,
        "variations": {
          "swirl": 0.17771191847643797,
          "horseshoe": 0.0260541271069038,
          "spherical": 0.9119108321983477,
          "hyperbolic": 0.1432275416585792
        },
        "weight": 1.3189428247375263
      },
      {
        "a": -0.3777748198784674,
        "b": -0.03736145954740744,
        "c": 0.5239012592392229,
        "d": 0.026611430533046043,
        "e": -1.267403060602398,
        "f": 0.5250142535258759,
        "color": 0.9981157844062073,
        "variations": {
          "spiral": 0.0,
          "horseshoe": 0.0,
          "heart": 0.5658521054303853,
          "handkerchief": 0.10261753382802352
        },
        "weight": 0.927348991204765
      },
      {
        "a": 1.2635011324022432,
        "b": -0.7509011775496703,
        "c": -0.2984760147922616,
        "d": -0.1881893261801053,
        "e": -1.352364028919546,
        "f": 0.6360362219535776,
        "color": 0.5074660631116288,
        "variations": {
          "handkerchief": 0.9853011549697992,
          "polar": 0.5751458157561695
        },
        "weight": 1.4599161534399376
      },
      {
        "a": -1.3516472487928866,
        "b": -1.3311943771459016,
        "c": -1.345993328081661,
        "d": 0.029409501007733763,
        "e": 1.456138103020673,
        "f": -0.09928376594231425,
        "color": 0.44910014413795396,
        "variations": {
          "sinusoidal": 0.5334207179491551,
          "hyperbolic": 0.3307666577598195,
          "polar": 0.3867871053704638
        },
        "weight": 0.9647499860540478
      }
    ],
    "num_points": 3411916,
    "gamma": 1.4652678461133382,
    "brightness": 0.9191890301262334,
    "contrast": 0.7668257116936303,
    "hue_rotation": 116.55935028901352
  }
}