{
  "seed": "2cde87f6-ebf2-45a1-b0d8-e1765ca9f351",
  "params": {
    "transforms": [
      {
        "a": 0.3257405037463317,
        "b": -0.29763432715291005,
        "c": -0.23316559083351618,
        "d": 0.4982850757477213,
        "e": 0.7797200395209214,
        "f": 1.1040678411033609,
        "color": 0.5483457658335861,
        "weight": 0.40738834303918525,
        "variations": {
          "linear": 0.33164086407846216
        }
      },
      {
        "a": 0.48554433346371817,
        "b": -0.5690487852207835,
        "c": 0.48134567546618334,
        "d": 0.06189056940902349,
        "e": 1.3992457235725002,
        "f": -0.7545072083415968,
        "color": 0.19989686438071608,
        "weight": 0.5613260332807967,
        "variations": {
          "swirl": 0.92608009222952,
          "sinusoidal": 0.11475710319930665
        }
      },
      {
        "a": -0.7081976836637158,
        "b": -0.458740494153973,
        "c": 0.7302075331096738,
        "d": -0.21118513996611687,
        "e": -0.3431651652911947,
        "f": -0.48615755082757595,
        "color": 0.8501427301917244,
        "weight": 0.26808564857624273,
        "variations": {
          "swirl": 0.520572249813783
        }
      },
      {
        "a": 0.44258330094192955,
        "b": 0.9700357779797799,
        "c": 0.6702075959513225,
        "d": 0.6874082373395924,
        "e": -1.2537826018742555,
        "f": 0.6864743470400896,
        "color": 0.32365004776858897,
        "weight": 0.4748313618734742,
        "variations": {
          "linear": 0.3096381881890031,
          "heart": 0.038530328551033555,
          "spherical": 0.9630953129896124
        }
      }
    ],
    "num_points": 2520384,
    "gamma": 2.2006402707927606,
    "brightness": 1.2,
    "hue_rotation": 53.07542883585881
  }
}