{
  "seed": "017b0150-b481-4505-9853-98faba1dfea1",
  "params": {
    "transforms": [
      {
        "a": -0.2538171897650283,
        "b": 0.48574777950717607,
        "c": -0.852916972877575,
        "d": 0.23320031329378632,
        "e": -1.2670926239408367,
        "f": 1.4988228053594281,
        "color": 0.5298201371044483,
        "weight": 0.26824344657825516,
        "variations": {
          "linear": 0.6681503046844953,
          "spherical": 0.7488031022747755
        }
      },
      {
        "a": 0.8460650400312997,
        "b": 0.9723455925005409,
        "c": 0.0883258402363234,
        "d": 0.44980780543214305,
        "e": 1.0867680612274526,
        "f": -0.02707712635831827,
        "color": 0.6619682203903428,
        "weight": 0.7125764921097572,
        "variations": {
          "polar": 0.2316386220508454,
          "linear": 0.9216365353215642
        }
      },
      {
        "a": 0.5191423354744973,
        "b": -0.03357101870386647,
        "c": 0.7176264988857988,
        "d": 0.30553242311372575,
        "e": -1.2689469452301365,
        "f": 0.5964299102814614,
        "color": 0.784330221453614,
        "weight": 0.17882323055917215,
        "variations": {
          "polar": 0.3545200928256561,
          "linear": 0.5922523092728478
        }
      },
      {
        "a": 0.9692041855948341,
        "b": 0.9582093077774532,
        "c": 0.7233807309244218,
        "d": 0.6283940605882865,
        "e": -0.7052068918480635,
        "f": -1.0989592049164227,
        "color": 0.7999472438969566,
        "weight": 0.386452932451694,
        "variations": {
          "swirl": 0.8836658939991339,
          "heart": 0.8791006458256205
        }
      }
    ],
    "num_points": 2748987,
    "gamma": 1.8381200338415369,
    "brightness": 1.2,
    "hue_rotation": 151.23506290570316
  }
}