{
  "seed": "e6efc8f8-bf60-4e5f-bd23-8f5dcc6efe25",
  "params": {
    "transforms": [
      {
        "a": 0.8049749639467776,
        "b": -0.1120820435473644,
        "c": 0.9545036550609531,
        "d": 0.5496137027996837,
        "e": 0.2789470145552517,
        "f": 0.14619747730816113,
        "color": 0.7538486040793725,
        "weight": 0.7102846830847436,
        "variations": {
          "linear": 0.24895278206742588,
          "swirl": 0.756377100039618
        }
      },
      {
        "a": 0.26381852047456,
        "b": 0.9232038341070368,
        "c": 0.3358804410802432,
        "d": 0.8702668762234094,
        "e": -0.4340715952663241,
        "f": 1.4152932606324353,
        "color": 0.9829871941680082,
        "weight": 0.9847938554398173,
        "variations": {
          "sinusoidal": 0.44967554640677776
        }
      }
    ],
    "num_points": 2227439,
    "gamma": 1.9757774535944412,
    "brightness": 1.2,
    "hue_rotation": 244.7788396187458
  }
}