{
  "seed": "5fb40666-3854-45b9-acbb-c6cc985e2c9f",
  "params": {
    "transforms": [
      {
        "a": -0.0018879066177734938,
        "b": 0.7343256101555407,
        "c": 0.017169416588252107,
        "d": 0.21043071478873876,
        "e": 0.1013940852461388,
        "f": 0.33218407193895505,
        "color": 0.5230642995682425,
        "weight": 0.5116242466333957,
        "variations": {
          "heart": 0.6469709587707416,
          "spherical": 0.1314626295059862,
          "sinusoidal": 0.07865140258493131
        }
      },
      {
        "a": 0.7744264373404679,
        "b": -0.3572693251103023,
        "c": 0.9726874112196657,
        "d": -0.5477495146316631,
        "e": -0.5990880425794376,
        "f": -1.025943812894915,
        "color": 0.8341280708046239,
        "weight": 0.4791951688600645,
        "variations": {
          "sinusoidal": 0.3605415694021935
        }
      }
    ],
    "num_points": 1115290,
    "gamma": 2.209460534454965,
    "brightness": 1.2,
    "hue_rotation": 112.78849918789983
  }
}