{
  "seed": "021c331a-1fb7-43aa-89cc-e34660c1c329",
  "params": {
    "transforms": [
      {
        "a": 0.12731103001596544,
        "b": 0.7490570539285057,
        "c": -0.41990318808287874,
        "d": -0.267204792493418,
        "e": 1.3668774384013402,
        "f": -1.1403667871233951,
        "color": 0.2534480608128705,
        "weight": 0.8003436006471409,
        "variations": {
          "sinusoidal": 0.9925850034041463,
          "linear": 0.63744476932281,
          "polar": 0.5733688453111232
        }
      },
      {
        "a": -0.29043286268840873,
        "b": 0.7032928220680605,
        "c": 0.2619621561352272,
        "d": 0.5462553823354002,
        "e": -0.2192053675387977,
        "f": 1.0187342960363246,
        "color": 0.3951676891762004,
        "weight": 0.47493042021693865,
        "variations": {
          "heart": 0.7425056255364126,
          "sinusoidal": 0.6648685447099815
        }
      },
      {
        "a": -0.23975936332881465,
        "b": -0.8167679822557887,
        "c": -0.6215126804059055,
        "d": -0.41182224165949766,
        "e": 1.1640696797280587,
        "f": -0.6206245892578505,
        "color": 0.7814097208127609,
        "weight": 0.5191043050539309,
        "variations": {
          "sinusoidal": 0.553794851732043
        }
      }
    ],
    "num_points": 2945137,
    "gamma": 2.4497484089562933,
    "brightness": 1.2,
    "hue_rotation": 149.25698903149222
  }
}