{
  "seed": "fecf7443-ca76-4322-9487-c8c779ccb0c5",
  "params": {
    "transforms": [
      {
        "a": 0.5588292717396399,
        "b": 0.921149079288208,
        "c": 0.1799110604770655,
        "d": 0.6627965972898824,
        "e": -0.9119476363685423,
        "f": 0.19701757784811402,
        "color": 0.6783629321634955,
        "weight": 0.9128947710563653,
        "variations": {
          "swirl": 0.13981573894044874,
          "heart": 0.6688890557302125
        }
      },
      {
        "a": -0.7784380837677529,
        "b": 0.5759947625487412,
        "c": 0.8188971153781874,
        "d": -0.9989067370370153,
        "e": 0.4718178201275789,
        "f": 0.35218645991380226,
        "color": 0.4253074362463162,
        "weight": 0.283119595856938,
        "variations": {
          "heart": 0.02620852530032236
        }
      },
      {
        "a": -0.09053618947624575,
        "b": -0.6147484613187442,
        "c": 0.81563460189398,
        "d": -0.6083291676922074,
        "e": 0.021001941431900928,
        "f": -0.5715842923256911,
        "color": 0.8224605885384378,
        "weight": 0.9323481411265406,
        "variations": {
          "linear": 0.8845773797754864,
          "sinusoidal": 0.2322329746694819,
          "swirl": 0.3902415108042647
        }
      }
    ],
    "num_points": 1105492,
    "gamma": 1.8736623259729714,
    "brightness": 1.2,
    "hue_rotation": 175.81610351616555
  }
}