{
  "seed": "132930d4-cd30-4669-adc4-063ce7919353",
  "params": {
    "transforms": [
      {
        "a": 0.5918712889686277,
        "b": 0.4474419871077988,
        "c": -0.9187775953412058,
        "d": -0.9063688201642965,
        "e": -0.8082483324520798,
        "f": 0.6511173715488381,
        "color": 0.09215642503739341,
        "weight": 0.2503277230289186,
        "variations": {
          "polar": 0.59572995736784,
          "sinusoidal": 0.6425973096674071
        }
      },
      {
        "a": -0.27381309110327656,
        "b": -0.2745905640059785,
        "c": 0.008814746554636654,
        "d": -0.4848768552731795,
        "e": 0.43220538254332697,
        "f": -0.6195016086707054,
        "color": 0.6781079676909593,
        "weight": 0.27520167015509583,
        "variations": {
          "sinusoidal": 0.7066360778510404
        }
      },
      {
        "a": 0.8934508015698128,
        "b": -0.025802515980886342,
        "c": 0.6540835548801553,
        "d": 0.06225623339849373,
        "e": 1.4339156389174614,
        "f": 0.22522712511872234,
        "color": 0.7376773778136161,
        "weight": 0.8966078646921927,
        "variations": {
          "spherical": 0.5502521462711213,
          "swirl": 0.20378355925351843,
          "sinusoidal": 0.1702809546833115
        }
      }
    ],
    "num_points": 2199632,
    "gamma": 2.415118840202955,
    "brightness": 1.2,
    "hue_rotation": 331.7983981619521
  }
}