{
  "seed": "a824b509-b02f-4da7-8208-6172aa895693-283",
  "parameters": {
    "num_transforms": 3,
    "transforms": [
      {
        "a": 0.29815323914288694,
        "b": 1.1778022311314142,
        "c": 0.9888098173352815,
        "d": 0.23109869739435096,
        "e": -0.8827159243839089,
        "f": -1.4201486117591906,
        "color": 0.044628348627808845,
        "variations": {
          "horseshoe": 0.41912677916363583,
          "disc": 0.6795409666529039,
          "heart": 0.0
        },
        "weight": 1.5485097659348201
      },
      {
        "a": -0.26004729099792967,
        "b": 0.41667415289742626,
        "c": 0.7945572244313404,
        "d": 0.8045457857234846,
        "e": 1.2606036010132193,
        "f": 0.7969388518904759,
        "color": 0.8315440248997101,
        "variations": {
          "spiral": 0.0,
          "handkerchief": 0.0
        },
        "weight": 1.689900627267623
      },
      {
        "a": 0.24955092750009777,
        "b": 0.652849439917369,
        "c": 1.4998564878323344,
        "d": -0.8906077850482989,
        "e": 1.2348696163004855,
        "f": -1.3788443435031634,
        "color": 0.41636251855663464,
        "variations": {
          "spiral": 0.8768327820656269,
          "disc": 0.0,
          "swirl": 0.3265550280841679
        },
        "weight": 0.5903564045660314
      }
    ],
    "num_points": 4829893,
    "gamma": 1.0285884990174896,
    "brightness": 1.1427735885279704,
    "contrast": 1.1948292833081395,
    "hue_rotation": 346.76415109537913
  }
}