{
  "seed": "39cf1967-92e8-4c00-8a75-91cd6d1dc0c6",
  "params": {
    "transforms": [
      {
        "a": -0.7063317111105767,
        "b": 0.6533643358539591,
        "c": -0.6900491827074935,
        "d": -0.9302930940346514,
        "e": 1.079305736972037,
        "f": -1.4395435342068144,
        "color": 0.5349991654303669,
        "weight": 0.7514814776887311,
        "variations": {
          "swirl": 0.00400197581791395
        }
      },
      {
        "a": 0.370550827157472,
        "b": 0.9707126486965318,
        "c": 0.760176425359498,
        "d": -0.25587480946768526,
        "e": -1.2915325797630448,
        "f": -0.6752316965181011,
        "color": 0.3071975142789297,
        "weight": 0.7496193683190954,
        "variations": {
          "polar": 0.16959392196047118
        }
      }
    ],
    "num_points": 1905877,
    "gamma": 2.1076734293207164,
    "brightness": 1.2,
    "hue_rotation": 277.2373656596473
  }
}