{
  "seed": "473293a2-f0fc-4760-acce-055aa5c99300",
  "params": {
    "transforms": [
      {
        "a": -0.22450590653944724,
        "b": -0.2279270696719662,
        "c": 0.8887418961887239,
        "d": -0.8643662825316449,
        "e": 0.7700447287695051,
        "f": 0.12786222312400675,
        "color": 0.4415839110907065,
        "weight": 0.40791804111489083,
        "variations": {
          "linear": 0.3024043434103195
        }
      },
      {
        "a": 0.9311072363216322,
        "b": 0.2295708475328171,
        "c": -0.25941078903025727,
        "d": 0.3871264103729448,
        "e": 1.4359452104122852,
        "f": 0.6687807656183353,
        "color": 0.31281361926077744,
        "weight": 0.491846052425421,
        "variations": {
          "swirl": 0.09975802582937243,
          "heart": 0.06156477581061992,
          "polar": 0.8396057597431248
        }
      },
      {
        "a": -0.49542485344503984,
        "b": -0.4383140001726613,
        "c": 0.7620207368083052,
        "d": 0.23631461408731735,
        "e": 0.33035119995056084,
        "f": 1.420266700280143,
        "color": 0.7457907658869722,
        "weight": 0.9923951542741763,
        "variations": {
          "sinusoidal": 0.7164189036651571,
          "heart": 0.2625180002183134
        }
      },
      {
        "a": -0.5626267449784723,
        "b": -0.7451786275532934,
        "c": 0.31721950731622495,
        "d": 0.9919281204732968,
        "e": -0.01792307859734299,
        "f": 1.2670878469452376,
        "color": 0.3712027897209792,
        "weight": 0.5716386135945193,
        "variations": {
          "heart": 0.09311468776081133,
          "polar": 0.1762690017177274,
          "spherical": 0.7294971610377103
        }
      }
    ],
    "num_points": 1740655,
    "gamma": 2.351842610219988,
    "brightness": 1.2,
    "hue_rotation": 276.93480439251783
  }
}