{
  "seed": "a74c0ed1-405e-427c-901c-72f86164a0a9",
  "params": {
    "transforms": [
      {
        "a": 0.4792988051295626,
        "b": 0.9465313917900295,
        "c": -0.5182617282633604,
        "d": 0.10590583550669908,
        "e": -1.2627626179004698,
        "f": -0.971382831621643,
        "color": 0.13499040097790904,
        "weight": 0.3210623536977549,
        "variations": {
          "polar": 0.7058431155612247,
          "spherical": 0.18209274719098578
        }
      },
      {
        "a": -0.7906265848439102,
        "b": 0.5911738627851943,
        "c": 0.3540155376298888,
        "d": -0.895402850929953,
        "e": -0.7945447082560497,
        "f": 0.666816921746487,
        "color": 0.5996342516387627,
        "weight": 0.2448388576356891,
        "variations": {
          "sinusoidal": 0.7965066441275234
        }
      }
    ],
    "num_points": 1078090,
    "gamma": 2.134574570726202,
    "brightness": 1.2,
    "hue_rotation": 64.59463250699253
  }
}