{
  "seed": "a7134520-8352-4f6f-9b54-22d27eb0bb36",
  "params": {
    "transforms": [
      {
        "a": 0.5114853002606832,
        "b": 0.11609153049640852,
        "c": -0.23971251208943145,
        "d": 0.990756119520805,
        "e": -0.2905208861551709,
        "f": -0.3885767951090706,
        "color": 0.20571287090676493,
        "weight": 0.6724698160684494,
        "variations": {
          "polar": 0.7114799941259004,
          "sinusoidal": 0.2592324498465788
        }
      },
      {
        "a": -0.426390487861239,
        "b": -0.767989922964111,
        "c": -0.5365153084302994,
        "d": -0.02618861857154542,
        "e": -0.33385660529738415,
        "f": -1.2298793922036095,
        "color": 0.4298224485791876,
        "weight": 0.582155324795722,
        "variations": {
          "spherical": 0.8399962937617671,
          "polar": 0.5461032840774923
        }
      },
      {
        "a": -0.4939881709467697,
        "b": 0.39108357005405225,
        "c": -0.33633387247471114,
        "d": 0.3740458263735742,
        "e": 0.09484366419090984,
        "f": 1.199763225714325,
        "color": 0.797702274320199,
        "weight": 0.7375095730893302,
        "variations": {
          "spherical": 0.6236073751165235,
          "swirl": 0.29452200445841914
        }
      },
      {
        "a": 0.17877155273861955,
        "b": 0.24086201578637767,
        "c": -0.22896893421757536,
        "d": 0.7363155148764611,
        "e": -0.8110264894622873,
        "f": 0.02225848890691484,
        "color": 0.49329107468943445,
        "weight": 0.9022042729453439,
        "variations": {
          "spherical": 0.6612509637354838
        }
      }
    ],
    "num_points": 2519731,
    "gamma": 2.0024012802425277,
    "brightness": 1.2,
    "hue_rotation": 16.41046457915142
  }
}