{
  "seed": "b5e1f16d-f8ce-4924-845f-e6f5dc115811",
  "params": {
    "transforms": [
      {
        "a": 0.25166532582169365,
        "b": -0.7449372644352188,
        "c": 0.5834380759129592,
        "d": -0.013873924339959043,
        "e": -1.4684580656656716,
        "f": 0.9580158762074285,
        "color": 0.7413743528493717,
        "weight": 0.37606014556013,
        "variations": {
          "spherical": 0.04397395622184341
        }
      },
      {
        "a": 0.13741097659883628,
        "b": 0.7278534158186365,
        "c": -0.96009706036783,
        "d": 0.9287468094621241,
        "e": -1.4767936670095945,
        "f": 0.6477072498985605,
        "color": 0.6573846660589345,
        "weight": 0.16092618038952858,
        "variations": {
          "polar": 0.5369355481270639,
          "swirl": 0.03953834677088286
        }
      }
    ],
    "num_points": 1693634,
    "gamma": 1.9675925636153642,
    "brightness": 1.2,
    "hue_rotation": 183.21154727659962
  }
}