{
  "seed": "c8a3c4c0-f53c-41ea-9341-4d433fa9c4ee-202",
  "parameters": {
    "num_transforms": 3,
    "transforms": [
      {
        "a": 0.38221270946917985,
        "b": -0.7352997710085595,
        "c": -1.3465999147809913,
        "d": -0.21242088283883143,
        "e": 1.136783722816117,
        "f": -0.4497551403273419,
        "color": 0.1588063749953169,
        "variations": {
          "disc": 0.5275619436844894,
          "polar": 0.6636232812926619,
          "spiral": 0.8358957962073716,
          "hyperbolic": 0.28126155807571007
        },
        "weight": 0.5710830092643131
      },
      {
        "a": 1.2667448843049103,
        "b": -0.9401147746074552,
        "c": -0.2476251806195895,
        "d": -0.9205134786108417,
        "e": -0.3406315827873603,
        "f": 1.2576052941845215,
        "color": 0.58022567053659,
        "variations": {
          "heart": 0.0,
          "disc": 0.03181729581224868,
          "swirl": 0.20936343273708147
        },
        "weight": 0.8089003732163141
      },
      {
        "a": -1.1966813322007877,
        "b": 1.351346251591473,
        "c": 1.2062055476283087,
        "d": 0.6584022717576246,
        "e": -0.6536352476155503,
        "f": -1.2752884928731905,
        "color": 0.752022220133233,
        "variations": {
          "sinusoidal": 0.26480022107524803,
          "swirl": 0.8573174555412272,
          "horseshoe": 0.6779508809130632
        },
        "weight": 1.9558136899858443
      }
    ],
    "num_points": 3112414,
    "gamma": 2.6154610748044442,
    "brightness": 1.2645322342512735,
    "contrast": 1.1216884000421214,
    "hue_rotation": 157.32540693073008
  }
}