{
  "seed": "edf6aee0-d117-4181-b8d7-09e4d4de2914",
  "params": {
    "transforms": [
      {
        "a": 0.7990194784373297,
        "b": 0.8046768051888444,
        "c": 0.31926126396855636,
        "d": -0.7379581844290761,
        "e": -1.3609675443275076,
        "f": 1.4292179397428169,
        "color": 0.47186516003542656,
        "weight": 0.6000352298214001,
        "variations": {
          "swirl": 0.33302323592624095,
          "spherical": 0.5442535284947287
        }
      },
      {
        "a": -0.8561288227264234,
        "b": 0.8300834249254203,
        "c": -0.4416500348832533,
        "d": 0.5663157850289215,
        "e": -1.2667224276762166,
        "f": 0.5313278245000141,
        "color": 0.28004603724194543,
        "weight": 0.8900449474832077,
        "variations": {
          "sinusoidal": 0.22362985141099412,
          "polar": 0.4055615359111576,
          "linear": 0.28062542280391145
        }
      }
    ],
    "num_points": 1855787,
    "gamma": 2.2768939409015054,
    "brightness": 1.2,
    "hue_rotation": 141.79202674717988
  }
}