{
  "seed": "5c5ffc05-c089-41ae-91eb-a3b1b95bcc7f",
  "params": {
    "transforms": [
      {
        "a": 0.7725658268231563,
        "b": 0.3147027469657133,
        "c": 0.33564943815711534,
        "d": -0.6183664156354767,
        "e": -0.17336331688417417,
        "f": -0.9416278961085963,
        "color": 0.3125701871364577,
        "weight": 0.9166882149350479,
        "variations": {
          "sinusoidal": 0.8607236619366122,
          "linear": 0.09042096755878881,
          "polar": 0.1664105185763911
        }
      },
      {
        "a": -0.14059710106112555,
        "b": -0.7700304315096564,
        "c": 0.3649905516032128,
        "d": -0.26165627911232914,
        "e": 1.2004564318263107,
        "f": 0.5810003357836839,
        "color": 0.7352222495930738,
        "weight": 0.5426082540557039,
        "variations": {
          "polar": 0.17669556945455422,
          "spherical": 0.9851800038028088
        }
      }
    ],
    "num_points": 1874875,
    "gamma": 1.8824936491007818,
    "brightness": 1.2,
    "hue_rotation": 166.02242963859862
  }
}