{
  "seed": "780bee57-87fc-4201-bcac-76510fd8e85b",
  "params": {
    "transforms": [
      {
        "a": 0.5090959132681034,
        "b": 0.9097297780349636,
        "c": -0.025767064822843855,
        "d": 0.4780402853726531,
        "e": 0.6521562986404295,
        "f": 1.0210706596036645,
        "color": 0.42122674593883547,
        "weight": 0.7178327801309622,
        "variations": {
          "linear": 0.2389531677940161
        }
      },
      {
        "a": -0.16593354362571056,
        "b": 0.9184543266554337,
        "c": -0.6416326131155339,
        "d": -0.9806636350055644,
        "e": 1.3794489195196515,
        "f": 0.8153595281523272,
        "color": 0.031738199707844306,
        "weight": 0.7950036220881982,
        "variations": {
          "polar": 0.7494675511031249,
          "swirl": 0.7130516470350353,
          "heart": 0.6501560478322723
        }
      },
      {
        "a": 0.3182526677480917,
        "b": -0.4704406677113009,
        "c": 0.3905354566769863,
        "d": 0.41754990829707617,
        "e": 0.22747554859115726,
        "f": 1.0113073828859962,
        "color": 0.30322000519608405,
        "weight": 0.8741734076944955,
        "variations": {
          "linear": 0.01858585599493001
        }
      }
    ],
    "num_points": 1637558,
    "gamma": 1.8903157160023776,
    "brightness": 1.2,
    "hue_rotation": 96.08315409605916
  }
}