{
  "seed": "720fb8c2-d1c2-4f5b-8c2f-cd29ff7acdde",
  "params": {
    "transforms": [
      {
        "a": -0.15146017613643803,
        "b": -0.608851315276169,
        "c": -0.6287980966005209,
        "d": -0.4435215746140684,
        "e": -0.09775919411569833,
        "f": -0.5849120293006448,
        "color": 0.27245885500037414,
        "weight": 0.4760806948488894,
        "variations": {
          "heart": 0.30677874944947225
        }
      },
      {
        "a": 0.3903786636903086,
        "b": 0.5791435045945126,
        "c": -0.8216336863383105,
        "d": -0.7986038112398905,
        "e": 1.4545579832148232,
        "f": -1.0503095420936714,
        "color": 0.3777943552194335,
        "weight": 0.835370943860311,
        "variations": {
          "heart": 0.9187307690029225
        }
      }
    ],
    "num_points": 2198764,
    "gamma": 1.804242095161291,
    "brightness": 1.2,
    "hue_rotation": 9.34050753249107
  }
}