{
  "seed": "03b4269c-9f89-49fe-b579-2e7cd867bfe4",
  "params": {
    "transforms": [
      {
        "a": 0.9546078680076249,
        "b": 0.13077876704411762,
        "c": -0.886651347215317,
        "d": -0.8951773402400578,
        "e": 1.0816615272957448,
        "f": -0.6370765364669889,
        "color": 0.722801853082481,
        "weight": 0.40272641027255474,
        "variations": {
          "polar": 0.2045936573993543,
          "sinusoidal": 0.2997069123702373,
          "heart": 0.06621345017323799
        }
      },
      {
        "a": -0.8653415197613661,
        "b": 0.29342719622629443,
        "c": -0.3005390383459303,
        "d": 0.4687422562697867,
        "e": 1.2135959581163176,
        "f": 0.4769500348800788,
        "color": 0.4526547745107017,
        "weight": 0.36114232302913474,
        "variations": {
          "sinusoidal": 0.1558302773902548,
          "spherical": 0.7481189259424004,
          "heart": 0.37120496599977504
        }
      },
      {
        "a": -0.6643483427635137,
        "b": 0.789960097044236,
        "c": -0.3667883077627605,
        "d": -0.8306562029266755,
        "e": 0.025782256626186495,
        "f": -1.1506227667450482,
        "color": 0.9374409332724175,
        "weight": 0.7634251799625876,
        "variations": {
          "heart": 0.6103658495323572,
          "linear": 0.31410126942116623
        }
      },
      {
        "a": 0.8941140146278366,
        "b": 0.7422440222715481,
        "c": -0.23367246127057606,
        "d": -0.29525138790104344,
        "e": 0.22211997303816444,
        "f": -1.2127853089005187,
        "color": 0.7976417254003123,
        "weight": 0.23087297046569777,
        "variations": {
          "swirl": 0.5265282147036098,
          "heart": 0.34785175156473247
        }
      }
    ],
    "num_points": 1613524,
    "gamma": 2.2333780540995236,
    "brightness": 1.2,
    "hue_rotation": 125.39151020750836
  }
}