{
  "seed": "9be291f1-2ba5-47db-9c1d-179c1e82d942",
  "params": {
    "transforms": [
      {
        "a": -0.7429476746251915,
        "b": -0.4799015115166638,
        "c": -0.5054197411822032,
        "d": -0.9895922648730473,
        "e": -0.10747224582430803,
        "f": -0.10183507846063433,
        "color": 0.028650559272176523,
        "weight": 0.13507905643398238,
        "variations": {
          "polar": 0.5508741305273835
        }
      },
      {
        "a": -0.014847491822617798,
        "b": 0.5598537971408268,
        "c": -0.016966532010780133,
        "d": -0.9209322000725897,
        "e": -0.5789475494081391,
        "f": 0.3166999142034379,
        "color": 0.527386150537588,
        "weight": 0.42900464401105176,
        "variations": {
          "spherical": 0.10833225976094019,
          "sinusoidal": 0.40536281057221135,
          "polar": 0.5711966768051094
        }
      },
      {
        "a": 0.6483981903512552,
        "b": 0.9445707856776671,
        "c": 0.9510425085300023,
        "d": 0.29155500991946726,
        "e": -0.8311812713454535,
        "f": -0.9817121886495535,
        "color": 0.3766151671145548,
        "weight": 0.5919485785679773,
        "variations": {
          "sinusoidal": 0.2566252067352631
        }
      },
      {
        "a": -0.8098432576239891,
        "b": -0.5054005880168753,
        "c": -0.3529585419979051,
        "d": -0.11696738672912432,
        "e": 1.4234344080386467,
        "f": -1.3072366514466918,
        "color": 0.6683413255195277,
        "weight": 0.584730636553501,
        "variations": {
          "heart": 0.9799564548919617,
          "polar": 0.8898498805898607,
          "linear": 0.9478210579974002
        }
      }
    ],
    "num_points": 1859405,
    "gamma": 1.9392694155868935,
    "brightness": 1.2,
    "hue_rotation": 157.07514875848818
  }
}