{
  "seed": "3f3b05ce-18ed-4c3c-80ba-b2ac7ff8f0c8",
  "params": {
    "transforms": [
      {
        "a": -0.9094364533288293,
        "b": -0.928795774898437,
        "c": -0.08820290342537929,
        "d": -0.8496095653976372,
        "e": 0.05054749335001385,
        "f": 0.24881323398583777,
        "color": 0.6464231856747847,
        "weight": 0.6159636952015426,
        "variations": {
          "sinusoidal": 0.3093092821656347,
          "spherical": 0.17560570122021613,
          "linear": 0.47534469640188515
        }
      },
      {
        "a": 0.39618017312454,
        "b": 0.001635885323638897,
        "c": -0.7277185217646551,
        "d": 0.6917569006843447,
        "e": 0.671922661827757,
        "f": -0.16263411333936117,
        "color": 0.028766743942426065,
        "weight": 0.9458584269321948,
        "variations": {
          "heart": 0.8275455188568948,
          "sinusoidal": 0.5102389576750781
        }
      }
    ],
    "num_points": 1893893,
    "gamma": 2.201127106530359,
    "brightness": 1.2,
    "hue_rotation": 250.95728834557607
  }
}