{
  "seed": "d4511475-ea39-4105-aea2-6950d1506b10",
  "params": {
    "transforms": [
      {
        "a": 0.7737737166893273,
        "b": 0.5496137696541952,
        "c": -0.9593384291723048,
        "d": 0.5327730149102015,
        "e": 1.137260512915197,
        "f": 0.7665060991215289,
        "color": 0.6284548024956049,
        "weight": 0.8959101264981549,
        "variations": {
          "spherical": 0.507580137941261
        }
      },
      {
        "a": -0.35746161192538195,
        "b": 0.19944456824629153,
        "c": -0.9029525046478324,
        "d": -0.1461215976466479,
        "e": 1.03566465938761,
        "f": -0.7783532934697674,
        "color": 0.09819547228312753,
        "weight": 0.3607237135272602,
        "variations": {
          "spherical": 0.5443190882145751,
          "polar": 0.8211467740473534,
          "swirl": 0.04257278011892951
        }
      },
      {
        "a": -0.26174508883901826,
        "b": 0.32580841866335564,
        "c": 0.2950830655256873,
        "d": 0.2923187687901301,
        "e": -0.57811638326037,
        "f": -0.9515067542040782,
        "color": 0.6470270170268697,
        "weight": 0.11951355362465596,
        "variations": {
          "sinusoidal": 0.5927622505167605,
          "polar": 0.719194381503226,
          "spherical": 0.7210657387998172
        }
      },
      {
        "a": -0.809437410138397,
        "b": 0.6935552788150883,
        "c": 0.8007829276294298,
        "d": 0.10484308321493385,
        "e": 0.6455748118324154,
        "f": -0.8587035977270716,
        "color": 0.8365640348568191,
        "weight": 0.6875052384647368,
        "variations": {
          "swirl": 0.9387019329205263,
          "spherical": 0.6030193104023218,
          "sinusoidal": 0.7192267270708027
        }
      }
    ],
    "num_points": 1947660,
    "gamma": 2.132987438849102,
    "brightness": 1.2,
    "hue_rotation": 147.39891007728886
  }
}