{
  "seed": "6cc10e06-e04a-425f-96f8-8609a440147e",
  "params": {
    "transforms": [
      {
        "a": -0.9260954267254251,
        "b": 0.9944640381937966,
        "c": -0.7162921682904635,
        "d": -0.464476208600046,
        "e": -1.145558972430606,
        "f": 1.1908484543471918,
        "color": 0.1429485201413936,
        "weight": 0.34739205060403366,
        "variations": {
          "sinusoidal": 0.5171006131349857,
          "swirl": 0.7604472056896525
        }
      },
      {
        "a": 0.23513530568007046,
        "b": -0.12623248804522502,
        "c": 0.11391759864640805,
        "d": 0.3149712557071891,
        "e": -0.18318031377849087,
        "f": 1.028633822455431,
        "color": 0.5669655438939235,
        "weight": 0.8232967887303878,
        "variations": {
          "sinusoidal": 0.4875094538164275
        }
      }
    ],
    "num_points": 2644566,
    "gamma": 2.498084316470517,
    "brightness": 1.2,
    "hue_rotation": 39.0792767077903
  }
}