{
  "seed": "140b531c-0f6e-4620-9376-f8a0a149e73f",
  "params": {
    "transforms": [
      {
        "a": -0.22756571601850806,
        "b": 0.21759886628051817,
        "c": -0.459293694219707,
        "d": -0.2452415202628737,
        "e": -0.014158698045085849,
        "f": -0.22348328719903887,
        "color": 0.6501411267339832,
        "weight": 0.6617763592395284,
        "variations": {
          "polar": 0.7454736633002894
        }
      },
      {
        "a": 0.9632166492496863,
        "b": 0.8806454624666649,
        "c": 0.7342895552822113,
        "d": -0.5862892203091516,
        "e": -1.2515772276235368,
        "f": 0.7312918493714351,
        "color": 0.5757398085870791,
        "weight": 0.6476863136751921,
        "variations": {
          "polar": 0.5682183029089869
        }
      },
      {
        "a": -0.9967077102701207,
        "b": -0.37486208856545944,
        "c": 0.5020767064474263,
        "d": 0.647549127031412,
        "e": -0.6983212169412889,
        "f": 1.142246765046326,
        "color": 0.21767984605008817,
        "weight": 0.6878592730997484,
        "variations": {
          "sinusoidal": 0.9922574350199216
        }
      },
      {
        "a": 0.7356226047368051,
        "b": 0.8548352106496111,
        "c": 0.9872373685415703,
        "d": -0.7086026429328289,
        "e": -0.2788438422388624,
        "f": 0.8446900200840908,
        "color": 0.3332744343685613,
        "weight": 0.7951379418688241,
        "variations": {
          "linear": 0.30335708230794367
        }
      }
    ],
    "num_points": 2387098,
    "gamma": 2.4226789702957645,
    "brightness": 1.2,
    "hue_rotation": 110.21008788446409
  }
}