{
  "seed": "e5ed360f-5c9a-4235-b3b2-0326186ff861",
  "params": {
    "transforms": [
      {
        "a": 0.31845651893619764,
        "b": -0.9938509123675969,
        "c": 0.7741082549439884,
        "d": -0.07901292840635432,
        "e": -1.0752622404605874,
        "f": -0.9582767351943584,
        "color": 0.5774118461780764,
        "weight": 0.5031123743449661,
        "variations": {
          "spherical": 0.40063945288986835
        }
      },
      {
        "a": 0.7194026169563126,
        "b": -0.48998240259995707,
        "c": -0.6461491587262518,
        "d": 0.19086364428218539,
        "e": -0.3794604038852005,
        "f": 0.5159000037376553,
        "color": 0.7441430746051911,
        "weight": 0.32416301511964574,
        "variations": {
          "swirl": 0.8080772712318751,
          "heart": 0.4576073251274666,
          "linear": 0.033544965655836756
        }
      },
      {
        "a": -0.6695394800519332,
        "b": -0.43951704624607335,
        "c": 0.12826891968612397,
        "d": 0.9350420552543974,
        "e": 1.221746363630153,
        "f": -1.3099906208568461,
        "color": 0.34157179987497566,
        "weight": 0.6767497879160563,
        "variations": {
          "swirl": 0.5949571079509576
        }
      },
      {
        "a": 0.5530108884802074,
        "b": 0.28157112138289797,
        "c": 0.5094165433871356,
        "d": -0.9448455036625787,
        "e": -0.5884014928201167,
        "f": 1.3731150580312534,
        "color": 0.9876539038123406,
        "weight": 0.44291077368995035,
        "variations": {
          "spherical": 0.2020323331943752,
          "heart": 0.5225530521501139
        }
      }
    ],
    "num_points": 2761259,
    "gamma": 1.8005915960477148,
    "brightness": 1.2,
    "hue_rotation": 303.59590426875513
  }
}