{
  "seed": "0ce36e63-3dbc-4ca3-a0c3-601bb29f8405",
  "params": {
    "transforms": [
      {
        "a": -0.5025611974235158,
        "b": -0.8800972362925548,
        "c": 0.8847807843443594,
        "d": 0.27752254390358266,
        "e": -0.1735688993487443,
        "f": -0.0470812797928013,
        "color": 0.5035083199981428,
        "weight": 0.7770838298167382,
        "variations": {
          "linear": 0.9515669527593598,
          "heart": 0.7720164919937977
        }
      },
      {
        "a": -0.49084366675761126,
        "b": -0.6254726851874186,
        "c": 0.041531619397843444,
        "d": 0.9221406241498005,
        "e": 0.22007291741556134,
        "f": -1.0154506744046559,
        "color": 0.9854115244822628,
        "weight": 0.11956378989762788,
        "variations": {
          "polar": 0.6105369129688993,
          "heart": 0.22597462414514513
        }
      }
    ],
    "num_points": 2611118,
    "gamma": 2.027713109963516,
    "brightness": 1.2,
    "hue_rotation": 22.68844510418794
  }
}