{
  "seed": "3bfff5a9-382d-4103-a5ff-c2ed57db9ec5",
  "params": {
    "transforms": [
      {
        "a": 0.8811394526762679,
        "b": 0.5230375353838657,
        "c": -0.7260588651050062,
        "d": 0.6781382683247035,
        "e": -1.1248711172795467,
        "f": 0.19440200544896857,
        "color": 0.6634244911114654,
        "weight": 0.7966866960118978,
        "variations": {
          "spherical": 0.1719817487420574,
          "polar": 0.8953545081071786
        }
      },
      {
        "a": -0.9529443441103622,
        "b": 0.06593740347521915,
        "c": 0.5299469486148838,
        "d": -0.22209173943702298,
        "e": 0.29913314170973093,
        "f": 0.800614212399132,
        "color": 0.3490053710282489,
        "weight": 0.21918388040950093,
        "variations": {
          "linear": 0.1575366132896261
        }
      }
    ],
    "num_points": 1041706,
    "gamma": 2.207082058868588,
    "brightness": 1.2,
    "hue_rotation": 91.19840340141269
  }
}