{
  "seed": "d777c801-4f22-4652-97e6-f5a6071c9870",
  "params": {
    "transforms": [
      {
        "a": -0.9771073768781591,
        "b": -0.9716299790395546,
        "c": 0.9424649281616497,
        "d": 0.2844023884590867,
        "e": 0.39817715738883175,
        "f": 1.024454501890784,
        "color": 0.8081006811294459,
        "weight": 0.45416733942705745,
        "variations": {
          "sinusoidal": 0.6533217620108509
        }
      },
      {
        "a": 0.32588005513157947,
        "b": -0.7999033995232676,
        "c": 0.17299114163448737,
        "d": -0.37970668867197643,
        "e": 0.7731967535756432,
        "f": -0.45783346082239706,
        "color": 0.18170518402610802,
        "weight": 0.2856671038406107,
        "variations": {
          "spherical": 0.8441775709563508,
          "heart": 0.2175601235064385
        }
      },
      {
        "a": -0.08148725543142832,
        "b": 0.11167465501417695,
        "c": -0.45160261581350203,
        "d": -0.9719617121814887,
        "e": -0.4325357113039563,
        "f": -0.2668120806544749,
        "color": 0.2518339970173593,
        "weight": 0.3994728438427726,
        "variations": {
          "sinusoidal": 0.04213850767128324
        }
      },
      {
        "a": -0.14157736679941046,
        "b": 0.4251242711501624,
        "c": -0.2582714196318512,
        "d": -0.3649896231295726,
        "e": -0.7585012129757209,
        "f": -0.5909895887360296,
        "color": 0.9321669122851576,
        "weight": 0.9210296650852238,
        "variations": {
          "linear": 0.23905541174190326
        }
      }
    ],
    "num_points": 1358776,
    "gamma": 1.9603399859609745,
    "brightness": 1.2,
    "hue_rotation": 294.072308085289
  }
}