{
  "seed": "4f1ddee4-f239-4dcf-b379-536e069280f2",
  "params": {
    "transforms": [
      {
        "a": 0.3812315945297218,
        "b": -0.24062402684543494,
        "c": 0.6984462267453322,
        "d": -0.6162746225979863,
        "e": -1.0358448560532474,
        "f": 1.206933623295051,
        "color": 0.15024398607982248,
        "weight": 0.6148925228087884,
        "variations": {
          "spherical": 0.7406851466476929,
          "swirl": 0.928846986808025
        }
      },
      {
        "a": -0.9956181955508729,
        "b": 0.22416007185674602,
        "c": -0.8742360509243121,
        "d": -0.5163450312813744,
        "e": -0.8638626701455688,
        "f": 0.6561692071507492,
        "color": 0.15240289557600062,
        "weight": 0.1721047828330861,
        "variations": {
          "sinusoidal": 0.43921704264526507,
          "linear": 0.008513014283257347,
          "polar": 0.022340863141671385
        }
      },
      {
        "a": 0.30681280933040567,
        "b": -0.5014231021840714,
        "c": 0.5757746011317475,
        "d": 0.6380412712843286,
        "e": -0.9903059692228685,
        "f": -0.6951662028784453,
        "color": 0.3446963193641639,
        "weight": 0.7347882116304388,
        "variations": {
          "linear": 0.09996272442064158
        }
      },
      {
        "a": 0.8871465894151369,
        "b": 0.15103252320459437,
        "c": -0.6749510066445144,
        "d": 0.7523767436261553,
        "e": 1.3423875051847851,
        "f": -0.3132513280982092,
        "color": 0.3353444326827324,
        "weight": 0.7658217909059757,
        "variations": {
          "sinusoidal": 0.5226252891083135,
          "heart": 0.049945306330301475
        }
      }
    ],
    "num_points": 1837740,
    "gamma": 1.8954506632083294,
    "brightness": 1.2,
    "hue_rotation": 73.8560294133396
  }
}