{
  "seed": "81aba6ca-7697-440b-be29-22d66587e926",
  "params": {
    "transforms": [
      {
        "a": 0.651346578051923,
        "b": -0.9007828014038812,
        "c": 0.10099136021778787,
        "d": -0.00013145870586317443,
        "e": 0.6154620831278774,
        "f": -0.9139347961633086,
        "color": 0.6715183896006688,
        "weight": 0.8103646283834468,
        "variations": {
          "spherical": 0.3532035927045799,
          "polar": 0.262645318194881,
          "swirl": 0.582058511566373
        }
      },
      {
        "a": -0.07704505944316198,
        "b": -0.569416255573455,
        "c": -0.2442906612250333,
        "d": 0.9571549913831379,
        "e": -0.83585509723407,
        "f": 0.6946106329614556,
        "color": 0.5335821842226135,
        "weight": 0.535641524465229,
        "variations": {
          "sinusoidal": 0.03837012267696149,
          "swirl": 0.7595745456201688
        }
      },
      {
        "a": -0.04901669231228345,
        "b": 0.09882544390087067,
        "c": -0.26817361109551774,
        "d": -0.6953192774235337,
        "e": 1.4693973155035276,
        "f": -1.1130972920207993,
        "color": 0.03179085518537339,
        "weight": 0.8880584252168866,
        "variations": {
          "sinusoidal": 0.7384542600137886,
          "linear": 0.18874410480020554,
          "polar": 0.2738067417002271
        }
      }
    ],
    "num_points": 2751045,
    "gamma": 2.3612964575334483,
    "brightness": 1.2,
    "hue_rotation": 202.32090489478463
  }
}