{
  "seed": "d13374fe-dfe4-4e28-8d76-4ce148f99371",
  "params": {
    "transforms": [
      {
        "a": 0.8434092990108759,
        "b": 0.558160400038487,
        "c": -0.7976053836105808,
        "d": 0.3192730701950319,
        "e": 0.11219407576634621,
        "f": 0.0387912058237585,
        "color": 0.9205237767127307,
        "weight": 0.6231308524479638,
        "variations": {
          "sinusoidal": 0.2956573875441736,
          "spherical": 0.08399939244706944
        }
      },
      {
        "a": 0.3174074816389689,
        "b": 0.10291790321770256,
        "c": 0.30785537268989693,
        "d": -0.27667527776650735,
        "e": 0.0006563461178954455,
        "f": 1.4283334118849047,
        "color": 0.025268801176619338,
        "weight": 0.3244292516490902,
        "variations": {
          "spherical": 0.9550419445759514,
          "linear": 0.61189289944404
        }
      },
      {
        "a": 0.5885961633567189,
        "b": -0.09644948268271558,
        "c": 0.5165457628351282,
        "d": 0.22315375440840923,
        "e": -1.1517711145689051,
        "f": -1.199214717894102,
        "color": 0.7269301170238164,
        "weight": 0.7973619494526477,
        "variations": {
          "linear": 0.8619348704275211,
          "heart": 0.6848609652606109,
          "sinusoidal": 0.048948344861887816
        }
      },
      {
        "a": -0.2827900849929492,
        "b": -0.555141263370132,
        "c": -0.11481440723654868,
        "d": 0.7021622065846942,
        "e": -0.08757801256258313,
        "f": -0.8594622351806852,
        "color": 0.42659372877104795,
        "weight": 0.2322156720559078,
        "variations": {
          "heart": 0.5877955836049912,
          "sinusoidal": 0.34766967923489844,
          "linear": 0.3630891690600011
        }
      }
    ],
    "num_points": 2163157,
    "gamma": 1.9354577667221238,
    "brightness": 1.2,
    "hue_rotation": 161.1157314923322
  }
}