{
  "seed": "3968f3a2-85ec-496a-a670-bd0ca10cb2cc",
  "params": {
    "transforms": [
      {
        "a": 0.5941732900483998,
        "b": 0.6343670664770922,
        "c": -0.9778922247293775,
        "d": 0.10087057143168865,
        "e": -0.9964024377054906,
        "f": 0.08902051568254499,
        "color": 0.7570887880270362,
        "weight": 0.5011433712081693,
        "variations": {
          "spherical": 0.6671201290057818
        }
      },
      {
        "a": -0.8586477180336638,
        "b": -0.10511061098408625,
        "c": -0.04862263695939517,
        "d": 0.6786723565199304,
        "e": -0.09735829193141265,
        "f": 1.1539509438566862,
        "color": 0.16273469389088469,
        "weight": 0.23999965501925213,
        "variations": {
          "linear": 0.9120664018926755
        }
      }
    ],
    "num_points": 2510154,
    "gamma": 2.3703092326009463,
    "brightness": 1.2,
    "hue_rotation": 144.1521466508171
  }
}