{
  "seed": "5144bc5c-0a91-417e-94e9-6c7957a72aa4",
  "params": {
    "transforms": [
      {
        "a": -0.7378851213226216,
        "b": 0.36592387907967927,
        "c": 0.005801215308733232,
        "d": -0.49225320952771234,
        "e": -0.6085694353490231,
        "f": 0.16172794236240673,
        "color": 0.39289781326244466,
        "weight": 0.9932286168548375,
        "variations": {
          "swirl": 0.2587174284326177,
          "sinusoidal": 0.8663485797507238
        }
      },
      {
        "a": -0.9161169603524533,
        "b": 0.14154013534600107,
        "c": -0.8239239098298403,
        "d": -0.8546112515939,
        "e": 1.2773325311923447,
        "f": -0.8010039667372331,
        "color": 0.5377230050590186,
        "weight": 0.9342992357353576,
        "variations": {
          "swirl": 0.008804664312868415,
          "linear": 0.4684536620967613
        }
      },
      {
        "a": 0.7635106783401033,
        "b": -0.7417278749374561,
        "c": 0.1560092558315216,
        "d": -0.39786217580444294,
        "e": 1.0205944119310604,
        "f": 1.1589727779617327,
        "color": 0.42665362544335284,
        "weight": 0.6829089073130705,
        "variations": {
          "polar": 0.8300303449566927,
          "linear": 0.7564133565643196,
          "heart": 0.5120624271889715
        }
      }
    ],
    "num_points": 2610299,
    "gamma": 2.332968365094778,
    "brightness": 1.2,
    "hue_rotation": 83.8173339220012
  }
}