{
  "seed": "d44936bb-2b70-416c-9a4f-6b3dc120463e",
  "params": {
    "transforms": [
      {
        "a": -0.9189773881287284,
        "b": 0.4917132623910472,
        "c": -0.8695437172795437,
        "d": 0.8832613645856155,
        "e": -1.0106554853881735,
        "f": 1.2401378714466467,
        "color": 0.31200984155744527,
        "weight": 0.598894990094292,
        "variations": {
          "spherical": 0.21251604442962602,
          "polar": 0.21704818401728232,
          "heart": 0.4767144659232958
        }
      },
      {
        "a": 0.13619458417890473,
        "b": -0.5148327041178864,
        "c": 0.9307561000135667,
        "d": -0.896143891924454,
        "e": -0.8731070419123313,
        "f": 0.7995484445123191,
        "color": 0.8648689340783231,
        "weight": 0.3266109243613761,
        "variations": {
          "sinusoidal": 0.4376321261508872,
          "swirl": 0.8212471294627341
        }
      },
      {
        "a": 0.5855704820202479,
        "b": -0.8445125268367424,
        "c": -0.9890591364204278,
        "d": -0.2104385583487678,
        "e": -0.9750188169119628,
        "f": 0.6084899800149604,
        "color": 0.8184148706238473,
        "weight": 0.9577968706542812,
        "variations": {
          "heart": 0.8778738464247178
        }
      }
    ],
    "num_points": 2823955,
    "gamma": 2.390086483773953,
    "brightness": 1.2,
    "hue_rotation": 27.01720586030182
  }
}