{
  "seed": "8d7b09be-dcad-48c9-97a1-331f6df21f99",
  "params": {
    "transforms": [
      {
        "a": 0.4406643148482636,
        "b": 0.46791185749256514,
        "c": -0.23154476824106562,
        "d": 0.4155031837730965,
        "e": 0.11115495133778652,
        "f": 0.08960851649803891,
        "color": 0.575532822780467,
        "weight": 0.5288763288588484,
        "variations": {
          "swirl": 0.9021312328715015,
          "sinusoidal": 0.05886012847697941,
          "linear": 0.14431354632707927
        }
      },
      {
        "a": 0.5934375021209761,
        "b": -0.8455890403867494,
        "c": 0.514722194803356,
        "d": 0.5038036662786654,
        "e": -0.9003137702460572,
        "f": 1.1984955672096183,
        "color": 0.19399198846906818,
        "weight": 0.8410283644017005,
        "variations": {
          "sinusoidal": 0.31151532743326227
        }
      }
    ],
    "num_points": 2390265,
    "gamma": 2.2259175359242884,
    "brightness": 1.2,
    "hue_rotation": 170.54226750117897
  }
}