{
  "seed": "dde26607-5068-49af-8ff0-fcc58a182b23-463",
  "parameters": {
    "num_transforms": 4,
    "transforms": [
      {
        "a": 1.2252888453857755,
        "b": -1.2921497261905865,
        "c": 0.12766015976671063,
        "d": 0.9811958552119866,
        "e": 0.42176615267404216,
        "f": -0.7581306185502596,
        "color": 0.2321479027502329,
        "variations": {
          "linear": 0.5019436308575689,
          "horseshoe": 0.0,
          "swirl": 0.4499112452061569,
          "spiral": 0.9192564251448943
        },
        "weight": 1.5412375961347684
      },
      {
        "a": 0.8639459314237898,
        "b": 0.8633365289377677,
        "c": 0.2774433337585982,
        "d": 0.6633516385329243,
        "e": -0.9654434630046566,
        "f": -0.29126791616417025,
        "color": 0.2975341898498258,
        "variations": {
          "sinusoidal": 0.486205550109564,
          "spherical": 0.0,
          "spiral": 0.06271848361656074,
          "swirl": 0.29512143985427997
        },
        "weight": 1.1083843929762918
      },
      {
        "a": -0.978062089596643,
        "b": 1.033960672388556,
        "c": 0.7298417916432363,
        "d": 0.90723126862098,
        "e": -0.6646932074866966,
        "f": -1.3907497634965558,
        "color": 0.2832731070890794,
        "variations": {
          "hyperbolic": 0.49122878488382704,
          "linear": 0.2605523856933427,
          "heart": 0.4507260161870026,
          "spiral": 0.809358287522879
        },
        "weight": 1.7587428629076114
      },
      {
        "a": 1.255846182377491,
        "b": -0.4245341856518039,
        "c": 1.4682629768944757,
        "d": 0.9216818366720094,
        "e": -0.9626337095968721,
        "f": 0.5126816631335371,
        "color": 0.8006782581834966,
        "variations": {
          "polar": 0.6656298856980103,
          "horseshoe": 0.5050434484279145,
          "handkerchief": 0.0,
          "heart": 0.1635515511064468
        },
        "weight": 1.7957245294125894
      }
    ],
    "num_points": 4035717,
    "gamma": 1.2869188304549413,
    "brightness": 1.2532583879837864,
    "contrast": 1.7655442408404953,
    "hue_rotation": 85.54244215166118
  }
}