{
  "seed": "bcc97e17-9f6a-4eca-ac9a-63989b2a63dc",
  "params": {
    "transforms": [
      {
        "a": 0.5461221182216436,
        "b": 0.16093944593634113,
        "c": 0.4256251839698284,
        "d": -0.007731236913963047,
        "e": -0.598006488678365,
        "f": -0.9404982750478222,
        "color": 0.15034144840723807,
        "weight": 0.49156789617786467,
        "variations": {
          "sinusoidal": 0.1252652847766419,
          "swirl": 0.1620035957060063,
          "linear": 0.7222149406533358
        }
      },
      {
        "a": -0.33578953955536495,
        "b": 0.011231869451407306,
        "c": 0.9902670719277087,
        "d": -0.4007917097928504,
        "e": 1.4156227159571335,
        "f": 1.4667901805527856,
        "color": 0.01592145327010952,
        "weight": 0.6813436061086396,
        "variations": {
          "swirl": 0.7393414398076608,
          "linear": 0.26381378340737793
        }
      },
      {
        "a": 0.7956982784322171,
        "b": -0.9068635622545826,
        "c": -0.3510800337208866,
        "d": 0.8866227663506245,
        "e": -1.461214807361292,
        "f": -1.3305181226566432,
        "color": 0.7038345709394391,
        "weight": 0.2765794242553542,
        "variations": {
          "sinusoidal": 0.36001610102466697
        }
      },
      {
        "a": 0.22054793622741142,
        "b": -0.6208698672655624,
        "c": -0.2641928085142875,
        "d": 0.21944538549650527,
        "e": 0.20765695698595454,
        "f": 1.382515953077604,
        "color": 0.524952429643268,
        "weight": 0.6321099913867313,
        "variations": {
          "linear": 0.40012000363184985,
          "swirl": 0.3271480564245929
        }
      }
    ],
    "num_points": 2876069,
    "gamma": 2.222523291282095,
    "brightness": 1.2,
    "hue_rotation": 285.69253052599254
  }
}