{
  "seed": "77a997e1-cda3-4c02-b069-6b27e7b631bf",
  "params": {
    "transforms": [
      {
        "a": 0.6228041924803136,
        "b": -0.6870511248812567,
        "c": -0.2972783732953701,
        "d": -0.7285638077482441,
        "e": 0.44799699731295295,
        "f": 1.2923268761947475,
        "color": 0.35993762059198975,
        "weight": 0.6972724160554488,
        "variations": {
          "linear": 0.33997482541428325
        }
      },
      {
        "a": 0.49180486086220854,
        "b": -0.326639993729279,
        "c": -0.9016770293414513,
        "d": -0.9386285673931374,
        "e": 0.9091081482361663,
        "f": -1.1703914630734755,
        "color": 0.3623346624013193,
        "weight": 0.5012535733941982,
        "variations": {
          "heart": 0.4535420720607838,
          "linear": 0.6869097832946194
        }
      },
      {
        "a": 0.7052015617289353,
        "b": -0.6115961782673434,
        "c": 0.15679684890136558,
        "d": -0.1854933299885535,
        "e": 0.685523781225382,
        "f": -1.2447584959340487,
        "color": 0.6514512945350422,
        "weight": 0.8802512676008288,
        "variations": {
          "heart": 0.07308821173809377,
          "spherical": 0.5336070827047752
        }
      },
      {
        "a": 0.9085785202720893,
        "b": 0.34044216221385604,
        "c": 0.164523550905169,
        "d": -0.08684218858494996,
        "e": 1.431330524428668,
        "f": 1.3789421440881986,
        "color": 0.3525735723713549,
        "weight": 0.631601462122608,
        "variations": {
          "linear": 0.32761981252562167,
          "heart": 0.0939986425261512
        }
      }
    ],
    "num_points": 2771193,
    "gamma": 2.4034794578690524,
    "brightness": 1.2,
    "hue_rotation": 54.74007475850121
  }
}