{
  "seed": "69aabd70-444c-43ac-9c8a-8729c75013d5",
  "params": {
    "transforms": [
      {
        "a": 0.8658351273857503,
        "b": -0.8954705528656359,
        "c": -0.5202306670042687,
        "d": 0.4916803241490808,
        "e": -1.2915252057907043,
        "f": -1.415557516408683,
        "color": 0.8500085244024548,
        "weight": 0.26136451735474203,
        "variations": {
          "linear": 0.6451843261932694
        }
      },
      {
        "a": -0.891546336151424,
        "b": -0.5081677982683734,
        "c": -0.505231564352886,
        "d": 0.4486500920769769,
        "e": -1.1967256324782167,
        "f": 1.1740716425676982,
        "color": 0.3962343978286361,
        "weight": 0.7539640225963207,
        "variations": {
          "heart": 0.4346904926131484,
          "swirl": 0.0644584928083145
        }
      },
      {
        "a": -0.34686724009742576,
        "b": 0.8336907344248894,
        "c": -0.9181231128955865,
        "d": 0.8935940058949019,
        "e": -1.2115285358114338,
        "f": 0.6014265245237902,
        "color": 0.5185525976426871,
        "weight": 0.9387389388722452,
        "variations": {
          "linear": 0.9474750560755973
        }
      }
    ],
    "num_points": 1235022,
    "gamma": 2.4818578454841442,
    "brightness": 1.2,
    "hue_rotation": 241.28187357526187
  }
}