{
  "seed": "3ae39997-d071-42c4-ac94-3f358ba47631",
  "params": {
    "transforms": [
      {
        "a": -0.03220332067542686,
        "b": -0.7966097748319421,
        "c": 0.06308608184583542,
        "d": 0.8893839132219674,
        "e": -1.4824514281250467,
        "f": -0.20509500022107585,
        "color": 0.704359985535557,
        "weight": 0.3599313709132683,
        "variations": {
          "swirl": 0.0018316362572495803
        }
      },
      {
        "a": -0.15576059138241516,
        "b": 0.370362144831087,
        "c": -0.13475412847596746,
        "d": 0.2732496186451365,
        "e": -1.005750833353076,
        "f": 0.46421520206029454,
        "color": 0.39813073208978866,
        "weight": 0.24849825850035834,
        "variations": {
          "swirl": 0.3872789305923884
        }
      },
      {
        "a": 0.7748989298454336,
        "b": -0.538552716028472,
        "c": -0.814359656819545,
        "d": -0.2905240231292192,
        "e": 1.0250554661441917,
        "f": 1.4528223287799937,
        "color": 0.3113974210047171,
        "weight": 0.5637293568529307,
        "variations": {
          "spherical": 0.6214780282433272,
          "linear": 0.6314160363798409,
          "heart": 0.23489063967300994
        }
      },
      {
        "a": -0.49964000823740484,
        "b": -0.7521580036729281,
        "c": -0.8843796572352647,
        "d": -0.8622347164676707,
        "e": 1.087785869632559,
        "f": -1.4539969709665683,
        "color": 0.5618883468301002,
        "weight": 0.2951974399573019,
        "variations": {
          "polar": 0.2283372561490481,
          "spherical": 0.7845449972823269,
          "linear": 0.044611605860210624
        }
      }
    ],
    "num_points": 1202404,
    "gamma": 1.8456071708079937,
    "brightness": 1.2,
    "hue_rotation": 213.50488825672815
  }
}