{
  "seed": "7454e8b3-c17c-4e3d-9212-de599e639956-234",
  "parameters": {
    "num_transforms": 4,
    "transforms": [
      {
        "a": 0.8723549513581332,
        "b": 1.3418092853485026,
        "c": -1.233227243364786,
        "d": 0.45486660443551874,
        "e": -1.247337240297744,
        "f": -0.11088750434511585,
        "color": 0.9376124863825358,
        "variations": {
          "handkerchief": 0.8483248610127165,
          "polar": 0.9675882015916564,
          "hyperbolic": 0.0,
          "disc": 0.3973601659645176
        },
        "weight": 1.2731599397889348
      },
      {
        "a": 1.427648908522833,
        "b": -0.10796143750936515,
        "c": -1.082377788625511,
        "d": -0.8118050571025016,
        "e": -1.3236340370991946,
        "f": 0.3284658473058335,
        "color": 0.5919509848624532,
        "variations": {
          "spherical": 0.1415604903505765,
          "swirl": 0.0
        },
        "weight": 0.9472533178299328
      },
      {
        "a": -0.8290232407295155,
        "b": 0.2933095582537981,
        "c": 0.42535305275207014,
        "d": 1.1058568725841362,
        "e": 1.2683201874873031,
        "f": 0.714022590168844,
        "color": 0.7841671989688067,
        "variations": {
          "sinusoidal": 0.7446988508864729,
          "handkerchief": 0.0
        },
        "weight": 1.323206827658798
      },
      {
        "a": -0.1777277094515224,
        "b": 0.32613293692435175,
        "c": -0.44189445564681407,
        "d": -1.2031375604737562,
        "e": 1.0780361517191466,
        "f": -1.3629290208011744,
        "color": 0.08854750541194667,
        "variations": {
          "handkerchief": 0.5556601764476853,
          "heart": 0.7627909334089458
        },
        "weight": 1.3348518900289683
      }
    ],
    "num_points": 2761906,
    "gamma": 2.8666803026229477,
    "brightness": 1.3486158026190602,
    "contrast": 1.5132777280250547,
    "hue_rotation": 272.62737539497226
  }
}