{
  "seed": "0760938b-09ea-4db8-a261-71e6daa9863d",
  "params": {
    "transforms": [
      {
        "a": 0.6543988668900502,
        "b": 0.46934736337986127,
        "c": 0.1112130849266606,
        "d": 0.7020150018657185,
        "e": 0.500947220896335,
        "f": -1.1257847093181796,
        "color": 0.7763945449104177,
        "weight": 0.5957723115178156,
        "variations": {
          "polar": 0.49512466569479385,
          "heart": 0.28202378164352726,
          "spherical": 0.04894402591835367
        }
      },
      {
        "a": -0.8526799729203942,
        "b": -0.6721399286623027,
        "c": 0.3142919035997138,
        "d": 0.2273748236395441,
        "e": 0.7998720123666399,
        "f": 1.3947067841038563,
        "color": 0.6796344667522283,
        "weight": 0.16552611020016922,
        "variations": {
          "polar": 0.6248361971672531,
          "swirl": 0.2234470643316503,
          "heart": 0.7417948822161181
        }
      }
    ],
    "num_points": 2834094,
    "gamma": 2.1315671849485245,
    "brightness": 1.2,
    "hue_rotation": 355.0598105979068
  }
}