{
  "seed": "8436b0ae-7e8f-47af-b772-4b98fea3d2cc",
  "params": {
    "transforms": [
      {
        "a": 0.6461864705957456,
        "b": 0.7040826103432398,
        "c": -0.3529608369626369,
        "d": 0.03410344053897707,
        "e": 0.6002710990695119,
        "f": 1.4600464681277514,
        "color": 0.04561730698414779,
        "weight": 0.6392139727286272,
        "variations": {
          "linear": 0.9555205679992801,
          "heart": 0.14603407313146255,
          "spherical": 0.8098209368994922
        }
      },
      {
        "a": 0.9061471851000695,
        "b": 0.9529672408647079,
        "c": 0.32244137553098073,
        "d": -0.5266611977438527,
        "e": 0.20596849148792717,
        "f": -0.7482012204555738,
        "color": 0.908888679739748,
        "weight": 0.44970520641905287,
        "variations": {
          "spherical": 0.10724028640399907,
          "swirl": 0.33932602905168463
        }
      },
      {
        "a": 0.417470943642263,
        "b": 0.28203551576419117,
        "c": -0.820602100350458,
        "d": -0.6204244015535803,
        "e": -0.1970545305097029,
        "f": -0.1792154724417867,
        "color": 0.5614478010095455,
        "weight": 0.6539966451928355,
        "variations": {
          "sinusoidal": 0.0009074395145464154,
          "linear": 0.9462198536890262
        }
      }
    ],
    "num_points": 2269229,
    "gamma": 1.812760350514044,
    "brightness": 1.2,
    "hue_rotation": 19.40084963262741
  }
}