{
  "seed": "e3ca9844-3c28-410c-932c-d4b7ac942890",
  "params": {
    "transforms": [
      {
        "a": -0.01919529944325782,
        "b": 0.6481076399190575,
        "c": -0.4533393316330352,
        "d": 0.9025403035500315,
        "e": 0.4356373195925327,
        "f": 1.0443872718909226,
        "color": 0.1840826535617388,
        "weight": 0.7387411775253471,
        "variations": {
          "sinusoidal": 0.41644579013166916,
          "polar": 0.5844120064757142,
          "linear": 0.03875727100116266
        }
      },
      {
        "a": 0.543340381652986,
        "b": -0.33025015236447786,
        "c": 0.5421172460902977,
        "d": 0.47806948883006894,
        "e": 0.3905445132498553,
        "f": -0.7124729762064625,
        "color": 0.15496306002926163,
        "weight": 0.9008509458487036,
        "variations": {
          "sinusoidal": 0.2375711594654748
        }
      }
    ],
    "num_points": 2214108,
    "gamma": 2.423407842344039,
    "brightness": 1.2,
    "hue_rotation": 19.068253626584113
  }
}