{
  "seed": "7997d319-b475-4dac-9a58-6604ab4da8fe",
  "params": {
    "transforms": [
      {
        "a": -0.7616176422276,
        "b": -0.7114318328034424,
        "c": -0.2983720900964437,
        "d": -0.8796130753980818,
        "e": -0.5741029140618339,
        "f": -0.7403597352534494,
        "color": 0.2253471051951933,
        "weight": 0.666987521962323,
        "variations": {
          "sinusoidal": 0.7832900972262399,
          "swirl": 0.4049496563272398,
          "spherical": 0.6785264632022115
        }
      },
      {
        "a": -0.21035767589121668,
        "b": -0.7832112063736152,
        "c": -0.32113333521970655,
        "d": 0.9954047867917555,
        "e": 1.3801799843357836,
        "f": -0.43137069188509924,
        "color": 0.5639143669307161,
        "weight": 0.5377628690061318,
        "variations": {
          "polar": 0.6841500416504859
        }
      },
      {
        "a": -0.5076328256974028,
        "b": -0.16723891970313853,
        "c": 0.1744070701364011,
        "d": -0.41358123657348234,
        "e": -1.293544890408826,
        "f": 1.3955006856239067,
        "color": 0.07341471754723294,
        "weight": 0.43711745867700313,
        "variations": {
          "polar": 0.8533316400677307
        }
      },
      {
        "a": -0.07376542027993671,
        "b": -0.967045011192307,
        "c": -0.238442177154643,
        "d": 0.5447752120063101,
        "e": 1.0748710805516928,
        "f": 1.1064661922612866,
        "color": 0.5393366257088982,
        "weight": 0.1347093894628939,
        "variations": {
          "heart": 0.8740277325694598,
          "spherical": 0.6116861470804666,
          "sinusoidal": 0.7979936655375962
        }
      }
    ],
    "num_points": 1179272,
    "gamma": 2.459706202013857,
    "brightness": 1.2,
    "hue_rotation": 276.66456217107464
  }
}