{
  "seed": "c2f23dd7-b126-4a8e-bde2-ebb92f2fe2b8",
  "params": {
    "transforms": [
      {
        "a": -0.7041380045950922,
        "b": 0.5645920122425492,
        "c": -0.08313741668974561,
        "d": -0.8767324055706875,
        "e": 0.4747759041580002,
        "f": 1.4402105126424583,
        "color": 0.58892246895792,
        "weight": 0.3478034516918537,
        "variations": {
          "spherical": 0.880842782545109,
          "linear": 0.8408448403764895,
          "sinusoidal": 0.8415705358455073
        }
      },
      {
        "a": 0.20941740374261286,
        "b": -0.08265760476833606,
        "c": -0.9829625374081687,
        "d": 0.07125876867241598,
        "e": 1.0255874349127967,
        "f": 1.0364703928828165,
        "color": 0.46337150673282057,
        "weight": 0.4029690703873152,
        "variations": {
          "swirl": 0.26167725055591595,
          "linear": 0.9041421024819526
        }
      },
      {
        "a": 0.9616037766973611,
        "b": 0.7115544697150737,
        "c": -0.030318788250624173,
        "d": 0.8262095078929044,
        "e": -0.009297463643404669,
        "f": -0.26182702732934393,
        "color": 0.14696633045087237,
        "weight": 0.9285868296919222,
        "variations": {
          "polar": 0.352794168704905,
          "linear": 0.5399502743374067,
          "heart": 0.4753524048009775
        }
      },
      {
        "a": -0.22534272818763346,
        "b": 0.038846855215087794,
        "c": 0.8618024387979324,
        "d": 0.34923321122624973,
        "e": -0.87541653579218,
        "f": -1.3148918961900522,
        "color": 0.03638393985852706,
        "weight": 0.30991596618903217,
        "variations": {
          "heart": 0.8303010242711859,
          "linear": 0.9752780401687792
        }
      }
    ],
    "num_points": 2484969,
    "gamma": 2.4692279685861838,
    "brightness": 1.2,
    "hue_rotation": 267.32994342820314
  }
}