{
  "seed": "7e09c472-dcf6-47bf-ad6d-ddae5c05c280",
  "params": {
    "transforms": [
      {
        "a": -0.28433832473483345,
        "b": 0.7043310616606231,
        "c": -0.561550097610167,
        "d": -0.8889031551700428,
        "e": -1.164230679099729,
        "f": -1.0167624251323422,
        "color": 0.7912889567390902,
        "weight": 0.30377110133524765,
        "variations": {
          "linear": 0.21452425468013658,
          "spherical": 0.913714025138033
        }
      },
      {
        "a": 0.8060608676769796,
        "b": -0.7644015171440226,
        "c": -0.414387616084845,
        "d": -0.5585393898198205,
        "e": 1.3250452121893495,
        "f": 1.1909374325221993,
        "color": 0.13458758527081083,
        "weight": 0.13305977837445546,
        "variations": {
          "swirl": 0.7840285818161716,
          "linear": 0.6944753142452763
        }
      }
    ],
    "num_points": 1795395,
    "gamma": 1.86253673479075,
    "brightness": 1.2,
    "hue_rotation": 4.936676679113066
  }
}