{
  "seed": "aa68f4fb-020b-4381-a84f-09f7099ba164",
  "params": {
    "transforms": [
      {
        "a": -0.23739959793578547,
        "b": 0.09253300623158256,
        "c": -0.9231927812415528,
        "d": -0.5645088643169969,
        "e": 1.0469769477677207,
        "f": 1.2103362969263478,
        "color": 0.6018284046632681,
        "weight": 0.24235627893740044,
        "variations": {
          "linear": 0.6200010351042442
        }
      },
      {
        "a": -0.5083030746875121,
        "b": 0.5461088019443407,
        "c": 0.9571586259148417,
        "d": 0.4701490025434185,
        "e": -0.686671946452395,
        "f": -0.5248493160333009,
        "color": 0.6902293757644161,
        "weight": 0.5246761264386028,
        "variations": {
          "heart": 0.6175049640782213,
          "polar": 0.24548991667923625,
          "linear": 0.36735360707318365
        }
      },
      {
        "a": -0.952539918401256,
        "b": -0.44663152412416407,
        "c": -0.6820587239435256,
        "d": -0.2032887606145306,
        "e": -1.363551769822035,
        "f": -0.810295172776189,
        "color": 0.3755127676354322,
        "weight": 0.7579843650343197,
        "variations": {
          "polar": 0.2928833546240003,
          "swirl": 0.5952433180458083
        }
      },
      {
        "a": -0.0922939913877423,
        "b": -0.2808922786230328,
        "c": 0.9312984106046145,
        "d": -0.8128457098992354,
        "e": -1.2893447629464556,
        "f": 0.046217463967703765,
        "color": 0.7958978047910448,
        "weight": 0.24054023215387849,
        "variations": {
          "polar": 0.9050134388202902
        }
      }
    ],
    "num_points": 1794745,
    "gamma": 2.4838903874889504,
    "brightness": 1.2,
    "hue_rotation": 39.636100283731906
  }
}