{
  "seed": "fea635d4-3dba-4751-89ba-69701fddd854",
  "params": {
    "transforms": [
      {
        "a": -0.03627894074491089,
        "b": 0.20411689527273102,
        "c": -0.04026915713108181,
        "d": -0.957906607198457,
        "e": 0.4665116875430593,
        "f": -0.7678122230300402,
        "color": 0.723775623014154,
        "weight": 0.5772322459598291,
        "variations": {
          "sinusoidal": 0.5055131842234521
        }
      },
      {
        "a": -0.521742015072852,
        "b": 0.0840611601780441,
        "c": -0.6486197276675723,
        "d": -0.5316246545215391,
        "e": 0.588347991774036,
        "f": 0.3346653966694355,
        "color": 0.15987709677680573,
        "weight": 0.46149247721674336,
        "variations": {
          "spherical": 0.337630068657391,
          "polar": 0.43683280152166615
        }
      }
    ],
    "num_points": 2931213,
    "gamma": 2.205641411371638,
    "brightness": 1.2,
    "hue_rotation": 31.054407223697368
  }
}