{
  "seed": "aee485eb-3339-4039-b7fe-6ce3ec69b053",
  "params": {
    "transforms": [
      {
        "a": -0.9605363798996045,
        "b": 0.67378946486973,
        "c": -0.14950858827261282,
        "d": 0.053857601899197416,
        "e": -0.8586421264511078,
        "f": 1.3272670493022218,
        "color": 0.8699552190739023,
        "weight": 0.8001943397111889,
        "variations": {
          "swirl": 0.006815015258716861
        }
      },
      {
        "a": 0.5731783367241454,
        "b": 0.012832387617508045,
        "c": 0.8020962796711899,
        "d": 0.774021248553785,
        "e": -1.2366729673555845,
        "f": -0.8335423998859417,
        "color": 0.8856369668713648,
        "weight": 0.18403700048171417,
        "variations": {
          "polar": 0.21271548642056992,
          "swirl": 0.513763728361819,
          "spherical": 0.6831940606883988
        }
      },
      {
        "a": 0.3336214573281757,
        "b": -0.6801839411997241,
        "c": 0.6242910685850684,
        "d": -0.4592742252502411,
        "e": 0.551126749702135,
        "f": 1.4007713260642367,
        "color": 0.8876620512595708,
        "weight": 0.9639539540815463,
        "variations": {
          "sinusoidal": 0.849267338990042,
          "heart": 0.25046207091888695,
          "spherical": 0.591638275957377
        }
      },
      {
        "a": 0.22149501856373077,
        "b": -0.48152051625980663,
        "c": -0.15305375671649402,
        "d": -0.6942601537811601,
        "e": -1.284397704557497,
        "f": -1.3342268713608623,
        "color": 0.660097196167004,
        "weight": 0.5668667990359554,
        "variations": {
          "swirl": 0.8615252313975983,
          "linear": 0.936134528856714,
          "sinusoidal": 0.46215550378069636
        }
      }
    ],
    "num_points": 2963801,
    "gamma": 2.153091918993134,
    "brightness": 1.2,
    "hue_rotation": 331.1885929178592
  }
}