{
  "seed": "26d12923-d42a-4862-a3e4-117b7d734c77-193",
  "parameters": {
    "num_transforms": 2,
    "transforms": [
      {
        "a": -0.3114849891493785,
        "b": 1.3618465274407914,
        "c": -0.6288793844687832,
        "d": -1.4098371290306653,
        "e": -1.3378182914599885,
        "f": -0.9894184690219721,
        "color": 0.3349248759702812,
        "variations": {
          "disc": 0.591579667150587,
          "heart": 0.6083097951146516,
          "spherical": 0.0
        },
        "weight": 1.1029283730790624
      },
      {
        "a": -0.6389112702229468,
        "b": 1.0591379587984098,
        "c": -0.7762171907845586,
        "d": 0.8917433483386468,
        "e": -1.0162983547606406,
        "f": -0.10856124467306572,
        "color": 0.8094495718997834,
        "variations": {
          "hyperbolic": 0.42355177820469603,
          "disc": 0.6834243622625733,
          "heart": 0.0
        },
        "weight": 1.786957044482543
      }
    ],
    "num_points": 4286235,
    "gamma": 1.3743418519875852,
    "brightness": 0.6739291285336256,
    "contrast": 1.7366561698873473,
    "hue_rotation": 83.6353618470462
  }
}