{
  "seed": "9243024c-7793-4088-b39c-ab69c84fc461",
  "params": {
    "transforms": [
      {
        "a": 0.04153040614773529,
        "b": 0.42031722203614086,
        "c": 0.7113300539410516,
        "d": -0.6248964484487598,
        "e": 1.1951199916531592,
        "f": -1.3622363720414956,
        "color": 0.5181333816483759,
        "weight": 0.9326797798474329,
        "variations": {
          "spherical": 0.5834553939888021,
          "sinusoidal": 0.5441248850672937,
          "polar": 0.5750409404159312
        }
      },
      {
        "a": 0.885344937412418,
        "b": 0.33930883206839924,
        "c": -0.8672736167173429,
        "d": 0.1818617155273694,
        "e": 0.029191085329503874,
        "f": 1.0609340138560466,
        "color": 0.6673936597173874,
        "weight": 0.3162141506302444,
        "variations": {
          "sinusoidal": 0.6396973647993126,
          "polar": 0.20761192603819834
        }
      }
    ],
    "num_points": 2760008,
    "gamma": 2.0279786151151704,
    "brightness": 1.2,
    "hue_rotation": 323.37203918677415
  }
}