{
  "seed": "46839a38-dbf1-4521-9c26-8ff065603246",
  "params": {
    "transforms": [
      {
        "a": 0.8563145487145973,
        "b": -0.8374655059438401,
        "c": -0.9040199985091824,
        "d": -0.8457240268846957,
        "e": 0.047490300699088106,
        "f": -0.6491604291268769,
        "color": 0.27349139386836996,
        "weight": 0.4243661703965712,
        "variations": {
          "spherical": 0.8792641486218341
        }
      },
      {
        "a": 0.7544103836982896,
        "b": -0.7324041785333084,
        "c": -0.35932045537254,
        "d": -0.4599401594842414,
        "e": 0.5012812427751445,
        "f": -0.4602612091373275,
        "color": 0.8994107915392286,
        "weight": 0.4978806231527724,
        "variations": {
          "polar": 0.02036121646367095,
          "swirl": 0.6418221860980406
        }
      },
      {
        "a": -0.4329630842278178,
        "b": 0.07193257710646872,
        "c": 0.2833520823560449,
        "d": -0.6162628124162115,
        "e": 0.5988464827566915,
        "f": -0.7394701743485346,
        "color": 0.07258270399092881,
        "weight": 0.7397770004366304,
        "variations": {
          "linear": 0.9283383453728532,
          "spherical": 0.6828137497807802,
          "swirl": 0.0496262918002216
        }
      },
      {
        "a": 0.1617600671932664,
        "b": -0.3058947810709669,
        "c": 0.05862861935281671,
        "d": -0.9510904866325574,
        "e": -1.1904422402015657,
        "f": -0.5761339088875453,
        "color": 0.563470564656131,
        "weight": 0.48435364894578725,
        "variations": {
          "heart": 0.5860147306857917,
          "sinusoidal": 0.7483396192320033,
          "swirl": 0.8521771022640788
        }
      }
    ],
    "num_points": 2840579,
    "gamma": 2.30190232557666,
    "brightness": 1.2,
    "hue_rotation": 52.667886244001934
  }
}