{
  "seed": "95bf3833-b9b2-40bc-a1c1-736628d660a1",
  "params": {
    "transforms": [
      {
        "a": 0.8541438975140532,
        "b": 0.7219095539153206,
        "c": -0.4109208379627276,
        "d": -0.9441967326887346,
        "e": 1.2331449550283722,
        "f": -0.6265355075206617,
        "color": 0.6315427316448206,
        "weight": 0.8324491274786945,
        "variations": {
          "sinusoidal": 0.14361219974437278,
          "linear": 0.13167779266221524,
          "swirl": 0.512239293427247
        }
      },
      {
        "a": -0.29121966472463745,
        "b": 0.7648941197896848,
        "c": -0.34699107526606077,
        "d": -0.8537233529272013,
        "e": 1.1661385840141971,
        "f": -1.3116507549186451,
        "color": 0.16516609965668805,
        "weight": 0.2903419786322661,
        "variations": {
          "swirl": 0.08459361297753776,
          "polar": 0.9052354526562808,
          "linear": 0.040744390312039025
        }
      },
      {
        "a": -0.6102871550932365,
        "b": -0.6235051296329901,
        "c": -0.1522711129719545,
        "d": -0.4965561661464344,
        "e": 1.4175558166034525,
        "f": -0.7851652714110189,
        "color": 0.18004914387691073,
        "weight": 0.35529488517501673,
        "variations": {
          "polar": 0.7992612968713282,
          "spherical": 0.9439095104909645
        }
      }
    ],
    "num_points": 2800525,
    "gamma": 2.1197193457674524,
    "brightness": 1.2,
    "hue_rotation": 57.648040125613875
  }
}