{
  "seed": "b75047ee-c651-469a-8e49-1b9a5cefe372",
  "params": {
    "transforms": [
      {
        "a": -0.7152103690191602,
        "b": 0.13339330801994986,
        "c": 0.03208032850362286,
        "d": 0.050505479446865564,
        "e": -0.5840878535163311,
        "f": -1.3795223215812114,
        "color": 0.8865871654353432,
        "weight": 0.4170681613097359,
        "variations": {
          "heart": 0.5426350283949444,
          "polar": 0.9601764441185751,
          "spherical": 0.6041309454527509
        }
      },
      {
        "a": 0.08751392516442147,
        "b": -0.14751365391573512,
        "c": 0.6470356813601177,
        "d": -0.9584336483729188,
        "e": 0.7559869666183046,
        "f": 0.8462148445281352,
        "color": 0.6000803507142983,
        "weight": 0.8562005252827033,
        "variations": {
          "sinusoidal": 0.42378654690989115,
          "heart": 0.6681093376441283,
          "swirl": 0.4133630012317243
        }
      }
    ],
    "num_points": 1166141,
    "gamma": 2.4922986719798734,
    "brightness": 1.2,
    "hue_rotation": 352.04205637958637
  }
}