{
  "seed": "2877551a-5347-479e-9d17-681a410c186b",
  "params": {
    "transforms": [
      {
        "a": -0.5840910230547014,
        "b": 0.6944547352628219,
        "c": -0.6254900471285956,
        "d": 0.022273941305368083,
        "e": -0.42457153258672475,
        "f": 0.38985254713431083,
        "color": 0.8343260000069679,
        "weight": 0.3492292998643905,
        "variations": {
          "spherical": 0.006567385073172449
        }
      },
      {
        "a": 0.9967261953231157,
        "b": 0.44223975293412576,
        "c": -0.8896404391331247,
        "d": -0.9310169794918457,
        "e": 0.56473489763136,
        "f": -1.3097629190980833,
        "color": 0.9150472410818544,
        "weight": 0.45513797961696,
        "variations": {
          "sinusoidal": 0.9437952021740755,
          "spherical": 0.31898812941975097,
          "linear": 0.5255679452255475
        }
      },
      {
        "a": 0.05120580229701188,
        "b": 0.9254922247961599,
        "c": -0.8406564885392591,
        "d": 0.3577577488822381,
        "e": 1.0383109778112383,
        "f": -0.9466420492530229,
        "color": 0.6555720120264195,
        "weight": 0.11787573631853585,
        "variations": {
          "swirl": 0.9892740751894404,
          "polar": 0.7635356691815068
        }
      }
    ],
    "num_points": 1638962,
    "gamma": 1.9456343898263768,
    "brightness": 1.2,
    "hue_rotation": 315.1115547034305
  }
}