{
  "seed": "7f9102ca-841b-4f5c-b7e3-5204cb39d9e3",
  "params": {
    "transforms": [
      {
        "a": 0.49071690852220784,
        "b": -0.887861106976878,
        "c": -0.4750553148481522,
        "d": -0.23640244233136332,
        "e": 1.065104484078541,
        "f": -0.3366528341467465,
        "color": 0.5550864095671344,
        "weight": 0.12512036036294538,
        "variations": {
          "swirl": 0.9435500915345191
        }
      },
      {
        "a": 0.9669650155076761,
        "b": 0.41793841598004566,
        "c": 0.3082774120382925,
        "d": -0.07216646552906614,
        "e": -0.45095477483904123,
        "f": -0.9064537775138611,
        "color": 0.0018480440961133882,
        "weight": 0.3096524249864223,
        "variations": {
          "spherical": 0.34053947073687973,
          "linear": 0.7346871197129772,
          "polar": 0.3198515856521439
        }
      },
      {
        "a": -0.9911080636170293,
        "b": -0.03168278229890431,
        "c": -0.14566819177632873,
        "d": -0.5142789835120165,
        "e": -0.5016488531617787,
        "f": -0.7172263245053655,
        "color": 0.0005488806162962101,
        "weight": 0.7901383639206532,
        "variations": {
          "heart": 0.8575287481690196,
          "linear": 0.48870834417500775
        }
      },
      {
        "a": 0.20333855291917602,
        "b": 0.009607702639106375,
        "c": 0.10429708603951071,
        "d": -0.22164432493853425,
        "e": 1.156597661118008,
        "f": 1.1156420545827883,
        "color": 0.18393911802915885,
        "weight": 0.38658864832138684,
        "variations": {
          "polar": 0.5030504790314224
        }
      }
    ],
    "num_points": 1911339,
    "gamma": 1.949115211689899,
    "brightness": 1.2,
    "hue_rotation": 202.5933480453286
  }
}