{
  "seed": "5ddd0d2d-b9a3-415a-8425-6545826590f6",
  "params": {
    "transforms": [
      {
        "a": 0.6427413879171491,
        "b": 0.6353737242201598,
        "c": -0.9287319699430594,
        "d": -0.13555029012807185,
        "e": 1.2606913740553574,
        "f": -1.0023993997823148,
        "color": 0.11380245709054904,
        "weight": 0.8067630603294283,
        "variations": {
          "heart": 0.4533419675887047,
          "polar": 0.4383013165250085
        }
      },
      {
        "a": 0.3839873097845814,
        "b": -0.5227935713417695,
        "c": 0.8986861448202534,
        "d": 0.27977257879297257,
        "e": 0.9024253053933178,
        "f": -1.3691562265249118,
        "color": 0.10175895327958262,
        "weight": 0.675430306547099,
        "variations": {
          "polar": 0.5036197580917142,
          "swirl": 0.5450490400888506,
          "spherical": 0.7481951889514348
        }
      }
    ],
    "num_points": 1256318,
    "gamma": 1.9385766815616556,
    "brightness": 1.2,
    "hue_rotation": 35.70925548485136
  }
}