{
  "seed": "852c5c64-6948-44b5-9ec5-a1288dc5a33a",
  "params": {
    "transforms": [
      {
        "a": 0.39485410772432794,
        "b": -0.2067990343791637,
        "c": 0.8477167496618943,
        "d": -0.09091664144441869,
        "e": -0.6526996311814667,
        "f": -0.08751728954450377,
        "color": 0.9271931881020283,
        "weight": 0.13256056561600194,
        "variations": {
          "heart": 0.16900346479950068
        }
      },
      {
        "a": 0.09858200527319605,
        "b": -0.530637947313094,
        "c": 0.9232887835669101,
        "d": 0.7749143256889997,
        "e": -0.09118765581736099,
        "f": 0.07447666277311038,
        "color": 0.17456781413781897,
        "weight": 0.9893328564941637,
        "variations": {
          "linear": 0.56578142312044,
          "swirl": 0.09608626237170914,
          "sinusoidal": 0.8723373026395916
        }
      },
      {
        "a": -0.41477401264312475,
        "b": -0.802574109590231,
        "c": -0.2613717419478496,
        "d": -0.8873881025128791,
        "e": -0.1260560434113236,
        "f": -1.2503614100275882,
        "color": 0.6737008027830408,
        "weight": 0.16021898462199358,
        "variations": {
          "heart": 0.40814605497102885,
          "swirl": 0.40718206089449027,
          "polar": 0.5150221966762358
        }
      },
      {
        "a": -0.39956201519322443,
        "b": -0.9936275742138772,
        "c": 0.2808403794311718,
        "d": 0.01313909166833982,
        "e": -0.5190077106487143,
        "f": -0.410090476854732,
        "color": 0.9486074255824655,
        "weight": 0.3236643026131326,
        "variations": {
          "polar": 0.15229863950261802,
          "swirl": 0.1706459996794727,
          "sinusoidal": 0.6202587658192092
        }
      }
    ],
    "num_points": 2165358,
    "gamma": 2.166960685825153,
    "brightness": 1.2,
    "hue_rotation": 249.5918294765467
  }
}