{
  "seed": "9f5b9d11-1739-4bf5-aa42-e88df65050f0",
  "params": {
    "transforms": [
      {
        "a": 0.8044843689403387,
        "b": -0.6383758561875503,
        "c": -0.8521342252119264,
        "d": -0.7855531968389386,
        "e": 1.4316977445419443,
        "f": 0.49589957059720025,
        "color": 0.8708820080295466,
        "weight": 0.7581756944079923,
        "variations": {
          "spherical": 0.31752299400972683,
          "heart": 0.5299698881722242,
          "polar": 0.13383849299743933
        }
      },
      {
        "a": -0.2730860397136077,
        "b": 0.23599911177060684,
        "c": 0.7341799708796815,
        "d": 0.16198280135149679,
        "e": -1.4423193084325625,
        "f": -1.409899255180755,
        "color": 0.3492559904540552,
        "weight": 0.48943368764090645,
        "variations": {
          "sinusoidal": 0.6801652586433277
        }
      },
      {
        "a": 0.7411763295133984,
        "b": -0.5808571499051607,
        "c": -0.05252554229092388,
        "d": 0.8585423491775561,
        "e": -0.5766086676163501,
        "f": 1.4128648972294484,
        "color": 0.09333754373848946,
        "weight": 0.583281163205543,
        "variations": {
          "heart": 0.6412238423068978,
          "linear": 0.008567543944559386,
          "polar": 0.5953950931685034
        }
      },
      {
        "a": 0.6865416238381568,
        "b": 0.31873372241964115,
        "c": -0.7577364832492979,
        "d": -0.9426026598213659,
        "e": -0.8768905233043148,
        "f": -0.5939660156571117,
        "color": 0.16708294198120754,
        "weight": 0.9809232855684752,
        "variations": {
          "polar": 0.9069728453579974
        }
      }
    ],
    "num_points": 1925955,
    "gamma": 2.1446115969994217,
    "brightness": 1.2,
    "hue_rotation": 11.288188896609483
  }
}