{
  "seed": "6e9b4e6c-f235-499b-9bcd-002f60a70a14",
  "params": {
    "transforms": [
      {
        "a": 0.8080201317038049,
        "b": 0.3223185922695173,
        "c": 0.8804796743348808,
        "d": -0.8938639369542558,
        "e": -1.2795812806131002,
        "f": 0.6662521527235903,
        "color": 0.01826561672419391,
        "weight": 0.4108344715603537,
        "variations": {
          "spherical": 0.3058679335370217,
          "swirl": 0.6986783175832137
        }
      },
      {
        "a": -0.8114360919666872,
        "b": 0.3884916716113207,
        "c": 0.25379429824859434,
        "d": -0.6624485635577497,
        "e": -0.13352705843587653,
        "f": 1.0354618517656573,
        "color": 0.5661265143795511,
        "weight": 0.597492339571909,
        "variations": {
          "heart": 0.0795407546443272,
          "spherical": 0.6948406745160144
        }
      },
      {
        "a": 0.616773742397609,
        "b": 0.5652995542440322,
        "c": -0.8640030513234789,
        "d": 0.2533198763077291,
        "e": 0.3093090526080511,
        "f": 0.9185417164377112,
        "color": 0.8509509455675083,
        "weight": 0.820441373800184,
        "variations": {
          "sinusoidal": 0.633987489376937
        }
      }
    ],
    "num_points": 2050077,
    "gamma": 2.2105053387916973,
    "brightness": 1.2,
    "hue_rotation": 319.03997363663814
  }
}