{
  "seed": "62ff025b-19c7-4fed-8f4c-920137501954",
  "params": {
    "transforms": [
      {
        "a": 0.6943067965852829,
        "b": 0.4702216612807244,
        "c": -0.9000881745449634,
        "d": 0.7723010818887657,
        "e": -1.362935608005438,
        "f": 0.75617067394088,
        "color": 0.43233967851983557,
        "weight": 0.3296239101498709,
        "variations": {
          "sinusoidal": 0.2743002372292134,
          "swirl": 0.730239814714768
        }
      },
      {
        "a": 0.2793795155307759,
        "b": 0.961692372009429,
        "c": -0.873564217227897,
        "d": -0.3399449654030424,
        "e": 0.09080831780708687,
        "f": -0.0997515643683089,
        "color": 0.9660474731988847,
        "weight": 0.4390888895135564,
        "variations": {
          "sinusoidal": 0.835814753964247,
          "swirl": 0.4040872802707125
        }
      },
      {
        "a": -0.2830474860213861,
        "b": -0.8988402318998256,
        "c": -0.7994449979997138,
        "d": 0.4453455905628436,
        "e": 0.15860603383329375,
        "f": -0.7933071861525243,
        "color": 0.4985084682579929,
        "weight": 0.5662475101528324,
        "variations": {
          "spherical": 0.06653896799460568,
          "heart": 0.02829970012544092,
          "polar": 0.7785475836502238
        }
      }
    ],
    "num_points": 1428402,
    "gamma": 2.4350629369725136,
    "brightness": 1.2,
    "hue_rotation": 103.92222172734468
  }
}