{
  "seed": "0dda6435-62aa-4a66-ab30-eee845a05c78",
  "params": {
    "transforms": [
      {
        "a": 0.7294671327124997,
        "b": -0.32526181505075713,
        "c": 0.5267027084213944,
        "d": 0.9959643871718438,
        "e": -0.6302177917556426,
        "f": 0.1673460617393996,
        "color": 0.20822037381318426,
        "weight": 0.40444090513173925,
        "variations": {
          "linear": 0.7936106126880711,
          "swirl": 0.9443817227970289,
          "heart": 0.41195865989087
        }
      },
      {
        "a": 0.9113043408656805,
        "b": -0.8533744746775118,
        "c": -0.553475310177628,
        "d": -0.8215641367282913,
        "e": -0.18411337337778555,
        "f": 0.13335953380556465,
        "color": 0.14003232851691882,
        "weight": 0.2973388000959927,
        "variations": {
          "spherical": 0.7233561478030375,
          "linear": 0.4966907479509697
        }
      },
      {
        "a": -0.4374900025684887,
        "b": -0.6445198960416221,
        "c": 0.38361720192738336,
        "d": 0.7774964719014743,
        "e": 0.3727887508792467,
        "f": 0.21904564328811826,
        "color": 0.9183904168980158,
        "weight": 0.9399507278331568,
        "variations": {
          "linear": 0.45081768204748685,
          "spherical": 0.6872700390764599,
          "swirl": 0.9240721077516101
        }
      },
      {
        "a": -0.910572907153915,
        "b": -0.7740891643613641,
        "c": 0.6609513658867101,
        "d": 0.13959356239455545,
        "e": 0.030589267929342467,
        "f": -0.660896994881627,
        "color": 0.9293524681799501,
        "weight": 0.8294034251957038,
        "variations": {
          "polar": 0.9494065391062065
        }
      }
    ],
    "num_points": 1314906,
    "gamma": 2.3094903661448045,
    "brightness": 1.2,
    "hue_rotation": 29.092703967074335
  }
}