{
  "seed": "bf277ad9-feb8-4a02-ab3e-8d2c1a9d8d9f",
  "params": {
    "transforms": [
      {
        "a": 0.8913897809551328,
        "b": -0.7451301629120866,
        "c": -0.08401053423864968,
        "d": 0.5577185204782764,
        "e": 0.5678932009811293,
        "f": 0.14224081034928893,
        "color": 0.9192919359107913,
        "weight": 0.15561394936286396,
        "variations": {
          "linear": 0.9462471346632445
        }
      },
      {
        "a": 0.4095967024748608,
        "b": 0.12886035329165413,
        "c": -0.86545345909286,
        "d": -0.16325111418949412,
        "e": 0.6258066968972682,
        "f": -0.876404973746622,
        "color": 0.8755611733151349,
        "weight": 0.2296610600719765,
        "variations": {
          "heart": 0.5936141611142506,
          "spherical": 0.7594537543014247,
          "linear": 0.7843940345375787
        }
      },
      {
        "a": -0.025748616798999757,
        "b": -0.28016721886574336,
        "c": -0.02071863602996027,
        "d": -0.5130690262835333,
        "e": 0.4536583031193844,
        "f": 1.135702788639248,
        "color": 0.6091296892250401,
        "weight": 0.6635374486674626,
        "variations": {
          "spherical": 0.08684948619994948
        }
      }
    ],
    "num_points": 1273756,
    "gamma": 2.163314734954827,
    "brightness": 1.2,
    "hue_rotation": 251.5248340817404
  }
}