{
  "seed": "a17477ec-11d2-45b4-ae35-1497046fe831",
  "params": {
    "transforms": [
      {
        "a": 0.16017738560102868,
        "b": 0.29060228412000244,
        "c": -0.9418419210926614,
        "d": 0.18679381845992493,
        "e": -0.8815866273553176,
        "f": 1.4643263604739074,
        "color": 0.816652674496881,
        "weight": 0.5676733241251218,
        "variations": {
          "heart": 0.24515428096465564,
          "sinusoidal": 0.9331485516641249,
          "swirl": 0.6200759845379774
        }
      },
      {
        "a": -0.07622374987267855,
        "b": 0.8828303768711527,
        "c": 0.40328516503455325,
        "d": 0.21660402666465983,
        "e": -0.25598503887181456,
        "f": -1.0550016895047807,
        "color": 0.8938100895805038,
        "weight": 0.41350366130291805,
        "variations": {
          "spherical": 0.05669704177117163,
          "linear": 0.8319094838608887
        }
      }
    ],
    "num_points": 2827494,
    "gamma": 2.426988294532526,
    "brightness": 1.2,
    "hue_rotation": 280.2590783260612
  }
}