{
  "seed": "c7949203-4363-402a-b8b7-484fa90f0fdf",
  "params": {
    "transforms": [
      {
        "a": -0.35062944027076304,
        "b": 0.5823713255323715,
        "c": -0.8506475577549741,
        "d": -0.47347078778809815,
        "e": -0.048270900962468666,
        "f": -1.4086180595025244,
        "color": 0.7201618008109948,
        "weight": 0.14828643297436506,
        "variations": {
          "spherical": 0.3097247384723615,
          "polar": 0.7768468261478306,
          "sinusoidal": 0.9649001315941415
        }
      },
      {
        "a": 0.45828202346494784,
        "b": 0.9214163635154851,
        "c": 0.8081839725328168,
        "d": 0.4319595503149323,
        "e": -0.5913901255258988,
        "f": -1.2249281703602655,
        "color": 0.8926507703729573,
        "weight": 0.8531813500468342,
        "variations": {
          "spherical": 0.21268840325949068
        }
      },
      {
        "a": -0.17878264561833834,
        "b": 0.27969072463795563,
        "c": -0.07242612195812814,
        "d": 0.5769875521177374,
        "e": -0.287780801972811,
        "f": -0.7271440962559859,
        "color": 0.15106334536184007,
        "weight": 0.46282971167300646,
        "variations": {
          "swirl": 0.3966686187125137,
          "heart": 0.9875819358008279
        }
      },
      {
        "a": -0.04503301252261305,
        "b": -0.13216277283168854,
        "c": 0.9454579029130836,
        "d": -0.5217016598705062,
        "e": -0.9051031112734045,
        "f": -1.3876277692058772,
        "color": 0.3513770324588602,
        "weight": 0.8592928640005721,
        "variations": {
          "linear": 0.0147150848340728
        }
      }
    ],
    "num_points": 2205605,
    "gamma": 2.2986128432823083,
    "brightness": 1.2,
    "hue_rotation": 153.8488571833318
  }
}