{
  "seed": "9312b6da-cd7b-4079-8d60-aa7fb4879b5f",
  "params": {
    "transforms": [
      {
        "a": -0.9812624570260944,
        "b": 0.03371376177362406,
        "c": -0.27376437425716627,
        "d": -0.030283404336717945,
        "e": -0.9390807484007014,
        "f": -0.7036936986831258,
        "color": 0.6378551794514689,
        "weight": 0.5803271039947225,
        "variations": {
          "heart": 0.2443827709555989,
          "linear": 0.5868217581290034
        }
      },
      {
        "a": 0.3399337780082703,
        "b": 0.48409862411550053,
        "c": -0.7045761872209284,
        "d": 0.516934526731752,
        "e": -0.7181270731839389,
        "f": 0.22966633723124197,
        "color": 0.5857693659070826,
        "weight": 0.33958842325644456,
        "variations": {
          "sinusoidal": 0.08942269590747565,
          "swirl": 0.05752054984257726,
          "spherical": 0.32354097999784726
        }
      },
      {
        "a": 0.3402557610179293,
        "b": -0.9242381301603435,
        "c": -0.5000197741329961,
        "d": -0.1444958711488924,
        "e": -0.8051134757587242,
        "f": -0.24471538502097623,
        "color": 0.1612942747551932,
        "weight": 0.6219357436107092,
        "variations": {
          "polar": 0.5206832706012074
        }
      },
      {
        "a": -0.877286652446174,
        "b": 0.044248831516639164,
        "c": -0.10811725731597632,
        "d": 0.6572453066756934,
        "e": 0.33235900521235706,
        "f": -0.28513481265099583,
        "color": 0.833641633146924,
        "weight": 0.8282437481262851,
        "variations": {
          "spherical": 0.22060584663621918
        }
      }
    ],
    "num_points": 2967931,
    "gamma": 2.42326315927013,
    "brightness": 1.2,
    "hue_rotation": 76.58383443321463
  }
}