{
  "seed": "4ed689b8-0424-4956-92c6-a9d72190a94e",
  "params": {
    "transforms": [
      {
        "a": 0.8092037400181369,
        "b": 0.7392943085212571,
        "c": -0.27891510665311037,
        "d": 0.28474605791391383,
        "e": -0.4819205022572355,
        "f": 0.7231990687697682,
        "color": 0.4581505326254246,
        "weight": 0.7685474625821654,
        "variations": {
          "polar": 0.37393786898296977,
          "linear": 0.18605985204594577
        }
      },
      {
        "a": 0.40245114383365,
        "b": 0.6850969575856576,
        "c": 0.8238574252011182,
        "d": 0.4282888665370177,
        "e": -0.9369742095715605,
        "f": -0.24253466607974827,
        "color": 0.13121964665065833,
        "weight": 0.28659125232096394,
        "variations": {
          "sinusoidal": 0.3788133384279939,
          "polar": 0.6731041871786824,
          "linear": 0.34637292757555616
        }
      }
    ],
    "num_points": 1390012,
    "gamma": 2.0662421895150893,
    "brightness": 1.2,
    "hue_rotation": 184.23707874685584
  }
}