{
  "seed": "f81e5fd1-47ea-48a3-a0f9-3718f4457e42",
  "params": {
    "transforms": [
      {
        "a": 0.239445150239757,
        "b": 0.7225963412663665,
        "c": 0.30138588135207134,
        "d": -0.8710181415890004,
        "e": -0.4593512822144894,
        "f": 1.2013187089339765,
        "color": 0.9057741525621379,
        "weight": 0.9005490137587616,
        "variations": {
          "polar": 0.03412450508913445
        }
      },
      {
        "a": -0.7803951576169077,
        "b": 0.859328943805324,
        "c": 0.9983154998742532,
        "d": 0.12158551772871307,
        "e": 1.3397456032063784,
        "f": -0.46354978726715856,
        "color": 0.791730482176069,
        "weight": 0.8337197623267802,
        "variations": {
          "swirl": 0.251635199218482,
          "polar": 0.6912393216712435
        }
      },
      {
        "a": -0.8311281238606807,
        "b": -0.6209030494556012,
        "c": 0.32897407919119304,
        "d": -0.09037524750063852,
        "e": 1.009167021041069,
        "f": 1.181658198013035,
        "color": 0.19099213364914236,
        "weight": 0.34028646698568354,
        "variations": {
          "sinusoidal": 0.8281050450688455,
          "heart": 0.8548100147981949
        }
      }
    ],
    "num_points": 2453669,
    "gamma": 1.8119633380792821,
    "brightness": 1.2,
    "hue_rotation": 300.0476868288358
  }
}