{
  "seed": "4e2d4dc9-16d8-454b-8dfb-67647d3b15b4",
  "params": {
    "transforms": [
      {
        "a": -0.8579885015939386,
        "b": -0.7038444248966567,
        "c": -0.16629740143209393,
        "d": 0.8938100250080898,
        "e": -1.2038106898389127,
        "f": 0.9789980617936869,
        "color": 0.8782687396645474,
        "weight": 0.5035557331420233,
        "variations": {
          "heart": 0.7075499596329684,
          "sinusoidal": 0.60764425374012,
          "polar": 0.3928955035350822
        }
      },
      {
        "a": -0.4641172862452181,
        "b": -0.5857730649243766,
        "c": -0.17861222282635247,
        "d": 0.5602653306074068,
        "e": -0.023302854862161215,
        "f": 1.2202332414690158,
        "color": 0.0837629543266919,
        "weight": 0.2890591851344385,
        "variations": {
          "linear": 0.8514161643723025,
          "polar": 0.6628704738265154
        }
      }
    ],
    "num_points": 2207831,
    "gamma": 1.8086976466955793,
    "brightness": 1.2,
    "hue_rotation": 31.450729610888665
  }
}