{
  "seed": "05ad02e9-4fe9-42b4-84f1-94d39dfe3608",
  "params": {
    "transforms": [
      {
        "a": 0.4801221835676761,
        "b": 0.5646110772004946,
        "c": 0.5168889832280101,
        "d": -0.8056649212577696,
        "e": -0.17956809569641785,
        "f": 0.6132667491075168,
        "color": 0.5335729606930177,
        "weight": 0.578048887375707,
        "variations": {
          "swirl": 0.15047439890406156,
          "polar": 0.10091381567655344,
          "heart": 0.8609104198456976
        }
      },
      {
        "a": -0.24131075327295304,
        "b": -0.2652070836527527,
        "c": 0.7751190690472232,
        "d": 0.9968013673444462,
        "e": -0.5968366347841412,
        "f": 1.2561283284974802,
        "color": 0.7097209737149157,
        "weight": 0.38634369865995055,
        "variations": {
          "polar": 0.7209710084480015,
          "heart": 0.582141303086116
        }
      },
      {
        "a": 0.29271217718807807,
        "b": -0.08696635322347057,
        "c": -0.011841091037344764,
        "d": -0.40254572845658143,
        "e": 1.0748180555733002,
        "f": 1.2728379456313759,
        "color": 0.848900932217504,
        "weight": 0.517246597332878,
        "variations": {
          "spherical": 0.10201206635085136,
          "swirl": 0.0052473066225839915,
          "polar": 0.2111518607095797
        }
      },
      {
        "a": -0.45827549871628803,
        "b": -0.3356409052615963,
        "c": 0.4608124600661063,
        "d": 0.24222681358604548,
        "e": -1.1602155791346913,
        "f": -1.0378620473559608,
        "color": 0.07691788094704421,
        "weight": 0.6811162827088653,
        "variations": {
          "spherical": 0.9141152831214759,
          "polar": 0.60047887096208
        }
      }
    ],
    "num_points": 1536680,
    "gamma": 2.4597936570694072,
    "brightness": 1.2,
    "hue_rotation": 135.2037039666476
  }
}