{
  "seed": "e968cdf7-e89d-46f9-aa6b-288a2dd73023",
  "params": {
    "transforms": [
      {
        "a": -0.21565793461786464,
        "b": -0.13873046204596018,
        "c": -0.40592521757887257,
        "d": -0.46907366155575403,
        "e": -1.4619604316031682,
        "f": 0.12722780127639055,
        "color": 0.8935343755167526,
        "weight": 0.9800906163817377,
        "variations": {
          "swirl": 0.44317684941958635
        }
      },
      {
        "a": 0.8865843711207531,
        "b": -0.8229127254916457,
        "c": 0.9308572874071634,
        "d": -0.9790390052194102,
        "e": -0.14230608747632667,
        "f": 0.646543162992101,
        "color": 0.8108840836364861,
        "weight": 0.7573784615323257,
        "variations": {
          "heart": 0.9067934999635046,
          "polar": 0.3537054799580216
        }
      },
      {
        "a": -0.28846075417177985,
        "b": -0.3642568481285178,
        "c": -0.02641429020455366,
        "d": -0.33007998496891755,
        "e": 0.80565258185307,
        "f": -1.1693407837005707,
        "color": 0.820219663553523,
        "weight": 0.4505211204806985,
        "variations": {
          "swirl": 0.7493655941515862,
          "spherical": 0.057701218489165984,
          "linear": 0.7781038203651929
        }
      },
      {
        "a": -0.3228372046836492,
        "b": 0.9474019582793551,
        "c": -0.7682058178812612,
        "d": -0.5688781414669026,
        "e": 0.4864669536409649,
        "f": -1.0607440003602697,
        "color": 0.6817189270805628,
        "weight": 0.3060984411687877,
        "variations": {
          "polar": 0.5653070113653477
        }
      }
    ],
    "num_points": 1296889,
    "gamma": 1.8586238745390466,
    "brightness": 1.2,
    "hue_rotation": 222.94642752395865
  }
}