{
  "seed": "9c6dfc70-7fa0-4fd9-876a-5ed1e5505087",
  "params": {
    "transforms": [
      {
        "a": 0.7370764535866614,
        "b": -0.021072187946377108,
        "c": 0.47125007036427724,
        "d": 0.05529553002413268,
        "e": -0.1769589245570491,
        "f": -0.8976847074176456,
        "color": 0.37177594498998434,
        "weight": 0.5621030959177019,
        "variations": {
          "polar": 0.461535974422722,
          "linear": 0.06453857456301793,
          "heart": 0.7863180047951144
        }
      },
      {
        "a": 0.03804255066353024,
        "b": -0.22851509034705453,
        "c": -0.49419971199064405,
        "d": -0.8427512525182974,
        "e": 0.2726349934515484,
        "f": -1.4964842610346287,
        "color": 0.6675035364136763,
        "weight": 0.2215865107112011,
        "variations": {
          "spherical": 0.34983985880307034,
          "sinusoidal": 0.26940285167418665,
          "swirl": 0.622245924798587
        }
      },
      {
        "a": 0.1694453706003325,
        "b": -0.22045857227559074,
        "c": 0.15440108994601043,
        "d": 0.9662678692148037,
        "e": 0.6066684548634198,
        "f": 1.2489188667035118,
        "color": 0.5143426952841829,
        "weight": 0.16316536467913095,
        "variations": {
          "polar": 0.5148112201047814,
          "heart": 0.9444669554750447,
          "swirl": 0.5954486963172587
        }
      }
    ],
    "num_points": 2278733,
    "gamma": 2.2978581863315837,
    "brightness": 1.2,
    "hue_rotation": 251.0464654918217
  }
}