{
  "seed": "f1ff836b-9774-4b7e-a0f8-95ec6b28cf93",
  "params": {
    "transforms": [
      {
        "a": -0.24622609289742758,
        "b": -0.6287124028033919,
        "c": 0.10747976171301832,
        "d": -0.43026004567687415,
        "e": -0.3452059078722791,
        "f": 0.44194101525756935,
        "color": 0.6116860415204185,
        "weight": 0.564382437704116,
        "variations": {
          "heart": 0.974154860797905,
          "polar": 0.11312524928871748,
          "swirl": 0.24196225995586684
        }
      },
      {
        "a": -0.8138273588017946,
        "b": 0.636732654265586,
        "c": -0.2489220147544451,
        "d": -0.8200721803443178,
        "e": 0.23486616834678187,
        "f": -1.0436002222632494,
        "color": 0.4193105431267361,
        "weight": 0.9610769265961039,
        "variations": {
          "linear": 0.48193208136512367,
          "swirl": 0.810108631377859,
          "polar": 0.10549706645183987
        }
      }
    ],
    "num_points": 2631035,
    "gamma": 2.0295915020524347,
    "brightness": 1.2,
    "hue_rotation": 310.2837042464374
  }
}