{
  "seed": "4a2e3271-fcd6-4836-891b-1243c7f06661",
  "params": {
    "transforms": [
      {
        "a": -0.6889435603068197,
        "b": -0.1141023326134809,
        "c": 0.11738246507125472,
        "d": -0.25382620138123757,
        "e": 0.4104231913754375,
        "f": 0.8433399856517494,
        "color": 0.5539023707270307,
        "weight": 0.10505414369912944,
        "variations": {
          "swirl": 0.31205891593567114,
          "linear": 0.5058476224757558,
          "spherical": 0.9856241162037915
        }
      },
      {
        "a": -0.6604196293756859,
        "b": -0.8419269863235241,
        "c": -0.237526696600888,
        "d": 0.7470592786369459,
        "e": -1.4044978887092765,
        "f": 0.7087842268207263,
        "color": 0.8748044815855424,
        "weight": 0.40119234557947325,
        "variations": {
          "sinusoidal": 0.706826712992754
        }
      }
    ],
    "num_points": 2430181,
    "gamma": 1.8023924130252025,
    "brightness": 1.2,
    "hue_rotation": 254.58110749127414
  }
}