{
  "seed": "3218d2c8-83a9-46e4-931a-27b7bd131180",
  "params": {
    "transforms": [
      {
        "a": -0.7509168622672933,
        "b": -0.8341911960571153,
        "c": 0.6734035432659151,
        "d": 0.9681658389126273,
        "e": 0.1425651407590025,
        "f": -1.0714820733633212,
        "color": 0.48694248587990974,
        "weight": 0.14807450261273114,
        "variations": {
          "linear": 0.8493247645626159
        }
      },
      {
        "a": 0.04041219040260491,
        "b": 0.893401332049871,
        "c": -0.35862465530520193,
        "d": 0.2333964259688115,
        "e": 0.7576855255691508,
        "f": 0.5351926621501888,
        "color": 0.3736395916863128,
        "weight": 0.11267870695450556,
        "variations": {
          "spherical": 0.865433240057931,
          "sinusoidal": 0.19246146271781828,
          "polar": 0.22190997150804848
        }
      }
    ],
    "num_points": 1191811,
    "gamma": 2.0687594628902524,
    "brightness": 1.2,
    "hue_rotation": 12.213278620724646
  }
}