{
  "seed": "a8a7391d-95bd-4ee8-b146-2b786f4d0512",
  "params": {
    "transforms": [
      {
        "a": -0.853961020318537,
        "b": -0.2517184888614703,
        "c": -0.6325854875986563,
        "d": -0.10666890681271757,
        "e": -0.11612301821819582,
        "f": -0.03025611173243714,
        "color": 0.7808886488337833,
        "weight": 0.16896069009264097,
        "variations": {
          "linear": 0.5586674899419968,
          "spherical": 0.7918476097661785
        }
      },
      {
        "a": 0.023590134547827546,
        "b": -0.7100754466150307,
        "c": 0.9221929307831436,
        "d": -0.31755802099181496,
        "e": 1.1126073409306025,
        "f": 0.6254015908115016,
        "color": 0.08594752852141685,
        "weight": 0.685521164746339,
        "variations": {
          "linear": 0.27939909365671944,
          "polar": 0.6685824161247423,
          "heart": 0.1489673124354799
        }
      },
      {
        "a": 0.7232450958547036,
        "b": -0.6190112652170934,
        "c": -0.5297510047564822,
        "d": 0.4843990007113155,
        "e": 0.5268863242677346,
        "f": 0.4661534117557409,
        "color": 0.6547923323524579,
        "weight": 0.8984302349876044,
        "variations": {
          "heart": 0.3572165849542307,
          "polar": 0.0033491419259229493
        }
      },
      {
        "a": 0.21851294081679384,
        "b": -0.1223900685612398,
        "c": 0.8178354721820658,
        "d": 0.3589669812539511,
        "e": 0.18844845617929673,
        "f": -1.3881748688936888,
        "color": 0.48422229196732647,
        "weight": 0.15893400094162938,
        "variations": {
          "linear": 0.8345994913829266
        }
      }
    ],
    "num_points": 1769201,
    "gamma": 2.2112094420407185,
    "brightness": 1.2,
    "hue_rotation": 113.36623631619462
  }
}