{
  "seed": "c99f212d-4bd3-4f14-b13d-f0c5edea50a4",
  "params": {
    "transforms": [
      {
        "a": -0.28097017007928393,
        "b": 0.6696270817117427,
        "c": -0.7095954036107011,
        "d": -0.04960846996769552,
        "e": -1.3118666580647966,
        "f": 1.4161491154660655,
        "color": 0.16965180755543496,
        "weight": 0.9854196175595357,
        "variations": {
          "linear": 0.2286683729946254,
          "sinusoidal": 0.282572591408095,
          "spherical": 0.5083740081838006
        }
      },
      {
        "a": 0.9823899614387388,
        "b": 0.7897409427918043,
        "c": 0.458863914871549,
        "d": -0.2175945608042471,
        "e": -0.26255302154349414,
        "f": 0.8876866186766441,
        "color": 0.5138672024822736,
        "weight": 0.3901286116704209,
        "variations": {
          "linear": 0.6660614041719236,
          "heart": 0.3719872774957834
        }
      }
    ],
    "num_points": 1070569,
    "gamma": 2.2243430786830336,
    "brightness": 1.2,
    "hue_rotation": 249.1600488257938
  }
}