{
  "seed": "d4277e40-bfc3-413f-93b5-e461e18c8a20",
  "params": {
    "transforms": [
      {
        "a": 0.5629781645492791,
        "b": -0.33086891486331105,
        "c": -0.9683662263028536,
        "d": 0.9874021076528481,
        "e": 1.0944679834449258,
        "f": 1.0844328551261042,
        "color": 0.3335050463826661,
        "weight": 0.8852403018136176,
        "variations": {
          "spherical": 0.7689036688462163,
          "heart": 0.10722180160812111
        }
      },
      {
        "a": 0.4870475580210145,
        "b": 0.3498966351309669,
        "c": -0.029199448965920194,
        "d": -0.3622740534023372,
        "e": 0.020034934892527945,
        "f": -0.7483077918969335,
        "color": 0.833529575868004,
        "weight": 0.7743513471821623,
        "variations": {
          "swirl": 0.5848196200185554
        }
      },
      {
        "a": 0.1449827500609595,
        "b": 0.1268285128472244,
        "c": -0.042199329902494975,
        "d": 0.7829827024234657,
        "e": 0.013553568446935227,
        "f": 1.266538649177953,
        "color": 0.8990400572630021,
        "weight": 0.22264673338840152,
        "variations": {
          "sinusoidal": 0.5076615268133488,
          "polar": 0.4355950287148759
        }
      }
    ],
    "num_points": 2863211,
    "gamma": 2.0980502779109877,
    "brightness": 1.2,
    "hue_rotation": 283.19485129838205
  }
}