{
  "seed": "f4effda9-ca5d-424e-a9d0-ab6ea25545f2",
  "params": {
    "transforms": [
      {
        "a": -0.6423371398973596,
        "b": -0.5530155136635426,
        "c": -0.8319424305812302,
        "d": 0.6499508447017901,
        "e": -1.0666375469735283,
        "f": -0.6281423104199474,
        "color": 0.0994905214813272,
        "weight": 0.45683387124436114,
        "variations": {
          "linear": 0.5687446100021283,
          "polar": 0.5142952912178368
        }
      },
      {
        "a": -0.6779251490327605,
        "b": 0.6203810811327304,
        "c": -0.6465156347927341,
        "d": 0.8719418606026978,
        "e": -0.8113584795969818,
        "f": 0.7704999087243012,
        "color": 0.21971353922431525,
        "weight": 0.6945857126571203,
        "variations": {
          "heart": 0.3538109025376879,
          "spherical": 0.5212304752008099,
          "linear": 0.3264328050412346
        }
      }
    ],
    "num_points": 2900788,
    "gamma": 1.8921655853625408,
    "brightness": 1.2,
    "hue_rotation": 331.3663311808969
  }
}