{
  "seed": "abb6030c-2fac-4273-b00a-a8f486bcdbd7-446",
  "parameters": {
    "num_transforms": 3,
    "transforms": [
      {
        "a": 1.0015680292464944,
        "b": 0.020196766128598664,
        "c": 0.8836110786801141,
        "d": -0.5209784071130821,
        "e": 0.5506315008280263,
        "f": 0.643267538633391,
        "color": 0.808617423271271,
        "variations": {
          "hyperbolic": 0.2746011294024381,
          "polar": 0.1981074387338161
        },
        "weight": 1.2872175236733479
      },
      {
        "a": -0.6922843276722618,
        "b": -1.4212421368088353,
        "c": -1.483764336061899,
        "d": -0.7942408828591808,
        "e": -0.8529526204708993,
        "f": 1.1592376234020678,
        "color": 0.14005094977469434,
        "variations": {
          "sinusoidal": 0.29410736673977134,
          "spiral": 0.6851682004986475
        },
        "weight": 0.614508468947479
      },
      {
        "a": 0.9280532716427286,
        "b": -0.5684711080197854,
        "c": -1.385774737444346,
        "d": -0.3364622207516037,
        "e": 1.3868135418782348,
        "f": -1.2562307440504452,
        "color": 0.655949397576788,
        "variations": {
          "spiral": 0.2977397136826555,
          "swirl": 0.3797034873437679
        },
        "weight": 1.779206921315324
      }
    ],
    "num_points": 4961869,
    "gamma": 1.5900580076487774,
    "brightness": 0.6428939782838832,
    "contrast": 1.5421697092619682,
    "hue_rotation": 84.81062578435223
  }
}