{
  "seed": "cd8dc192-45ce-459a-8efd-63105e756c80",
  "params": {
    "transforms": [
      {
        "a": -0.635135888893485,
        "b": -0.9180961988343082,
        "c": -0.9297709768919122,
        "d": 0.026741288781602535,
        "e": -0.9917743786448465,
        "f": -0.0922730167655863,
        "color": 0.5060065491465974,
        "weight": 0.17055781691284727,
        "variations": {
          "swirl": 0.23992012364768578
        }
      },
      {
        "a": 0.07945591152826004,
        "b": 0.2930177090454684,
        "c": -0.3870417395055865,
        "d": -0.1533105764175653,
        "e": -1.225968159038926,
        "f": -0.7738966894747105,
        "color": 0.9290699418557474,
        "weight": 0.7981337997554026,
        "variations": {
          "heart": 0.459994350385698,
          "polar": 0.8198068335765761
        }
      },
      {
        "a": 7.084016719827169e-05,
        "b": -0.5288299480096321,
        "c": 0.09611488126171741,
        "d": -0.2635103647463988,
        "e": 0.48723814738118065,
        "f": 0.5038190020818756,
        "color": 0.16034155977079867,
        "weight": 0.4610405294725606,
        "variations": {
          "heart": 0.9418984155103983
        }
      },
      {
        "a": 0.6153743438201738,
        "b": -0.6467252823979408,
        "c": 0.09626287541995282,
        "d": -0.2321308296866902,
        "e": -0.7342393029484878,
        "f": 1.0672833702873494,
        "color": 0.717025118812935,
        "weight": 0.222996557335566,
        "variations": {
          "polar": 0.19996132836076064
        }
      }
    ],
    "num_points": 1529213,
    "gamma": 2.484362906108265,
    "brightness": 1.2,
    "hue_rotation": 300.21132555103503
  }
}