{
  "seed": "2197d838-ab61-4bfa-a84d-13915e88d357",
  "params": {
    "transforms": [
      {
        "a": 0.458129741058547,
        "b": 0.8312467614033414,
        "c": -0.6842665289866534,
        "d": 0.8956909644887141,
        "e": 0.5312246363654585,
        "f": 1.1006312445746969,
        "color": 0.7191915699168693,
        "weight": 0.376926765309997,
        "variations": {
          "swirl": 0.3589690042312984
        }
      },
      {
        "a": -0.014074417536334538,
        "b": 0.24864352310062254,
        "c": -0.08197122664646361,
        "d": -0.8923438200341973,
        "e": -0.8988306349417953,
        "f": -0.5378775720856414,
        "color": 0.14570293883453844,
        "weight": 0.2553053208856779,
        "variations": {
          "spherical": 0.5293774951172079,
          "polar": 0.6195319393095853
        }
      },
      {
        "a": -0.016558572918681458,
        "b": -0.303774925987754,
        "c": 0.7516682061034339,
        "d": -0.5385329284438591,
        "e": 0.5495562816277384,
        "f": -0.11120850864236997,
        "color": 0.48354875354874105,
        "weight": 0.3381785948873256,
        "variations": {
          "polar": 0.8679351950596244,
          "linear": 0.6887279410359137,
          "heart": 0.26343537320985755
        }
      }
    ],
    "num_points": 1530584,
    "gamma": 2.146830708651328,
    "brightness": 1.2,
    "hue_rotation": 266.3435691812356
  }
}