{
  "seed": "1f1c9d35-8739-4a39-b4ee-f74ed0f39d8c",
  "params": {
    "transforms": [
      {
        "a": -0.016477208535480514,
        "b": 0.8127891049444651,
        "c": 0.797029807683808,
        "d": -0.7855459787755277,
        "e": 0.12607908528752398,
        "f": 0.5593564152994546,
        "color": 0.04850694263593269,
        "weight": 0.4141355499076874,
        "variations": {
          "spherical": 0.8734140242226559,
          "sinusoidal": 0.5647006372555378,
          "swirl": 0.07801104766850131
        }
      },
      {
        "a": 0.3522857032179141,
        "b": -0.5094949741409667,
        "c": 0.6106240911446148,
        "d": 0.648428956880214,
        "e": -0.45091618702568503,
        "f": 1.4615140516151168,
        "color": 0.8590898428377337,
        "weight": 0.5737087608487835,
        "variations": {
          "polar": 0.7859434289109406,
          "heart": 0.12983854035978448,
          "sinusoidal": 0.4618963745192145
        }
      }
    ],
    "num_points": 1008073,
    "gamma": 1.8449112678363064,
    "brightness": 1.2,
    "hue_rotation": 206.2282931610513
  }
}