{
  "seed": "e0f0b161-4791-4a08-875e-b4c9d8dea05b",
  "params": {
    "transforms": [
      {
        "a": -0.09722765844063375,
        "b": -0.7819677036418393,
        "c": -0.42983874961776625,
        "d": -0.8924535416980663,
        "e": 0.8730433445907146,
        "f": -0.9386661273940065,
        "color": 0.4511167176005627,
        "weight": 0.17735335606313846,
        "variations": {
          "spherical": 0.4231038838191935,
          "swirl": 0.1143305436000992,
          "polar": 0.7268361844505142
        }
      },
      {
        "a": -0.6995413628613689,
        "b": -0.9399290561220168,
        "c": 0.936731903448037,
        "d": -0.6666030184605751,
        "e": 1.2344178153612697,
        "f": 1.3721874302703676,
        "color": 0.04316867162160831,
        "weight": 0.7274419211293878,
        "variations": {
          "polar": 0.8526272174343568
        }
      }
    ],
    "num_points": 1697403,
    "gamma": 2.2263943167068456,
    "brightness": 1.2,
    "hue_rotation": 77.45883253549815
  }
}