{
  "seed": "a40a8885-6002-438a-97c3-b01e4fb35395",
  "params": {
    "transforms": [
      {
        "a": -0.9215458455639587,
        "b": 0.9273440164534099,
        "c": 0.09863443425821061,
        "d": 0.9171211454527843,
        "e": -0.6654721418965875,
        "f": 1.0274143626662768,
        "color": 0.31838704651204686,
        "weight": 0.43800184043059187,
        "variations": {
          "swirl": 0.6265821748832513,
          "spherical": 0.7390810201744515
        }
      },
      {
        "a": -0.23326920444098764,
        "b": 0.04210476365759308,
        "c": -0.6944919145721162,
        "d": -0.11907960192025135,
        "e": -0.2535731642040542,
        "f": 0.7754032533683368,
        "color": 0.15314922316577106,
        "weight": 0.669128135680331,
        "variations": {
          "polar": 0.5007892449711314,
          "sinusoidal": 0.5406158261134659,
          "heart": 0.5055615454340088
        }
      },
      {
        "a": -0.37791616501778136,
        "b": 0.25205747763003994,
        "c": 0.9133984979622727,
        "d": 0.03595195689885844,
        "e": 0.023786325065991543,
        "f": -1.2105071655601172,
        "color": 0.42961233144125677,
        "weight": 0.2412901661801437,
        "variations": {
          "sinusoidal": 0.3729100303313647,
          "heart": 0.7883807768936445,
          "linear": 0.7684444695321324
        }
      }
    ],
    "num_points": 2985862,
    "gamma": 2.1573511925825786,
    "brightness": 1.2,
    "hue_rotation": 143.73667225527515
  }
}