{
  "seed": "b470385a-1de6-4fdc-a71d-fcedb5dedeab",
  "params": {
    "transforms": [
      {
        "a": -0.838893837121437,
        "b": 0.6343857935852644,
        "c": 0.4873228190167973,
        "d": -0.3965825589538843,
        "e": 0.4531428329833185,
        "f": 0.967269264627987,
        "color": 0.7375401376900622,
        "weight": 0.8971012959484985,
        "variations": {
          "spherical": 0.3880439379075502,
          "linear": 0.8673607226896419,
          "polar": 0.3582069592313446
        }
      },
      {
        "a": 0.37746721842067865,
        "b": -0.20641048126148243,
        "c": -0.7608308198662344,
        "d": 0.1251392882413156,
        "e": -0.9241035494545258,
        "f": 0.634924541790443,
        "color": 0.7385396050477668,
        "weight": 0.21365762065200378,
        "variations": {
          "heart": 0.7344207883492715,
          "spherical": 0.3650963141678798,
          "linear": 0.7247688056256446
        }
      }
    ],
    "num_points": 1516533,
    "gamma": 2.3483497336337065,
    "brightness": 1.2,
    "hue_rotation": 129.407635960929
  }
}