{
  "seed": "ba187515-0953-43e9-b3ef-74cf4f7e6e92",
  "params": {
    "transforms": [
      {
        "a": 0.8232592089459212,
        "b": -0.9912669108886436,
        "c": -0.8645323963729361,
        "d": -0.1423108816377041,
        "e": -1.471259746477291,
        "f": -0.5371404318235733,
        "color": 0.818872241528993,
        "weight": 0.959127305254095,
        "variations": {
          "polar": 0.046615185769899314
        }
      },
      {
        "a": -0.447355108006114,
        "b": 0.6940573492601472,
        "c": 0.9407017750042383,
        "d": -0.6384903217163689,
        "e": -0.19662375863893256,
        "f": -0.5402280464735727,
        "color": 0.9677151330505406,
        "weight": 0.9254673701191054,
        "variations": {
          "spherical": 0.16738099022266206,
          "polar": 0.31226056582159867,
          "swirl": 0.21599145448992008
        }
      },
      {
        "a": -0.8349728873914797,
        "b": 0.6858952730429504,
        "c": 0.4797364768671186,
        "d": 0.9584694105322356,
        "e": -0.5265373463154768,
        "f": 1.4840007042553784,
        "color": 0.8830351617586212,
        "weight": 0.8711120959494957,
        "variations": {
          "spherical": 0.0673590915886001,
          "sinusoidal": 0.7650525796990724
        }
      }
    ],
    "num_points": 2051350,
    "gamma": 2.4391027206084988,
    "brightness": 1.2,
    "hue_rotation": 128.82557404054123
  }
}