{
  "seed": "67b8f038-5554-411f-964b-0b2696c699bc",
  "params": {
    "transforms": [
      {
        "a": -0.6889133429509207,
        "b": -0.2708599473904332,
        "c": -0.3911765556938367,
        "d": 0.20974517171645646,
        "e": 0.11958502040814456,
        "f": 0.17500803683182276,
        "color": 0.6849655690256794,
        "weight": 0.9840797067018092,
        "variations": {
          "sinusoidal": 0.05169062462358587,
          "linear": 0.5250109658348067,
          "polar": 0.4763151151606039
        }
      },
      {
        "a": 0.1907942541242198,
        "b": 0.8506465482533898,
        "c": 0.4210008148228308,
        "d": -0.7181788118671584,
        "e": -0.4337525028649365,
        "f": -0.06727905495204589,
        "color": 0.3527064424336457,
        "weight": 0.6609957708945622,
        "variations": {
          "swirl": 0.8970643135792506
        }
      },
      {
        "a": 0.178380918258497,
        "b": -0.31244597479754477,
        "c": 0.9091378462820536,
        "d": -0.8162387968075018,
        "e": 1.1689150371408692,
        "f": 0.8440799515305946,
        "color": 0.0015058391479196853,
        "weight": 0.5872472665291175,
        "variations": {
          "sinusoidal": 0.6647901058020272,
          "linear": 0.17504701783248922
        }
      }
    ],
    "num_points": 2041927,
    "gamma": 2.401055804167343,
    "brightness": 1.2,
    "hue_rotation": 168.6937058346622
  }
}