{
  "seed": "143366f6-e0f8-4e27-a1b9-4e532ff4190d",
  "params": {
    "transforms": [
      {
        "a": 0.17939353595826302,
        "b": -0.3827852668942793,
        "c": 0.6762258743429916,
        "d": 0.6497172482537863,
        "e": -0.613964503839621,
        "f": 1.0957285643368628,
        "color": 0.08227772973708913,
        "weight": 0.7035418338491101,
        "variations": {
          "swirl": 0.20643878096483526
        }
      },
      {
        "a": 0.04393385324776955,
        "b": 0.7448346648889856,
        "c": 0.9209369789299116,
        "d": -0.4824992401886601,
        "e": 0.913638890876987,
        "f": -0.5506747166013286,
        "color": 0.9477758808846242,
        "weight": 0.8571009453580414,
        "variations": {
          "linear": 0.8798759260155901,
          "heart": 0.3987806884119033
        }
      }
    ],
    "num_points": 1795582,
    "gamma": 2.166666416742788,
    "brightness": 1.2,
    "hue_rotation": 54.23496263477335
  }
}