{
  "seed": "9809f324-2c56-430a-84e9-196f8daaa0ed",
  "params": {
    "transforms": [
      {
        "a": -0.2807556228687331,
        "b": -0.31179896578892574,
        "c": -0.050790957055267816,
        "d": 0.8104809145199721,
        "e": -1.1053561619198922,
        "f": 0.5880621856855099,
        "color": 0.5689928329744373,
        "weight": 0.4290682659402254,
        "variations": {
          "swirl": 0.7975467375563875,
          "linear": 0.9859512829310961,
          "sinusoidal": 0.17701443693291385
        }
      },
      {
        "a": 0.7759904666376412,
        "b": 0.3066095570489913,
        "c": 0.8949840704636289,
        "d": -0.23722483226471835,
        "e": -1.2293927004634093,
        "f": -0.898342841819114,
        "color": 0.3094862071065465,
        "weight": 0.6645530127511267,
        "variations": {
          "linear": 0.6783330314488213
        }
      }
    ],
    "num_points": 2993755,
    "gamma": 2.2983606336504088,
    "brightness": 1.2,
    "hue_rotation": 43.184260202030295
  }
}