{
  "seed": "a6f203e1-ad30-43e4-ac13-2b8f2a0d41c4",
  "params": {
    "transforms": [
      {
        "a": 0.5179363159052626,
        "b": -0.7192917748246561,
        "c": 0.20499391691766178,
        "d": 0.5370261378758145,
        "e": -0.7363948134267027,
        "f": 1.1724216427613197,
        "color": 0.39740322768240366,
        "weight": 0.5442393964290864,
        "variations": {
          "linear": 0.7893121330516549,
          "spherical": 0.23733736324158605
        }
      },
      {
        "a": -0.29161788779713027,
        "b": 0.3658203952702732,
        "c": 0.07094880809628945,
        "d": 0.14306958875028575,
        "e": -1.380649934120044,
        "f": -1.061194412596308,
        "color": 0.675982882790442,
        "weight": 0.2634384820052392,
        "variations": {
          "polar": 0.7578299701506245,
          "sinusoidal": 0.8851428331126394,
          "swirl": 0.14219999924414384
        }
      },
      {
        "a": 0.17849633488177163,
        "b": -0.09295857439878263,
        "c": -0.47773471110271415,
        "d": 0.9502822297206048,
        "e": -0.4694601774981466,
        "f": -0.618199130176464,
        "color": 0.16787605231836644,
        "weight": 0.8313265494591198,
        "variations": {
          "heart": 0.21633237837252706
        }
      }
    ],
    "num_points": 1529731,
    "gamma": 2.4629260957170462,
    "brightness": 1.2,
    "hue_rotation": 42.509408378377586
  }
}