{
  "seed": "3f70a6b5-ef05-418f-96f4-04e46a7c048f",
  "params": {
    "transforms": [
      {
        "a": -0.8665052730722003,
        "b": 0.7989200245089467,
        "c": -0.7010161706307947,
        "d": 0.10508896921166477,
        "e": 0.4922456039892289,
        "f": 0.5898660861158009,
        "color": 0.5282551610146264,
        "weight": 0.439055104407285,
        "variations": {
          "sinusoidal": 0.840334434211558
        }
      },
      {
        "a": -0.5478141161657188,
        "b": -0.5406446237701987,
        "c": -0.4951748475138207,
        "d": -0.9070432604883427,
        "e": -0.9351243897688172,
        "f": -0.19601623893574605,
        "color": 0.6228952298602612,
        "weight": 0.6878044669006331,
        "variations": {
          "heart": 0.24345221938080885,
          "sinusoidal": 0.4944655509837256,
          "linear": 0.43159676039580064
        }
      },
      {
        "a": 0.825767624289026,
        "b": 0.3680567100604806,
        "c": -0.28844219435515694,
        "d": -0.7987040669495205,
        "e": 1.1091412494087431,
        "f": 0.0590838275648502,
        "color": 0.5811869233513481,
        "weight": 0.9617104172850518,
        "variations": {
          "polar": 0.8259143409885332,
          "heart": 0.5413054875438436,
          "spherical": 0.0921721069460193
        }
      },
      {
        "a": 0.19569803683708797,
        "b": 0.637914430423713,
        "c": 0.3047163257303245,
        "d": 0.30710912615748676,
        "e": -0.18671151817627507,
        "f": 1.317721937733654,
        "color": 0.22947454273376477,
        "weight": 0.9378312562675615,
        "variations": {
          "swirl": 0.02095410596271885
        }
      }
    ],
    "num_points": 2090277,
    "gamma": 2.3226692281241856,
    "brightness": 1.2,
    "hue_rotation": 125.32420601975146
  }
}