{
  "seed": "9864c3c3-b071-4d87-8131-986e8d5a0ecb",
  "params": {
    "transforms": [
      {
        "a": 0.8162994389659486,
        "b": 0.24491471696970524,
        "c": 0.08901915946807648,
        "d": -0.7431702365276565,
        "e": 1.009680585001794,
        "f": -0.16768221475114653,
        "color": 0.5467747423643223,
        "weight": 0.7051475177049887,
        "variations": {
          "spherical": 0.8150220286541415
        }
      },
      {
        "a": 0.28545993278554826,
        "b": 0.25198994828749055,
        "c": -0.45266722325803666,
        "d": 0.9839588223166382,
        "e": 0.20958841036493192,
        "f": 0.5131199539433005,
        "color": 0.6976443803027041,
        "weight": 0.5885897471166323,
        "variations": {
          "sinusoidal": 0.8560753530603754,
          "swirl": 0.3623754809180919,
          "heart": 0.2847915296492888
        }
      }
    ],
    "num_points": 2213576,
    "gamma": 1.824240285500811,
    "brightness": 1.2,
    "hue_rotation": 166.30956285244073
  }
}