{
  "seed": "f2adb81e-4dda-4c0d-a371-90b5907b8e4f",
  "params": {
    "transforms": [
      {
        "a": 0.26237915618517893,
        "b": -0.2848979307243409,
        "c": -0.535052161067082,
        "d": 0.495551266871209,
        "e": 0.2906933330783239,
        "f": -0.5645071547916309,
        "color": 0.7961901060386793,
        "weight": 0.7860275662247089,
        "variations": {
          "sinusoidal": 0.9430816985740275
        }
      },
      {
        "a": 0.9102850042118475,
        "b": 0.1915497787585274,
        "c": 0.11607656108823705,
        "d": -0.2444124817078419,
        "e": 0.4130087136575731,
        "f": 1.1585948783554363,
        "color": 0.9678541196154905,
        "weight": 0.34000298511725136,
        "variations": {
          "linear": 0.5982565244523854,
          "spherical": 0.8305044547235638
        }
      },
      {
        "a": -0.8171999210515046,
        "b": -0.26886741998346286,
        "c": -0.45454073916580184,
        "d": -0.47015677478308326,
        "e": 0.5547384698732194,
        "f": 0.04840153383091428,
        "color": 0.948450489935508,
        "weight": 0.8707683896477286,
        "variations": {
          "polar": 0.9666644507088263,
          "sinusoidal": 0.28021653170765726
        }
      }
    ],
    "num_points": 1023982,
    "gamma": 2.42798756858115,
    "brightness": 1.2,
    "hue_rotation": 196.9248458890668
  }
}