{
  "seed": "183a6111-7dc4-4749-a854-114536a8048e",
  "params": {
    "transforms": [
      {
        "a": -0.7608643524515002,
        "b": -0.09291406828325965,
        "c": -0.5627755573120727,
        "d": 0.4156609025325213,
        "e": -0.09264061752228403,
        "f": -0.49602071565160344,
        "color": 0.7905662446157026,
        "weight": 0.3513944061435099,
        "variations": {
          "linear": 0.9462783105195115,
          "sinusoidal": 0.7192049023771354
        }
      },
      {
        "a": -0.9675992577882992,
        "b": 0.72546487400206,
        "c": 0.6628588598753189,
        "d": -0.3193864855092339,
        "e": -0.4728289251925737,
        "f": -1.2386997705862512,
        "color": 0.621677464893646,
        "weight": 0.1647102597075854,
        "variations": {
          "linear": 0.11712252758968988,
          "spherical": 0.5725130846483334
        }
      },
      {
        "a": 0.09699582182156186,
        "b": 0.48042881128746706,
        "c": -0.30303838048860166,
        "d": -0.0848027574495882,
        "e": -0.3360489629188623,
        "f": 0.06666682779040545,
        "color": 0.9709226836512849,
        "weight": 0.47556280008786966,
        "variations": {
          "linear": 0.5040178199917257,
          "spherical": 0.7830421405635064,
          "sinusoidal": 0.4202259871575289
        }
      }
    ],
    "num_points": 2909876,
    "gamma": 2.4694653863456786,
    "brightness": 1.2,
    "hue_rotation": 322.1898312171303
  }
}