{
  "seed": "78040c8b-db39-49da-b1bf-d2a503d63c2a",
  "params": {
    "transforms": [
      {
        "a": -0.3578742893889102,
        "b": -0.3281936741792071,
        "c": 0.5243420669828411,
        "d": 0.5704823564886703,
        "e": 0.5717628842869704,
        "f": -1.0167591547052535,
        "color": 0.3956639562291735,
        "weight": 0.2286445212651536,
        "variations": {
          "spherical": 0.44117878711917224
        }
      },
      {
        "a": -0.9943439217505341,
        "b": -0.6762827276982419,
        "c": -0.09242415221630296,
        "d": -0.33549432956396474,
        "e": 0.7683622469276532,
        "f": 1.334139353249308,
        "color": 0.4398373115147314,
        "weight": 0.927630077085917,
        "variations": {
          "sinusoidal": 0.45893079313100404,
          "swirl": 0.8848706199539856,
          "heart": 0.6102162148063276
        }
      },
      {
        "a": 0.2717205812298338,
        "b": -0.3103649519834435,
        "c": -0.5030100034163767,
        "d": 0.5629335353553915,
        "e": -0.09747899852895392,
        "f": -0.4345186750376575,
        "color": 0.631011766744709,
        "weight": 0.4730939732871725,
        "variations": {
          "spherical": 0.17575286609735274,
          "sinusoidal": 0.5243536613406315,
          "heart": 0.4736847888011382
        }
      }
    ],
    "num_points": 1912030,
    "gamma": 2.3228171870834746,
    "brightness": 1.2,
    "hue_rotation": 49.973759306959394
  }
}