{
  "seed": "e231fec8-8380-48f3-b0e1-0a83f1b284f7",
  "params": {
    "transforms": [
      {
        "a": 0.6190309205806317,
        "b": -0.43740658964146983,
        "c": 0.731887015479695,
        "d": -0.509181800588939,
        "e": -1.200362772602456,
        "f": -1.4990948393936354,
        "color": 0.1294039896101643,
        "weight": 0.2972812844653536,
        "variations": {
          "heart": 0.3282760846306916,
          "swirl": 0.4431790568882339
        }
      },
      {
        "a": -0.22975824247219845,
        "b": -0.442633796054972,
        "c": 0.5681306760334728,
        "d": 0.559519308092219,
        "e": 0.7805810117494962,
        "f": -1.4159482247602635,
        "color": 0.9437632895882617,
        "weight": 0.6997856725494871,
        "variations": {
          "heart": 0.944923655387754,
          "linear": 0.4781770990141758
        }
      },
      {
        "a": 0.8715693496114689,
        "b": 0.6488761373233933,
        "c": -0.24759625192299195,
        "d": -0.6481100452599633,
        "e": -0.9811407783739511,
        "f": -0.4325265623485517,
        "color": 0.16758209521112266,
        "weight": 0.45992569628043645,
        "variations": {
          "polar": 0.03555523025883722
        }
      },
      {
        "a": -0.3780534711590806,
        "b": 0.9790847413327386,
        "c": 0.7426145214708579,
        "d": 0.4383871672911357,
        "e": 0.7702195780394137,
        "f": -0.7633285128074943,
        "color": 0.20936902672159674,
        "weight": 0.6694971960044905,
        "variations": {
          "spherical": 0.07620268765314064,
          "sinusoidal": 0.5998826486729463,
          "heart": 0.5681485488511882
        }
      }
    ],
    "num_points": 2775726,
    "gamma": 1.9268468630473603,
    "brightness": 1.2,
    "hue_rotation": 105.11472032151221
  }
}