{
  "seed": "f56e73fe-fd3d-4663-bce3-b17e822aebd7",
  "params": {
    "transforms": [
      {
        "a": 0.2030725711493815,
        "b": 0.5099298435358315,
        "c": 0.07993579293919773,
        "d": -0.26106092628208377,
        "e": 1.1130486217343902,
        "f": 0.18793192197687336,
        "color": 0.0013365970430431195,
        "weight": 0.12046099508896348,
        "variations": {
          "polar": 0.08424003531599689,
          "sinusoidal": 0.761824103106849
        }
      },
      {
        "a": -0.7489079768612752,
        "b": -0.923449668786327,
        "c": 0.7120090622350712,
        "d": 0.41695535225760705,
        "e": -1.1354740952896387,
        "f": -0.88759453452911,
        "color": 0.9314686682373531,
        "weight": 0.7538860738252514,
        "variations": {
          "sinusoidal": 0.7860708766739202,
          "heart": 0.16380928276849205,
          "spherical": 0.1115908164724696
        }
      },
      {
        "a": 0.7386747705360903,
        "b": 0.9619632284901571,
        "c": 0.8641957203972856,
        "d": -0.08414480130190216,
        "e": 0.4992987768898267,
        "f": -1.1155237027143978,
        "color": 0.7644038133864134,
        "weight": 0.4298438936041663,
        "variations": {
          "spherical": 0.6299695892929682,
          "linear": 0.45483873540499065
        }
      }
    ],
    "num_points": 2061804,
    "gamma": 2.1099346234624137,
    "brightness": 1.2,
    "hue_rotation": 265.07028717108625
  }
}