{
  "seed": "22fd56c4-59f4-46ce-a808-a2594e16b817",
  "params": {
    "transforms": [
      {
        "a": 0.17373871996562884,
        "b": 0.6302529691674779,
        "c": -0.16769157796980028,
        "d": 0.7577299376522559,
        "e": 1.3392743944060603,
        "f": -0.6239854375067363,
        "color": 0.6259413399581438,
        "weight": 0.9297465184228253,
        "variations": {
          "polar": 0.8715544687675554,
          "heart": 0.5864358564118399
        }
      },
      {
        "a": 0.6786169587252282,
        "b": -0.6500855345631589,
        "c": -0.36411610969313535,
        "d": 0.22114107647272419,
        "e": -0.9126353659010015,
        "f": -0.4367350068664644,
        "color": 0.42703942179389276,
        "weight": 0.2459099894874804,
        "variations": {
          "swirl": 0.864982302915732,
          "sinusoidal": 0.41432344316145986
        }
      },
      {
        "a": -0.7743297786944081,
        "b": 0.6051980428041672,
        "c": -0.16566715922149333,
        "d": 0.16723585922249584,
        "e": 0.8727686795126468,
        "f": 0.5822728382748616,
        "color": 0.7970563791031532,
        "weight": 0.7799755009832204,
        "variations": {
          "heart": 0.9702278420950459,
          "polar": 0.831125470815474,
          "swirl": 0.5573636673147375
        }
      },
      {
        "a": 0.7873190753317911,
        "b": 0.07383048340971654,
        "c": -0.0029770435715268384,
        "d": -0.23531619167374673,
        "e": -0.8915644432017407,
        "f": -1.326121445863708,
        "color": 0.6517289089487412,
        "weight": 0.17292669357226087,
        "variations": {
          "linear": 0.44803337768001517,
          "heart": 0.2961962901233576,
          "polar": 0.6043242540221859
        }
      }
    ],
    "num_points": 1592422,
    "gamma": 1.8827673742947189,
    "brightness": 1.2,
    "hue_rotation": 88.26280525531135
  }
}