{
  "seed": "3fa47b17-a764-4d67-a805-f26146a313fe",
  "params": {
    "transforms": [
      {
        "a": -0.6450750203883568,
        "b": -0.34898361013321955,
        "c": -0.9924040366607945,
        "d": 0.2343765048802231,
        "e": 0.6840703082374144,
        "f": 0.15609756392018892,
        "color": 0.9954796023585684,
        "weight": 0.8957938707279569,
        "variations": {
          "spherical": 0.532733963447282,
          "heart": 0.5333172933319095,
          "polar": 0.9697395723342316
        }
      },
      {
        "a": 0.7491060114386829,
        "b": 0.1173978776768212,
        "c": 0.8015543021628948,
        "d": 0.3116918517908276,
        "e": 0.3190892008822461,
        "f": -0.6306998247451485,
        "color": 0.45784190572025807,
        "weight": 0.9573653922742044,
        "variations": {
          "heart": 0.47406025693789766
        }
      }
    ],
    "num_points": 1001927,
    "gamma": 2.478929204250389,
    "brightness": 1.2,
    "hue_rotation": 30.70625645002202
  }
}