{
  "seed": "34e0d24e-ec09-4c99-8e0b-c7a31a062fa8",
  "params": {
    "transforms": [
      {
        "a": 0.8571696809070541,
        "b": 0.12476595955223702,
        "c": -0.2579797597316589,
        "d": 0.8783077355569475,
        "e": -1.222297821676176,
        "f": -0.7820245293320587,
        "color": 0.09494853210985121,
        "weight": 0.21282812552764352,
        "variations": {
          "spherical": 0.7359383801715681,
          "polar": 0.3639535464273682,
          "swirl": 0.9406573013007891
        }
      },
      {
        "a": -0.1964649314849891,
        "b": -0.5676305742936427,
        "c": 0.27500744701738267,
        "d": -0.18829222291177006,
        "e": 1.0386533018698603,
        "f": 0.5392252126317985,
        "color": 0.8954474968359462,
        "weight": 0.19438277622039857,
        "variations": {
          "linear": 0.7750862184078814
        }
      }
    ],
    "num_points": 1379965,
    "gamma": 2.2529756659566997,
    "brightness": 1.2,
    "hue_rotation": 185.7467367699417
  }
}