{
  "seed": "1d90fad7-ee1f-4c99-b1a7-056331860755",
  "params": {
    "transforms": [
      {
        "a": -0.16556479707203198,
        "b": -0.11661783144521154,
        "c": -0.46145548805234604,
        "d": -0.847290191769478,
        "e": 0.7785088090363521,
        "f": 0.2748918375966558,
        "color": 0.18623376355220977,
        "weight": 0.2624517250106456,
        "variations": {
          "polar": 0.9750583786038873,
          "heart": 0.27560076007503553
        }
      },
      {
        "a": -0.36760030344139594,
        "b": -0.3339254614167211,
        "c": -0.32580573562799664,
        "d": -0.42203499362306407,
        "e": -1.0677928434645334,
        "f": 0.948597335780736,
        "color": 0.9147013770639434,
        "weight": 0.5657078035557446,
        "variations": {
          "spherical": 0.7993293873410136,
          "heart": 0.665559886563924,
          "swirl": 0.47072541376661925
        }
      },
      {
        "a": 0.0848482053247408,
        "b": 0.7247471973432045,
        "c": 0.8824023394262546,
        "d": 0.48079954222978505,
        "e": -0.13922568742571517,
        "f": -1.2055377727740664,
        "color": 0.7841754331742469,
        "weight": 0.6400620659895693,
        "variations": {
          "sinusoidal": 0.32681331771405364
        }
      },
      {
        "a": -0.9663586747270485,
        "b": -0.055868323724594715,
        "c": -0.9048025268401558,
        "d": 0.6447209979822672,
        "e": -0.15199604287358648,
        "f": -0.24704004785992106,
        "color": 0.5430526831155654,
        "weight": 0.5355437626437289,
        "variations": {
          "swirl": 0.9861209361850938,
          "heart": 0.584780305724951,
          "sinusoidal": 0.6157790467389908
        }
      }
    ],
    "num_points": 2792568,
    "gamma": 1.804710279907379,
    "brightness": 1.2,
    "hue_rotation": 331.923526094281
  }
}