{
  "seed": "50ca843d-635c-4e38-8c7f-de85065e9333",
  "params": {
    "transforms": [
      {
        "a": 0.6260746905636434,
        "b": -0.3844807829581294,
        "c": -0.251456362069177,
        "d": -0.014169643489148953,
        "e": 1.3457367860189837,
        "f": -0.5479879516380312,
        "color": 0.564580380990247,
        "weight": 0.2111717068631283,
        "variations": {
          "linear": 0.8998386982287939,
          "polar": 0.7858552899646287
        }
      },
      {
        "a": 0.04093672339134313,
        "b": 0.20897075668542175,
        "c": 0.7622302628422024,
        "d": 0.9863206381767833,
        "e": -0.2581805634908887,
        "f": -0.784950715992254,
        "color": 0.21999390139029062,
        "weight": 0.19402820872492374,
        "variations": {
          "sinusoidal": 0.32612578764575406
        }
      },
      {
        "a": 0.5974636657128949,
        "b": 0.760038568949549,
        "c": 0.5732649814066979,
        "d": 0.8976572560192646,
        "e": 1.3563483956954379,
        "f": 0.18941580055941953,
        "color": 0.957527914850108,
        "weight": 0.25218176068615833,
        "variations": {
          "heart": 0.42562045911837254,
          "linear": 0.6896627688399598
        }
      }
    ],
    "num_points": 1122606,
    "gamma": 2.109512393227311,
    "brightness": 1.2,
    "hue_rotation": 110.88735435502286
  }
}