{
  "seed": "d9e50f21-2dcb-40a6-a65a-93f801dd99e2-527",
  "parameters": {
    "num_transforms": 2,
    "transforms": [
      {
        "a": -0.4658771330379621,
        "b": -1.2867497004482487,
        "c": -0.6146784645993995,
        "d": -0.5215486767869104,
        "e": -1.044730513864256,
        "f": -0.11109546009395532,
        "color": 0.5215457734693313,
        "variations": {
          "polar": 0.0,
          "sinusoidal": 0.0,
          "hyperbolic": 0.2591670406262685
        },
        "weight": 1.373822069989599
      },
      {
        "a": 1.0723913544894548,
        "b": -0.992390420135015,
        "c": -0.13421921035917084,
        "d": -0.2779806298003016,
        "e": 0.3819835680291921,
        "f": 0.2242243593050337,
        "color": 0.19355778379270105,
        "variations": {
          "heart": 0.0,
          "hyperbolic": 0.8819459143765471
        },
        "weight": 1.493360283544887
      }
    ],
    "num_points": 1381691,
    "gamma": 3.6183939953509303,
    "brightness": 1.9904108897999402,
    "contrast": 1.247817696006131,
    "hue_rotation": 97.28106145979712
  }
}