{
  "seed": "699b41e3-a4d6-4168-a259-3a7f231ddb89",
  "params": {
    "transforms": [
      {
        "a": 0.7715014104439581,
        "b": 0.6119857025703226,
        "c": -0.706444750258781,
        "d": 0.12117419815824193,
        "e": 0.7398255910657614,
        "f": -0.42742899343784413,
        "color": 0.698246716642679,
        "weight": 0.7076501392736965,
        "variations": {
          "sinusoidal": 0.04791510488348494,
          "spherical": 0.7501170420900894,
          "polar": 0.7362255638386564
        }
      },
      {
        "a": 0.5652308561504249,
        "b": -0.9886085784594261,
        "c": 0.39408081196527345,
        "d": -0.19741571769041255,
        "e": 1.0986510541011891,
        "f": 0.998483261260465,
        "color": 0.5437425829504755,
        "weight": 0.21284624527074497,
        "variations": {
          "polar": 0.17921413478889248,
          "heart": 0.691354308622136,
          "sinusoidal": 0.13316825242962438
        }
      }
    ],
    "num_points": 2253578,
    "gamma": 2.207011300079613,
    "brightness": 1.2,
    "hue_rotation": 7.63346382634158
  }
}