{
  "seed": "67a12c70-32ed-4226-8ddf-b2ffbcc0c9f7",
  "params": {
    "transforms": [
      {
        "a": -0.36344765542787316,
        "b": -0.8678548982811172,
        "c": -0.5035210891052879,
        "d": 0.38351715616219373,
        "e": -1.478393043419636,
        "f": 1.0469574249667866,
        "color": 0.4201076736754388,
        "weight": 0.720471232135549,
        "variations": {
          "heart": 0.793403511243564
        }
      },
      {
        "a": 0.1999664525653695,
        "b": -0.6777296153917534,
        "c": -0.8120134009985611,
        "d": 0.4249259127493765,
        "e": -1.1382270973637867,
        "f": -1.3292254219064765,
        "color": 0.5784331174910948,
        "weight": 0.520884120723554,
        "variations": {
          "swirl": 0.7344463133522148,
          "linear": 0.19544823417195822
        }
      },
      {
        "a": 0.9560539529853673,
        "b": 0.29118432303640374,
        "c": -0.37962677770944375,
        "d": 0.8802506620958157,
        "e": -0.49044420919783693,
        "f": 0.9636889127463242,
        "color": 0.0444445674722137,
        "weight": 0.9595961845708865,
        "variations": {
          "spherical": 0.7733934314963994,
          "polar": 0.6128262342595716,
          "heart": 0.9489689429491406
        }
      },
      {
        "a": -0.1845253047329769,
        "b": -0.47371468110284987,
        "c": 0.004217652567281904,
        "d": -0.6175100006982865,
        "e": -1.4359006450388727,
        "f": -0.23015777886270916,
        "color": 0.602671288920573,
        "weight": 0.45850769160138494,
        "variations": {
          "linear": 0.7416930595775101,
          "heart": 0.18598452444922697
        }
      }
    ],
    "num_points": 2791652,
    "gamma": 2.473994995913309,
    "brightness": 1.2,
    "hue_rotation": 139.50300694720198
  }
}