{
  "seed": "e396a82e-bb20-4f19-86ba-700aff17ef57",
  "params": {
    "transforms": [
      {
        "a": -0.2534017664319508,
        "b": -0.6044817247984553,
        "c": 0.623318336650472,
        "d": 0.173917499891185,
        "e": 0.1798366302643839,
        "f": 0.21295654161750965,
        "color": 0.40785390533885035,
        "weight": 0.16494395978467744,
        "variations": {
          "spherical": 0.4119153337586723,
          "linear": 0.6375769685620025,
          "polar": 0.05055027952891278
        }
      },
      {
        "a": -0.6336607870654007,
        "b": -0.09574318837311968,
        "c": 0.5820326480834839,
        "d": 0.9756257492341291,
        "e": -0.4080206256760124,
        "f": -1.0752169413737325,
        "color": 0.9880373281004428,
        "weight": 0.5250566607608175,
        "variations": {
          "heart": 0.3940048204829566,
          "sinusoidal": 0.28434559080492894,
          "linear": 0.2009881340317281
        }
      }
    ],
    "num_points": 1806076,
    "gamma": 1.8231235737380305,
    "brightness": 1.2,
    "hue_rotation": 246.49574179121575
  }
}