{
  "seed": "f448f788-d9e5-4d2d-9949-be0ebf4c42b9",
  "params": {
    "transforms": [
      {
        "a": -0.6686514468617886,
        "b": 0.21324394706443894,
        "c": -0.7302987904326117,
        "d": 0.2645147066312117,
        "e": 0.9981324677434755,
        "f": -0.6703762755812206,
        "color": 0.13559037270234153,
        "weight": 0.345963927003728,
        "variations": {
          "spherical": 0.4043633629886032,
          "sinusoidal": 0.4017919205358793
        }
      },
      {
        "a": 0.23668442317003668,
        "b": 0.7757544504377845,
        "c": -0.5003380357983078,
        "d": -0.703480304771821,
        "e": 0.7385896755555574,
        "f": -0.3913449592423719,
        "color": 0.963632457801358,
        "weight": 0.13423817598853782,
        "variations": {
          "spherical": 0.8389569735610296,
          "polar": 0.8761607432263745
        }
      },
      {
        "a": 0.9048996697501601,
        "b": -0.04405940688658383,
        "c": 0.9138715573612046,
        "d": -0.3242826112960713,
        "e": 1.2920400783216346,
        "f": -0.832608997128194,
        "color": 0.16516143823189755,
        "weight": 0.24896360441961604,
        "variations": {
          "swirl": 0.31059182376175287,
          "sinusoidal": 0.5101966235207464,
          "heart": 0.18078048640395927
        }
      },
      {
        "a": -0.33756842592720293,
        "b": -0.191128484071325,
        "c": -0.3836959366403503,
        "d": -0.3364051991632542,
        "e": -0.19385255141274849,
        "f": 0.9879518528222828,
        "color": 0.2352040772821511,
        "weight": 0.8265842240045214,
        "variations": {
          "swirl": 0.20067117633833464,
          "linear": 0.21606678321665396
        }
      }
    ],
    "num_points": 1200739,
    "gamma": 2.4013401532679626,
    "brightness": 1.2,
    "hue_rotation": 41.24424215299111
  }
}