{
  "seed": "9e9ca8c8-6775-4919-ad3b-bbc44ad048ad",
  "params": {
    "transforms": [
      {
        "a": 0.06386396533662131,
        "b": -0.7590537674724287,
        "c": 0.04881000948348779,
        "d": 0.9066544295369925,
        "e": 0.6093696831655264,
        "f": -0.2869572592923615,
        "color": 0.999889653107618,
        "weight": 0.1290925789248712,
        "variations": {
          "spherical": 0.9669068979605022,
          "heart": 0.7598616755821473
        }
      },
      {
        "a": -0.49360073630795775,
        "b": 0.7264526306045207,
        "c": -0.029674676675095935,
        "d": -0.6854925847063633,
        "e": -1.4333248643272278,
        "f": 0.3144344442279867,
        "color": 0.6176288537646069,
        "weight": 0.7076749073408871,
        "variations": {
          "swirl": 0.6235450371576676,
          "heart": 0.8530112546688693
        }
      },
      {
        "a": 0.06382701397871449,
        "b": -0.9701788592391702,
        "c": -0.8307202491967725,
        "d": 0.1502363361545178,
        "e": -1.4346922289831507,
        "f": 0.3730733464738887,
        "color": 0.5435989113495493,
        "weight": 0.7350533708317265,
        "variations": {
          "linear": 0.1054134010851242
        }
      }
    ],
    "num_points": 2446668,
    "gamma": 2.3085821502752673,
    "brightness": 1.2,
    "hue_rotation": 222.75880345005584
  }
}