{
  "seed": "5aa41602-5508-47f0-86ce-1e7b3df6698b",
  "params": {
    "transforms": [
      {
        "a": -0.014575063545698042,
        "b": -0.3039498575562858,
        "c": 0.1616688679582272,
        "d": -0.19621293618953617,
        "e": 0.31808003808402896,
        "f": -0.5134212866438577,
        "color": 0.9884417972636087,
        "weight": 0.9879422534552307,
        "variations": {
          "polar": 0.6642445423468237
        }
      },
      {
        "a": 0.20086956399769162,
        "b": -0.7517520173456989,
        "c": 0.7598769946313078,
        "d": 0.6463173511557079,
        "e": 1.0559111782585417,
        "f": 0.12219235835732034,
        "color": 0.7060001391827369,
        "weight": 0.8218307598623706,
        "variations": {
          "polar": 0.42476114268753584,
          "spherical": 0.6628723036318396,
          "sinusoidal": 0.06287477234300964
        }
      },
      {
        "a": 0.9133785844508184,
        "b": -0.6155477279785793,
        "c": 0.7558903294403521,
        "d": -0.3576607934348317,
        "e": -0.23660752198527857,
        "f": -1.237972520543892,
        "color": 0.4734842033957656,
        "weight": 0.7543612245373864,
        "variations": {
          "polar": 0.011412061729533018
        }
      }
    ],
    "num_points": 1546673,
    "gamma": 2.0497427751412287,
    "brightness": 1.2,
    "hue_rotation": 164.61089675262485
  }
}