{
  "seed": "908a22c0-69d7-45f1-b183-53551e0b810b",
  "params": {
    "transforms": [
      {
        "a": -0.29820495141504577,
        "b": 0.558239244598143,
        "c": -0.30735818192318987,
        "d": -0.5422280725676651,
        "e": 0.7811585021945602,
        "f": 1.1968924567156036,
        "color": 0.17995451720810496,
        "weight": 0.18172847389952468,
        "variations": {
          "sinusoidal": 0.32475088712233713,
          "spherical": 0.9654628407637053
        }
      },
      {
        "a": 0.346142955335327,
        "b": 0.2923177612286696,
        "c": -0.32271834001164845,
        "d": -0.6261800500189456,
        "e": 0.9117723912658771,
        "f": -0.9279514896558081,
        "color": 0.741767905813591,
        "weight": 0.2542174367032288,
        "variations": {
          "heart": 0.9180419056166368,
          "sinusoidal": 0.23222952281269638
        }
      },
      {
        "a": -0.6074023875276664,
        "b": -0.024792398119928505,
        "c": 0.9070135572766482,
        "d": -0.5106221900526653,
        "e": 0.4913234249876557,
        "f": 1.3681481687900936,
        "color": 0.5789493458933699,
        "weight": 0.4247651371414274,
        "variations": {
          "swirl": 0.608780215209741,
          "spherical": 0.782540262883041
        }
      }
    ],
    "num_points": 1108483,
    "gamma": 2.465369419479738,
    "brightness": 1.2,
    "hue_rotation": 301.01323150330444
  }
}