{
  "seed": "7e90b4a4-d5e0-4bc8-9a23-f36f1825a9df",
  "params": {
    "transforms": [
      {
        "a": -0.8892388482434188,
        "b": -0.7280413644853545,
        "c": 0.6365842672910424,
        "d": 0.703430535222576,
        "e": 1.1135307175429219,
        "f": -0.715075481390633,
        "color": 0.1970338632260743,
        "weight": 0.666382081599119,
        "variations": {
          "heart": 0.13109952457916607,
          "swirl": 0.01782812419619828,
          "polar": 0.1068884063809189
        }
      },
      {
        "a": -0.1073846890365655,
        "b": -0.7769193155781016,
        "c": -0.4581660410116444,
        "d": 0.5448779299387982,
        "e": -0.924199761780963,
        "f": 1.1541523951511796,
        "color": 0.9046834016969787,
        "weight": 0.8946832019140595,
        "variations": {
          "swirl": 0.9492812189350556,
          "spherical": 0.4960465620705826
        }
      }
    ],
    "num_points": 1211555,
    "gamma": 1.8150939501690733,
    "brightness": 1.2,
    "hue_rotation": 142.59171258145238
  }
}