{
  "seed": "0fef2faa-f188-4dfe-a403-0ba5f9b35cf2",
  "params": {
    "transforms": [
      {
        "a": 0.2137540046560975,
        "b": 0.39548627369303224,
        "c": -0.4404539520416615,
        "d": -0.19078140741739902,
        "e": 0.08291147731596116,
        "f": 0.19508950280472281,
        "color": 0.9560687523138929,
        "weight": 0.11442763576350963,
        "variations": {
          "sinusoidal": 0.7245492890230434
        }
      },
      {
        "a": -0.41860344379042935,
        "b": -0.7393966932164375,
        "c": -0.6095968231148055,
        "d": 0.4733585141604377,
        "e": -0.4945988654742095,
        "f": -1.457282202253086,
        "color": 0.8907819656702538,
        "weight": 0.19932952838792978,
        "variations": {
          "spherical": 0.11383890175620148,
          "sinusoidal": 0.6320437517943976
        }
      },
      {
        "a": 0.44071302272553936,
        "b": 0.10699107023810628,
        "c": -0.7337741587623836,
        "d": 0.5270910171666694,
        "e": -1.3302666115525132,
        "f": -1.085761079657574,
        "color": 0.575709147484579,
        "weight": 0.4838664981958898,
        "variations": {
          "spherical": 0.42166838290612607
        }
      }
    ],
    "num_points": 1820667,
    "gamma": 2.016278431366869,
    "brightness": 1.2,
    "hue_rotation": 125.55241996264624
  }
}