{
  "seed": "cbb2b355-c26a-4925-9299-e39f2c58bd82",
  "params": {
    "transforms": [
      {
        "a": 0.7754796738421015,
        "b": 0.3984377427618,
        "c": 0.6729448026977594,
        "d": -0.24532275874594678,
        "e": 0.8756865402922975,
        "f": -0.5010538796521923,
        "color": 0.5587592924668612,
        "weight": 0.23415560595534968,
        "variations": {
          "swirl": 0.9984932195926446,
          "sinusoidal": 0.12076952554841869,
          "spherical": 0.5622534722778003
        }
      },
      {
        "a": 0.31549571519787456,
        "b": 0.4136908917454798,
        "c": 0.9073603282875442,
        "d": -0.07544114237756427,
        "e": 1.3115021118947103,
        "f": -0.47214867473498323,
        "color": 0.2476653363184379,
        "weight": 0.6499694918797632,
        "variations": {
          "swirl": 0.9448137658304261,
          "heart": 0.2842700716133709
        }
      }
    ],
    "num_points": 2211909,
    "gamma": 2.434398740025664,
    "brightness": 1.2,
    "hue_rotation": 99.87956265340397
  }
}