{
  "seed": "e399bdec-9a45-4a92-b1f7-8cb2c0c6a668",
  "params": {
    "transforms": [
      {
        "a": -0.18795588721733392,
        "b": 0.8039248358064166,
        "c": 0.753845381713681,
        "d": -0.8512780390127856,
        "e": 0.9180463071065246,
        "f": -0.5419785193073786,
        "color": 0.33032176366015487,
        "weight": 0.634228146470412,
        "variations": {
          "spherical": 0.6946965577126525
        }
      },
      {
        "a": -0.31879694771233136,
        "b": 0.2925502210401434,
        "c": -0.6980884685694104,
        "d": 0.5055072839521799,
        "e": -0.3384042014014734,
        "f": -0.1631776876807891,
        "color": 0.33622178145794157,
        "weight": 0.18403706442349263,
        "variations": {
          "spherical": 0.6518963778400529,
          "heart": 0.45917764526376115
        }
      },
      {
        "a": -0.2629795112975306,
        "b": 0.055581118353320136,
        "c": 0.1200040580025803,
        "d": 0.9057993727940044,
        "e": -1.0564936027045677,
        "f": -0.2659153549861506,
        "color": 0.5900459841837078,
        "weight": 0.23059389476620296,
        "variations": {
          "sinusoidal": 0.6769937000619671,
          "polar": 0.5665310517195117,
          "swirl": 0.2944329419816265
        }
      },
      {
        "a": -0.2618962469650672,
        "b": -0.9530359266623618,
        "c": -0.5037047742839031,
        "d": -0.355318724730169,
        "e": 1.039004647040044,
        "f": -0.37718544790157926,
        "color": 0.7717222067099304,
        "weight": 0.9384761402290671,
        "variations": {
          "linear": 0.7807160758398461,
          "sinusoidal": 0.721198970537154,
          "swirl": 0.07392935552372992
        }
      }
    ],
    "num_points": 2406798,
    "gamma": 2.1295590847833434,
    "brightness": 1.2,
    "hue_rotation": 312.58110955196304
  }
}