{
  "seed": "9450e1f8-ee3a-4b0d-9ce8-92eb2a62df3a",
  "params": {
    "transforms": [
      {
        "a": 0.18362304209938562,
        "b": 0.8616072671174897,
        "c": -0.25852870852913323,
        "d": 0.7110091939070262,
        "e": -0.682864645856422,
        "f": -0.8124761956570463,
        "color": 0.42816125585578924,
        "weight": 0.516171548902579,
        "variations": {
          "linear": 0.08024427904829057,
          "polar": 0.5510916810778869
        }
      },
      {
        "a": -0.6752794413550776,
        "b": -0.7507106945070068,
        "c": 0.46163632581766123,
        "d": 0.7428927486882402,
        "e": -0.12772703741085634,
        "f": 0.35709512888479455,
        "color": 0.9044549050974994,
        "weight": 0.9164332686780338,
        "variations": {
          "heart": 0.555767124301026,
          "linear": 0.10069165672304259,
          "sinusoidal": 0.6824281310374882
        }
      }
    ],
    "num_points": 2707024,
    "gamma": 2.050303208223615,
    "brightness": 1.2,
    "hue_rotation": 195.8208550336404
  }
}