{
  "seed": "07029300-f786-458e-9938-a212816a1e22",
  "params": {
    "transforms": [
      {
        "a": 0.6001756797850837,
        "b": 0.42202254280092033,
        "c": 0.17017781903576035,
        "d": -0.09079383771777105,
        "e": -0.19053085726160557,
        "f": 0.4220633414059147,
        "color": 0.9980473689517825,
        "weight": 0.6127807015378528,
        "variations": {
          "swirl": 0.7510261006966958,
          "linear": 0.9685160792409466,
          "sinusoidal": 0.07432895735519984
        }
      },
      {
        "a": -0.38490629023511813,
        "b": -0.11311394447519363,
        "c": 0.8267302944023609,
        "d": 0.11320487860644146,
        "e": -0.7929411683749527,
        "f": 0.009560598958009203,
        "color": 0.6109111738546567,
        "weight": 0.1149614975117308,
        "variations": {
          "swirl": 0.2794420940441502,
          "sinusoidal": 0.696013515661627,
          "polar": 0.8486753150929148
        }
      }
    ],
    "num_points": 1358840,
    "gamma": 2.4949052281237423,
    "brightness": 1.2,
    "hue_rotation": 147.62037389480565
  }
}