{
  "seed": "c81d035d-6e2b-4333-9cc7-f747081d788d",
  "params": {
    "transforms": [
      {
        "a": -0.9423873671240839,
        "b": 0.47386279185920044,
        "c": 0.3709579105194547,
        "d": 0.14506386313788378,
        "e": 0.9523488632380523,
        "f": -0.7069287504118167,
        "color": 0.5157622733087486,
        "weight": 0.512024554014863,
        "variations": {
          "sinusoidal": 0.35911690388924844,
          "polar": 0.3568224719285604,
          "heart": 0.7572012150592677
        }
      },
      {
        "a": -0.4054117958544634,
        "b": 0.15188382353615704,
        "c": -0.40814734845162626,
        "d": 0.5036033094527739,
        "e": -0.13064869304264293,
        "f": 0.8257888955708537,
        "color": 0.081101156613413,
        "weight": 0.9413628422286577,
        "variations": {
          "linear": 0.914556747763275,
          "sinusoidal": 0.9385838892485704,
          "spherical": 0.7586690307626688
        }
      }
    ],
    "num_points": 2998338,
    "gamma": 1.972995001024855,
    "brightness": 1.2,
    "hue_rotation": 303.9395412905066
  }
}