{
  "seed": "43bad903-6924-46da-946e-12e0ad01515f",
  "params": {
    "transforms": [
      {
        "a": 0.36825289276293005,
        "b": -0.662436050154741,
        "c": 0.5181701888238368,
        "d": -0.3375941976855672,
        "e": 0.7956361707146655,
        "f": 1.2360226554885743,
        "color": 0.038666194244697194,
        "weight": 0.8057656187001866,
        "variations": {
          "swirl": 0.45673627755575874
        }
      },
      {
        "a": 0.2131289688231477,
        "b": -0.7012949407556326,
        "c": -0.7185297395531083,
        "d": -0.21086784948484305,
        "e": 1.0120878560284283,
        "f": -0.19613778995170228,
        "color": 0.34136513207293506,
        "weight": 0.39216937053128775,
        "variations": {
          "polar": 0.27756430815901734,
          "spherical": 0.36331910908369025
        }
      },
      {
        "a": -0.9921873866866291,
        "b": -0.7969578479088342,
        "c": 0.5761983564629942,
        "d": -0.18300313320622963,
        "e": -1.0636694516645853,
        "f": -0.9275746303010075,
        "color": 0.15190827875511315,
        "weight": 0.36373890141753895,
        "variations": {
          "swirl": 0.8787537311825716,
          "linear": 0.8847484949343816
        }
      }
    ],
    "num_points": 2959675,
    "gamma": 1.984127863886171,
    "brightness": 1.2,
    "hue_rotation": 279.18201972445394
  }
}