{
  "seed": "17218052-c5f4-401f-84ec-4b0695201730",
  "params": {
    "transforms": [
      {
        "a": 0.7920372894495793,
        "b": 0.42198820076353316,
        "c": 0.363748898185831,
        "d": -0.1432726976897145,
        "e": 0.318669127699692,
        "f": 1.2967742189245115,
        "color": 0.7035706228875535,
        "weight": 0.9586812563685675,
        "variations": {
          "linear": 0.8503632490124723,
          "sinusoidal": 0.5209893662824785,
          "swirl": 0.9071040727956425
        }
      },
      {
        "a": -0.7990999121289346,
        "b": -0.5949978599270249,
        "c": 0.27738782587794364,
        "d": -0.29824284597265294,
        "e": 0.40905498251157235,
        "f": 1.3625437698737244,
        "color": 0.5377431992649944,
        "weight": 0.8941146448675352,
        "variations": {
          "swirl": 0.15645915152658507
        }
      },
      {
        "a": -0.14945833407855091,
        "b": -0.31994554504556305,
        "c": -0.4615111723983172,
        "d": 0.1987681183525798,
        "e": 1.133201790062703,
        "f": 1.2131305057041937,
        "color": 0.4676915222363818,
        "weight": 0.776524171175076,
        "variations": {
          "swirl": 0.40202154148188507,
          "spherical": 0.3714409808679261
        }
      }
    ],
    "num_points": 2806569,
    "gamma": 2.020674346726345,
    "brightness": 1.2,
    "hue_rotation": 285.5921658667422
  }
}