{
  "seed": "adbcc3f2-3051-4fc7-9f42-1adeb2f4ea84",
  "params": {
    "transforms": [
      {
        "a": -0.18295740353875,
        "b": -0.6302681148643707,
        "c": -0.04820580054799706,
        "d": -0.3486053042059012,
        "e": -1.3109324193359453,
        "f": -0.7935446965415808,
        "color": 0.6250647637843759,
        "weight": 0.2752463111639453,
        "variations": {
          "sinusoidal": 0.14830601977927038
        }
      },
      {
        "a": 0.15339469880530676,
        "b": -0.33888342038101227,
        "c": -0.44511709520484266,
        "d": -0.09218224431440558,
        "e": 1.2865228600306455,
        "f": 0.937251267451026,
        "color": 0.7557276352367069,
        "weight": 0.41653572335435507,
        "variations": {
          "polar": 0.532644345329984,
          "sinusoidal": 0.3533993934345102,
          "linear": 0.3752372843395667
        }
      },
      {
        "a": -0.5958022926560789,
        "b": 0.5617343333062776,
        "c": 0.4354369445102324,
        "d": -0.21347582233941842,
        "e": -0.6130044029206558,
        "f": 1.4040587994360392,
        "color": 0.6006932022368203,
        "weight": 0.7666453318096138,
        "variations": {
          "sinusoidal": 0.06830514001584342,
          "linear": 0.10163083360073899,
          "heart": 0.6371882230907914
        }
      },
      {
        "a": -0.5726199316639566,
        "b": 0.551076012689355,
        "c": -0.9331080329297512,
        "d": 0.005832200944006827,
        "e": 1.2423104677595185,
        "f": -1.4793750081015975,
        "color": 0.8189257957807461,
        "weight": 0.1620927406454215,
        "variations": {
          "sinusoidal": 0.48248552393758015,
          "spherical": 0.9131852707361852
        }
      }
    ],
    "num_points": 1284504,
    "gamma": 1.8294541310908325,
    "brightness": 1.2,
    "hue_rotation": 227.5510281688783
  }
}