{
  "seed": "0df7ff15-6eed-411d-8e39-ae5347f4fdda",
  "params": {
    "transforms": [
      {
        "a": -0.9232937897924718,
        "b": 0.6019719933470373,
        "c": 0.5145334649795938,
        "d": -0.3926118900182285,
        "e": -0.693822139010545,
        "f": 0.5819454770474217,
        "color": 0.14136647348956344,
        "weight": 0.6876258406129776,
        "variations": {
          "linear": 0.015111353627700663,
          "spherical": 0.7687717175195957
        }
      },
      {
        "a": -0.9224106196307253,
        "b": -0.9782906757847809,
        "c": -0.5154990914648028,
        "d": -0.20737930947230243,
        "e": 0.2632078550243864,
        "f": 1.1529517371223403,
        "color": 0.9767198308960842,
        "weight": 0.5760422736324793,
        "variations": {
          "spherical": 0.5199632582250221,
          "heart": 0.5740612027393382
        }
      },
      {
        "a": 0.7770315473882337,
        "b": 0.9683552073236179,
        "c": -0.5951362904890853,
        "d": 0.9770494187474574,
        "e": 0.16386577188776674,
        "f": 0.4620156970932192,
        "color": 0.7687301550670346,
        "weight": 0.4222531996754979,
        "variations": {
          "polar": 0.3766555016783243
        }
      },
      {
        "a": 0.8927614541003939,
        "b": 0.7476279408569817,
        "c": 0.5493315202907285,
        "d": 0.6133778790732187,
        "e": -0.17307176887384879,
        "f": -1.1311459112234545,
        "color": 0.3204110800095198,
        "weight": 0.7342971617559747,
        "variations": {
          "heart": 0.6651507480397413,
          "polar": 0.4971644740685286
        }
      }
    ],
    "num_points": 1612714,
    "gamma": 2.279592161700739,
    "brightness": 1.2,
    "hue_rotation": 177.44392101078972
  }
}