{
  "seed": "bcb29e46-6591-494f-a3c7-33d0ccbf540e",
  "params": {
    "transforms": [
      {
        "a": 0.1892627437238723,
        "b": 0.9121835534925515,
        "c": -0.18879531205148026,
        "d": 0.48295684948551587,
        "e": 0.06942937083059819,
        "f": -0.8533348966820856,
        "color": 0.8730268347457356,
        "weight": 0.36917898599028254,
        "variations": {
          "linear": 0.8148420644045813,
          "polar": 0.14762495160890032
        }
      },
      {
        "a": -0.700931472696372,
        "b": 0.3165029323520432,
        "c": -0.7343796649748773,
        "d": -0.23603295269296254,
        "e": 1.2693343491161375,
        "f": -0.3648786790907135,
        "color": 0.6979380763606687,
        "weight": 0.2884028562172509,
        "variations": {
          "sinusoidal": 0.7127800770815911
        }
      },
      {
        "a": -0.7485959287367077,
        "b": 0.7420918630626676,
        "c": -0.5224664223205067,
        "d": 0.8724007966541583,
        "e": 0.8404062268381596,
        "f": 0.2215312500339821,
        "color": 0.04731395851176423,
        "weight": 0.3381857988960494,
        "variations": {
          "heart": 0.817524251727225,
          "polar": 0.02104893977410338,
          "linear": 0.5607338734591533
        }
      },
      {
        "a": 0.4058470636853222,
        "b": -0.8684481457791198,
        "c": -0.9522201703487567,
        "d": -0.624919081664582,
        "e": 0.021275679320953866,
        "f": 0.9172640881741514,
        "color": 0.9074358247946549,
        "weight": 0.4364523607619535,
        "variations": {
          "polar": 0.29013024508039287
        }
      }
    ],
    "num_points": 1536447,
    "gamma": 2.290709945491659,
    "brightness": 1.2,
    "hue_rotation": 203.47940412208672
  }
}