{
  "seed": "ac43720b-4e49-4ce6-82d2-914311d3dca0",
  "params": {
    "transforms": [
      {
        "a": 0.03464350109151404,
        "b": -0.3217989535088177,
        "c": 0.6690421238924771,
        "d": -0.7366414730854183,
        "e": -0.5394868620217889,
        "f": 1.479991973721153,
        "color": 0.941787700542859,
        "weight": 0.2055418698652658,
        "variations": {
          "polar": 0.48139966818520286,
          "linear": 0.6767652893296247,
          "swirl": 0.32571289794970093
        }
      },
      {
        "a": -0.03132653612528302,
        "b": -0.7406064938603385,
        "c": -0.37385468538497535,
        "d": 0.2905484782700445,
        "e": 0.8769258147067083,
        "f": 1.039518659086501,
        "color": 0.9528653315005974,
        "weight": 0.2657526364724148,
        "variations": {
          "heart": 0.30203308255718064
        }
      },
      {
        "a": -0.7222598265370734,
        "b": 0.9118965536209789,
        "c": -0.17916542887012543,
        "d": -0.979489549249754,
        "e": -1.2199479765452848,
        "f": -1.2933056899305508,
        "color": 0.5376499991019767,
        "weight": 0.17303227780746705,
        "variations": {
          "linear": 0.30787287541772557,
          "spherical": 0.9331950413273116
        }
      },
      {
        "a": 0.7988307692103713,
        "b": -0.7561499639668869,
        "c": 0.6556550276374964,
        "d": -0.8520253075622246,
        "e": 0.6836317801041205,
        "f": -1.3809502520675205,
        "color": 0.31431531361587917,
        "weight": 0.20418487764599985,
        "variations": {
          "heart": 0.5712991603861287,
          "polar": 0.7805367419138879
        }
      }
    ],
    "num_points": 2292428,
    "gamma": 2.15280225090711,
    "brightness": 1.2,
    "hue_rotation": 257.80271704855016
  }
}