{
  "seed": "16a07d9c-e0e1-4ef9-81b4-54a3c4b3976e",
  "params": {
    "transforms": [
      {
        "a": 0.8362466506680974,
        "b": 0.7798513299133822,
        "c": 0.13282450276793845,
        "d": -0.5255438786481326,
        "e": -1.306703085048131,
        "f": -0.2837250081535303,
        "color": 0.06684952786318565,
        "weight": 0.30874047653340125,
        "variations": {
          "polar": 0.8425793842577912,
          "linear": 0.5480999172040132,
          "swirl": 0.05945394118389047
        }
      },
      {
        "a": -0.3974393226923032,
        "b": 0.3464507697479542,
        "c": 0.25798162379207823,
        "d": 0.07231542245770362,
        "e": 0.7350331066415441,
        "f": -0.15234858721356082,
        "color": 0.8222740682529941,
        "weight": 0.5745489628921951,
        "variations": {
          "spherical": 0.8840839614369836,
          "linear": 0.5793062769676485,
          "polar": 0.3751403674011252
        }
      }
    ],
    "num_points": 1600851,
    "gamma": 1.8819638850679306,
    "brightness": 1.2,
    "hue_rotation": 108.09321671077707
  }
}