{
  "seed": "d2b004a7-dd3e-4991-8682-5e5b7afa8cbf-85",
  "parameters": {
    "num_transforms": 3,
    "transforms": [
      {
        "a": 0.8005515345322216,
        "b": -0.4379255549498813,
        "c": -1.2288708120073575,
        "d": 1.10127687302848,
        "e": 0.9722308111060309,
        "f": -1.159044268226584,
        "color": 0.12096613732637262,
        "variations": {
          "handkerchief": 0.0,
          "heart": 0.7317004751139594
        },
        "weight": 0.6249344874559659
      },
      {
        "a": -0.02911807241356623,
        "b": 0.46722026466206534,
        "c": -1.4148114888852092,
        "d": 0.14128114001951708,
        "e": 1.2136403402813105,
        "f": 0.896436856500717,
        "color": 0.46005369180686717,
        "variations": {
          "handkerchief": 0.46613619466167666,
          "spiral": 0.9499932353709818,
          "spherical": 0.0
        },
        "weight": 1.0739893616831346
      },
      {
        "a": 0.18878066404823346,
        "b": -0.027655349601122703,
        "c": -0.35600537964810197,
        "d": 1.0547122427847153,
        "e": -0.25692115214989153,
        "f": 0.06264352146800478,
        "color": 0.7816253800749865,
        "variations": {
          "sinusoidal": 0.1249670612799001,
          "spiral": 0.7587912469284718,
          "heart": 0.8482402191042608
        },
        "weight": 0.892054782496349
      }
    ],
    "num_points": 2724748,
    "gamma": 1.6397410193861652,
    "brightness": 1.926218602289154,
    "contrast": 1.3030879702958185,
    "hue_rotation": 317.96048933888324
  }
}