{
  "seed": "724c819d-4823-45f4-984c-38f8dcd04450",
  "params": {
    "transforms": [
      {
        "a": 0.23563220433651533,
        "b": 0.07387596779271433,
        "c": -0.4645110534479202,
        "d": -0.5908755673089348,
        "e": 1.3338024302775615,
        "f": 1.349786481869911,
        "color": 0.9468585736920674,
        "weight": 0.3307900688939519,
        "variations": {
          "swirl": 0.4613651310001404,
          "linear": 0.48478674869428806
        }
      },
      {
        "a": -0.5699615218446337,
        "b": 0.3588787175409667,
        "c": 0.1604340648879099,
        "d": -0.9667869438420043,
        "e": -0.3308573995668884,
        "f": -0.3282768491656731,
        "color": 0.17341390766137776,
        "weight": 0.31788999291129194,
        "variations": {
          "swirl": 0.9966067697556957,
          "polar": 0.13316492872235286
        }
      }
    ],
    "num_points": 2786082,
    "gamma": 1.8744369339715135,
    "brightness": 1.2,
    "hue_rotation": 3.68573660160719
  }
}