{
  "seed": "5359d373-3236-40c5-9237-5b7c58f5dbdf",
  "params": {
    "transforms": [
      {
        "a": 0.7257994681291167,
        "b": 0.39563357466836524,
        "c": -0.18522011556928142,
        "d": -0.29589388050367105,
        "e": -0.29349813834507055,
        "f": 0.46665905459938006,
        "color": 0.9447247733954635,
        "weight": 0.3073999855272508,
        "variations": {
          "heart": 0.1421885274545721,
          "swirl": 0.5718062179654282
        }
      },
      {
        "a": 0.5399707952565189,
        "b": -0.4799329609809617,
        "c": -0.8942144394782008,
        "d": -0.5734234299249967,
        "e": 0.956038357138354,
        "f": 0.7101394948826925,
        "color": 0.7768124616508816,
        "weight": 0.1783568268137236,
        "variations": {
          "swirl": 0.601764415914123
        }
      }
    ],
    "num_points": 2066882,
    "gamma": 2.094041839181423,
    "brightness": 1.2,
    "hue_rotation": 293.42873852506705
  }
}