{
  "seed": "ba838ffe-6d75-4f5a-bec6-ec3135ed1120",
  "params": {
    "transforms": [
      {
        "a": -0.03891399236057613,
        "b": 0.45954947612311137,
        "c": 0.6902014721828009,
        "d": 0.42354724540392397,
        "e": -1.3343626566869844,
        "f": -0.9027260643182595,
        "color": 0.37799072625343355,
        "weight": 0.7845339555826597,
        "variations": {
          "linear": 0.29951986360455474
        }
      },
      {
        "a": -0.7378514259927593,
        "b": -0.024716662758018204,
        "c": 0.606129981405255,
        "d": 0.6293372245467219,
        "e": 1.3735546881463288,
        "f": 0.20367905256703622,
        "color": 0.3715141088401268,
        "weight": 0.29104722242217984,
        "variations": {
          "swirl": 0.8345141683526897,
          "heart": 0.08956763330350337
        }
      },
      {
        "a": -0.4367482491135204,
        "b": 0.710413839127283,
        "c": -0.7539410512147711,
        "d": -0.6145564877506711,
        "e": -0.694457598140417,
        "f": -0.19803533447135546,
        "color": 0.39038430995574214,
        "weight": 0.14668747991759237,
        "variations": {
          "spherical": 0.014037256614126803,
          "polar": 0.3393118035916821,
          "heart": 0.2210337856611747
        }
      },
      {
        "a": -0.2726011037807481,
        "b": 0.038106666358331154,
        "c": -0.6712331673549163,
        "d": 0.03158307046741804,
        "e": -0.6306557546215138,
        "f": 1.0842806834125773,
        "color": 0.6167377618551918,
        "weight": 0.6025595382322461,
        "variations": {
          "sinusoidal": 0.6212292811832427,
          "spherical": 0.03926562651032672,
          "swirl": 0.5078145306869708
        }
      }
    ],
    "num_points": 2864776,
    "gamma": 2.2754010192753937,
    "brightness": 1.2,
    "hue_rotation": 231.6928461905468
  }
}