{
  "seed": "5c87895d-98ab-4f69-8eb9-ef5724fdf123",
  "params": {
    "transforms": [
      {
        "a": -0.5101625883250456,
        "b": -0.6616313005294114,
        "c": 0.7808130825145376,
        "d": -0.5925889468603516,
        "e": -0.4240426656632086,
        "f": -0.2992214165609197,
        "color": 0.4885919767287903,
        "weight": 0.9565267011089591,
        "variations": {
          "sinusoidal": 0.7879788844996971
        }
      },
      {
        "a": -0.6355815703119698,
        "b": -0.8741481947452456,
        "c": -0.2605200833181187,
        "d": 0.714117876282228,
        "e": -1.4398150421577494,
        "f": 0.661390690172075,
        "color": 0.8420718148697502,
        "weight": 0.6430476135591626,
        "variations": {
          "polar": 0.24116419065761496,
          "linear": 0.30602956989513264,
          "heart": 0.019301962584076793
        }
      },
      {
        "a": -0.9391934032802132,
        "b": 0.14310941715466163,
        "c": 0.12657907137339697,
        "d": 0.5749210553274546,
        "e": 1.08146942094515,
        "f": -1.2681462357370377,
        "color": 0.50577831407839,
        "weight": 0.7980735128248799,
        "variations": {
          "polar": 0.26455264869995143,
          "linear": 0.5388366747376861,
          "swirl": 0.13856958982980994
        }
      },
      {
        "a": 0.16337107491225922,
        "b": 0.9552069880930734,
        "c": 0.8843272873757455,
        "d": 0.910723728765658,
        "e": -0.30012068843951356,
        "f": -0.8531394020556415,
        "color": 0.9105965520716823,
        "weight": 0.18648199542294658,
        "variations": {
          "sinusoidal": 0.008962716505038437,
          "heart": 0.2953319272162557,
          "swirl": 0.21125387137318807
        }
      }
    ],
    "num_points": 2955922,
    "gamma": 1.8286014062674993,
    "brightness": 1.2,
    "hue_rotation": 168.28971316086805
  }
}