{
  "seed": "a877fd15-b3e4-41fa-be1f-292b08c47ffc",
  "params": {
    "transforms": [
      {
        "a": 0.1381316173431133,
        "b": -0.5807672034982247,
        "c": 0.014108180336800391,
        "d": -0.8859580757156262,
        "e": -1.479715509732252,
        "f": 0.863231100043155,
        "color": 0.8112202669605358,
        "weight": 0.11187759437688059,
        "variations": {
          "spherical": 0.9284250367168142
        }
      },
      {
        "a": -0.8369600727267124,
        "b": -0.3451672722617132,
        "c": 0.41816353893975755,
        "d": -0.54920731962531,
        "e": 0.3105695179761181,
        "f": 1.4478078370205267,
        "color": 0.03895960088385708,
        "weight": 0.6450864373663544,
        "variations": {
          "polar": 0.418800030516985,
          "linear": 0.31275760981736245
        }
      },
      {
        "a": 0.13733222996971928,
        "b": 0.4182395013643976,
        "c": -0.7526096807600275,
        "d": -0.9801907508677941,
        "e": -0.5424847169991853,
        "f": -0.7897972921478754,
        "color": 0.242148812362878,
        "weight": 0.6668737024191411,
        "variations": {
          "sinusoidal": 0.2946534329020596,
          "heart": 0.7033288707229592,
          "spherical": 0.32491446514525324
        }
      },
      {
        "a": 0.5916091689584382,
        "b": 0.056390445586570026,
        "c": 0.16174250938003953,
        "d": -0.9209444857928859,
        "e": 0.6495237667190121,
        "f": 0.8429448416623613,
        "color": 0.024729747706438543,
        "weight": 0.4559415188737098,
        "variations": {
          "sinusoidal": 0.6723410838417994,
          "linear": 0.698090498772549,
          "spherical": 0.26950877924977235
        }
      }
    ],
    "num_points": 2629111,
    "gamma": 1.951684037826885,
    "brightness": 1.2,
    "hue_rotation": 176.96008840225295
  }
}