{
  "seed": "e55806a6-ed13-4d2a-a434-fd0ba8a3ef2a",
  "params": {
    "transforms": [
      {
        "a": 0.3820552074000034,
        "b": 0.07988513475187453,
        "c": 0.9399876925077137,
        "d": 0.018837347184667452,
        "e": 1.4075393480709106,
        "f": 1.1572279991474952,
        "color": 0.11516401465894921,
        "weight": 0.2825194110158886,
        "variations": {
          "polar": 0.7649394229843091,
          "swirl": 0.6612934425883914
        }
      },
      {
        "a": -0.9507932541622117,
        "b": 0.21616850995202874,
        "c": -0.9569395584576665,
        "d": 0.6068999330534393,
        "e": 0.08856649721400434,
        "f": 0.003838916228097622,
        "color": 0.050501146720412726,
        "weight": 0.5077687852997141,
        "variations": {
          "spherical": 0.07308094234755258,
          "sinusoidal": 0.8365234362471562
        }
      },
      {
        "a": -0.799517181239523,
        "b": 0.13323970499447513,
        "c": 0.6668809925486392,
        "d": 0.295102444445948,
        "e": -0.008830782985642882,
        "f": 1.1969422894635398,
        "color": 0.4734918107503492,
        "weight": 0.569942288303879,
        "variations": {
          "polar": 0.5363553123194298
        }
      }
    ],
    "num_points": 2728651,
    "gamma": 1.9976154812144593,
    "brightness": 1.2,
    "hue_rotation": 218.44040498417374
  }
}