{
  "seed": "bbc48856-6236-4c60-8aea-aca031410331",
  "params": {
    "transforms": [
      {
        "a": 0.4314295707369613,
        "b": 0.061837773445512,
        "c": -0.8270906077678344,
        "d": -0.4530612370493541,
        "e": -0.09103089071046822,
        "f": 1.2525183245767932,
        "color": 0.511433220772881,
        "weight": 0.4007397153805635,
        "variations": {
          "linear": 0.16332020422856475,
          "spherical": 0.0032834491413700206
        }
      },
      {
        "a": 0.8707406621431173,
        "b": 0.746229821290255,
        "c": 0.9869647072573671,
        "d": -0.6009445989707918,
        "e": 0.21879028395445133,
        "f": 0.37258264755298054,
        "color": 0.050660640737293816,
        "weight": 0.8852952383579055,
        "variations": {
          "sinusoidal": 0.8841693059265134,
          "linear": 0.481380538332975,
          "polar": 0.7033169471631671
        }
      },
      {
        "a": -0.7189380718340956,
        "b": -0.6000946196178025,
        "c": 0.6849647263869938,
        "d": -0.18990016772620444,
        "e": 0.579692007533612,
        "f": -0.8881531236612301,
        "color": 0.10487313727466607,
        "weight": 0.8456836904130443,
        "variations": {
          "sinusoidal": 0.7698330963810928,
          "linear": 0.8660098911215618,
          "spherical": 0.09208524895866033
        }
      },
      {
        "a": -0.817514712471386,
        "b": -0.9903164174221746,
        "c": 0.441658337765479,
        "d": -0.6094909893983722,
        "e": 1.0652305065279775,
        "f": -1.1282445512655417,
        "color": 0.6228968505313955,
        "weight": 0.514941277327093,
        "variations": {
          "swirl": 0.38976496213784173
        }
      }
    ],
    "num_points": 1560089,
    "gamma": 2.123980410772459,
    "brightness": 1.2,
    "hue_rotation": 240.03389184805414
  }
}