{
  "seed": "2c00b507-dad6-48ea-b2d9-fcb8ef0cb481",
  "params": {
    "transforms": [
      {
        "a": -0.6428533064311992,
        "b": -0.3746058524448779,
        "c": -0.4633364502088504,
        "d": 0.08416396210779675,
        "e": 0.5546671103650862,
        "f": -0.1237502127365464,
        "color": 0.30087481979760533,
        "weight": 0.6329161046717338,
        "variations": {
          "linear": 0.8477609879348995,
          "heart": 0.47690202026881257
        }
      },
      {
        "a": -0.49322721453636365,
        "b": 0.20180969341650656,
        "c": -0.6703948371151567,
        "d": -0.883744529270944,
        "e": 0.17778221864044896,
        "f": -0.6236325058390141,
        "color": 0.7936794788937424,
        "weight": 0.5780483976093381,
        "variations": {
          "polar": 0.039609416198033265,
          "linear": 0.9644629879436786,
          "swirl": 0.6023420517178265
        }
      },
      {
        "a": 0.7782168292449427,
        "b": 0.531627822315212,
        "c": 0.20861046837147978,
        "d": -0.604198696839537,
        "e": 0.3367937056498489,
        "f": -1.139009321517948,
        "color": 0.44753801005477045,
        "weight": 0.9781922014090353,
        "variations": {
          "linear": 0.579999238751603,
          "polar": 0.19855648088732325,
          "heart": 0.9408890204909588
        }
      }
    ],
    "num_points": 2131054,
    "gamma": 2.0657409944635448,
    "brightness": 1.2,
    "hue_rotation": 329.4587806975243
  }
}