{
  "seed": "c01c3918-a094-4a1f-af18-79a36ebc270b",
  "params": {
    "transforms": [
      {
        "a": -0.9283858769249351,
        "b": -0.17572517233852203,
        "c": -0.6021239397646332,
        "d": 0.19470623959111943,
        "e": -1.2710903075730209,
        "f": 0.41055230415375354,
        "color": 0.27230988003958156,
        "weight": 0.19694671567589367,
        "variations": {
          "swirl": 0.08817156770304224
        }
      },
      {
        "a": -0.5044841203954298,
        "b": -0.6689568540977058,
        "c": -0.5674200082532559,
        "d": -0.737917468866351,
        "e": -0.6438334176950322,
        "f": -1.3603008672415418,
        "color": 0.7492090563601407,
        "weight": 0.26393268566019074,
        "variations": {
          "swirl": 0.8285544567447019,
          "heart": 0.30372919978859136,
          "polar": 0.53715810259647
        }
      },
      {
        "a": -0.9595952168280062,
        "b": -0.6448759406046667,
        "c": 0.13231748492657114,
        "d": -0.8141067821545773,
        "e": -0.713884046144037,
        "f": -0.7095005552420145,
        "color": 0.43735053073544594,
        "weight": 0.6625344794611464,
        "variations": {
          "heart": 0.3225293547934319
        }
      }
    ],
    "num_points": 1961299,
    "gamma": 1.938283549812163,
    "brightness": 1.2,
    "hue_rotation": 77.5983594652202
  }
}