{
  "seed": "94314ce4-d584-4312-8654-5bbdfd3fe848",
  "params": {
    "transforms": [
      {
        "a": -0.07026063281234363,
        "b": 0.2651290992315616,
        "c": -0.5508357411194533,
        "d": -0.8165854775650745,
        "e": -0.5896629133569091,
        "f": 0.4381118954041101,
        "color": 0.8386901097089355,
        "weight": 0.8596356524194586,
        "variations": {
          "polar": 0.12801180196997375,
          "sinusoidal": 0.9685992408952188
        }
      },
      {
        "a": 0.0882041719707245,
        "b": -0.03827502702769947,
        "c": -0.9897664800740891,
        "d": 0.9680029279966895,
        "e": -0.14271644428562746,
        "f": -1.291081969655298,
        "color": 0.03220354548789106,
        "weight": 0.10517727486349032,
        "variations": {
          "spherical": 0.3527115368721494,
          "heart": 0.6071375377941617,
          "polar": 0.46646706653836034
        }
      },
      {
        "a": -0.13785682935121124,
        "b": -0.9808611902403452,
        "c": -0.10322142071108642,
        "d": 0.16856232310978325,
        "e": 1.1006458199086997,
        "f": -0.5739965304520744,
        "color": 0.15683894765355488,
        "weight": 0.6339886075178468,
        "variations": {
          "heart": 0.7208945161342031
        }
      },
      {
        "a": 0.0034618825621435256,
        "b": -0.8354103974552498,
        "c": -0.08796548665364412,
        "d": -0.949397080842302,
        "e": 0.6448992779586704,
        "f": -0.7020667793543326,
        "color": 0.975452127559509,
        "weight": 0.9239011570818781,
        "variations": {
          "linear": 0.6299929846529005
        }
      }
    ],
    "num_points": 2784981,
    "gamma": 2.1923168537876854,
    "brightness": 1.2,
    "hue_rotation": 26.956073159300434
  }
}