{
  "seed": "3f82bd1f-4e93-4053-8309-6b3918c9dcc0",
  "params": {
    "transforms": [
      {
        "a": 0.9104766269525704,
        "b": 0.25027306327412924,
        "c": 0.1374656295256793,
        "d": 0.6132802904390122,
        "e": -0.44550516916115024,
        "f": -1.3798659530251012,
        "color": 0.8555759343249747,
        "weight": 0.4055754819170554,
        "variations": {
          "swirl": 0.39648034552487144,
          "linear": 0.3381345226813214,
          "sinusoidal": 0.5407131171780746
        }
      },
      {
        "a": -0.616546296383077,
        "b": 0.7403821061513456,
        "c": 0.45492163833389254,
        "d": 0.6239737659447009,
        "e": 0.4908267486825837,
        "f": -0.9599328708100944,
        "color": 0.7504870710529395,
        "weight": 0.48628015095186194,
        "variations": {
          "sinusoidal": 0.8149876880235324,
          "spherical": 0.8402033646580663
        }
      },
      {
        "a": -0.33321453811997914,
        "b": -0.2432368907952649,
        "c": 0.051887757026242154,
        "d": 0.7278328140848933,
        "e": -1.1306752569037508,
        "f": -0.7355142074258714,
        "color": 0.9758589489258783,
        "weight": 0.4713276415959844,
        "variations": {
          "sinusoidal": 0.09850021280984445,
          "spherical": 0.543360256912235,
          "linear": 0.7229293993071645
        }
      },
      {
        "a": -0.1777931926575842,
        "b": 0.3447130677994845,
        "c": 0.8314339154596797,
        "d": 0.9207614827079378,
        "e": 0.8730700761195029,
        "f": 0.013417122755118083,
        "color": 0.07380491299897862,
        "weight": 0.3821266048187527,
        "variations": {
          "spherical": 0.6663442839579333,
          "swirl": 0.7436573146747693
        }
      }
    ],
    "num_points": 1693742,
    "gamma": 1.87918949434517,
    "brightness": 1.2,
    "hue_rotation": 277.9961441011885
  }
}