{
  "seed": "0591a7ef-d137-4fce-9b44-ff49da3981dd",
  "params": {
    "transforms": [
      {
        "a": 0.6519118141377103,
        "b": 0.7698704876936124,
        "c": 0.33926160747553347,
        "d": -0.527580068291047,
        "e": -1.4391321809461934,
        "f": -1.2182106178738965,
        "color": 0.5373023037059267,
        "weight": 0.15201318321728988,
        "variations": {
          "spherical": 0.9111687130247924
        }
      },
      {
        "a": 0.9039065669394608,
        "b": -0.9725861650038372,
        "c": 0.5764538456169208,
        "d": 0.5059775406585227,
        "e": -0.6248813833795169,
        "f": 0.8753773033190053,
        "color": 0.5121732120044716,
        "weight": 0.5186584699992934,
        "variations": {
          "sinusoidal": 0.14702929544759158,
          "spherical": 0.11936048741396355,
          "polar": 0.8952152539747332
        }
      }
    ],
    "num_points": 2370300,
    "gamma": 2.2852041722338257,
    "brightness": 1.2,
    "hue_rotation": 209.78883352344437
  }
}