{
  "seed": "c77dcc02-80d0-4586-9f5f-f00c433b4686",
  "params": {
    "transforms": [
      {
        "a": -0.7318771253758969,
        "b": 0.07737167591917271,
        "c": -0.3966865934818582,
        "d": 0.9358944879196118,
        "e": -0.6815730114098382,
        "f": 1.3156298016048518,
        "color": 0.0003601922761621301,
        "weight": 0.5834411218803163,
        "variations": {
          "sinusoidal": 0.884968333460053,
          "heart": 0.9621959796086798,
          "spherical": 0.5347340348757432
        }
      },
      {
        "a": 0.8669411898344856,
        "b": 0.09031645860004556,
        "c": 0.5347044913725283,
        "d": -0.13360627699404581,
        "e": -0.20941281609184803,
        "f": 0.1774386315255143,
        "color": 0.9598581032326272,
        "weight": 0.42143635087292863,
        "variations": {
          "linear": 0.2992841782927701,
          "spherical": 0.8107043720197038,
          "swirl": 0.48691695845009964
        }
      },
      {
        "a": -0.8604830933409358,
        "b": -0.8562180900986034,
        "c": 0.6044823621668551,
        "d": 0.4445823632792085,
        "e": 1.4376120001458883,
        "f": 0.9563438999024654,
        "color": 0.7128224908443557,
        "weight": 0.1921289424184448,
        "variations": {
          "spherical": 0.7293399842368196,
          "sinusoidal": 0.9944264144815118
        }
      },
      {
        "a": -0.12714094311963153,
        "b": 0.5685194828341606,
        "c": 0.40306358065167824,
        "d": 0.14651366218695383,
        "e": -1.400346790176748,
        "f": -0.4118203537885645,
        "color": 0.6133462690152635,
        "weight": 0.660541276984364,
        "variations": {
          "spherical": 0.7155379278923898,
          "heart": 0.5805514519252473,
          "swirl": 0.6908753677355038
        }
      }
    ],
    "num_points": 2528166,
    "gamma": 2.054869734831135,
    "brightness": 1.2,
    "hue_rotation": 113.02971040947423
  }
}