{
  "seed": "79562d7d-7a1f-42fc-8c8f-13195725c480",
  "params": {
    "transforms": [
      {
        "a": 0.5473953507942713,
        "b": -0.3735603312743696,
        "c": 0.2257465792347455,
        "d": 0.34923796604406676,
        "e": 0.06560704107676463,
        "f": 0.8978846560895297,
        "color": 0.3418407421334324,
        "weight": 0.8846835580922143,
        "variations": {
          "polar": 0.15559529375826697,
          "linear": 0.5888132398494875,
          "spherical": 0.1264090378734951
        }
      },
      {
        "a": 0.9817774224771454,
        "b": 0.07421778610633711,
        "c": 0.0064013328645102785,
        "d": 0.4114485856535539,
        "e": 1.010859229797855,
        "f": 1.2706993380227645,
        "color": 0.7511480472943876,
        "weight": 0.5717078754175889,
        "variations": {
          "linear": 0.7449528052476015,
          "polar": 0.17974127506503268
        }
      }
    ],
    "num_points": 2737553,
    "gamma": 2.2048791174536553,
    "brightness": 1.2,
    "hue_rotation": 207.7357794498828
  }
}