{
  "seed": "4ef7e3cb-f337-4839-bcbc-392e544c1e9e",
  "params": {
    "transforms": [
      {
        "a": -0.8749825773490834,
        "b": -0.08632132587832042,
        "c": 0.3164736094890914,
        "d": -0.38840587762668144,
        "e": 0.7545804229267139,
        "f": -1.318645941307796,
        "color": 0.0027697765869112434,
        "weight": 0.8505555932639833,
        "variations": {
          "polar": 0.39756712019204377
        }
      },
      {
        "a": 0.6746031728897606,
        "b": -0.33859772095326446,
        "c": -0.6681434354943856,
        "d": -0.5387099154001205,
        "e": -0.7968967908964403,
        "f": -0.10773097832325207,
        "color": 0.1042449262557249,
        "weight": 0.14111396873041854,
        "variations": {
          "polar": 0.13365856743600146,
          "swirl": 0.6911724278557925,
          "heart": 0.17856002585980124
        }
      },
      {
        "a": -0.32694949133535633,
        "b": 0.33023640774735497,
        "c": -0.230681547796441,
        "d": 0.9405126352852724,
        "e": -0.5865140177588021,
        "f": 0.36966780136157573,
        "color": 0.83192410017252,
        "weight": 0.4570619423776241,
        "variations": {
          "linear": 0.15679671612587387
        }
      },
      {
        "a": 0.19473671108826673,
        "b": 0.15516171249138577,
        "c": -0.5665518401271779,
        "d": 0.06659673895629226,
        "e": -1.2956100287941676,
        "f": 0.3331275229196653,
        "color": 0.9294862473542188,
        "weight": 0.87456220786235,
        "variations": {
          "heart": 0.03315147345285263,
          "polar": 0.39014275915440666,
          "swirl": 0.17601926445489668
        }
      }
    ],
    "num_points": 2875263,
    "gamma": 2.417719479288273,
    "brightness": 1.2,
    "hue_rotation": 295.1178818631657
  }
}