{
  "seed": "e76d6126-3ff3-44d6-b02f-a822c2c4add3",
  "params": {
    "transforms": [
      {
        "a": -0.2783665827630035,
        "b": -0.9952792675487421,
        "c": -0.7420415439981938,
        "d": 0.9408956545073492,
        "e": -0.5982772710244627,
        "f": -0.4588920521076534,
        "color": 0.3597398484264358,
        "weight": 0.6855329239753954,
        "variations": {
          "swirl": 0.506465905509977,
          "spherical": 0.46237388454862605,
          "sinusoidal": 0.7787190928765729
        }
      },
      {
        "a": -0.7630047646074805,
        "b": -0.4405163778081602,
        "c": -0.9166939564451453,
        "d": -0.46052873855889764,
        "e": -1.2000060119350322,
        "f": 0.895397765485995,
        "color": 0.272278044127773,
        "weight": 0.5419845819655497,
        "variations": {
          "linear": 0.5274052074857171,
          "swirl": 0.45807387350945483
        }
      }
    ],
    "num_points": 2827319,
    "gamma": 2.3372151754382964,
    "brightness": 1.2,
    "hue_rotation": 91.81602254640597
  }
}