{
  "seed": "3e3ba21b-5a63-4283-b0f6-fb04bbcb792a",
  "params": {
    "transforms": [
      {
        "a": -0.42914137088405524,
        "b": 0.024032986839398696,
        "c": -0.6158505207809231,
        "d": -0.2724494512632949,
        "e": 0.6899630606276554,
        "f": 0.8810146305195135,
        "color": 0.7567664542381035,
        "weight": 0.5289855786779771,
        "variations": {
          "linear": 0.04458740040977438,
          "swirl": 0.6222373857477292,
          "spherical": 0.008675898039421814
        }
      },
      {
        "a": 0.658297099906358,
        "b": 0.05135173672896931,
        "c": -0.2440607107595334,
        "d": -0.2108814363992575,
        "e": 1.2134729241787947,
        "f": 1.3511705438096135,
        "color": 0.19990007084909367,
        "weight": 0.8323112289821879,
        "variations": {
          "spherical": 0.43540444452796045,
          "polar": 0.3277827977491907
        }
      },
      {
        "a": -0.6214611347786787,
        "b": -0.11451428588631307,
        "c": 0.35014715828850074,
        "d": 0.9467926716449886,
        "e": -0.026523196852440645,
        "f": 1.394215274760282,
        "color": 0.9301139368557144,
        "weight": 0.9929083888687111,
        "variations": {
          "polar": 0.16119421044100413,
          "sinusoidal": 0.26667723636979235
        }
      },
      {
        "a": 0.34283024384485494,
        "b": 0.2490464540030728,
        "c": -0.16420119553425927,
        "d": 0.03159901483576144,
        "e": 1.1855927946627918,
        "f": -0.23948005698192443,
        "color": 0.1738471008697844,
        "weight": 0.65387501406288,
        "variations": {
          "polar": 0.9525821612686319,
          "linear": 0.5772502387949716,
          "swirl": 0.2659271405849096
        }
      }
    ],
    "num_points": 2984085,
    "gamma": 1.8526824104478499,
    "brightness": 1.2,
    "hue_rotation": 212.8034292208634
  }
}