{
  "seed": "63af6fe4-7d07-4da0-a757-6d3c533db6fe",
  "params": {
    "transforms": [
      {
        "a": -0.28650658904073945,
        "b": -0.966157064891946,
        "c": 0.13261622587812338,
        "d": 0.15082209641071032,
        "e": -1.2239932594521896,
        "f": -1.2974325919717558,
        "color": 0.03522226826198949,
        "weight": 0.7102587611211859,
        "variations": {
          "polar": 0.4157852826482178,
          "linear": 0.6806468797113723
        }
      },
      {
        "a": 0.8098530872220735,
        "b": -0.013302407073386924,
        "c": 0.1331204933317809,
        "d": -0.5047422650661944,
        "e": -0.46010812383547606,
        "f": 0.9288970539583632,
        "color": 0.6278382556773158,
        "weight": 0.43786577883399747,
        "variations": {
          "linear": 0.031143732049839112,
          "sinusoidal": 0.26043894014379965,
          "heart": 0.5468310655171552
        }
      },
      {
        "a": 0.2691718293984171,
        "b": 0.5523616098218029,
        "c": 0.22042276808238292,
        "d": -0.2551887771760555,
        "e": -0.640058222534231,
        "f": 0.5182523817166733,
        "color": 0.1848837931462285,
        "weight": 0.9335037235607538,
        "variations": {
          "spherical": 0.28189144824226087,
          "heart": 0.8436778278367677
        }
      },
      {
        "a": -0.14226847903454343,
        "b": 0.21682516416628905,
        "c": 0.057078773485274015,
        "d": 0.0750840462348874,
        "e": 0.6228298008820272,
        "f": -0.5039417966429648,
        "color": 0.9021419175434441,
        "weight": 0.6692067488893442,
        "variations": {
          "linear": 0.6027121945222135,
          "swirl": 0.5431011762676818
        }
      }
    ],
    "num_points": 2192058,
    "gamma": 2.084640844874591,
    "brightness": 1.2,
    "hue_rotation": 186.6758579206331
  }
}