{
  "seed": "eef94a1f-dd13-4817-b8c1-7032b63d9434",
  "params": {
    "transforms": [
      {
        "a": 0.2092284881066151,
        "b": -0.7516489794778067,
        "c": -0.8989602861442763,
        "d": -0.26238317115160226,
        "e": -0.3932030203363477,
        "f": 0.11593160852819429,
        "color": 0.5354016367851736,
        "weight": 0.7835101666068562,
        "variations": {
          "linear": 0.8624441824881154
        }
      },
      {
        "a": 0.23699959822243732,
        "b": 0.5816760905307463,
        "c": 0.7025470335249,
        "d": -0.7069852756104107,
        "e": -0.775311736953887,
        "f": -0.8775194694561252,
        "color": 0.34877921297723247,
        "weight": 0.1438385440070842,
        "variations": {
          "sinusoidal": 0.08056935893956207,
          "spherical": 0.22320444210070245
        }
      },
      {
        "a": -0.38064841404653205,
        "b": 0.4873936692051348,
        "c": 0.5323778822383198,
        "d": 0.6830930007048479,
        "e": -0.3031949239289351,
        "f": -0.09298401973880521,
        "color": 0.37957560050928996,
        "weight": 0.15096858528069168,
        "variations": {
          "polar": 0.16022815528648326,
          "linear": 0.8313017784131898
        }
      }
    ],
    "num_points": 2219174,
    "gamma": 1.8753444504094587,
    "brightness": 1.2,
    "hue_rotation": 345.71095366380325
  }
}