{
  "seed": "adc6ed2a-1b12-4305-a382-1081e0722867",
  "params": {
    "transforms": [
      {
        "a": -0.7432460658876643,
        "b": -0.9989718876249842,
        "c": 0.9141436202495921,
        "d": 0.7992546096007866,
        "e": -1.406199512953766,
        "f": 0.6863385457090216,
        "color": 0.07170627524135853,
        "weight": 0.2658008104781,
        "variations": {
          "linear": 0.5095888320838075
        }
      },
      {
        "a": -0.7184100205712272,
        "b": -0.373563490360701,
        "c": 0.5381906919532957,
        "d": -0.3228166453558994,
        "e": -1.3327069699001415,
        "f": -0.6048374992668873,
        "color": 0.2241716912847046,
        "weight": 0.6612432601636808,
        "variations": {
          "heart": 0.9607269897450338
        }
      },
      {
        "a": 0.21292735347531289,
        "b": -0.643978865229605,
        "c": -0.8119984931954312,
        "d": 0.09952511017973431,
        "e": 1.0389096707198906,
        "f": 1.4732496211170725,
        "color": 0.3347988984315087,
        "weight": 0.2521180137537597,
        "variations": {
          "heart": 0.45928286409190333
        }
      }
    ],
    "num_points": 2872177,
    "gamma": 2.0243551668752398,
    "brightness": 1.2,
    "hue_rotation": 76.71805527586197
  }
}