{
  "seed": "b7c5d929-3d2e-4cad-8000-98574d05a66b",
  "params": {
    "transforms": [
      {
        "a": 0.38987682901645204,
        "b": 0.7678742798166063,
        "c": -0.5823571256447124,
        "d": -0.33349083327704476,
        "e": 0.5237148603537403,
        "f": -0.29272119434547195,
        "color": 0.15302458148161147,
        "weight": 0.49932263680979694,
        "variations": {
          "heart": 0.7044081347389592,
          "polar": 0.08440288708342936,
          "linear": 0.8591867962080942
        }
      },
      {
        "a": 0.15682477747009016,
        "b": -0.4460947983775869,
        "c": -0.2869975908596203,
        "d": 0.3401843177185768,
        "e": -0.9298517338290082,
        "f": -1.2042937605874826,
        "color": 0.852623886006609,
        "weight": 0.41931649800209747,
        "variations": {
          "swirl": 0.8307429539628921,
          "sinusoidal": 0.25212201735884665,
          "linear": 0.5325654982174911
        }
      },
      {
        "a": -0.3552736359572659,
        "b": -0.707103255390912,
        "c": -0.33489847887750135,
        "d": 0.48897633885279235,
        "e": -0.9384368802911945,
        "f": -1.2278098192066267,
        "color": 0.42399485592831243,
        "weight": 0.43782663401231436,
        "variations": {
          "sinusoidal": 0.5858397275027897
        }
      }
    ],
    "num_points": 1279975,
    "gamma": 2.4256582423165263,
    "brightness": 1.2,
    "hue_rotation": 142.9865456281202
  }
}