{
  "seed": "9ffc1e7e-4521-453d-ab5c-f688dceabdf4",
  "params": {
    "transforms": [
      {
        "a": 0.9704036824386357,
        "b": -0.4445900274719645,
        "c": 0.20082884839759152,
        "d": 0.5787630321749624,
        "e": -0.15268871178278998,
        "f": 1.3178357903278046,
        "color": 0.7055622721434891,
        "weight": 0.7506609924365141,
        "variations": {
          "polar": 0.6869053772002961,
          "sinusoidal": 0.062452263770831684
        }
      },
      {
        "a": -0.5160181490902875,
        "b": 0.13256200144403496,
        "c": -0.1047792757003223,
        "d": -0.8284384368294258,
        "e": -0.03404788989658858,
        "f": 1.3325320050843694,
        "color": 0.16822387158898122,
        "weight": 0.7167834516670131,
        "variations": {
          "swirl": 0.2391560202454669,
          "spherical": 0.3153160508913506,
          "linear": 0.30721347814231004
        }
      },
      {
        "a": -0.2408578908768919,
        "b": -0.08029398936633969,
        "c": 0.3055127957025012,
        "d": 0.6573649195199402,
        "e": -0.8633089938527334,
        "f": -1.4554622685830967,
        "color": 0.03340359798871606,
        "weight": 0.4595622501604232,
        "variations": {
          "polar": 0.96446262808844
        }
      },
      {
        "a": -0.07576961768255286,
        "b": -0.7399178736306924,
        "c": -0.4653480696855652,
        "d": 0.5845291155609362,
        "e": -0.8099906515067762,
        "f": -0.20192951174534368,
        "color": 0.5699380839844732,
        "weight": 0.8246225125791896,
        "variations": {
          "sinusoidal": 0.9026348457579471,
          "linear": 0.28776442230744625
        }
      }
    ],
    "num_points": 1814203,
    "gamma": 1.841725736855519,
    "brightness": 1.2,
    "hue_rotation": 283.227917185853
  }
}