{
  "seed": "39346915-c088-45c1-811a-4c81d0f0acf9",
  "params": {
    "transforms": [
      {
        "a": -0.9961544562371791,
        "b": 0.008356924403599919,
        "c": -0.73493135417555,
        "d": 0.8626514010239297,
        "e": 0.3117470894473353,
        "f": 1.0163517029885334,
        "color": 0.3206624152012273,
        "weight": 0.19862777487443986,
        "variations": {
          "linear": 0.6335026982051069
        }
      },
      {
        "a": 0.18383316455964827,
        "b": 0.1302812195039309,
        "c": -0.289462151626694,
        "d": -0.1267022910850384,
        "e": 1.04500124833657,
        "f": -1.304486856684615,
        "color": 0.6258519471886457,
        "weight": 0.6142562540606766,
        "variations": {
          "spherical": 0.5908298522940989
        }
      },
      {
        "a": -0.574271017778258,
        "b": -0.17435135776596922,
        "c": -0.33842945272186364,
        "d": -0.930575257082294,
        "e": -0.4676259974340735,
        "f": 0.8098858863920522,
        "color": 0.5428638114416909,
        "weight": 0.6388486639737736,
        "variations": {
          "spherical": 0.017095034162172507
        }
      }
    ],
    "num_points": 2884679,
    "gamma": 1.958158730853132,
    "brightness": 1.2,
    "hue_rotation": 31.46491333772726
  }
}