{
  "seed": "97076d3d-44c6-4aec-ad77-e32f0548e3e3-30",
  "parameters": {
    "num_transforms": 2,
    "transforms": [
      {
        "a": 0.7308312367181737,
        "b": 0.28829872138886126,
        "c": -0.5696135395994761,
        "d": 0.9151053083124929,
        "e": -0.46997334833017845,
        "f": -1.0536681746648502,
        "color": 0.07321572721434588,
        "variations": {
          "swirl": 0.8827498779530382,
          "handkerchief": 0.0,
          "hyperbolic": 0.0,
          "sinusoidal": 0.0
        },
        "weight": 0.8156362701330766
      },
      {
        "a": -0.8665391041114258,
        "b": -0.446705743917194,
        "c": 0.409798864563508,
        "d": 1.2661230624058502,
        "e": -1.2114036746657053,
        "f": -1.1995135510963282,
        "color": 0.3295418244182051,
        "variations": {
          "swirl": 0.0,
          "disc": 0.44345536728048984,
          "spherical": 0.5483701853217877
        },
        "weight": 1.1885018216923051
      }
    ],
    "num_points": 4752722,
    "gamma": 1.595913689097314,
    "brightness": 1.3037130217879498,
    "contrast": 1.9533326784652716,
    "hue_rotation": 242.89214352831482
  }
}