{
  "seed": "c6bf05f7-e8fd-419b-a429-c4891ca65c45",
  "params": {
    "transforms": [
      {
        "a": -0.971267367166879,
        "b": -0.7965928000953348,
        "c": 0.16640920132497672,
        "d": 0.06897183154307296,
        "e": 1.4063791139336663,
        "f": -0.2185785595599945,
        "color": 0.8849773225891557,
        "weight": 0.6991752038988385,
        "variations": {
          "polar": 0.4209900183940247,
          "spherical": 0.5327755001660286,
          "sinusoidal": 0.7257465425895946
        }
      },
      {
        "a": 0.8631718123510159,
        "b": -0.8237154230010315,
        "c": 0.7459449772767746,
        "d": 0.949862200721973,
        "e": -1.2332706700753264,
        "f": 0.12643674800737448,
        "color": 0.6547843013855256,
        "weight": 0.4472965707053784,
        "variations": {
          "polar": 0.03680967385274414,
          "sinusoidal": 0.8973817980407802
        }
      },
      {
        "a": -0.7404027566387676,
        "b": 0.26454444705072233,
        "c": 0.2747607329869024,
        "d": 0.1827546429303093,
        "e": 0.25493764193607715,
        "f": -0.573696421491423,
        "color": 0.46096401208634075,
        "weight": 0.8076672744216093,
        "variations": {
          "polar": 0.10535024121887504
        }
      }
    ],
    "num_points": 2771859,
    "gamma": 2.421670380969149,
    "brightness": 1.2,
    "hue_rotation": 296.1024432855323
  }
}