{
  "seed": "8c186c43-468e-4cc8-a3ff-6bb4536e0bde-627",
  "parameters": {
    "num_transforms": 2,
    "transforms": [
      {
        "a": -1.1426690217659068,
        "b": 0.9583302001417708,
        "c": -0.7741145929056416,
        "d": -0.9479887384211247,
        "e": -0.5694540776906161,
        "f": -1.0105586189032447,
        "color": 0.37983960510493353,
        "variations": {
          "hyperbolic": 0.0,
          "heart": 0.23180443478943968,
          "spherical": 0.0
        },
        "weight": 1.7720023732562007
      },
      {
        "a": 0.8585831100466192,
        "b": 1.224964175054159,
        "c": -0.4040809644095864,
        "d": 1.1004938033411005,
        "e": 1.1655582804843738,
        "f": -0.25376773519750095,
        "color": 0.11276088650126015,
        "variations": {
          "spiral": 0.9141729800566867,
          "swirl": 0.9892577587865976,
          "disc": 0.0,
          "spherical": 0.12445386794183133
        },
        "weight": 0.8449320253263188
      }
    ],
    "num_points": 2016272,
    "gamma": 2.6001643757099853,
    "brightness": 0.5804656694644251,
    "contrast": 0.920071052378902,
    "hue_rotation": 77.99528645389657
  }
}