{
  "seed": "3ef02928-5800-4732-937c-f4b578e87aa4",
  "params": {
    "transforms": [
      {
        "a": -0.7633128955577027,
        "b": 0.6083955717180489,
        "c": -0.20577882714098172,
        "d": -0.07647137658071013,
        "e": 0.2066936840706859,
        "f": -1.0777178434777324,
        "color": 0.3387962507414617,
        "weight": 0.5044863262485744,
        "variations": {
          "swirl": 0.9249873795907043
        }
      },
      {
        "a": -0.7107392898184783,
        "b": 0.9353616927640258,
        "c": -0.9796347992032881,
        "d": -0.7414625074318468,
        "e": 1.116479717498637,
        "f": 1.4346501220324441,
        "color": 0.11144303538256961,
        "weight": 0.1181914767253072,
        "variations": {
          "swirl": 0.6184252085931522,
          "sinusoidal": 0.4446550376281424
        }
      }
    ],
    "num_points": 1649223,
    "gamma": 2.103585066217424,
    "brightness": 1.2,
    "hue_rotation": 194.7497184379916
  }
}