{
  "seed": "1aa9d7cc-bf15-48e2-8444-725cbff708c5",
  "params": {
    "transforms": [
      {
        "a": 0.8778389828722104,
        "b": -0.1390296026546256,
        "c": 0.8466902802415675,
        "d": 0.016601634747244187,
        "e": -0.23652119069898436,
        "f": 1.0147325175757338,
        "color": 0.705404000537629,
        "weight": 0.3204144443200816,
        "variations": {
          "spherical": 0.7948238300089662,
          "linear": 0.07695096204838858
        }
      },
      {
        "a": -0.5541644075165186,
        "b": 0.7775913730258359,
        "c": -0.027440238930646954,
        "d": -0.46152878526129903,
        "e": 0.3030286233120689,
        "f": 1.0857145387009117,
        "color": 0.6984759588410956,
        "weight": 0.7662713810577659,
        "variations": {
          "linear": 0.16653994104795045,
          "spherical": 0.8918108850668589
        }
      }
    ],
    "num_points": 2097653,
    "gamma": 2.116874003615931,
    "brightness": 1.2,
    "hue_rotation": 318.07440709365994
  }
}