{
  "seed": "988500bc-ccab-46fd-8ea5-94aa2982cb86",
  "params": {
    "transforms": [
      {
        "a": 0.696644204425485,
        "b": 0.08120498299133327,
        "c": 0.20843362815859723,
        "d": -0.4057202956501609,
        "e": 0.5457905945588228,
        "f": 0.41645515918987375,
        "color": 0.4564618570387462,
        "weight": 0.5398418240513458,
        "variations": {
          "sinusoidal": 0.624763671125446
        }
      },
      {
        "a": 0.9713114558709612,
        "b": -0.5556643498020102,
        "c": -0.7198182197854794,
        "d": 0.1763923009978987,
        "e": 1.3572769317531828,
        "f": 0.4787835560847986,
        "color": 0.3735916644251899,
        "weight": 0.6397301102138097,
        "variations": {
          "heart": 0.9210104374721307,
          "polar": 0.4123163518539793
        }
      },
      {
        "a": 0.5363657118794096,
        "b": -0.13026827837857602,
        "c": -0.9905279553998221,
        "d": -0.8662433199581725,
        "e": 0.02684027025253366,
        "f": -0.7262276939134917,
        "color": 0.9515102298784142,
        "weight": 0.24334923493145427,
        "variations": {
          "sinusoidal": 0.3522938247992957
        }
      }
    ],
    "num_points": 1831368,
    "gamma": 2.3882460498418645,
    "brightness": 1.2,
    "hue_rotation": 3.1665402783697205
  }
}