{
  "seed": "c54efc23-d758-4e9d-bb40-d840159f811d",
  "params": {
    "transforms": [
      {
        "a": -0.8539513496423687,
        "b": 0.615492369748436,
        "c": 0.04371410427470912,
        "d": 0.026823357457027797,
        "e": 1.079315370001933,
        "f": -0.27115191998964283,
        "color": 0.06382512340747726,
        "weight": 0.41261093632968526,
        "variations": {
          "heart": 0.5482568559012271
        }
      },
      {
        "a": 0.17897538930248458,
        "b": -0.8957952481940907,
        "c": 0.2754896432184415,
        "d": -0.4973688133129113,
        "e": -1.3918587824753126,
        "f": -1.2032005941141977,
        "color": 0.44599284963140773,
        "weight": 0.46351125162150186,
        "variations": {
          "polar": 0.8528110502379519,
          "swirl": 0.1611932721568602,
          "linear": 0.9787986590388232
        }
      },
      {
        "a": 0.9029121902933654,
        "b": 0.8667887499850553,
        "c": 0.20440993905683036,
        "d": -0.16431871935519626,
        "e": 0.202396230368189,
        "f": -0.9054765585874934,
        "color": 0.25773263476066566,
        "weight": 0.8705544680063853,
        "variations": {
          "linear": 0.9347322891086273,
          "swirl": 0.02194968082023141,
          "spherical": 0.8092197769829559
        }
      }
    ],
    "num_points": 2372867,
    "gamma": 1.96431202032311,
    "brightness": 1.2,
    "hue_rotation": 98.13096506727383
  }
}