{
  "seed": "a24be26b-7f8d-4b16-9daf-7eb4c247cb59",
  "params": {
    "transforms": [
      {
        "a": -0.17004650163971413,
        "b": 0.41430950192554783,
        "c": -0.0009977296769720922,
        "d": 0.020779431416620753,
        "e": -1.1742256389413646,
        "f": 0.8121010285833412,
        "color": 0.002522080443885799,
        "weight": 0.4301141333684776,
        "variations": {
          "swirl": 0.8850346725061621,
          "heart": 0.8419642523805093,
          "linear": 0.22720103539607517
        }
      },
      {
        "a": -0.9136885455888848,
        "b": 0.6747496112288804,
        "c": -0.9129716676549349,
        "d": -0.8110578699831457,
        "e": -0.8484458816347363,
        "f": 1.0307662215857079,
        "color": 0.9838537363163182,
        "weight": 0.7672313076009789,
        "variations": {
          "linear": 0.4850310255725566,
          "sinusoidal": 0.7491313419965309,
          "swirl": 0.6236111414067246
        }
      },
      {
        "a": -0.02061674701942695,
        "b": 0.47728928797641057,
        "c": 0.09813861075373076,
        "d": 0.5511728021081646,
        "e": -0.5584454457675253,
        "f": -0.3470460962886137,
        "color": 0.8517952371560198,
        "weight": 0.930551770545894,
        "variations": {
          "heart": 0.16414448511616775,
          "polar": 0.7441342017455193
        }
      },
      {
        "a": 0.08917960244435208,
        "b": 0.04518576417702125,
        "c": -0.4730665476032281,
        "d": 0.5613791330274802,
        "e": -1.1987153007363136,
        "f": 1.1400040008299968,
        "color": 0.13296306366919663,
        "weight": 0.14911188134434342,
        "variations": {
          "heart": 0.004697121130574522
        }
      }
    ],
    "num_points": 1074005,
    "gamma": 1.83449134909092,
    "brightness": 1.2,
    "hue_rotation": 25.674271207395712
  }
}