{
  "seed": "0c698620-6a3f-4b36-89dd-ddc0178744df",
  "params": {
    "transforms": [
      {
        "a": -0.6905636782732738,
        "b": -0.03662510292281573,
        "c": 0.7341208871417009,
        "d": -0.783669495821226,
        "e": -0.3546186593384746,
        "f": 1.2642084457679572,
        "color": 0.05177319642971179,
        "weight": 0.21652154457927136,
        "variations": {
          "spherical": 0.11707504130369162,
          "sinusoidal": 0.11619098067695521,
          "linear": 0.7919281366388402
        }
      },
      {
        "a": -0.238228074327961,
        "b": -0.19358122306199244,
        "c": -0.12684425230874763,
        "d": 0.1161714381315051,
        "e": -1.4891610729307871,
        "f": -0.701994684779013,
        "color": 0.24224079146914412,
        "weight": 0.63447167404095,
        "variations": {
          "swirl": 0.49048133833142615
        }
      },
      {
        "a": 0.7172693949090017,
        "b": -0.9261490788552902,
        "c": -0.03490358906773583,
        "d": -0.6407721467301173,
        "e": -0.4370088208671046,
        "f": 0.11193706287681526,
        "color": 0.3334185407602882,
        "weight": 0.45476918517498743,
        "variations": {
          "spherical": 0.8746643600980424,
          "sinusoidal": 0.11260085529098574,
          "linear": 0.2499033129787087
        }
      },
      {
        "a": 0.37942864881122973,
        "b": -0.10601636555449678,
        "c": -0.6218351089713656,
        "d": -0.25505696152926927,
        "e": 0.5591326303590471,
        "f": 0.955009419966935,
        "color": 0.08852710296420141,
        "weight": 0.618657805243649,
        "variations": {
          "spherical": 0.5261854857670522
        }
      }
    ],
    "num_points": 1650079,
    "gamma": 2.1243267621860715,
    "brightness": 1.2,
    "hue_rotation": 65.3060014988264
  }
}