{
  "seed": "5fc6c9c6-3147-4bda-8dbd-fe0e4e2773c9",
  "params": {
    "transforms": [
      {
        "a": -0.05798237520501481,
        "b": 0.33523097365221766,
        "c": 0.09356080201046724,
        "d": 0.775625210136192,
        "e": 1.2708339710568959,
        "f": -1.0312952930976704,
        "color": 0.8012961874681593,
        "weight": 0.38169114629632195,
        "variations": {
          "linear": 0.4488398990134935
        }
      },
      {
        "a": -0.7204344902421747,
        "b": -0.8222043804858505,
        "c": 0.16311272313671155,
        "d": -0.9410963707147362,
        "e": -1.4550061637342009,
        "f": -0.2866398665196719,
        "color": 0.6289179858738784,
        "weight": 0.9550286044278967,
        "variations": {
          "linear": 0.25745490650608605,
          "heart": 0.7644915164789209
        }
      },
      {
        "a": 0.9810574532917369,
        "b": 0.6561331013991925,
        "c": -0.9985244753175446,
        "d": -0.9131764650355021,
        "e": -1.091714254405073,
        "f": 1.3896125561768904,
        "color": 0.45847960331711757,
        "weight": 0.7613553309808087,
        "variations": {
          "linear": 0.4176242958839489,
          "polar": 0.9709146006724533
        }
      },
      {
        "a": 0.7309703965434018,
        "b": -0.46043067976656715,
        "c": 0.48617552737386327,
        "d": -0.6647194990443839,
        "e": 1.033839624954489,
        "f": -0.4251019868233681,
        "color": 0.7940147441663488,
        "weight": 0.7902437205695112,
        "variations": {
          "linear": 0.9862809824399452
        }
      }
    ],
    "num_points": 1928571,
    "gamma": 1.9116263909212516,
    "brightness": 1.2,
    "hue_rotation": 117.19751997218778
  }
}