{
  "seed": "a5dbfcbf-2c61-4179-ba13-6e89e887f449",
  "params": {
    "transforms": [
      {
        "a": -0.26772440696483013,
        "b": 0.10348191969518372,
        "c": 0.7637100018940415,
        "d": 0.7901540604791664,
        "e": -0.7842405497409529,
        "f": -0.6148652898756725,
        "color": 0.44468889459428573,
        "weight": 0.4598166760789738,
        "variations": {
          "swirl": 0.03812550707447493,
          "heart": 0.8520433681284024,
          "sinusoidal": 0.1952900704798688
        }
      },
      {
        "a": -0.9183546288401252,
        "b": -0.9930027906336627,
        "c": -0.9976385668306662,
        "d": 0.5522569722061621,
        "e": -0.054744215568873544,
        "f": -1.0601338925086914,
        "color": 0.034149408262956205,
        "weight": 0.27288539530241984,
        "variations": {
          "linear": 0.9447737252152253
        }
      },
      {
        "a": -0.19883210412476382,
        "b": 0.06061848082582766,
        "c": 0.4672576691175281,
        "d": 0.5004136056524566,
        "e": 0.26695566534750315,
        "f": -0.9681085922814636,
        "color": 0.8979253818273314,
        "weight": 0.1810985954470215,
        "variations": {
          "linear": 0.8135235876437255,
          "spherical": 0.11655997383069716,
          "swirl": 0.20843269944390308
        }
      },
      {
        "a": -0.16967468807335662,
        "b": 0.17807427818166732,
        "c": 0.3729255141827925,
        "d": -0.5165251458351499,
        "e": 1.475174144020475,
        "f": 0.0406428403499981,
        "color": 0.43965682934698325,
        "weight": 0.8371765622060556,
        "variations": {
          "spherical": 0.027874040012024648,
          "swirl": 0.9826938216726158,
          "linear": 0.24553886795593383
        }
      }
    ],
    "num_points": 2868461,
    "gamma": 1.8125332303898924,
    "brightness": 1.2,
    "hue_rotation": 154.97576831658535
  }
}