{
  "seed": "854664c3-6d55-467a-a999-4c4764e64b6e",
  "params": {
    "transforms": [
      {
        "a": -0.7819855013117256,
        "b": 0.09869387760568693,
        "c": 0.1324708890356725,
        "d": 0.10952196981943563,
        "e": -0.7365380771187738,
        "f": -0.17954200094218864,
        "color": 0.7394296125476344,
        "weight": 0.10442678518518819,
        "variations": {
          "polar": 0.9101541070689372
        }
      },
      {
        "a": -0.40550742357360026,
        "b": -0.9589572990205211,
        "c": 0.6675448074572858,
        "d": 0.9305165389454817,
        "e": -0.49007697439603115,
        "f": -1.2094689677775003,
        "color": 0.9523354522086258,
        "weight": 0.9088217752483722,
        "variations": {
          "spherical": 0.7826961255052154
        }
      }
    ],
    "num_points": 2094271,
    "gamma": 2.2513027089498747,
    "brightness": 1.2,
    "hue_rotation": 156.49650375281743
  }
}