{
  "seed": "1701c66a-79f4-4bf7-adb9-17a7d27f2934",
  "params": {
    "transforms": [
      {
        "a": 0.9163616539749897,
        "b": -0.18508926754807975,
        "c": 0.719758508129364,
        "d": -0.6906244204064953,
        "e": -0.20102472533605997,
        "f": -1.238515045782294,
        "color": 0.7690261670706281,
        "weight": 0.6599346185582472,
        "variations": {
          "linear": 0.7098046054518623,
          "swirl": 0.4302534976449154
        }
      },
      {
        "a": -0.9792574459576671,
        "b": -0.5434750829881183,
        "c": 0.9060859069724589,
        "d": 0.7658549338898808,
        "e": -1.2944384548512615,
        "f": -0.8148853340117307,
        "color": 0.48462666250758357,
        "weight": 0.4884697055428986,
        "variations": {
          "heart": 0.08025951633456996,
          "polar": 0.8420055493592968
        }
      },
      {
        "a": 0.8584802259977129,
        "b": 0.03667593729985508,
        "c": -0.8589839803861701,
        "d": 0.001878749981730543,
        "e": -0.5282691285102459,
        "f": -1.0434598656176535,
        "color": 0.7991826705491535,
        "weight": 0.6229422169381654,
        "variations": {
          "polar": 0.6342798010506251,
          "sinusoidal": 0.7374573370694357,
          "heart": 0.006056775607064968
        }
      },
      {
        "a": 0.02642007539150204,
        "b": -0.17560765613917861,
        "c": -0.3810562757233682,
        "d": 0.3433927267653434,
        "e": 0.4044053798259102,
        "f": 1.1028870680742457,
        "color": 0.8157855753202005,
        "weight": 0.33019128576671714,
        "variations": {
          "sinusoidal": 0.3282950805742306,
          "spherical": 0.48399286597317936,
          "heart": 0.20713771264374992
        }
      }
    ],
    "num_points": 2843529,
    "gamma": 2.48700752107044,
    "brightness": 1.2,
    "hue_rotation": 304.3285637614269
  }
}