{
  "seed": "ebefe220-27d5-4410-b5a9-462feb822798",
  "params": {
    "transforms": [
      {
        "a": -0.9272093716587413,
        "b": -0.8459579081650486,
        "c": 0.9183213105943642,
        "d": -0.5344969666686892,
        "e": -0.7537645402438738,
        "f": 0.48436441743420033,
        "color": 0.6893722957257024,
        "weight": 0.545715076926898,
        "variations": {
          "spherical": 0.8297859642645787,
          "sinusoidal": 0.29260700007120444
        }
      },
      {
        "a": 0.37669221371824735,
        "b": -0.03260989750897636,
        "c": -0.8927626044991115,
        "d": -0.46672523839701086,
        "e": -0.18058576994990116,
        "f": -1.3369329947907014,
        "color": 0.9320995974902687,
        "weight": 0.2650093882622743,
        "variations": {
          "swirl": 0.20731228279257607
        }
      }
    ],
    "num_points": 1827310,
    "gamma": 2.0132530589273263,
    "brightness": 1.2,
    "hue_rotation": 261.41975962741077
  }
}