{
  "seed": "29ba4843-4935-4a65-9247-005fc1ec33f7",
  "params": {
    "transforms": [
      {
        "a": -0.9604292845909452,
        "b": 0.6642396872625504,
        "c": -0.8746691610112101,
        "d": 0.3288427054688494,
        "e": 0.9473557942576143,
        "f": -0.35662475912234703,
        "color": 0.4652407716209451,
        "weight": 0.48644223999750325,
        "variations": {
          "heart": 0.9254621738095994
        }
      },
      {
        "a": 0.16903930876555306,
        "b": -0.7792651842969083,
        "c": -0.10592138868566492,
        "d": 0.2654359186604691,
        "e": -1.1620842354722019,
        "f": 0.2278752383506304,
        "color": 0.8378896640796712,
        "weight": 0.27192098839104173,
        "variations": {
          "swirl": 0.8040235082385375
        }
      }
    ],
    "num_points": 2592650,
    "gamma": 2.4790420578324377,
    "brightness": 1.2,
    "hue_rotation": 242.18102787380934
  }
}