{
  "seed": "f00edf9f-0868-4c2d-8bf6-d5eb9af5d20a",
  "params": {
    "transforms": [
      {
        "a": 0.9724960233059388,
        "b": -0.031370439288867846,
        "c": 0.2778570619776697,
        "d": -0.6169846041402134,
        "e": 1.0512176507804738,
        "f": 0.41676123739292126,
        "color": 0.5911032938990581,
        "weight": 0.6699699030194866,
        "variations": {
          "linear": 0.6792726492689709,
          "sinusoidal": 0.47668275766931767,
          "heart": 0.6644461389742822
        }
      },
      {
        "a": 0.7796366104561623,
        "b": 0.510389126332548,
        "c": 0.1318900871217643,
        "d": 0.10418837713918161,
        "e": -0.6631127833077016,
        "f": 1.3150539695239054,
        "color": 0.18845579984323912,
        "weight": 0.9162227325633598,
        "variations": {
          "linear": 0.012673859593797077,
          "sinusoidal": 0.7902314294484003,
          "heart": 0.4003859325657373
        }
      },
      {
        "a": -0.33816198728087254,
        "b": -0.20288672317536327,
        "c": 0.716932825506944,
        "d": 0.7025823941049596,
        "e": 1.4263124074373739,
        "f": 0.5962501515555312,
        "color": 0.18478147624336194,
        "weight": 0.49152140140317724,
        "variations": {
          "polar": 0.2794007411078713,
          "swirl": 0.6308898724960579
        }
      }
    ],
    "num_points": 1689489,
    "gamma": 1.976393402110325,
    "brightness": 1.2,
    "hue_rotation": 232.8254795467621
  }
}