{
  "seed": "99ee8cfa-bf1e-4c2a-ae8b-1681e8031920",
  "params": {
    "transforms": [
      {
        "a": -0.04188237133495809,
        "b": -0.6231755530139911,
        "c": -0.1678448206462837,
        "d": -0.8120528468803794,
        "e": -1.074223967078592,
        "f": 0.8870739100082807,
        "color": 0.9048077226256832,
        "weight": 0.2729212352825645,
        "variations": {
          "sinusoidal": 0.35527228657865206,
          "swirl": 0.8594958284331246,
          "polar": 0.26435955614486406
        }
      },
      {
        "a": 0.9589882731611259,
        "b": -0.4746736742550586,
        "c": 0.9260896940676593,
        "d": 0.8533735171027215,
        "e": -0.795781505824011,
        "f": 0.007502426464425671,
        "color": 0.9586237222819387,
        "weight": 0.9609826148626064,
        "variations": {
          "spherical": 0.9080743765254784,
          "swirl": 0.5996846061367783
        }
      },
      {
        "a": 0.16311160709980022,
        "b": -0.7953244702280815,
        "c": 0.7135222951345945,
        "d": -0.08341053840436552,
        "e": -1.2810490224015574,
        "f": 0.3403448039924166,
        "color": 0.2526502256217752,
        "weight": 0.7906907008787581,
        "variations": {
          "heart": 0.5145563834239312,
          "sinusoidal": 0.14878430479617255,
          "spherical": 0.26932484582532523
        }
      },
      {
        "a": 0.6874874664621797,
        "b": -0.07366479437944395,
        "c": 0.3031796394977433,
        "d": 0.6568452555711941,
        "e": 0.02431605178066487,
        "f": 1.4848458546058283,
        "color": 0.7665107537836237,
        "weight": 0.10711437262366537,
        "variations": {
          "spherical": 0.7633356522843665
        }
      }
    ],
    "num_points": 1356794,
    "gamma": 2.4016635133143245,
    "brightness": 1.2,
    "hue_rotation": 275.17613314808847
  }
}