{
  "seed": "160421b1-ef4f-49e8-958f-af2ddecb380d",
  "params": {
    "transforms": [
      {
        "a": 0.8733758349614458,
        "b": -0.2671190249101709,
        "c": -0.498462979617764,
        "d": 0.06042607786634124,
        "e": 0.057315634859725684,
        "f": -0.03913960622097212,
        "color": 0.39341546456449783,
        "weight": 0.309485286681273,
        "variations": {
          "heart": 0.4171177110669355
        }
      },
      {
        "a": 0.0971841025926492,
        "b": -0.09223787783730542,
        "c": -0.94315772625711,
        "d": 0.07515118797306797,
        "e": 0.891495583940102,
        "f": 0.8104203010757649,
        "color": 0.4315700210825527,
        "weight": 0.24352736800558014,
        "variations": {
          "sinusoidal": 0.5184868160918384
        }
      },
      {
        "a": 0.09851049884821417,
        "b": -0.7183430666583117,
        "c": 0.007765308977064622,
        "d": 0.2166320457403612,
        "e": -0.07208397605150063,
        "f": 0.2985097244494348,
        "color": 0.11625304396478398,
        "weight": 0.40440181719198287,
        "variations": {
          "swirl": 0.2637455229663792
        }
      }
    ],
    "num_points": 1245693,
    "gamma": 2.3927027026597685,
    "brightness": 1.2,
    "hue_rotation": 282.9704911831197
  }
}