{
  "seed": "fcaa6167-e072-4c5f-b716-71e1741b665e",
  "params": {
    "transforms": [
      {
        "a": -0.3019677163239918,
        "b": 0.49455550145826654,
        "c": -0.7247108187462237,
        "d": 0.9969244194422151,
        "e": -0.43205634938184834,
        "f": 1.2308624568346374,
        "color": 0.2711213029824552,
        "weight": 0.16254545807631146,
        "variations": {
          "heart": 0.5476164683685552,
          "spherical": 0.7611314935487534,
          "linear": 0.5286179530399083
        }
      },
      {
        "a": -0.2592536651184869,
        "b": 0.13794070837169237,
        "c": 0.5439580799713819,
        "d": -0.17972248629697662,
        "e": -1.2363026571852673,
        "f": -0.7006786684410752,
        "color": 0.841878002604537,
        "weight": 0.8492639423930971,
        "variations": {
          "linear": 0.3113017790288709,
          "heart": 0.7149919474054082
        }
      },
      {
        "a": 0.01625898686342242,
        "b": -0.17176879491484387,
        "c": 0.9277947764672225,
        "d": 0.13374311943997985,
        "e": -0.005041084856185041,
        "f": -1.2576814176510245,
        "color": 0.2776876919871605,
        "weight": 0.6993648775995286,
        "variations": {
          "heart": 0.5154403164983261
        }
      },
      {
        "a": -0.30016256034824584,
        "b": 0.5776608882316254,
        "c": 0.7997536317217775,
        "d": 0.5710518785236478,
        "e": -1.1763849969553364,
        "f": 0.1910417225191523,
        "color": 0.5396373508068991,
        "weight": 0.9680270151108864,
        "variations": {
          "sinusoidal": 0.38225615774916266,
          "heart": 0.6736529783968002,
          "linear": 0.6250456154426124
        }
      }
    ],
    "num_points": 1418503,
    "gamma": 2.456245385460035,
    "brightness": 1.2,
    "hue_rotation": 165.66712823552973
  }
}