{
  "seed": "d6cfd1c3-4505-4158-9b75-c32bf8ef50a3",
  "params": {
    "transforms": [
      {
        "a": 0.32048252047229364,
        "b": 0.1975064824148074,
        "c": -0.34543176689192445,
        "d": -0.9678985244261438,
        "e": 0.18147297268975549,
        "f": -0.721924355932452,
        "color": 0.5594254710435763,
        "weight": 0.37931320228711407,
        "variations": {
          "linear": 0.828562418580995,
          "heart": 0.39028894837336514,
          "swirl": 0.16856254950073513
        }
      },
      {
        "a": -0.8943378867197322,
        "b": 0.6023681604398416,
        "c": 0.40466812153501763,
        "d": 0.7792897460104129,
        "e": -0.2774403553042619,
        "f": 1.1439461853931459,
        "color": 0.7061968380813716,
        "weight": 0.2487431794932645,
        "variations": {
          "polar": 0.7928915604705123,
          "swirl": 0.5848983514907677
        }
      },
      {
        "a": 0.6217021760689996,
        "b": 0.24277788641952935,
        "c": 0.943773260112474,
        "d": 0.44269089568692976,
        "e": 1.1027443685220741,
        "f": -1.4794734523293824,
        "color": 0.14550925578684681,
        "weight": 0.25167325580717836,
        "variations": {
          "swirl": 0.9145229630744246,
          "spherical": 0.6573045898546556
        }
      }
    ],
    "num_points": 2470669,
    "gamma": 1.8775689717491497,
    "brightness": 1.2,
    "hue_rotation": 166.91287841807465
  }
}