{
  "seed": "b0228772-5150-473c-b894-46e277beeaad",
  "params": {
    "transforms": [
      {
        "a": 0.607310557094562,
        "b": 0.5345706558577674,
        "c": -0.22526473557752547,
        "d": 0.4993959808988111,
        "e": 0.5563675881434316,
        "f": 0.22108048371576983,
        "color": 0.9352248576796129,
        "weight": 0.6929004165944749,
        "variations": {
          "sinusoidal": 0.022238259982450215,
          "linear": 0.36130088073928623
        }
      },
      {
        "a": -0.3054823546493115,
        "b": -0.16479319324824004,
        "c": 0.37310800472677563,
        "d": 0.31338753367106986,
        "e": 1.3130876592701801,
        "f": -0.39543791796542993,
        "color": 0.10150463438909074,
        "weight": 0.1470819363332724,
        "variations": {
          "linear": 0.1211062022912458,
          "swirl": 0.6613976865635304,
          "spherical": 0.08919724102171178
        }
      }
    ],
    "num_points": 1575698,
    "gamma": 1.8292958491782758,
    "brightness": 1.2,
    "hue_rotation": 258.43772315048693
  }
}