{
  "seed": "8f9e1bad-d85f-45ad-b2b9-49acd82fe18c",
  "params": {
    "transforms": [
      {
        "a": -0.6710750934471212,
        "b": 0.45612475646543804,
        "c": -0.36169462302980326,
        "d": -0.8923046699393127,
        "e": 1.0873302812810226,
        "f": 0.159548545504395,
        "color": 0.023963778935195745,
        "weight": 0.2866919154882146,
        "variations": {
          "swirl": 0.20700898064872908,
          "heart": 0.36198971999643714
        }
      },
      {
        "a": 0.6864413107678351,
        "b": -0.723562131495439,
        "c": -0.2797108280313487,
        "d": 0.7788379788270248,
        "e": -1.0463659835603285,
        "f": 0.13686541039568256,
        "color": 0.4498152332207056,
        "weight": 0.8933675126969414,
        "variations": {
          "heart": 0.7287247399077775,
          "spherical": 0.7416538549612482
        }
      }
    ],
    "num_points": 2236509,
    "gamma": 2.3590589804473465,
    "brightness": 1.2,
    "hue_rotation": 113.22672667442635
  }
}