{
  "seed": "6ec13b50-88f1-4f30-ac18-81de218b78e8",
  "params": {
    "transforms": [
      {
        "a": 0.44515097788274693,
        "b": -0.2797409963155917,
        "c": 0.19049566300062115,
        "d": -0.5726039251709791,
        "e": -0.4345747381353853,
        "f": 0.4933789724471276,
        "color": 0.5073592165121427,
        "weight": 0.6504642124497295,
        "variations": {
          "linear": 0.9523956005592186,
          "swirl": 0.5986029159028038,
          "spherical": 0.28251309611565156
        }
      },
      {
        "a": -0.6804553995399771,
        "b": 0.94387017341155,
        "c": -0.8867416817761018,
        "d": -0.20521826039133084,
        "e": 0.3221017112337141,
        "f": -0.7004177387463186,
        "color": 0.002426537369002557,
        "weight": 0.9067305558170149,
        "variations": {
          "heart": 0.5325345185431174
        }
      },
      {
        "a": -0.5624347896135335,
        "b": 0.059547421030609504,
        "c": -0.14694791629218784,
        "d": 0.45016784908550944,
        "e": -0.2875640282493068,
        "f": -1.1024641466024063,
        "color": 0.45545415273520595,
        "weight": 0.8401986181067479,
        "variations": {
          "sinusoidal": 0.7017324466079382
        }
      },
      {
        "a": -0.9476609254382025,
        "b": -0.5915746283204795,
        "c": -0.09284896448747038,
        "d": -0.42868995094400386,
        "e": 1.3427173256232923,
        "f": -0.8875542090565834,
        "color": 0.09050296051253581,
        "weight": 0.762944721351449,
        "variations": {
          "linear": 0.3270891363249855,
          "sinusoidal": 0.8781202144260379
        }
      }
    ],
    "num_points": 2368070,
    "gamma": 1.8701927245105776,
    "brightness": 1.2,
    "hue_rotation": 78.98462297189565
  }
}