{
  "seed": "802c12cf-6d0c-4d06-a5d9-bbfb02f237b0",
  "params": {
    "transforms": [
      {
        "a": 0.05500631679101953,
        "b": -0.3451289036804701,
        "c": -0.3923157293761017,
        "d": -0.9674075902811692,
        "e": -0.24575226847779885,
        "f": -1.108666010505011,
        "color": 0.9961714839829554,
        "weight": 0.155884562036691,
        "variations": {
          "heart": 0.5548682421917622,
          "polar": 0.4805477862403228,
          "sinusoidal": 0.7841099653279674
        }
      },
      {
        "a": -0.2626342546045872,
        "b": -0.28627903584722425,
        "c": 0.6393273523048091,
        "d": -0.03778607249290755,
        "e": 0.8724566440254011,
        "f": -0.713808437449608,
        "color": 0.6280590740062479,
        "weight": 0.5955715809674422,
        "variations": {
          "swirl": 0.02546455526646285
        }
      }
    ],
    "num_points": 2474686,
    "gamma": 2.0193810689586797,
    "brightness": 1.2,
    "hue_rotation": 299.18374066162494
  }
}