{
  "seed": "939336c6-5203-4239-b5f4-6b2e72d46c3c",
  "params": {
    "transforms": [
      {
        "a": 0.8069682519554495,
        "b": -0.25281905219303025,
        "c": 0.063995559522952,
        "d": 0.9175036091135533,
        "e": -0.9404477867341491,
        "f": -1.3338860217374868,
        "color": 0.7439802992863547,
        "weight": 0.1619526930284684,
        "variations": {
          "linear": 0.03173316247502678,
          "heart": 0.4725557135143752,
          "polar": 0.9647763789723823
        }
      },
      {
        "a": 0.0780611101726314,
        "b": 0.3536594266878621,
        "c": 0.024278135616748298,
        "d": -0.6087783480590823,
        "e": 0.8285332703774948,
        "f": -0.0844669986608797,
        "color": 0.9370816396586159,
        "weight": 0.5510067148461993,
        "variations": {
          "sinusoidal": 0.8411186862422444
        }
      },
      {
        "a": -0.12076128104928507,
        "b": 0.08093926052517242,
        "c": -0.4041823036810621,
        "d": -0.4306765427770787,
        "e": 0.7944283480126852,
        "f": 1.470055093164233,
        "color": 0.4623744782501127,
        "weight": 0.7757114305491786,
        "variations": {
          "heart": 0.524604526910536,
          "linear": 0.9973483781465249,
          "swirl": 0.2884551476581243
        }
      },
      {
        "a": 0.26762664156186466,
        "b": 0.5391262603449494,
        "c": -0.6700088820863848,
        "d": 0.07308390928954345,
        "e": 0.16189150664337593,
        "f": 0.9388677414444069,
        "color": 0.619267798376382,
        "weight": 0.9335058307689611,
        "variations": {
          "polar": 0.5259266072333835,
          "spherical": 0.1733679894924206,
          "linear": 0.8036645999553427
        }
      }
    ],
    "num_points": 2488942,
    "gamma": 1.8639149352178344,
    "brightness": 1.2,
    "hue_rotation": 310.28189176600625
  }
}