{
  "seed": "2982df06-d3fa-4a75-8420-664dd4a8bda8",
  "params": {
    "transforms": [
      {
        "a": 0.9081898117196516,
        "b": -0.6275006016629503,
        "c": 0.22130226200179703,
        "d": 0.7425501117785305,
        "e": 0.2530115388022558,
        "f": 0.7584499850616409,
        "color": 0.20001066218521668,
        "weight": 0.4151249979674061,
        "variations": {
          "sinusoidal": 0.4644436967909624,
          "spherical": 0.7488287539403832
        }
      },
      {
        "a": 0.13739621015050374,
        "b": -0.854683176325244,
        "c": -0.5461667118641351,
        "d": -0.5750915275766013,
        "e": -0.46723042373049983,
        "f": 1.3005857660388545,
        "color": 0.891526401232072,
        "weight": 0.5501241045933049,
        "variations": {
          "heart": 0.6308571780735323
        }
      },
      {
        "a": 0.1836200792175735,
        "b": -0.5663843426609974,
        "c": -0.5954084528466674,
        "d": -0.7422805005462045,
        "e": 1.4176651765229655,
        "f": 0.805088219811692,
        "color": 0.8137043664447978,
        "weight": 0.1677302442029907,
        "variations": {
          "polar": 0.049442860162208
        }
      }
    ],
    "num_points": 2337536,
    "gamma": 2.4420025728047716,
    "brightness": 1.2,
    "hue_rotation": 314.8905949860372
  }
}