{
  "seed": "f2c88303-3219-4645-b11c-20fb02da165a-21",
  "parameters": {
    "num_transforms": 2,
    "transforms": [
      {
        "a": 0.20224560566127914,
        "b": -1.2623828118231986,
        "c": 1.375010764118628,
        "d": -1.032389059040358,
        "e": 0.3590745301687899,
        "f": -1.2789329247232613,
        "color": 0.25493703592789096,
        "variations": {
          "heart": 0.0,
          "disc": 0.07300481543635917,
          "linear": 0.0,
          "horseshoe": 0.0
        },
        "weight": 1.3090044436395267
      },
      {
        "a": 0.845443221233916,
        "b": 0.003894596284845564,
        "c": -0.7143606765567783,
        "d": -0.17559110425123836,
        "e": 0.6527195030535116,
        "f": -1.1496411455616702,
        "color": 0.6655555246179147,
        "variations": {
          "spiral": 0.0,
          "heart": 0.26898100423467697,
          "hyperbolic": 0.0753490996397177,
          "spherical": 0.581215226340249
        },
        "weight": 1.9339647446931514
      }
    ],
    "num_points": 2609026,
    "gamma": 1.9979378981698535,
    "brightness": 0.7730848186558874,
    "contrast": 1.0615852736034463,
    "hue_rotation": 55.6388054766829
  }
}