{
  "seed": "65e876af-4f8e-4a4e-a2d4-0aa1089f7a8c-600",
  "parameters": {
    "num_transforms": 4,
    "transforms": [
      {
        "a": -1.4238196948972954,
        "b": -1.4483392766651475,
        "c": 0.41765542968549885,
        "d": 0.47472661166007857,
        "e": 0.07691759916394769,
        "f": -0.5588574458949257,
        "color": 0.2030469889749279,
        "variations": {
          "handkerchief": 0.20527082413183362,
          "linear": 0.7419521060910047,
          "disc": 0.41283503277635125
        },
        "weight": 1.5494165760271337
      },
      {
        "a": -0.4527179560812984,
        "b": 0.01909067229348671,
        "c": 0.8925259427272145,
        "d": -1.2435147825843624,
        "e": 0.6535659853671265,
        "f": -1.2954086881436078,
        "color": 0.6073769057036783,
        "variations": {
          "handkerchief": 0.0,
          "disc": 0.9529325991411524
        },
        "weight": 1.0432841982916616
      },
      {
        "a": 1.110279070759388,
        "b": 0.13196786502621616,
        "c": 0.8400175313663056,
        "d": 1.0493497501192728,
        "e": 1.2038336608983782,
        "f": -0.946793996602325,
        "color": 0.8405164285596111,
        "variations": {
          "swirl": 0.0,
          "sinusoidal": 0.6071247701994642,
          "hyperbolic": 0.05061123358435238
        },
        "weight": 1.0087121581967986
      },
      {
        "a": 0.8111638285121172,
        "b": -1.1491695424810788,
        "c": 0.9020009675970879,
        "d": 0.03730944307624817,
        "e": -0.9112684511186778,
        "f": 0.8882088573534728,
        "color": 0.00971196610557834,
        "variations": {
          "horseshoe": 0.029209040494420857,
          "handkerchief": 0.15556177308594854,
          "swirl": 0.4367491997078934,
          "spiral": 0.0
        },
        "weight": 0.827502805055899
      }
    ],
    "num_points": 1649161,
    "gamma": 2.985992395040963,
    "brightness": 1.3665308972349333,
    "contrast": 0.944994168983472,
    "hue_rotation": 191.91086922397585
  }
}