{
  "seed": "52936785-2eba-49c5-b1aa-098d7c460c9a",
  "params": {
    "transforms": [
      {
        "a": -0.3062866776648068,
        "b": -0.35251538660971304,
        "c": -0.17098456797792516,
        "d": 0.9716301209075684,
        "e": -0.16535817556778287,
        "f": 1.413257022614217,
        "color": 0.7591501099267123,
        "weight": 0.6055921620138219,
        "variations": {
          "swirl": 0.8348590420462291,
          "linear": 0.4726097811630283,
          "spherical": 0.16142276674686062
        }
      },
      {
        "a": -0.23545270527713802,
        "b": -0.6447032767620045,
        "c": 0.5655058102063377,
        "d": 0.03617452441474667,
        "e": -0.5514553818192605,
        "f": -0.4422789617660543,
        "color": 0.0012896682953990046,
        "weight": 0.6377643412147131,
        "variations": {
          "swirl": 0.5302296419567213,
          "sinusoidal": 0.7021328588429492
        }
      },
      {
        "a": -0.4917353514528715,
        "b": -0.3756276283789419,
        "c": 0.3776669920775362,
        "d": 0.8972150922338475,
        "e": 0.7615694894828753,
        "f": -0.07479354529553683,
        "color": 0.0884007413948934,
        "weight": 0.3016453813757018,
        "variations": {
          "polar": 0.3811628483942121,
          "linear": 0.44623267779210696,
          "heart": 0.17412600104686837
        }
      },
      {
        "a": -0.3525587571062352,
        "b": -0.6263745269125494,
        "c": -0.6490312579996305,
        "d": 0.18146417471104148,
        "e": 0.06535153734032018,
        "f": -0.6962862834555996,
        "color": 0.8199301394140155,
        "weight": 0.7254088811954502,
        "variations": {
          "linear": 0.7410794027722919,
          "spherical": 0.7829020131985264,
          "swirl": 0.026522890457469916
        }
      }
    ],
    "num_points": 2095697,
    "gamma": 1.8445504684230605,
    "brightness": 1.2,
    "hue_rotation": 33.579615609611764
  }
}