{
  "seed": "319f0837-28d2-4403-900f-f213e1f14fbc",
  "params": {
    "transforms": [
      {
        "a": -0.6344051859118858,
        "b": -0.45352360136665504,
        "c": 0.514761734009223,
        "d": 0.7918775445043262,
        "e": -1.0578365950636304,
        "f": 0.2915704494614151,
        "color": 0.8193828646542257,
        "weight": 0.23276288899854244,
        "variations": {
          "linear": 0.9345519117945101,
          "heart": 0.01981983753694483,
          "polar": 0.27524830423376534
        }
      },
      {
        "a": 0.7816320256782527,
        "b": -0.5218634239097026,
        "c": -0.4504898814504721,
        "d": -0.5033012753842052,
        "e": -0.09573611378922298,
        "f": -0.644666013859144,
        "color": 0.48560994191614126,
        "weight": 0.11243489082222281,
        "variations": {
          "linear": 0.5820680516102935,
          "swirl": 0.07259069440726673
        }
      },
      {
        "a": 0.5716494701220876,
        "b": -0.938322458144131,
        "c": -0.030200131703332467,
        "d": -0.23479379916660892,
        "e": -0.6427313171907109,
        "f": 1.2805717906999528,
        "color": 0.6083765375336923,
        "weight": 0.146080026678682,
        "variations": {
          "spherical": 0.3468967613027727,
          "linear": 0.752787573258883,
          "heart": 0.5072654337692233
        }
      },
      {
        "a": 0.9261346306965834,
        "b": -0.35419527383452465,
        "c": -0.5869316062904806,
        "d": 0.6690687355593283,
        "e": -0.47362725982297027,
        "f": 1.4411600213519886,
        "color": 0.9705244485528508,
        "weight": 0.7225427841016824,
        "variations": {
          "swirl": 0.8169996907850542,
          "polar": 0.41647985518003183,
          "spherical": 0.8502031381178596
        }
      }
    ],
    "num_points": 1359661,
    "gamma": 1.8999564376344764,
    "brightness": 1.2,
    "hue_rotation": 126.66236031360496
  }
}