{
  "seed": "1c5dccfd-ded8-47ed-95b3-c3d3863ab732",
  "params": {
    "transforms": [
      {
        "a": -0.9190849997021127,
        "b": -0.0327212968488817,
        "c": 0.4658986092054658,
        "d": -0.23934597762896836,
        "e": -0.7598934748627117,
        "f": -0.49124387294943617,
        "color": 0.5066818787604845,
        "weight": 0.21169229386810168,
        "variations": {
          "polar": 0.8703289293185298,
          "spherical": 0.6718037496608463
        }
      },
      {
        "a": -0.7463561092152369,
        "b": -0.9863369326215055,
        "c": 0.8743798001037828,
        "d": -0.820478318399616,
        "e": -0.7010821123668224,
        "f": -0.13689727468068158,
        "color": 0.22520254765927716,
        "weight": 0.9109743656160196,
        "variations": {
          "spherical": 0.1878641626837022,
          "heart": 0.25504896973470814
        }
      },
      {
        "a": 0.6153488554609357,
        "b": 0.4633172424863954,
        "c": 0.8708948166195147,
        "d": 0.02575418607753366,
        "e": -1.3598475367962881,
        "f": -0.023002906627639153,
        "color": 0.755688767966639,
        "weight": 0.8797265830124753,
        "variations": {
          "linear": 0.7327377016851836,
          "spherical": 0.21356381858177031
        }
      }
    ],
    "num_points": 2487321,
    "gamma": 1.8169076205092836,
    "brightness": 1.2,
    "hue_rotation": 4.328459053422291
  }
}