{
  "seed": "5cb76199-e877-4421-8a7c-144119444b0b",
  "params": {
    "transforms": [
      {
        "a": 0.9069574443321047,
        "b": -0.9098789020627065,
        "c": -0.020125208417260287,
        "d": -0.8514988421678076,
        "e": 0.2463831980900406,
        "f": -0.2875503588592534,
        "color": 0.8803252526751173,
        "weight": 0.3499504357633094,
        "variations": {
          "swirl": 0.7620766653177324,
          "polar": 0.967240135645873,
          "sinusoidal": 0.40223095373638307
        }
      },
      {
        "a": -0.4559924169451792,
        "b": 0.22819572961270151,
        "c": -0.5360367529586996,
        "d": -0.18897771229362048,
        "e": 0.2024070376097613,
        "f": -0.3673210135379046,
        "color": 0.7789713295189057,
        "weight": 0.1778258831682215,
        "variations": {
          "polar": 0.5888564838286459,
          "spherical": 0.6236571229610451
        }
      },
      {
        "a": 0.4578926150282705,
        "b": 0.9542298685101311,
        "c": -0.050902665575063066,
        "d": -0.49946233745325563,
        "e": -0.408883100666944,
        "f": -0.0026541867515614825,
        "color": 0.867360693840312,
        "weight": 0.4480980586072911,
        "variations": {
          "polar": 0.5543021632291094,
          "spherical": 0.44177051097985365
        }
      },
      {
        "a": -0.6699040432939731,
        "b": -0.45729948832911194,
        "c": -0.270813898249016,
        "d": -0.6387458038500495,
        "e": -0.4423439486274967,
        "f": 0.22959354674059185,
        "color": 0.873913780572063,
        "weight": 0.3353040895514118,
        "variations": {
          "linear": 0.9831071209304637
        }
      }
    ],
    "num_points": 1859256,
    "gamma": 1.903990840628297,
    "brightness": 1.2,
    "hue_rotation": 208.03556970694686
  }
}