{
  "seed": "35dfce90-c3a5-4d57-af9f-43e1deb87da2",
  "params": {
    "transforms": [
      {
        "a": -0.6647547046585469,
        "b": -0.19603737659115872,
        "c": -0.7719174991640438,
        "d": -0.610845495733114,
        "e": 1.101825460253485,
        "f": -0.7161549045436919,
        "color": 0.2019769205358053,
        "weight": 0.4588950344986613,
        "variations": {
          "linear": 0.9523635974005298,
          "spherical": 0.8334144006522819,
          "sinusoidal": 0.15247457683270615
        }
      },
      {
        "a": 0.43472088826414135,
        "b": -0.3873315626163676,
        "c": 0.10447636326188015,
        "d": 0.8646825957177415,
        "e": -1.3104413777854327,
        "f": -0.32587901679479536,
        "color": 0.8466530466700336,
        "weight": 0.32286514589972815,
        "variations": {
          "sinusoidal": 0.09927488902412118,
          "spherical": 0.4947920949706698
        }
      },
      {
        "a": -0.5289797915888972,
        "b": -0.39147822035885316,
        "c": -0.09784639275726903,
        "d": 0.6597065985437716,
        "e": 0.729936869130539,
        "f": 0.33996170291629735,
        "color": 0.4911636605265741,
        "weight": 0.31517940381116094,
        "variations": {
          "swirl": 0.8540228260671789
        }
      }
    ],
    "num_points": 2254801,
    "gamma": 2.4678373492645056,
    "brightness": 1.2,
    "hue_rotation": 106.26501935045984
  }
}