{
  "seed": "510ea7eb-5ca1-48b8-a2e3-685d280a10cb",
  "params": {
    "transforms": [
      {
        "a": 0.44362232233121257,
        "b": 0.504262014790106,
        "c": 0.10736149693661945,
        "d": 0.07680444188997759,
        "e": 1.2259260750093999,
        "f": 0.39095864511582556,
        "color": 0.6533454387273324,
        "weight": 0.9826876240613142,
        "variations": {
          "linear": 0.5052156531074193,
          "sinusoidal": 0.7434128305075978
        }
      },
      {
        "a": 0.8312793767221336,
        "b": -0.44448423232288414,
        "c": -0.12323956149342119,
        "d": 0.5872017026163858,
        "e": -0.9272964819908082,
        "f": 0.2239233530823097,
        "color": 0.2726611604676429,
        "weight": 0.1161978093947722,
        "variations": {
          "linear": 0.9303847706192083,
          "sinusoidal": 0.29826043089879417
        }
      },
      {
        "a": -0.20004990272501866,
        "b": 0.2587788688426469,
        "c": 0.9077859630060208,
        "d": 0.9752953148698571,
        "e": -0.6120667708932057,
        "f": 0.867667691990734,
        "color": 0.7223453116215107,
        "weight": 0.3009178671152928,
        "variations": {
          "polar": 0.0938978981595604
        }
      }
    ],
    "num_points": 1622084,
    "gamma": 2.337627204614242,
    "brightness": 1.2,
    "hue_rotation": 211.28950088883727
  }
}