{
  "seed": "b2390c4f-efa6-4b9a-be5a-db2494a2c6b4",
  "params": {
    "transforms": [
      {
        "a": -0.8475943411112528,
        "b": -0.9577458389886662,
        "c": 0.3564125267661904,
        "d": -0.2765199107686007,
        "e": 0.35355092030797386,
        "f": -1.1148963422904232,
        "color": 0.03167026613945079,
        "weight": 0.9683887038744343,
        "variations": {
          "swirl": 0.08405519935530659,
          "heart": 0.14221605026598416
        }
      },
      {
        "a": 0.14877864208972746,
        "b": -0.2898961185205444,
        "c": 0.323070194259248,
        "d": -0.6361636117584462,
        "e": -1.308953172832033,
        "f": -0.5159408362753594,
        "color": 0.5627369671196587,
        "weight": 0.8345588186983922,
        "variations": {
          "linear": 0.8959774863374552,
          "swirl": 0.6428347573915671,
          "heart": 0.23393248576803571
        }
      },
      {
        "a": 0.39307042507618384,
        "b": -0.03766547846752211,
        "c": 0.623859416054207,
        "d": 0.16381635096415903,
        "e": -1.1060160391568918,
        "f": -0.7140382104770288,
        "color": 0.9581104667828279,
        "weight": 0.149739618506303,
        "variations": {
          "swirl": 0.13934111872860044,
          "polar": 0.4081654657309074
        }
      }
    ],
    "num_points": 2858164,
    "gamma": 1.865873825042518,
    "brightness": 1.2,
    "hue_rotation": 329.46274052602666
  }
}