{
  "seed": "a694d241-21a9-4fc5-98d4-0ef4c1e7529c",
  "params": {
    "transforms": [
      {
        "a": 0.9781328932313549,
        "b": -0.190990606959766,
        "c": -0.17623981592322502,
        "d": -0.7349635342039698,
        "e": 1.1312667822687037,
        "f": 0.28249255248626115,
        "color": 0.8038403386500489,
        "weight": 0.7158126445690383,
        "variations": {
          "linear": 0.8547126250009477,
          "spherical": 0.3748868474374525
        }
      },
      {
        "a": 0.8427322258335594,
        "b": 0.493770230220022,
        "c": 0.9163263498475838,
        "d": -0.37731377645253406,
        "e": 1.4727227718225508,
        "f": 1.227953104232216,
        "color": 0.17275015563949314,
        "weight": 0.16731445793488336,
        "variations": {
          "heart": 0.6192134162194562
        }
      }
    ],
    "num_points": 2436631,
    "gamma": 1.9562156998996705,
    "brightness": 1.2,
    "hue_rotation": 72.07150668710449
  }
}