{
  "seed": "72b2d9de-01e7-47dc-9c99-b97352f17c04-101",
  "parameters": {
    "num_transforms": 4,
    "transforms": [
      {
        "a": 0.6678143715213922,
        "b": 0.976687729139976,
        "c": -0.10755772459206647,
        "d": 1.2969996524157272,
        "e": -1.1991693014566092,
        "f": -0.9203960309880884,
        "color": 0.17280502802197462,
        "variations": {
          "linear": 0.32653307209410465,
          "disc": 0.0,
          "spherical": 0.5853619013546809,
          "swirl": 0.9913583753879911
        },
        "weight": 1.1328624889531347
      },
      {
        "a": -0.07168796826208346,
        "b": -0.14914025710499423,
        "c": 1.3036644252386766,
        "d": 0.4606821856014043,
        "e": -0.6558792328738057,
        "f": -1.0152572180488075,
        "color": 0.7251400553511004,
        "variations": {
          "handkerchief": 0.011993959412561539,
          "heart": 0.264711704388488,
          "linear": 0.06935251737144477
        },
        "weight": 1.8185634894976865
      },
      {
        "a": -0.9988842486221385,
        "b": -0.32894187711902045,
        "c": -0.06428527266044215,
        "d": 0.2411420190785487,
        "e": 1.309715701927555,
        "f": -0.5132145640584413,
        "color": 0.549346106496014,
        "variations": {
          "spiral": 0.6310885424812684,
          "spherical": 0.0,
          "hyperbolic": 0.3356051293527643
        },
        "weight": 1.3960153154451977
      },
      {
        "a": -0.6788139747223189,
        "b": -1.3286650636313655,
        "c": -1.1669917362935196,
        "d": 0.2828213861842117,
        "e": 1.419295953345788,
        "f": 1.1716711534314395,
        "color": 0.680631666005084,
        "variations": {
          "sinusoidal": 0.17638583083465742,
          "handkerchief": 0.40451666395198527,
          "disc": 0.0
        },
        "weight": 0.5037310212441973
      }
    ],
    "num_points": 1003624,
    "gamma": 1.3747059554174366,
    "brightness": 1.4742217131072075,
    "contrast": 1.169806767523122,
    "hue_rotation": 253.91369557469622
  }
}