{
  "seed": "0c47ae25-761b-450d-abce-0a588fb953d4",
  "params": {
    "transforms": [
      {
        "a": -0.324993636496798,
        "b": 0.6497471749554533,
        "c": -0.26099256056341824,
        "d": 0.39123588044365887,
        "e": 1.0593797180073175,
        "f": -1.1858073279757282,
        "color": 0.558146173933923,
        "weight": 0.13086052346603436,
        "variations": {
          "sinusoidal": 0.21267751924889655
        }
      },
      {
        "a": -0.10036193080690481,
        "b": 0.807080161585864,
        "c": -0.5496606651010247,
        "d": -0.7823070500385731,
        "e": -0.4676635643262581,
        "f": -1.4056637639774918,
        "color": 0.009188596511637503,
        "weight": 0.4636937891716112,
        "variations": {
          "heart": 0.04219823770619624
        }
      },
      {
        "a": -0.21080817793395235,
        "b": 0.068665876420265,
        "c": -0.04416170554021148,
        "d": 0.03608454608072442,
        "e": 0.10480086082183226,
        "f": -1.0285439059345403,
        "color": 0.7221691550714948,
        "weight": 0.4478557155081463,
        "variations": {
          "linear": 0.9488408819019373
        }
      }
    ],
    "num_points": 1362061,
    "gamma": 2.475084362091974,
    "brightness": 1.2,
    "hue_rotation": 352.14860516050373
  }
}