{
  "seed": "3ccde6ab-0245-402e-9d2a-73c8dcbe7aa9",
  "params": {
    "transforms": [
      {
        "a": -0.7570838811126446,
        "b": -0.06505648831364996,
        "c": -0.8845025704179115,
        "d": -0.2815111467918836,
        "e": 0.44950718416383184,
        "f": -1.3484813845932497,
        "color": 0.6634226505276324,
        "weight": 0.7919531379424817,
        "variations": {
          "swirl": 0.7532907324727263
        }
      },
      {
        "a": -0.931733761968252,
        "b": -0.5192535826831077,
        "c": 0.04683942523301354,
        "d": -0.9999693052371208,
        "e": 0.18719130555215813,
        "f": -0.3093782753215657,
        "color": 0.36510575237626497,
        "weight": 0.10241115649123778,
        "variations": {
          "spherical": 0.5802468388856077,
          "heart": 0.3248415229330305,
          "sinusoidal": 0.8716531764028447
        }
      },
      {
        "a": 0.7322958891853129,
        "b": 0.5437898194705488,
        "c": -0.16319091360752624,
        "d": 0.12455406499980737,
        "e": 1.3636352790242365,
        "f": 0.9158881562315857,
        "color": 0.5996589812833599,
        "weight": 0.14372044564180503,
        "variations": {
          "spherical": 0.14054082764385578
        }
      },
      {
        "a": 0.4377506361174557,
        "b": -0.52884954631955,
        "c": 0.33387898643040836,
        "d": -0.5226721444017015,
        "e": 0.710008329019133,
        "f": -1.3804969887988991,
        "color": 0.03411788125149018,
        "weight": 0.10310395467801899,
        "variations": {
          "sinusoidal": 0.2761656281116279,
          "spherical": 0.06909824659001396,
          "polar": 0.8133945434185749
        }
      }
    ],
    "num_points": 2299303,
    "gamma": 2.409964957656764,
    "brightness": 1.2,
    "hue_rotation": 15.523924451525705
  }
}