{
  "seed": "2c684e69-9609-4968-b4de-f201d144a751",
  "params": {
    "transforms": [
      {
        "a": 0.8588204452994359,
        "b": 0.9572092502252307,
        "c": 0.6181815627256704,
        "d": 0.5683994044226035,
        "e": -0.4665000580989056,
        "f": -0.0021182790570037913,
        "color": 0.21401291676864354,
        "weight": 0.37173940811982953,
        "variations": {
          "sinusoidal": 0.9745576812232203,
          "linear": 0.4888035698909172
        }
      },
      {
        "a": 0.236251871840091,
        "b": -0.9866524535937342,
        "c": -0.7729888235279485,
        "d": -0.48553428275611,
        "e": 0.8730029800596153,
        "f": 1.328748828076661,
        "color": 0.5192885513099643,
        "weight": 0.8222541722643746,
        "variations": {
          "polar": 0.6075445911020183,
          "swirl": 0.7384784348435214
        }
      },
      {
        "a": 0.7636246408127554,
        "b": -0.7095011409311114,
        "c": -0.20583573628599483,
        "d": 0.2513401268125923,
        "e": 0.405935126730421,
        "f": -0.9153058710952737,
        "color": 0.8820234647996669,
        "weight": 0.9619262266994076,
        "variations": {
          "sinusoidal": 0.46351420895106754
        }
      },
      {
        "a": -0.5565528415024705,
        "b": 0.0698845242727375,
        "c": 0.23427133603542538,
        "d": 0.2866085416090154,
        "e": 1.3135729976073245,
        "f": 0.15621408327592023,
        "color": 0.5251143860561048,
        "weight": 0.4070468406843646,
        "variations": {
          "linear": 0.8044112430982134
        }
      }
    ],
    "num_points": 2653936,
    "gamma": 2.2732751558188147,
    "brightness": 1.2,
    "hue_rotation": 26.171790875276457
  }
}