{
  "seed": "78b0b20a-4341-45d0-b79e-692439dce60f",
  "params": {
    "transforms": [
      {
        "a": 0.8224286616786345,
        "b": 0.43135864768955434,
        "c": 0.6943734782133322,
        "d": 0.2984015239045834,
        "e": -0.4801734430983513,
        "f": 0.6395235669231987,
        "color": 0.10804984127943595,
        "weight": 0.5936335307252515,
        "variations": {
          "sinusoidal": 0.16066335779455188
        }
      },
      {
        "a": 0.5039526412363855,
        "b": -0.6722389971540705,
        "c": 0.17137945933604515,
        "d": -0.910159314433693,
        "e": -1.0531229730967278,
        "f": 0.06358378285594135,
        "color": 0.5899504841668495,
        "weight": 0.9354593195088662,
        "variations": {
          "sinusoidal": 0.40842563532308196,
          "swirl": 0.48484070510833654,
          "polar": 0.8067508773650844
        }
      },
      {
        "a": 0.07582165403023144,
        "b": -0.30072116368054314,
        "c": -0.28320315343697544,
        "d": 0.5594833124408649,
        "e": -0.0589472040494865,
        "f": -1.4387830498654308,
        "color": 0.14842173184962004,
        "weight": 0.6454139957752653,
        "variations": {
          "polar": 0.7776247695018081,
          "linear": 0.8620338648730879,
          "sinusoidal": 0.8315663203185036
        }
      },
      {
        "a": -0.25479763353671414,
        "b": 0.7152657004001304,
        "c": 0.22363123896602466,
        "d": 0.8381846080146154,
        "e": -1.1541736484509597,
        "f": 0.3067869223153017,
        "color": 0.255407243505235,
        "weight": 0.4980714180922017,
        "variations": {
          "spherical": 0.14536685921250914,
          "swirl": 0.08410499653677839,
          "sinusoidal": 0.6666212639924859
        }
      }
    ],
    "num_points": 1420955,
    "gamma": 2.343241633285406,
    "brightness": 1.2,
    "hue_rotation": 81.96317866038875
  }
}