{
  "seed": "a81384b5-270a-483a-9742-be9fca53c33a",
  "params": {
    "transforms": [
      {
        "a": -0.46190992443662093,
        "b": -0.3753853382225807,
        "c": -0.14485525049237946,
        "d": -0.6226712026869479,
        "e": 0.0643285800945872,
        "f": 0.05321353603107504,
        "color": 0.40259558859782274,
        "weight": 0.7461396473156404,
        "variations": {
          "heart": 0.3737839030662119,
          "spherical": 0.3489819809860647
        }
      },
      {
        "a": -0.9756916384769927,
        "b": 0.3371681996507707,
        "c": 0.7320514989458069,
        "d": -0.04500450755308205,
        "e": 0.1985952067293688,
        "f": -1.0999200989146378,
        "color": 0.20185520019418324,
        "weight": 0.6994882531457276,
        "variations": {
          "swirl": 0.18152962022370922,
          "heart": 0.9682922786418027
        }
      },
      {
        "a": 0.9898177416884106,
        "b": -0.648292635600761,
        "c": 0.4938695975176801,
        "d": 0.08874908165479156,
        "e": -0.6207297729024447,
        "f": 1.0035328794138954,
        "color": 0.7769329437104825,
        "weight": 0.28031191064735234,
        "variations": {
          "sinusoidal": 0.6115357839302182,
          "linear": 0.24000431890842278
        }
      },
      {
        "a": -0.13996367969049617,
        "b": 0.37550143982191053,
        "c": -0.7661047805647161,
        "d": 0.589422731375622,
        "e": -0.7992937071821871,
        "f": 0.3983711939034167,
        "color": 0.7396155921315514,
        "weight": 0.13341358754697466,
        "variations": {
          "sinusoidal": 0.8716004737900221
        }
      }
    ],
    "num_points": 1488805,
    "gamma": 2.3540899589609,
    "brightness": 1.2,
    "hue_rotation": 109.91005951245806
  }
}