{
  "seed": "8f4ee7f9-3d8e-45c2-9cb5-01a1052df342",
  "params": {
    "transforms": [
      {
        "a": 0.28043074415323876,
        "b": 0.9214320317079068,
        "c": 0.963349555859274,
        "d": 0.13675629531982314,
        "e": 0.8462827307090373,
        "f": 0.836250022957985,
        "color": 0.819920247343826,
        "weight": 0.5318174542781854,
        "variations": {
          "polar": 0.5925089734511664,
          "heart": 0.7117730551702354,
          "spherical": 0.5794560143921518
        }
      },
      {
        "a": 0.3132160094161778,
        "b": 0.4726719007983604,
        "c": -0.582796280584227,
        "d": 0.3779898062006397,
        "e": -1.4011841941661567,
        "f": -0.48185429599351925,
        "color": 0.5295615202425383,
        "weight": 0.2366324281028394,
        "variations": {
          "swirl": 0.704051371036501,
          "polar": 0.012191114555174076,
          "heart": 0.9082892385135052
        }
      }
    ],
    "num_points": 2656275,
    "gamma": 2.4145139019014445,
    "brightness": 1.2,
    "hue_rotation": 255.77349043358143
  }
}