{
  "seed": "605aab62-585a-4057-8fe5-cb4b7f8dced8",
  "params": {
    "transforms": [
      {
        "a": -0.5235876541657805,
        "b": 0.9572812922515002,
        "c": 0.30353161655635974,
        "d": -0.859644653356368,
        "e": 0.40813455600027226,
        "f": -0.959272202924346,
        "color": 0.1632595977589859,
        "weight": 0.624395754500357,
        "variations": {
          "swirl": 0.9904604245321608,
          "sinusoidal": 0.11728660820993764
        }
      },
      {
        "a": 0.5674950085286032,
        "b": -0.37272411459136534,
        "c": -0.2219808538408039,
        "d": 0.31252915963883554,
        "e": -0.7984786392326957,
        "f": 1.1856242978686766,
        "color": 0.12096919947819385,
        "weight": 0.41135763852991203,
        "variations": {
          "polar": 0.4109022515153582,
          "spherical": 0.6588487945899988
        }
      }
    ],
    "num_points": 2796824,
    "gamma": 2.019793453880946,
    "brightness": 1.2,
    "hue_rotation": 260.0164955080259
  }
}