{
  "seed": "8ea9a57e-ecce-4284-84ca-4703d2c5d8d3",
  "params": {
    "transforms": [
      {
        "a": 0.5385980310113956,
        "b": 0.6695330765746459,
        "c": -0.23818313427476712,
        "d": -0.4190655094751705,
        "e": 1.2192569849656714,
        "f": -0.1706948293109365,
        "color": 0.9187883931365648,
        "weight": 0.6370248702647031,
        "variations": {
          "linear": 0.49601888472682365,
          "polar": 0.7130834768155916
        }
      },
      {
        "a": -0.8682011264877878,
        "b": 0.26598674336575034,
        "c": 0.8678725863770653,
        "d": 0.9312534142273157,
        "e": 0.34463574529451435,
        "f": -0.82938828442763,
        "color": 0.042234348647825715,
        "weight": 0.5143633039142452,
        "variations": {
          "heart": 0.6396566903052696,
          "sinusoidal": 0.7166894568372578
        }
      },
      {
        "a": 0.7070961409254661,
        "b": 0.6017519634202704,
        "c": -0.1795976193595128,
        "d": -0.21099859981831615,
        "e": -0.8202958666803747,
        "f": 0.05666619976609555,
        "color": 0.1374281960103182,
        "weight": 0.9970852184740412,
        "variations": {
          "heart": 0.5003900241409334,
          "linear": 0.6872801526382247,
          "polar": 0.3116794763789039
        }
      },
      {
        "a": 0.7359793186331689,
        "b": 0.6268510049978613,
        "c": 0.5564185581121774,
        "d": 0.44725951789518614,
        "e": 1.3455215353929515,
        "f": 0.6879283846488642,
        "color": 0.70496943688926,
        "weight": 0.22485084590110424,
        "variations": {
          "heart": 0.23084734857427935
        }
      }
    ],
    "num_points": 2031206,
    "gamma": 2.3619457311229017,
    "brightness": 1.2,
    "hue_rotation": 294.5345309194476
  }
}