{
  "seed": "06a39193-1215-4858-aafd-2b27ae6cd45b",
  "params": {
    "transforms": [
      {
        "a": -0.5412143594848067,
        "b": 0.5906415171480266,
        "c": 0.07256473808160302,
        "d": -0.3423022870611032,
        "e": 0.1387645413307732,
        "f": -0.10158016022148031,
        "color": 0.4015247023482491,
        "weight": 0.23797777994385655,
        "variations": {
          "linear": 0.10581090486647748,
          "heart": 0.9917267535089176
        }
      },
      {
        "a": 0.1100079106193157,
        "b": 0.2055676466021803,
        "c": -0.8870559197387549,
        "d": -0.3870711765455559,
        "e": 0.1325061481517098,
        "f": 0.6882180814471002,
        "color": 0.23436178087469983,
        "weight": 0.7484401123057605,
        "variations": {
          "spherical": 0.8982549020210503,
          "sinusoidal": 0.6486611160489287,
          "polar": 0.94811332891832
        }
      },
      {
        "a": 0.9837426225769139,
        "b": 0.26345007279861443,
        "c": -0.2716009399544803,
        "d": -0.20908497979878793,
        "e": 0.12772135414439578,
        "f": 0.7907234731827888,
        "color": 0.8189829196994234,
        "weight": 0.3585422146107805,
        "variations": {
          "sinusoidal": 0.27819649406426317,
          "polar": 0.11668223122656463
        }
      }
    ],
    "num_points": 1595845,
    "gamma": 1.9482916283164384,
    "brightness": 1.2,
    "hue_rotation": 43.26226043160021
  }
}