{
  "seed": "d3c8235a-cdce-43e2-a028-07ce84bb8681",
  "params": {
    "transforms": [
      {
        "a": -0.21403271211649555,
        "b": -0.700114452541426,
        "c": -0.8808890408692869,
        "d": 0.5576450222102658,
        "e": 1.309020458756521,
        "f": -1.3983225095970815,
        "color": 0.8040583158263791,
        "weight": 0.1496199857194399,
        "variations": {
          "sinusoidal": 0.4985325312595237,
          "linear": 0.24203694914851737
        }
      },
      {
        "a": 0.2351710443482662,
        "b": -0.029554460808620897,
        "c": -0.7208636021731032,
        "d": -0.4165610341148871,
        "e": 1.0009573376512755,
        "f": 1.4823335849396218,
        "color": 0.9350478600005363,
        "weight": 0.9375158770099243,
        "variations": {
          "linear": 0.1153870433993408,
          "swirl": 0.5222504763284821
        }
      },
      {
        "a": -0.6245874836747904,
        "b": -0.9481883608766033,
        "c": -0.2123420360364956,
        "d": -0.5183852449132433,
        "e": -0.2793451890777492,
        "f": 0.33536946385665223,
        "color": 0.37056560471250055,
        "weight": 0.7463816188475223,
        "variations": {
          "heart": 0.912322400167841
        }
      }
    ],
    "num_points": 1960664,
    "gamma": 1.8358262618002603,
    "brightness": 1.2,
    "hue_rotation": 174.61356907853107
  }
}