{
  "seed": "67ea44df-2065-44b9-8640-b8dc89f11a0c",
  "params": {
    "transforms": [
      {
        "a": 0.7757638381244383,
        "b": -0.609049202001219,
        "c": -0.9168795982149405,
        "d": -0.6828560828581864,
        "e": 0.6104383109035916,
        "f": 0.7615037353297835,
        "color": 0.37354995550505676,
        "weight": 0.6511148073416377,
        "variations": {
          "swirl": 0.8564606980893781
        }
      },
      {
        "a": 0.8788212802620288,
        "b": 0.44474352700953346,
        "c": -0.5046348983787472,
        "d": 0.6880994324669685,
        "e": 0.4275654354692642,
        "f": -0.2212485339395096,
        "color": 0.5019497181131195,
        "weight": 0.2049985763899226,
        "variations": {
          "polar": 0.15088397723530522,
          "heart": 0.8115051695411349
        }
      },
      {
        "a": -0.9839126894063612,
        "b": 0.4101335763806473,
        "c": 0.1739619275239377,
        "d": -0.7809304766894105,
        "e": -0.4850936066885514,
        "f": -1.357939501699346,
        "color": 0.515072986090924,
        "weight": 0.24022219231237518,
        "variations": {
          "linear": 0.09662751092373423,
          "swirl": 0.4563822530041185,
          "heart": 0.2988216175021867
        }
      },
      {
        "a": -0.8433664984008533,
        "b": -0.6774342496666819,
        "c": 0.34789661196544674,
        "d": -0.8743914569847306,
        "e": 0.9223545856328359,
        "f": 0.7772788841043035,
        "color": 0.5475026379234714,
        "weight": 0.4664103578220322,
        "variations": {
          "swirl": 0.8596592149661031
        }
      }
    ],
    "num_points": 2424835,
    "gamma": 2.1286751983846246,
    "brightness": 1.2,
    "hue_rotation": 23.37961646456276
  }
}