{
  "seed": "cf2fd5bc-e9fd-4f8a-af03-45fceea19562",
  "params": {
    "transforms": [
      {
        "a": -0.5195177119792012,
        "b": 0.5750617355337035,
        "c": 0.5026868491615355,
        "d": 0.4337203982647255,
        "e": -0.49264055710789845,
        "f": -0.9171858398808194,
        "color": 0.3402170857268768,
        "weight": 0.9331419076423898,
        "variations": {
          "swirl": 0.19882614410795174,
          "heart": 0.12506264024183011
        }
      },
      {
        "a": -0.7817585682929926,
        "b": -0.8774450382431018,
        "c": 0.556015640232002,
        "d": 0.33791156208442685,
        "e": -0.2217282688052844,
        "f": -0.529709299810454,
        "color": 0.7819830704323797,
        "weight": 0.7554773004750213,
        "variations": {
          "spherical": 0.09278171196279938
        }
      }
    ],
    "num_points": 1854458,
    "gamma": 2.2553235220749075,
    "brightness": 1.2,
    "hue_rotation": 100.01557563429226
  }
}