{
  "seed": "9a1b6912-6046-464a-97a0-63519806e739",
  "params": {
    "transforms": [
      {
        "a": 0.07555974522545128,
        "b": 0.372807599131467,
        "c": -0.48495610092002295,
        "d": 0.9318952165353673,
        "e": 0.773388725735825,
        "f": 0.05413501256493336,
        "color": 0.22031426147642563,
        "weight": 0.4232125226251876,
        "variations": {
          "sinusoidal": 0.8518880696590017
        }
      },
      {
        "a": 0.5319483496645254,
        "b": -0.5089503369499655,
        "c": -0.8837666382478353,
        "d": 0.9259611165877935,
        "e": 1.3260077990032895,
        "f": -1.147333047061803,
        "color": 0.19087274308621904,
        "weight": 0.9005012744270737,
        "variations": {
          "linear": 0.227621054998711,
          "swirl": 0.35689729852333074
        }
      },
      {
        "a": -0.12579747088818594,
        "b": -0.6006840808325449,
        "c": -0.31003118612238945,
        "d": 0.5732750064872145,
        "e": 0.2312282941064554,
        "f": -0.2562939401885598,
        "color": 0.9646476686805683,
        "weight": 0.7922588445797945,
        "variations": {
          "heart": 0.7734745496083516,
          "sinusoidal": 0.046280707298078316
        }
      },
      {
        "a": 0.9168108453002604,
        "b": -0.07935723284320995,
        "c": 0.18693138939016585,
        "d": -0.5168863060604751,
        "e": -1.2339643600080508,
        "f": 1.1302021443471157,
        "color": 0.5493248129274789,
        "weight": 0.9733595193913479,
        "variations": {
          "heart": 0.5463576410142322
        }
      }
    ],
    "num_points": 1485253,
    "gamma": 1.8151908197719677,
    "brightness": 1.2,
    "hue_rotation": 224.34183432184085
  }
}