{
  "seed": "7dd211cd-8d6b-4bfb-9f29-1faec9247dfa",
  "params": {
    "transforms": [
      {
        "a": 0.3131011480962069,
        "b": -0.6358199516752343,
        "c": 0.44199611060207666,
        "d": 0.1337494419416545,
        "e": 0.5924036110981667,
        "f": 0.8022144226461307,
        "color": 0.7410101086967733,
        "weight": 0.6634596810716942,
        "variations": {
          "polar": 0.9535504906332496,
          "swirl": 0.27971192674415535
        }
      },
      {
        "a": -0.9104579769659267,
        "b": -0.5811907708677717,
        "c": -0.7746233488589906,
        "d": 0.06429632332099189,
        "e": 0.7279873300408695,
        "f": -1.1556959329655467,
        "color": 0.15175564532068686,
        "weight": 0.2994847226172411,
        "variations": {
          "linear": 0.5826076254959266,
          "polar": 0.5671135873432047
        }
      },
      {
        "a": 0.9359771319479713,
        "b": -0.9686752422706251,
        "c": -0.6158969055472148,
        "d": 0.046259169487604,
        "e": -1.175479150912524,
        "f": 1.2459425074340715,
        "color": 0.9648990936726136,
        "weight": 0.9179108356484854,
        "variations": {
          "swirl": 0.26047490240522764
        }
      }
    ],
    "num_points": 2639145,
    "gamma": 1.9783662812761091,
    "brightness": 1.2,
    "hue_rotation": 274.35283659407395
  }
}