{
  "seed": "245ec1e9-1614-44d1-a8be-c518d7e7efdb",
  "params": {
    "transforms": [
      {
        "a": -0.8102489380649025,
        "b": 0.06895959695356302,
        "c": 0.5955028738302464,
        "d": -0.06451000850183708,
        "e": 0.05000264556463474,
        "f": -0.6370498229329498,
        "color": 0.583715025177739,
        "weight": 0.7778462734355568,
        "variations": {
          "spherical": 0.227112594162026
        }
      },
      {
        "a": 0.5992334471457941,
        "b": 0.6843375342193301,
        "c": -0.6000599303370013,
        "d": -0.5781270123872917,
        "e": 0.567183148643799,
        "f": -0.629185216801106,
        "color": 0.8270602168927884,
        "weight": 0.42822627364676236,
        "variations": {
          "spherical": 0.8898040948711765
        }
      },
      {
        "a": -0.992520667050804,
        "b": 0.08603145220859187,
        "c": -0.49864790805732007,
        "d": -0.3448773082579566,
        "e": -0.5342416649349213,
        "f": 1.3649624691481215,
        "color": 0.18203160834481824,
        "weight": 0.10122126206168697,
        "variations": {
          "linear": 0.7897975573243965
        }
      }
    ],
    "num_points": 2120306,
    "gamma": 2.3221140801320796,
    "brightness": 1.2,
    "hue_rotation": 305.62019463427066
  }
}