{
  "seed": "f659981b-2cf3-4ba4-91ad-7ff82c74f6c1",
  "params": {
    "transforms": [
      {
        "a": 0.6228856874350344,
        "b": -0.2868217030019069,
        "c": 0.9119313404901892,
        "d": 0.473168334063107,
        "e": -0.13604055751022393,
        "f": -0.04018079386035622,
        "color": 0.09160633298982523,
        "weight": 0.3692233624700695,
        "variations": {
          "heart": 0.2993955074635869,
          "linear": 0.8696820139788417
        }
      },
      {
        "a": -0.13414936642479502,
        "b": -0.2118873823764469,
        "c": -0.18348419811360905,
        "d": 0.6058048474735247,
        "e": 0.7841153367246374,
        "f": -0.022211322740322004,
        "color": 0.26460749991656773,
        "weight": 0.11434094385173389,
        "variations": {
          "linear": 0.26996910313336,
          "swirl": 0.7366428493667149
        }
      }
    ],
    "num_points": 1488473,
    "gamma": 2.2121826590588833,
    "brightness": 1.2,
    "hue_rotation": 239.67326026060292
  }
}