{
  "seed": "bd7ad0e7-2c59-4757-a6aa-29a474a73c6d-441",
  "parameters": {
    "num_transforms": 3,
    "transforms": [
      {
        "a": -0.6602208588076883,
        "b": 0.7584812686685982,
        "c": 0.2810351883526647,
        "d": -0.3029400770766506,
        "e": -1.4913334015361954,
        "f": 0.5019370382570685,
        "color": 0.5136221393622895,
        "variations": {
          "sinusoidal": 0.0,
          "heart": 0.5922384330875105,
          "handkerchief": 0.5872210583563212,
          "spherical": 0.0
        },
        "weight": 1.999770802397524
      },
      {
        "a": -0.28038180565689386,
        "b": 0.13247598148851747,
        "c": 1.082046416596068,
        "d": 0.5556868254677649,
        "e": 0.152702406961859,
        "f": 1.0907876763232824,
        "color": 0.6361512584956183,
        "variations": {
          "swirl": 0.9269097505429511,
          "handkerchief": 0.7012795208732808
        },
        "weight": 1.621730512429295
      },
      {
        "a": 0.28517476742688697,
        "b": -1.4183298421248973,
        "c": -1.3865852699977315,
        "d": 0.5158755824900947,
        "e": 1.420059209099847,
        "f": 0.6515216294023038,
        "color": 0.25289920079674666,
        "variations": {
          "heart": 0.0,
          "sinusoidal": 0.0,
          "hyperbolic": 0.5696703351050622,
          "handkerchief": 0.041881156618339244
        },
        "weight": 1.7866142629145845
      }
    ],
    "num_points": 4276891,
    "gamma": 2.291767084672943,
    "brightness": 1.0314287534615925,
    "contrast": 1.1716416671876617,
    "hue_rotation": 97.78572310202742
  }
}