{
  "seed": "8bbc3b64-373f-4953-901d-0a6790563b51",
  "params": {
    "transforms": [
      {
        "a": -0.9972339707391042,
        "b": -0.44637525551146195,
        "c": -0.07044182398710475,
        "d": 0.5322814723759766,
        "e": 0.18166097734971975,
        "f": 0.9956435148896507,
        "color": 0.7259121968273539,
        "weight": 0.7636016018088425,
        "variations": {
          "polar": 0.9863222483598677,
          "swirl": 0.9060213540396771,
          "linear": 0.8432906686633023
        }
      },
      {
        "a": 0.9908444990228149,
        "b": 0.5958260431587075,
        "c": 0.7458124008075471,
        "d": 0.5307775633683915,
        "e": 1.1887876327640874,
        "f": -0.19085006341577682,
        "color": 0.35098230507375405,
        "weight": 0.8943112495786051,
        "variations": {
          "sinusoidal": 0.9300010700618891
        }
      },
      {
        "a": -0.33103597881708224,
        "b": -0.19051918141097768,
        "c": 0.44706154257238073,
        "d": 0.46897555133405966,
        "e": 1.0043105499161484,
        "f": -1.4274901447613373,
        "color": 0.2018717520460731,
        "weight": 0.5047730332868426,
        "variations": {
          "swirl": 0.02832623366524678
        }
      },
      {
        "a": 0.5660861396951247,
        "b": 0.6177482684074402,
        "c": -0.15750025925693367,
        "d": -0.4833197703439105,
        "e": -1.1556636071297777,
        "f": -1.2742464536076836,
        "color": 0.6926296739880695,
        "weight": 0.3210418625091014,
        "variations": {
          "sinusoidal": 0.8226419102864498,
          "linear": 0.41809247101784386
        }
      }
    ],
    "num_points": 2527257,
    "gamma": 2.3120255740814035,
    "brightness": 1.2,
    "hue_rotation": 345.9264226169874
  }
}