{
  "seed": "10b84d52-6d18-403b-b930-dcaee361b53e",
  "params": {
    "transforms": [
      {
        "a": 0.3510794476447596,
        "b": -0.5721358612193166,
        "c": -0.5231464186395065,
        "d": -0.644550265753917,
        "e": -1.1543518875193473,
        "f": -1.2338957312284462,
        "color": 0.0474857620012914,
        "weight": 0.8124740069054049,
        "variations": {
          "sinusoidal": 0.6723697386800325
        }
      },
      {
        "a": -0.8945556907163097,
        "b": 0.6465893593510814,
        "c": 0.9114580135752512,
        "d": -0.29579918205003497,
        "e": 0.051769687872658565,
        "f": 0.78220179898313,
        "color": 0.2198971096027562,
        "weight": 0.6355314579927585,
        "variations": {
          "linear": 0.26538530221092793
        }
      }
    ],
    "num_points": 2511736,
    "gamma": 2.229071492795668,
    "brightness": 1.2,
    "hue_rotation": 332.11201004687086
  }
}