{
  "seed": "d29b3193-5475-481c-8587-35d93053ba38",
  "params": {
    "transforms": [
      {
        "a": 0.781289616196227,
        "b": 0.9775129654842198,
        "c": 0.37704333202538387,
        "d": -0.24949928695395163,
        "e": 0.3426238911402626,
        "f": -0.7913830744929802,
        "color": 0.028596900142586756,
        "weight": 0.3787936729619442,
        "variations": {
          "heart": 0.04067648472444951,
          "polar": 0.5540816626877796
        }
      },
      {
        "a": 0.8845968172188199,
        "b": -0.8158444278229431,
        "c": -0.3266761220176997,
        "d": 0.27600762499360565,
        "e": -0.9907537566574622,
        "f": 0.8722954682993667,
        "color": 0.8233932357684348,
        "weight": 0.707600610099806,
        "variations": {
          "linear": 0.5051556151261086,
          "heart": 0.044551772888447916,
          "polar": 0.34383394076864604
        }
      },
      {
        "a": -0.6104958690689148,
        "b": -0.6521560520245562,
        "c": 0.9980942751050876,
        "d": 0.8559252197340066,
        "e": -1.106038206508145,
        "f": 0.11876379948301952,
        "color": 0.0735641627912984,
        "weight": 0.5366529597144906,
        "variations": {
          "sinusoidal": 0.4632294597409633
        }
      },
      {
        "a": -0.023084550961229633,
        "b": 0.13796026422634777,
        "c": 0.4816527922745253,
        "d": -0.8375174889154451,
        "e": 1.220517149149701,
        "f": 1.116552739985297,
        "color": 0.3406916371106008,
        "weight": 0.27369216040493516,
        "variations": {
          "heart": 0.31638052319717824
        }
      }
    ],
    "num_points": 1914092,
    "gamma": 1.8500252548183989,
    "brightness": 1.2,
    "hue_rotation": 115.8762300915738
  }
}