{
  "seed": "93f4034d-64aa-4c15-9439-c9440199cf77",
  "params": {
    "transforms": [
      {
        "a": 0.336047904770876,
        "b": -0.36638159671950454,
        "c": -0.9444685561615089,
        "d": 0.2860329746479817,
        "e": -0.48598480635551233,
        "f": 1.1556730764635335,
        "color": 0.006678500905132334,
        "weight": 0.8329984675360682,
        "variations": {
          "linear": 0.7988923511082736,
          "polar": 0.9945818546571207,
          "spherical": 0.45262043989199574
        }
      },
      {
        "a": 0.20620472180060267,
        "b": 0.6584166064118187,
        "c": -0.9582024943502927,
        "d": 0.7473704849746614,
        "e": 1.4707883215137096,
        "f": 1.4820749315443482,
        "color": 0.9729006164410734,
        "weight": 0.8499274582754865,
        "variations": {
          "sinusoidal": 0.5160116213347157,
          "linear": 0.8008643922563345
        }
      },
      {
        "a": -0.3972196263082015,
        "b": 0.9045965967476444,
        "c": 0.8234858540883592,
        "d": -0.7538755458999331,
        "e": -1.406624812738598,
        "f": -0.07124277649199495,
        "color": 0.49751853079632624,
        "weight": 0.7859758780421442,
        "variations": {
          "swirl": 0.40332536710723865,
          "heart": 0.7845654779269541
        }
      }
    ],
    "num_points": 2639531,
    "gamma": 1.9278421814228426,
    "brightness": 1.2,
    "hue_rotation": 46.12330659451186
  }
}