{
  "seed": "a6ae0a17-4266-4d78-9ed9-3296bce55ed7",
  "params": {
    "transforms": [
      {
        "a": 0.39654035183975456,
        "b": 0.9800759019341427,
        "c": 0.9984311607408314,
        "d": -0.5718507013234366,
        "e": -0.47618751313735364,
        "f": 0.503622432694383,
        "color": 0.5421667627224978,
        "weight": 0.4539474806864887,
        "variations": {
          "spherical": 0.2564782798955898,
          "polar": 0.36581116636683386
        }
      },
      {
        "a": -0.7458101978090597,
        "b": -0.3108454977353623,
        "c": -0.17652616064929383,
        "d": 0.14185148240278944,
        "e": -0.8125566279962576,
        "f": 1.3479261412335322,
        "color": 0.4627832846381992,
        "weight": 0.1332206767655804,
        "variations": {
          "sinusoidal": 0.25897185565779457,
          "spherical": 0.740100704485341
        }
      },
      {
        "a": 0.9533713023174415,
        "b": -0.15447327123977828,
        "c": 0.10349622013562731,
        "d": -0.27305480443756314,
        "e": 0.4310401283908234,
        "f": 0.6648217511666918,
        "color": 0.00039148095893826174,
        "weight": 0.8000409217667808,
        "variations": {
          "spherical": 0.2627976827014761,
          "sinusoidal": 0.31860206632127164,
          "swirl": 0.3044559247056794
        }
      },
      {
        "a": 0.8850041938784117,
        "b": 0.5348614183135945,
        "c": 0.37884752159379187,
        "d": -0.619246220193191,
        "e": -0.6031429104260086,
        "f": 0.20507406105213044,
        "color": 0.2517363045678628,
        "weight": 0.4191114772393697,
        "variations": {
          "polar": 0.9270648769884873,
          "swirl": 0.1270265127375898,
          "sinusoidal": 0.744927535056043
        }
      }
    ],
    "num_points": 2686641,
    "gamma": 2.4537048684468044,
    "brightness": 1.2,
    "hue_rotation": 151.47284038298213
  }
}