{
  "seed": "7ddb45f0-ddae-4ce9-9494-15cd497461ac",
  "params": {
    "transforms": [
      {
        "a": 0.8359067412629764,
        "b": 0.14025906923903086,
        "c": 0.4373580984473764,
        "d": 0.691041424005371,
        "e": -0.07136160733509866,
        "f": -0.9594684560890956,
        "color": 0.8779728825329132,
        "weight": 0.8996659830758204,
        "variations": {
          "sinusoidal": 0.6852529666629019,
          "spherical": 0.32381130382713785
        }
      },
      {
        "a": -0.2371050244080084,
        "b": 0.8460054576350475,
        "c": 0.05744934715043182,
        "d": 0.725216180860633,
        "e": -1.0236607879044128,
        "f": -0.5877397406023914,
        "color": 0.3806778189939146,
        "weight": 0.11065135981736954,
        "variations": {
          "linear": 0.7781544043915681,
          "sinusoidal": 0.4338036590929498
        }
      },
      {
        "a": -0.5372931794366778,
        "b": -0.9030591193049033,
        "c": -0.6409043979621245,
        "d": -0.9692324916923882,
        "e": -1.3542502324433603,
        "f": 0.9881946982215224,
        "color": 0.8034346869047336,
        "weight": 0.40186744393026086,
        "variations": {
          "sinusoidal": 0.6599248376211135,
          "spherical": 0.44750597163186234,
          "heart": 0.25637067005239633
        }
      }
    ],
    "num_points": 2361103,
    "gamma": 2.251197696151724,
    "brightness": 1.2,
    "hue_rotation": 296.83068299806075
  }
}