{
  "seed": "08c0e4dd-d8ec-4961-be08-1d7e43636cd6",
  "params": {
    "transforms": [
      {
        "a": -0.27425478702607986,
        "b": 0.741025488109325,
        "c": 0.9493353628215198,
        "d": -0.46286987821439785,
        "e": 0.8392172596902254,
        "f": -1.2368486230287838,
        "color": 0.2455897579805063,
        "weight": 0.7822668929711084,
        "variations": {
          "swirl": 0.08603165699011006,
          "sinusoidal": 0.6748868900162679,
          "spherical": 0.7454424201910302
        }
      },
      {
        "a": 0.3407976936174075,
        "b": -0.9185462080378941,
        "c": 0.06750656230038432,
        "d": 0.06187586680989221,
        "e": -0.8156265678593283,
        "f": 0.021167466568452475,
        "color": 0.19935925966737966,
        "weight": 0.4120852601318391,
        "variations": {
          "sinusoidal": 0.02963373868925412,
          "swirl": 0.6716866811175607
        }
      },
      {
        "a": 0.8581474129771092,
        "b": 0.7838665201777051,
        "c": -0.07375872508502912,
        "d": -0.8426535842638487,
        "e": 0.5298093062401543,
        "f": -1.2908489582126061,
        "color": 0.6177335939331247,
        "weight": 0.20551264673529962,
        "variations": {
          "spherical": 0.6481348819062708,
          "sinusoidal": 0.8963462722518895,
          "linear": 0.7566504372582712
        }
      }
    ],
    "num_points": 1242222,
    "gamma": 2.131315372062908,
    "brightness": 1.2,
    "hue_rotation": 90.69234664382773
  }
}