{
  "seed": "4caf4a99-9088-4dcd-ad42-9889888f4638",
  "params": {
    "transforms": [
      {
        "a": -0.2934857858180535,
        "b": -0.42585250347475734,
        "c": 0.5023108401697425,
        "d": -0.01417723768605228,
        "e": 0.7821533349206313,
        "f": -0.21971602124416423,
        "color": 0.5702600315898054,
        "weight": 0.8776823389478808,
        "variations": {
          "swirl": 0.6871889863505359,
          "heart": 0.7114190012016606,
          "polar": 0.34389910933772216
        }
      },
      {
        "a": 0.21286062073005696,
        "b": 0.0892249561585865,
        "c": -0.5848028576070581,
        "d": -0.16134570914824975,
        "e": -0.08862953608765789,
        "f": -0.697789882758731,
        "color": 0.7016712138051577,
        "weight": 0.8052162244745953,
        "variations": {
          "polar": 0.8666107295590961,
          "sinusoidal": 0.544190099027368,
          "swirl": 0.2862537247047173
        }
      },
      {
        "a": 0.1315365874082539,
        "b": -0.671743063686032,
        "c": -0.6698280170459854,
        "d": 0.0011804602487188731,
        "e": 0.25949561433640955,
        "f": -1.261530541555776,
        "color": 0.9448694323244707,
        "weight": 0.6222899953899831,
        "variations": {
          "spherical": 0.011206275315213232
        }
      },
      {
        "a": -0.602432987236724,
        "b": -0.8561910574993941,
        "c": -0.12893904533745348,
        "d": 0.3682628876277878,
        "e": -0.619090007146989,
        "f": -1.4078055025827456,
        "color": 0.19038476957141715,
        "weight": 0.3984151418602607,
        "variations": {
          "heart": 0.5023044464963208,
          "polar": 0.3565226424851171
        }
      }
    ],
    "num_points": 2607698,
    "gamma": 2.306368346130995,
    "brightness": 1.2,
    "hue_rotation": 318.8619303817487
  }
}