{
  "seed": "5f90c77f-f3ff-4393-8ff9-8bc05dc5e07b",
  "params": {
    "transforms": [
      {
        "a": -0.31639364933029546,
        "b": 0.457747061647265,
        "c": 0.21540122579409005,
        "d": 0.5870757953098997,
        "e": 1.2305411266860435,
        "f": 1.2892862123957247,
        "color": 0.7024224114711191,
        "weight": 0.2091339142853081,
        "variations": {
          "heart": 0.28376427942905247,
          "sinusoidal": 0.7013515692343125
        }
      },
      {
        "a": -0.06867314353229825,
        "b": -0.5828358847431718,
        "c": -0.7064718148665912,
        "d": -0.9358064804146491,
        "e": 0.3699456924351039,
        "f": 1.44685001933136,
        "color": 0.09330763432632672,
        "weight": 0.8102076886851576,
        "variations": {
          "swirl": 0.9184397204139033,
          "heart": 0.1227358325933735
        }
      },
      {
        "a": 0.8178184008888014,
        "b": -0.7164968755644099,
        "c": 0.5564549741836127,
        "d": -0.15968758982342957,
        "e": -1.2127069889440323,
        "f": 1.3389249212131666,
        "color": 0.7459049191530385,
        "weight": 0.41864601281873015,
        "variations": {
          "spherical": 0.8383679508558876,
          "polar": 0.3114938636793573
        }
      },
      {
        "a": 0.6768154247174005,
        "b": 0.68522843075339,
        "c": -0.9147535045488322,
        "d": -0.8932800493408295,
        "e": 1.0840144743419096,
        "f": 1.0333100006873392,
        "color": 0.42339394151285936,
        "weight": 0.7508621206608134,
        "variations": {
          "sinusoidal": 0.2835775563770606,
          "polar": 0.00010153463508011384,
          "swirl": 0.892076610476808
        }
      }
    ],
    "num_points": 1750600,
    "gamma": 2.1440843719318003,
    "brightness": 1.2,
    "hue_rotation": 48.71305715431059
  }
}