{
  "seed": "7bb7dc8e-b4f5-49c8-a074-639e6d4deb46",
  "params": {
    "transforms": [
      {
        "a": -0.12512245060679583,
        "b": -0.5083230843346525,
        "c": -0.32782744395811125,
        "d": -0.5285498773721704,
        "e": 1.3963649040656483,
        "f": -0.9882152561616078,
        "color": 0.23761710104367562,
        "weight": 0.3976462002854274,
        "variations": {
          "heart": 0.6552711036019083
        }
      },
      {
        "a": -0.36114687873567375,
        "b": -0.14467733299140417,
        "c": 0.3394877816987185,
        "d": 0.16888202705584376,
        "e": 0.4681371230451892,
        "f": -0.6882926985109278,
        "color": 0.38971532273407017,
        "weight": 0.21500549670450336,
        "variations": {
          "spherical": 0.2810848016867541,
          "sinusoidal": 0.24652976389494152
        }
      },
      {
        "a": -0.1697152673680693,
        "b": 0.5707326397445083,
        "c": -0.5221155977110692,
        "d": -0.6152513031816143,
        "e": -0.9952339725511552,
        "f": -1.4599250343309607,
        "color": 0.29534191240135277,
        "weight": 0.12000043667044834,
        "variations": {
          "linear": 0.1480595750259892,
          "heart": 0.7081907633208864,
          "spherical": 0.2476579870483009
        }
      }
    ],
    "num_points": 2270383,
    "gamma": 2.1681975760248076,
    "brightness": 1.2,
    "hue_rotation": 305.39640318023237
  }
}