{
  "seed": "cb56fb63-780f-4111-bbdb-16ee86415a00",
  "params": {
    "transforms": [
      {
        "a": 0.9748486640391558,
        "b": 0.21670325070375895,
        "c": -0.9080203648993532,
        "d": -0.10325038254509544,
        "e": -0.7626978740667025,
        "f": -0.9442682844715418,
        "color": 0.19377717341073997,
        "weight": 0.20208764176257832,
        "variations": {
          "heart": 0.850644826220873,
          "sinusoidal": 0.5860554672109047,
          "swirl": 0.2258916804430211
        }
      },
      {
        "a": 0.9196016242299774,
        "b": -0.5268762746897431,
        "c": 0.8296124603159631,
        "d": -0.8716082457834271,
        "e": 0.3266518721296112,
        "f": -0.9673856022806423,
        "color": 0.38401871598754245,
        "weight": 0.6874705297265677,
        "variations": {
          "polar": 0.02464351096189965,
          "heart": 0.2262782757710311,
          "spherical": 0.038896193902131615
        }
      },
      {
        "a": -0.6338043263800286,
        "b": 0.9498316560419828,
        "c": 0.9198975440989148,
        "d": -0.4084121798830125,
        "e": 0.7892910561836883,
        "f": -0.08715346552772285,
        "color": 0.19607083815607973,
        "weight": 0.2088024490068155,
        "variations": {
          "polar": 0.21312516903443635,
          "swirl": 0.7691796074478223,
          "sinusoidal": 0.1622058780978819
        }
      }
    ],
    "num_points": 1101283,
    "gamma": 2.057644808643871,
    "brightness": 1.2,
    "hue_rotation": 326.94481265126365
  }
}