{
  "seed": "1c27b5c5-fa41-4cfc-9fdc-6a7175ec0819-210",
  "parameters": {
    "num_transforms": 4,
    "transforms": [
      {
        "a": 0.4614428898647549,
        "b": -0.46738038722669994,
        "c": -0.6393323729509315,
        "d": 0.38977212593534927,
        "e": -1.439745736675203,
        "f": 0.3359917743196532,
        "color": 0.12674954932452187,
        "variations": {
          "heart": 0.2669603040840123,
          "horseshoe": 0.40102405319115897,
          "sinusoidal": 0.3690884815180363,
          "spherical": 0.0
        },
        "weight": 0.848061320170818
      },
      {
        "a": -0.8435388833060173,
        "b": -1.11410912613602,
        "c": -1.1651019869168167,
        "d": 0.7368619237058094,
        "e": -1.4864215460357704,
        "f": -0.13627497364353136,
        "color": 0.13930454061076636,
        "variations": {
          "swirl": 0.8297785747655514,
          "hyperbolic": 0.0,
          "spiral": 0.8165499391105662
        },
        "weight": 1.3647763657079042
      },
      {
        "a": -0.3170057018891641,
        "b": 1.1657987236912364,
        "c": -0.5076139582145759,
        "d": 0.86153076025212,
        "e": 1.3559925346203343,
        "f": -0.1460222038960053,
        "color": 0.37986664565218975,
        "variations": {
          "handkerchief": 0.913067767590058,
          "spherical": 0.4190102206602623
        },
        "weight": 1.726581932676875
      },
      {
        "a": 0.5454351161102817,
        "b": -0.36131335232803075,
        "c": -0.8273249629738235,
        "d": -0.35424976193119195,
        "e": 1.4347332133283972,
        "f": -1.2372879846074114,
        "color": 0.6233846507910492,
        "variations": {
          "hyperbolic": 0.9735727095062325,
          "polar": 0.21564040592108513
        },
        "weight": 1.3330115338605704
      }
    ],
    "num_points": 4924013,
    "gamma": 3.0946194483723377,
    "brightness": 0.8770641637988796,
    "contrast": 1.236374389930183,
    "hue_rotation": 291.6772877873823
  }
}