{
  "seed": "e420090d-a4b3-4a8f-8daa-9bea355b6255",
  "params": {
    "transforms": [
      {
        "a": 0.9882366734215524,
        "b": -0.396114524434348,
        "c": -0.6552954625757317,
        "d": 0.41354790873976355,
        "e": -0.4153394750015109,
        "f": 0.4269568772186374,
        "color": 0.18865070286170116,
        "weight": 0.9404144105441684,
        "variations": {
          "sinusoidal": 0.9245600669282564,
          "spherical": 0.07981877901763912
        }
      },
      {
        "a": -0.15573407326345134,
        "b": 0.24836103515243968,
        "c": 0.8198709030917735,
        "d": 0.06640275710539845,
        "e": -0.3174424301952883,
        "f": 0.5783707232824105,
        "color": 0.05632381529706576,
        "weight": 0.7039983924956872,
        "variations": {
          "spherical": 0.11206801721046811
        }
      }
    ],
    "num_points": 2661740,
    "gamma": 1.9320622264049476,
    "brightness": 1.2,
    "hue_rotation": 289.68484286606105
  }
}