{
  "seed": "b04d53bb-5d72-47c2-8eff-95e7ab958bea",
  "params": {
    "transforms": [
      {
        "a": 0.21525855416020412,
        "b": 0.6701397755694638,
        "c": 0.8030898066303089,
        "d": -0.13983539520983523,
        "e": -0.1357678398635691,
        "f": -0.630815960057953,
        "color": 0.6660635409948262,
        "weight": 0.8238966333171132,
        "variations": {
          "heart": 0.21585789573296,
          "polar": 0.9377004469709311
        }
      },
      {
        "a": -0.45115667740064214,
        "b": 0.3806126954840092,
        "c": 0.8102292992237923,
        "d": 0.5117017849631875,
        "e": -0.27398660813131004,
        "f": -0.7127749211465938,
        "color": 0.28581922370296364,
        "weight": 0.7413946263715333,
        "variations": {
          "spherical": 0.23549994096054372
        }
      }
    ],
    "num_points": 1772294,
    "gamma": 2.3981368627346895,
    "brightness": 1.2,
    "hue_rotation": 166.05957981026432
  }
}