{
  "seed": "1263ea61-10e1-4bec-ba75-afbcedc257a8",
  "params": {
    "transforms": [
      {
        "a": -0.42809738913290163,
        "b": 0.1632050533939986,
        "c": -0.7622133165135434,
        "d": 0.17212390590825866,
        "e": 1.3764860219292419,
        "f": 1.2123376351099466,
        "color": 0.8893102901064255,
        "weight": 0.9255614279399647,
        "variations": {
          "sinusoidal": 0.025865931981857826,
          "spherical": 0.006709670302683213,
          "linear": 0.5580654191129457
        }
      },
      {
        "a": 0.9554349689524837,
        "b": -0.32097745673266553,
        "c": 0.37492014760451164,
        "d": -0.563177294624462,
        "e": 1.355759357250248,
        "f": -0.6027492486413869,
        "color": 0.5213935272627246,
        "weight": 0.5053671459133009,
        "variations": {
          "sinusoidal": 0.3070304900323134,
          "heart": 0.19435886948485925
        }
      },
      {
        "a": -0.03452015755646998,
        "b": -0.22541909609542077,
        "c": -0.9570798682940547,
        "d": 0.8975038923425558,
        "e": 0.6780942805312828,
        "f": -0.8007348907463582,
        "color": 0.3893860991963528,
        "weight": 0.7661167554316962,
        "variations": {
          "heart": 0.1212592637121791,
          "polar": 0.6921949279615559,
          "sinusoidal": 0.728380893801371
        }
      },
      {
        "a": -0.7073154776460804,
        "b": -0.8264801688422463,
        "c": -0.5170143910839413,
        "d": -0.6182010386410128,
        "e": 0.6356328117237267,
        "f": -1.1176992462705004,
        "color": 0.973776329898677,
        "weight": 0.8801630110097849,
        "variations": {
          "swirl": 0.7245460723788559
        }
      }
    ],
    "num_points": 2441143,
    "gamma": 2.182018136176057,
    "brightness": 1.2,
    "hue_rotation": 33.37396275149905
  }
}