{
  "seed": "c83b838d-c6a7-4b32-98e4-b760a95a20c1",
  "params": {
    "transforms": [
      {
        "a": -0.8434941307803594,
        "b": -0.6014699883174133,
        "c": 0.9586221667548329,
        "d": 0.35366480730036143,
        "e": -0.5746251596827948,
        "f": -0.8950556531199452,
        "color": 0.6574835485600405,
        "weight": 0.37890312711816887,
        "variations": {
          "sinusoidal": 0.36259225242141346,
          "polar": 0.45808250002433604
        }
      },
      {
        "a": 0.5580091828212634,
        "b": -0.8312649689684994,
        "c": -0.7666891775535507,
        "d": -0.5317431384539095,
        "e": 0.8012414577253861,
        "f": 0.06180526908929607,
        "color": 0.062065190232181155,
        "weight": 0.18539599630309062,
        "variations": {
          "heart": 0.653318669821344,
          "sinusoidal": 0.18689441949644792
        }
      },
      {
        "a": 0.657209130462449,
        "b": -0.946937085285319,
        "c": -0.5425513269855462,
        "d": 0.21384672727107712,
        "e": 0.679915041035887,
        "f": 0.4766564818970529,
        "color": 0.06115116319373359,
        "weight": 0.8167577536050371,
        "variations": {
          "sinusoidal": 0.8874600021316909
        }
      }
    ],
    "num_points": 1841906,
    "gamma": 2.2110210107587323,
    "brightness": 1.2,
    "hue_rotation": 358.0660938133008
  }
}