{
  "seed": "9d293fd2-a2be-4a9a-b05d-af8150361ca4",
  "params": {
    "transforms": [
      {
        "a": 0.3366968044630345,
        "b": 0.14558272402508043,
        "c": -0.43842055787751466,
        "d": 0.010222020562599354,
        "e": -0.24547385092451535,
        "f": -0.6314757569006973,
        "color": 0.5008491207724161,
        "weight": 0.8789066653932837,
        "variations": {
          "sinusoidal": 0.06795234044261389,
          "heart": 0.9718699801371428
        }
      },
      {
        "a": 0.38383158667270556,
        "b": -0.06072466124600795,
        "c": -0.20708204198863678,
        "d": -0.16534451885632606,
        "e": -0.09171359899035969,
        "f": 1.1949140539230672,
        "color": 0.7098345581294565,
        "weight": 0.6038486634429956,
        "variations": {
          "spherical": 0.15320855417873092,
          "linear": 0.28147756366950294,
          "heart": 0.5071278095091185
        }
      },
      {
        "a": -0.33102545739956324,
        "b": 0.9916758916956778,
        "c": 0.841503213503892,
        "d": 0.6504995332862302,
        "e": 0.9365963925426923,
        "f": -0.9800671174250117,
        "color": 0.2742060599276177,
        "weight": 0.5400693060712357,
        "variations": {
          "spherical": 0.764567396038943
        }
      },
      {
        "a": 0.12853887229409344,
        "b": -0.389079993582256,
        "c": -0.49775016081903267,
        "d": -0.8904193043706119,
        "e": 0.38222127475334045,
        "f": -1.0595510232593202,
        "color": 0.21414562305368057,
        "weight": 0.8370707366712502,
        "variations": {
          "spherical": 0.5456545423438615,
          "sinusoidal": 0.6388115535937132,
          "linear": 0.8453943948051265
        }
      }
    ],
    "num_points": 1418228,
    "gamma": 2.4257442755506533,
    "brightness": 1.2,
    "hue_rotation": 186.50210595353394
  }
}