{
  "seed": "1b79cf13-d617-46b0-9304-0031c4de5429",
  "params": {
    "transforms": [
      {
        "a": 0.3783374510964699,
        "b": -0.2929467232487566,
        "c": -0.6215491246867826,
        "d": 0.5919962144408855,
        "e": -0.9359987225151353,
        "f": 0.34484778081877754,
        "color": 0.7067734049773073,
        "weight": 0.6655794999461276,
        "variations": {
          "linear": 0.2604058699447763,
          "spherical": 0.30573863615730745,
          "polar": 0.6151970868393806
        }
      },
      {
        "a": -0.3912704133180933,
        "b": -0.07473231064982255,
        "c": -0.17843153873658268,
        "d": 0.011817682243699723,
        "e": 0.7748613231579773,
        "f": 0.6595530524429902,
        "color": 0.0878809816297833,
        "weight": 0.686476560614354,
        "variations": {
          "polar": 0.15565005452061764
        }
      }
    ],
    "num_points": 1256901,
    "gamma": 2.434165348879097,
    "brightness": 1.2,
    "hue_rotation": 315.26362328069143
  }
}