{
  "seed": "bcc61415-1d3e-42ac-84be-526deeba23a5",
  "params": {
    "transforms": [
      {
        "a": -0.26388532681075305,
        "b": 0.9022323035817483,
        "c": -0.6066918026115202,
        "d": -0.382889476871624,
        "e": 0.4396392971651193,
        "f": -1.3689961202911363,
        "color": 0.7141184649960731,
        "weight": 0.9045505957613987,
        "variations": {
          "linear": 0.20719102196929073,
          "polar": 0.5140297017981129
        }
      },
      {
        "a": 0.26972221876490265,
        "b": 0.17802117404634754,
        "c": -0.4624514121232408,
        "d": -0.6889687492369445,
        "e": -1.1691738149981783,
        "f": 0.13515880295564697,
        "color": 0.4354955097801879,
        "weight": 0.3869506989652829,
        "variations": {
          "sinusoidal": 0.04872003412469261,
          "linear": 0.031311311931195074
        }
      }
    ],
    "num_points": 1539581,
    "gamma": 2.1075408504986273,
    "brightness": 1.2,
    "hue_rotation": 56.19310383533104
  }
}