{
  "seed": "6271eba9-5331-4e30-a464-3b28a1a75798",
  "params": {
    "transforms": [
      {
        "a": 0.8421185898002215,
        "b": 0.24707425633499658,
        "c": -0.30065569154240457,
        "d": -0.8585556155368999,
        "e": 0.49259492743074373,
        "f": -0.5074244626023905,
        "color": 0.7262441521077944,
        "weight": 0.9029924172913039,
        "variations": {
          "spherical": 0.19525074061528402
        }
      },
      {
        "a": -0.593363140451366,
        "b": -0.8363919156413748,
        "c": -0.8015894400432295,
        "d": 0.8703997590031927,
        "e": 0.6253245585073866,
        "f": 0.6133302710674968,
        "color": 0.9462606935992401,
        "weight": 0.5959346016288948,
        "variations": {
          "polar": 0.6059249521488916
        }
      },
      {
        "a": 0.35102926427150116,
        "b": 0.2875813032745247,
        "c": 0.3058334789581638,
        "d": 0.20503810093078845,
        "e": 0.4493666839491435,
        "f": -0.14188291852514046,
        "color": 0.182115546345319,
        "weight": 0.15023566018972886,
        "variations": {
          "heart": 0.7575354955634174,
          "sinusoidal": 0.14796210563668866
        }
      },
      {
        "a": -0.9933822025613874,
        "b": 0.5410825649431343,
        "c": -0.21798098839652735,
        "d": 0.0299780050195253,
        "e": 0.4122426041772189,
        "f": 0.756461450983811,
        "color": 0.5159099449614252,
        "weight": 0.8490321136395772,
        "variations": {
          "sinusoidal": 0.8508479537996929,
          "linear": 0.842148852807025
        }
      }
    ],
    "num_points": 2567439,
    "gamma": 2.0413573399177376,
    "brightness": 1.2,
    "hue_rotation": 161.76598095110302
  }
}