{
  "seed": "65d714e0-6701-42d7-9d2c-4db7242382f4",
  "params": {
    "transforms": [
      {
        "a": -0.17970618228627822,
        "b": -0.5238600601269425,
        "c": 0.16644765299423359,
        "d": -0.44781025966955523,
        "e": -0.27074106717109925,
        "f": 0.6071420226553474,
        "color": 0.4822349051604853,
        "weight": 0.10592210904987516,
        "variations": {
          "linear": 0.7958039028414143,
          "sinusoidal": 0.17291002882192585,
          "heart": 0.6195504791255065
        }
      },
      {
        "a": 0.7860098376111415,
        "b": -0.8616330812757431,
        "c": -0.7526805232501628,
        "d": -0.675626847560207,
        "e": -0.28208895375282594,
        "f": 0.4606775356782715,
        "color": 0.2607892324322372,
        "weight": 0.3406522237816808,
        "variations": {
          "polar": 0.37911710940285726
        }
      },
      {
        "a": -0.06909579443686531,
        "b": 0.2879077392150058,
        "c": -0.5684596957889101,
        "d": 0.4721054597858907,
        "e": 1.2589841791240115,
        "f": 1.1114909836482,
        "color": 0.9161869904208231,
        "weight": 0.7162455381061705,
        "variations": {
          "linear": 0.6058165285398476
        }
      }
    ],
    "num_points": 2059909,
    "gamma": 2.106858212154717,
    "brightness": 1.2,
    "hue_rotation": 282.40620100260605
  }
}