{
  "seed": "8aceeea6-56ca-4124-bcf7-2c4f1b87ef86",
  "params": {
    "transforms": [
      {
        "a": -0.9601377334390351,
        "b": -0.48605632528557186,
        "c": 0.8235646926109008,
        "d": 0.30702465502309084,
        "e": -0.42649458623102765,
        "f": 1.4578919552762764,
        "color": 0.6489748382124023,
        "weight": 0.5245321837063903,
        "variations": {
          "spherical": 0.6701998089247714,
          "sinusoidal": 0.9195478816101927,
          "swirl": 0.8349808410557877
        }
      },
      {
        "a": -0.3713128042487863,
        "b": -0.8249514654797254,
        "c": -0.11164038916074692,
        "d": -0.5248578776188859,
        "e": 0.5221769402013643,
        "f": -0.6401583305532473,
        "color": 0.555757404007146,
        "weight": 0.13296072417654764,
        "variations": {
          "linear": 0.8899085122567704
        }
      }
    ],
    "num_points": 2465399,
    "gamma": 2.4190182547967574,
    "brightness": 1.2,
    "hue_rotation": 80.35709352056139
  }
}