{
  "seed": "a260df81-ce34-45aa-8966-6fd21e9e94d5",
  "params": {
    "transforms": [
      {
        "a": 0.18947205890082497,
        "b": -0.25858909778752315,
        "c": -0.9260060948820923,
        "d": -0.5797785126173292,
        "e": 1.2130494662626248,
        "f": -0.26117613147266283,
        "color": 0.07414676753927518,
        "weight": 0.7692752288792445,
        "variations": {
          "linear": 0.8032364289388679,
          "polar": 0.1550783830612682,
          "sinusoidal": 0.5506870974838406
        }
      },
      {
        "a": 0.41552908280924705,
        "b": -0.15165919864518496,
        "c": 0.595944445831146,
        "d": -0.3205924623062415,
        "e": -0.8224697263565846,
        "f": 0.5385468906180808,
        "color": 0.26453529969641654,
        "weight": 0.14838743192233905,
        "variations": {
          "sinusoidal": 0.913413849572018,
          "swirl": 0.6588374750901013
        }
      },
      {
        "a": -0.26010774493978195,
        "b": 0.316015320379585,
        "c": 0.9755962772760316,
        "d": -0.347122739142498,
        "e": 0.595290102714567,
        "f": 1.310574379838961,
        "color": 0.2808824547324139,
        "weight": 0.9916159765638153,
        "variations": {
          "polar": 0.1325584288410041,
          "linear": 0.8312754867948448
        }
      }
    ],
    "num_points": 1453241,
    "gamma": 2.4827134870472722,
    "brightness": 1.2,
    "hue_rotation": 283.4985285563583
  }
}