{
  "seed": "b7d2ffb7-c493-4cf7-b5d7-425241540f50",
  "params": {
    "transforms": [
      {
        "a": 0.6412457700685015,
        "b": 0.16419255731767923,
        "c": -0.3819679342331077,
        "d": 0.1505441056315162,
        "e": 0.5483275322360575,
        "f": 1.4706461862412183,
        "color": 0.6341168979119677,
        "weight": 0.18928077921982372,
        "variations": {
          "polar": 0.7748135008162235,
          "spherical": 0.6740586590969144
        }
      },
      {
        "a": 0.2821108656778777,
        "b": -0.6672283131741974,
        "c": -0.6374841977378765,
        "d": -0.2515245495089866,
        "e": -0.7361070073826137,
        "f": 0.9199587927656783,
        "color": 0.3894129503226569,
        "weight": 0.8899484391315552,
        "variations": {
          "spherical": 0.27513907740430665,
          "sinusoidal": 0.5015778881746129
        }
      }
    ],
    "num_points": 2343005,
    "gamma": 2.210887736734727,
    "brightness": 1.2,
    "hue_rotation": 87.51679426864872
  }
}