{
  "seed": "7905abe5-8ee3-4e68-beed-b32bc399a442",
  "params": {
    "transforms": [
      {
        "a": 0.40713764271411934,
        "b": -0.5408197331421365,
        "c": -0.16136950959271767,
        "d": -0.4895525712118729,
        "e": 0.8503568828761812,
        "f": 0.7258465361213657,
        "color": 0.49917116095202174,
        "weight": 0.666844349575888,
        "variations": {
          "swirl": 0.9100855608054194,
          "sinusoidal": 0.31431052323488495,
          "heart": 0.4111990361497251
        }
      },
      {
        "a": -0.13133582224609008,
        "b": -0.6959776419953028,
        "c": -0.3664720772927581,
        "d": 0.45569203922339874,
        "e": 0.35809348540950414,
        "f": 1.2001480790274899,
        "color": 0.5321781213658765,
        "weight": 0.6520029782417122,
        "variations": {
          "swirl": 0.6909349028132209,
          "polar": 0.0752250284253585,
          "sinusoidal": 0.5492102690797729
        }
      }
    ],
    "num_points": 1945068,
    "gamma": 2.234284396582044,
    "brightness": 1.2,
    "hue_rotation": 254.49488241898007
  }
}