{
  "seed": "c5b61445-a0c8-40ea-a32b-b6733bb248eb",
  "params": {
    "transforms": [
      {
        "a": -0.9303680645454857,
        "b": -0.9343000471759402,
        "c": -0.37643664384342124,
        "d": -0.04343346144740634,
        "e": 0.2718066842397273,
        "f": 1.4498049812165759,
        "color": 0.7588355206061934,
        "weight": 0.7367256350423791,
        "variations": {
          "spherical": 0.3978194188124775,
          "heart": 0.5860399349544636
        }
      },
      {
        "a": 0.9260278465642813,
        "b": -0.5911338574171143,
        "c": -0.740368273266722,
        "d": -0.6972569366467458,
        "e": 1.4238959840403558,
        "f": 1.0607124402792958,
        "color": 0.9125539116599365,
        "weight": 0.9398067841838474,
        "variations": {
          "spherical": 0.24228884724153077,
          "sinusoidal": 0.7856918968829895,
          "polar": 0.5545536425809763
        }
      },
      {
        "a": 0.6918308370215807,
        "b": -0.26241863627153483,
        "c": -0.8812357123851038,
        "d": 0.6318564683665941,
        "e": -1.1358274974584548,
        "f": -1.1019614117170091,
        "color": 0.13867211836092264,
        "weight": 0.4039895761465446,
        "variations": {
          "linear": 0.38325002511318984
        }
      },
      {
        "a": 0.2736723208092775,
        "b": 0.4963716371360274,
        "c": 0.2996492160990225,
        "d": -0.49461839443606137,
        "e": 1.2713602813843647,
        "f": 1.4019916752177015,
        "color": 0.308083061491204,
        "weight": 0.20653166512738202,
        "variations": {
          "polar": 0.03750564900126796,
          "heart": 0.28090686335909687,
          "spherical": 0.6983610812175841
        }
      }
    ],
    "num_points": 1326271,
    "gamma": 1.8479027870261842,
    "brightness": 1.2,
    "hue_rotation": 160.30021353699405
  }
}