{
  "seed": "f9109dd9-6daa-4208-ae13-3851ea802818-626",
  "parameters": {
    "num_transforms": 3,
    "transforms": [
      {
        "a": 1.4695184756611823,
        "b": 1.405778639121933,
        "c": -0.727491429097149,
        "d": 1.454305980302284,
        "e": 0.32121139830358225,
        "f": -0.6465342846867357,
        "color": 0.2794063123501085,
        "variations": {
          "swirl": 0.0,
          "disc": 0.26013250100516505
        },
        "weight": 0.8982909548933453
      },
      {
        "a": 1.3770951867424661,
        "b": -0.281880705616097,
        "c": 0.4332253142112201,
        "d": 0.6818718283909062,
        "e": 1.422633113386635,
        "f": 1.494042267887243,
        "color": 0.13762964723889837,
        "variations": {
          "hyperbolic": 0.5054461532613977,
          "heart": 0.0,
          "handkerchief": 0.8092418341823113
        },
        "weight": 1.5691014948723772
      },
      {
        "a": -0.8968088719796691,
        "b": -1.0589525079530702,
        "c": -0.058564025103844175,
        "d": 1.4057774271248324,
        "e": -1.3353557234395155,
        "f": 0.07706607770418716,
        "color": 0.474038002582824,
        "variations": {
          "horseshoe": 0.6734977844966246,
          "heart": 0.1107511291939749
        },
        "weight": 1.5713341381014825
      }
    ],
    "num_points": 4692465,
    "gamma": 2.0629758517758914,
    "brightness": 1.632137231777036,
    "contrast": 0.9996359644460195,
    "hue_rotation": 217.88020578489432
  }
}