{
  "seed": "cde02e88-75ec-4f12-8386-50cd31612f1a",
  "params": {
    "transforms": [
      {
        "a": -0.8861614718531357,
        "b": 0.5379193724526363,
        "c": 0.8350844494723344,
        "d": 0.5247985379547289,
        "e": 1.407663190375088,
        "f": -0.8269073098508142,
        "color": 0.4372398062257904,
        "weight": 0.28892731416886464,
        "variations": {
          "polar": 0.41896220257084893,
          "linear": 0.2356178699353415
        }
      },
      {
        "a": -0.5739239039171466,
        "b": -0.9473322372503974,
        "c": 0.8442080312479541,
        "d": -0.6573218666092409,
        "e": 0.7895682590444189,
        "f": 0.6418398422279399,
        "color": 0.27825370159650553,
        "weight": 0.8925525155700568,
        "variations": {
          "spherical": 0.6433526668463707,
          "sinusoidal": 0.1012760885680487,
          "heart": 0.962089395472058
        }
      },
      {
        "a": 0.3777941037357486,
        "b": 0.4951924424635339,
        "c": 0.41966621636892176,
        "d": 0.7509354981104059,
        "e": 1.1189381040461734,
        "f": -0.20600567245385526,
        "color": 0.7034666693047024,
        "weight": 0.9733279322854611,
        "variations": {
          "sinusoidal": 0.5703806012388847
        }
      },
      {
        "a": 0.2544777545310324,
        "b": -0.9554508987149843,
        "c": 0.29155066692225007,
        "d": -0.9178292681639453,
        "e": 0.6596727488798599,
        "f": 0.6640604693339567,
        "color": 0.9683550427285675,
        "weight": 0.7503147312216998,
        "variations": {
          "linear": 0.5366679854078852,
          "spherical": 0.5824976303837271
        }
      }
    ],
    "num_points": 1467170,
    "gamma": 1.954751317365876,
    "brightness": 1.2,
    "hue_rotation": 34.6511533936909
  }
}