{
  "seed": "01b29f33-db55-483b-bab6-5b0f79b914a6",
  "params": {
    "transforms": [
      {
        "a": 0.6959089795643525,
        "b": 0.14712946983349617,
        "c": 0.5299352941634072,
        "d": 0.6308876147601055,
        "e": -0.2071863708662416,
        "f": 0.6864973716585219,
        "color": 0.04413265313555792,
        "weight": 0.4493371769239486,
        "variations": {
          "linear": 0.4781354782482359,
          "spherical": 0.6960517685916833
        }
      },
      {
        "a": 0.4215225884461058,
        "b": -0.2250375379380134,
        "c": -0.2856313709410867,
        "d": -0.7661099315209243,
        "e": -1.1347925491757604,
        "f": 1.2297733540897369,
        "color": 0.21423986441525922,
        "weight": 0.8922846659462862,
        "variations": {
          "heart": 0.1514501752043932,
          "linear": 0.49494214023639727
        }
      },
      {
        "a": -0.2959402098734414,
        "b": 0.6040705535143838,
        "c": 0.5900984567765424,
        "d": -0.013848410998450689,
        "e": 1.122455254832734,
        "f": -0.8313137297532524,
        "color": 0.6053039624728148,
        "weight": 0.4086923473198749,
        "variations": {
          "linear": 0.4517296525107165,
          "polar": 0.6259378256888203,
          "swirl": 0.7076002174701443
        }
      }
    ],
    "num_points": 2371949,
    "gamma": 1.9666545337717471,
    "brightness": 1.2,
    "hue_rotation": 124.02198706702737
  }
}