{
  "seed": "e1812567-0806-46f3-9160-237061708eb6",
  "params": {
    "transforms": [
      {
        "a": 0.9062507911699589,
        "b": -0.8553014001469663,
        "c": 0.2169662704363997,
        "d": -0.05432193739041491,
        "e": -0.6463258175955405,
        "f": -0.026290864715768025,
        "color": 0.6771960046719636,
        "weight": 0.18016898958034439,
        "variations": {
          "polar": 0.7070687798314983,
          "sinusoidal": 0.6505002017592783
        }
      },
      {
        "a": -0.06361515286992092,
        "b": 0.9979770817986873,
        "c": 0.04330293655343875,
        "d": -0.8241869383073779,
        "e": 0.23459938618773624,
        "f": 0.9572177916034201,
        "color": 0.9939794567447167,
        "weight": 0.941051190737388,
        "variations": {
          "linear": 0.18886086776268884
        }
      },
      {
        "a": -0.41151185095582976,
        "b": 0.7837135823114838,
        "c": 0.9530554874450947,
        "d": 0.5751591047331623,
        "e": 1.377575879689207,
        "f": -0.20374945019982915,
        "color": 0.7471376546756235,
        "weight": 0.48345434391118514,
        "variations": {
          "spherical": 0.6067637063069276,
          "polar": 0.19782572860926817
        }
      },
      {
        "a": 0.6540767255653874,
        "b": 0.5088884930894948,
        "c": -0.6237054024932671,
        "d": 0.7114944228757665,
        "e": 1.499162359461855,
        "f": -1.2919199976153757,
        "color": 0.5609266265214748,
        "weight": 0.14916518257987418,
        "variations": {
          "swirl": 0.8406497156700826,
          "sinusoidal": 0.48034923507500626,
          "polar": 0.5906847404682262
        }
      }
    ],
    "num_points": 2315276,
    "gamma": 1.8522753143954578,
    "brightness": 1.2,
    "hue_rotation": 220.49655745549433
  }
}