{
  "seed": "b8a9e3ed-2cf2-40a1-a20e-0c43effa0e9f-241",
  "parameters": {
    "num_transforms": 4,
    "transforms": [
      {
        "a": -1.2593139634626982,
        "b": -0.7014143354575071,
        "c": -1.4548757551923681,
        "d": -1.3363382855848365,
        "e": -1.211300889712407,
        "f": 1.2873577535480845,
        "color": 0.16880977624372695,
        "variations": {
          "heart": 0.7535309334817041,
          "spiral": 0.0
        },
        "weight": 0.5555304198430453
      },
      {
        "a": -1.1134040591020375,
        "b": -0.9979861869645549,
        "c": -1.3527775653916718,
        "d": -1.0650932685980288,
        "e": -1.004016372358962,
        "f": 1.29162744167692,
        "color": 0.736141491860201,
        "variations": {
          "disc": 0.8073154315671487,
          "linear": 0.4106309827034095,
          "swirl": 0.32412125804062775,
          "heart": 0.0
        },
        "weight": 0.9270728314581478
      },
      {
        "a": 0.19932041311496462,
        "b": 1.1304356566253482,
        "c": 0.9218469089874284,
        "d": 0.5077432449580224,
        "e": 0.7256657522060368,
        "f": -0.35702352638291845,
        "color": 0.9195473163438992,
        "variations": {
          "sinusoidal": 0.3440127460290693,
          "handkerchief": 0.8996631903714819
        },
        "weight": 1.3389529250752132
      },
      {
        "a": -1.3080573968255742,
        "b": -0.7538362406179039,
        "c": 1.4788105514767649,
        "d": 0.03179287173411027,
        "e": 0.3155815304774068,
        "f": 1.0382344150882408,
        "color": 0.4207735035033242,
        "variations": {
          "linear": 0.0,
          "handkerchief": 0.5204711771661906
        },
        "weight": 0.7338691009543294
      }
    ],
    "num_points": 2477522,
    "gamma": 2.870490460720819,
    "brightness": 1.3586343743211302,
    "contrast": 0.9314569950138999,
    "hue_rotation": 201.20535046404774
  }
}