{
  "seed": "5f0baa1d-3a63-4e61-b67d-aeaae51198b6",
  "params": {
    "transforms": [
      {
        "a": -0.6214142564163574,
        "b": 0.6235765996472591,
        "c": -0.4486647271456625,
        "d": -0.3167317151630542,
        "e": 1.1996283470888325,
        "f": 1.0437607023016238,
        "color": 0.0697321259862298,
        "weight": 0.10068469535400307,
        "variations": {
          "polar": 0.7926596549852375,
          "linear": 0.8311240994915163
        }
      },
      {
        "a": 0.3258147217330345,
        "b": 0.2349090204619786,
        "c": 0.7596614050779378,
        "d": 0.9998622864470497,
        "e": -1.0300961101537922,
        "f": 0.9315679235440175,
        "color": 0.1838955784496772,
        "weight": 0.14442074973343577,
        "variations": {
          "spherical": 0.0676072058150261
        }
      },
      {
        "a": 0.9566282963156842,
        "b": -0.023550978638777087,
        "c": -0.28316653716209994,
        "d": -0.8425220404974916,
        "e": -1.0803324867324917,
        "f": 1.0453007201157183,
        "color": 0.7344537018469721,
        "weight": 0.23824982844431988,
        "variations": {
          "sinusoidal": 0.30149219374770664
        }
      },
      {
        "a": 0.5020379456886142,
        "b": -0.4701200906360232,
        "c": 0.8647128999772318,
        "d": 0.31931979077157235,
        "e": 0.7811830913391273,
        "f": 1.2609129353179265,
        "color": 0.7054343737408982,
        "weight": 0.19660502505015334,
        "variations": {
          "spherical": 0.15238149567077808
        }
      }
    ],
    "num_points": 2576058,
    "gamma": 1.8476986122621382,
    "brightness": 1.2,
    "hue_rotation": 0.3041210788894677
  }
}