{
  "seed": "ef163a6d-3ea8-459b-89d4-acf6d6098c97",
  "params": {
    "transforms": [
      {
        "a": 0.5693709160944056,
        "b": -0.18894638997959468,
        "c": 0.628229586605511,
        "d": -0.5579890009039585,
        "e": -1.0970772989703965,
        "f": 1.376600895817687,
        "color": 0.7364525803236547,
        "weight": 0.7971601375413688,
        "variations": {
          "linear": 0.2669736242116444
        }
      },
      {
        "a": -0.8978486531720209,
        "b": -0.6034470263523983,
        "c": 0.26254540028006934,
        "d": -0.6927168697480213,
        "e": 0.4919977761445251,
        "f": -0.2432934049009683,
        "color": 0.2654980216773597,
        "weight": 0.14202400351383157,
        "variations": {
          "polar": 0.523081908905285
        }
      },
      {
        "a": 0.3624150750894217,
        "b": 0.8897477997095975,
        "c": 0.9776997207369997,
        "d": 0.4410787175168107,
        "e": 1.0918423113233433,
        "f": 0.6894981622047136,
        "color": 0.6769577188355954,
        "weight": 0.8943874524261641,
        "variations": {
          "swirl": 0.48479128285626705,
          "sinusoidal": 0.1370121631880381
        }
      },
      {
        "a": -0.3328383562273598,
        "b": 0.24883050972445875,
        "c": -0.5136756595163217,
        "d": 0.8137366322997746,
        "e": 1.136518025750421,
        "f": 1.0673861698153835,
        "color": 0.2915934157147626,
        "weight": 0.6999945173894102,
        "variations": {
          "swirl": 0.18978210268909157,
          "spherical": 0.4592944780898005,
          "heart": 0.7793582547867162
        }
      }
    ],
    "num_points": 2800191,
    "gamma": 1.8486976354798976,
    "brightness": 1.2,
    "hue_rotation": 310.03613186611466
  }
}