{
  "seed": "9c36f4fc-3aed-487d-a12b-af4e5456ddef",
  "params": {
    "transforms": [
      {
        "a": -0.6728747665093608,
        "b": -0.1224408741327685,
        "c": -0.711257724350761,
        "d": -0.6710521451458691,
        "e": 1.0226440866438309,
        "f": -0.9032829446762535,
        "color": 0.466630714263201,
        "weight": 0.536031284885608,
        "variations": {
          "sinusoidal": 0.32205139289713347
        }
      },
      {
        "a": 0.2248533706382061,
        "b": 0.7024037251707076,
        "c": -0.05143461005890426,
        "d": -0.32608913892752245,
        "e": 0.005690659001550191,
        "f": -1.497394121849016,
        "color": 0.1286041265196537,
        "weight": 0.8545438344836944,
        "variations": {
          "spherical": 0.6046497760341996
        }
      },
      {
        "a": -0.11186827686989775,
        "b": -0.5270105728216727,
        "c": 0.5929746114290615,
        "d": 0.09995725890809881,
        "e": 0.05275284706245431,
        "f": 1.0673441735122822,
        "color": 0.46257143487047203,
        "weight": 0.713772585704835,
        "variations": {
          "swirl": 0.8310342457814718,
          "polar": 0.17551402092350143
        }
      }
    ],
    "num_points": 2567031,
    "gamma": 1.858845105342478,
    "brightness": 1.2,
    "hue_rotation": 333.7415830931901
  }
}