{
  "seed": "209b67aa-cafc-4c4a-8e6a-21f1c1702d4e",
  "params": {
    "transforms": [
      {
        "a": 0.8385420787024418,
        "b": 0.5917339296465873,
        "c": 0.2392025919738774,
        "d": -0.471769257253819,
        "e": -0.23893160581437156,
        "f": -1.4247948511771367,
        "color": 0.4499461970755291,
        "weight": 0.31638680832074884,
        "variations": {
          "swirl": 0.7895268821333806
        }
      },
      {
        "a": -0.41257297348125266,
        "b": -0.3970683614559125,
        "c": 0.1935023045635913,
        "d": -0.25935130956516184,
        "e": 0.29466215586924904,
        "f": -0.5763634869707547,
        "color": 0.7348877865914664,
        "weight": 0.6577981246090246,
        "variations": {
          "spherical": 0.8345025019087031,
          "polar": 0.037128364084008436,
          "linear": 0.25370006517886734
        }
      },
      {
        "a": -0.3274245234103119,
        "b": 0.44384090702089374,
        "c": 0.9020761955365058,
        "d": 0.0997860513229063,
        "e": -0.07970954842275768,
        "f": 0.4789104859480755,
        "color": 0.873443078340029,
        "weight": 0.7999073960778569,
        "variations": {
          "swirl": 0.7100280918876423
        }
      }
    ],
    "num_points": 1486468,
    "gamma": 2.158745834251947,
    "brightness": 1.2,
    "hue_rotation": 178.12679890303173
  }
}