{
  "seed": "fc54e07c-a309-4ad9-b1e0-e8fe7411b66d",
  "params": {
    "transforms": [
      {
        "a": 0.990671623663572,
        "b": 0.9663521598489639,
        "c": 0.5373301875800043,
        "d": -0.7023586239263488,
        "e": -1.1569796935536192,
        "f": -1.3453312666866342,
        "color": 0.030371820909800284,
        "weight": 0.4405538091368282,
        "variations": {
          "sinusoidal": 0.319368825264562
        }
      },
      {
        "a": -0.8073922137064462,
        "b": 0.6188121550877197,
        "c": 0.9905627609350103,
        "d": -0.9452034343967894,
        "e": 0.7896098894519996,
        "f": 1.2715788207781245,
        "color": 0.7498760530670385,
        "weight": 0.3527163684150302,
        "variations": {
          "sinusoidal": 0.1351108760543278
        }
      }
    ],
    "num_points": 1107004,
    "gamma": 2.3004754214735517,
    "brightness": 1.2,
    "hue_rotation": 245.88184798259596
  }
}