{
  "seed": "18952844-c0a9-4ce7-acf3-7c4266417bce",
  "params": {
    "transforms": [
      {
        "a": -0.8088661113529239,
        "b": 0.12362218217732335,
        "c": 0.6026309274026058,
        "d": 0.440696619481588,
        "e": 1.425938193333399,
        "f": 0.6709306572984293,
        "color": 0.14188334840498862,
        "weight": 0.4944127682586119,
        "variations": {
          "sinusoidal": 0.1337759397117827,
          "polar": 0.10091158768196762
        }
      },
      {
        "a": 0.810092881076673,
        "b": 0.3951407568356389,
        "c": -0.18151838043478108,
        "d": -0.3299516723909621,
        "e": -1.210779766335687,
        "f": 0.31782990996213134,
        "color": 0.1892055067356937,
        "weight": 0.24327375196395487,
        "variations": {
          "spherical": 0.35592305311749195,
          "heart": 0.5095946145063661
        }
      },
      {
        "a": -0.7902079806906182,
        "b": -0.8671888054916232,
        "c": 0.5819819149193595,
        "d": 0.27078847402027795,
        "e": -0.4887945466800496,
        "f": -0.6288282354190186,
        "color": 0.44910534372787403,
        "weight": 0.5579799935980085,
        "variations": {
          "polar": 0.16747721100159618
        }
      },
      {
        "a": -0.46004179563152214,
        "b": -0.9854865586328907,
        "c": -0.7095062396998479,
        "d": 0.6967686026630058,
        "e": 0.0037492830715422087,
        "f": -0.3151961743327547,
        "color": 0.6713632796244999,
        "weight": 0.953329325023088,
        "variations": {
          "sinusoidal": 0.4748324716982747,
          "polar": 0.167089755897454
        }
      }
    ],
    "num_points": 1926608,
    "gamma": 1.8910722726325617,
    "brightness": 1.2,
    "hue_rotation": 154.91169018267712
  }
}