{
  "seed": "3ce91e07-6199-4795-a985-360a59e259d3",
  "params": {
    "transforms": [
      {
        "a": -0.006383421271243694,
        "b": -0.20531426887214765,
        "c": -0.51624571644984,
        "d": -0.16017548373393176,
        "e": -0.14957575195195183,
        "f": -1.307193240068718,
        "color": 0.9285750167698203,
        "weight": 0.40058255487704253,
        "variations": {
          "linear": 0.7820283872282602
        }
      },
      {
        "a": 0.5121110495023216,
        "b": 0.8073793142764965,
        "c": -0.7627559735155545,
        "d": 0.4390153057885,
        "e": -1.1600162846989162,
        "f": -0.626793953906981,
        "color": 0.6237381933229564,
        "weight": 0.4875664117528099,
        "variations": {
          "heart": 0.9368434227738601
        }
      },
      {
        "a": -0.5894864987675776,
        "b": 0.9921004194081497,
        "c": -0.13311021449751226,
        "d": -0.6010569539755577,
        "e": 1.3062170308711587,
        "f": -0.8893237462196629,
        "color": 0.9567471211536364,
        "weight": 0.29153995282460166,
        "variations": {
          "heart": 0.28463644556595813,
          "swirl": 0.8646990283351346
        }
      }
    ],
    "num_points": 2662327,
    "gamma": 2.4010489373970083,
    "brightness": 1.2,
    "hue_rotation": 322.60606609435
  }
}