{
  "seed": "f3a873f0-3516-4ab7-9988-26eb3ea049a6",
  "params": {
    "transforms": [
      {
        "a": 0.27085646319685575,
        "b": -0.5728919212920591,
        "c": 0.08019015724507361,
        "d": 0.11648032007681275,
        "e": 0.4343698884161584,
        "f": 0.08033077346518169,
        "color": 0.41243687768379556,
        "weight": 0.14581687553276268,
        "variations": {
          "spherical": 0.7464270495689159,
          "polar": 0.5690998073753477,
          "heart": 0.7458581218946754
        }
      },
      {
        "a": -0.6234711113766005,
        "b": 0.5161321554229665,
        "c": 0.39627782249291865,
        "d": 0.2570029239119198,
        "e": -0.9638280810494635,
        "f": 0.7913479773997953,
        "color": 0.9346630838895217,
        "weight": 0.207515881458112,
        "variations": {
          "heart": 0.3827957434612337,
          "swirl": 0.8687322051668983
        }
      }
    ],
    "num_points": 1259481,
    "gamma": 1.817266070727999,
    "brightness": 1.2,
    "hue_rotation": 146.82210746988895
  }
}