{
  "seed": "3c2bf48f-ac17-49d1-91a2-76e269bcad55",
  "params": {
    "transforms": [
      {
        "a": 0.014637462274213586,
        "b": -0.0045230402907807665,
        "c": -0.20923100564709696,
        "d": 0.31790990033884436,
        "e": -0.9404689698723356,
        "f": -0.8951551192213435,
        "color": 0.7064000026958933,
        "weight": 0.9164964126192072,
        "variations": {
          "sinusoidal": 0.6814188213986162
        }
      },
      {
        "a": -0.618805540193438,
        "b": 0.9058502710811283,
        "c": 0.42334619887062375,
        "d": -0.9159757140946863,
        "e": 0.3390594525759403,
        "f": -1.4890151672575942,
        "color": 0.06685615222578323,
        "weight": 0.16126004840087965,
        "variations": {
          "sinusoidal": 0.6650741834838316,
          "polar": 0.738314523940886,
          "spherical": 0.451169982109747
        }
      }
    ],
    "num_points": 1092679,
    "gamma": 2.075621340100475,
    "brightness": 1.2,
    "hue_rotation": 18.908427624018845
  }
}