{
  "seed": "ee115f9c-6e18-44fa-8801-079e0ecec9a7",
  "params": {
    "transforms": [
      {
        "a": 0.40526603128860317,
        "b": -0.02673122751674839,
        "c": -0.1972442240383916,
        "d": 0.6882281084162813,
        "e": 0.04917307913594238,
        "f": 0.830420666821591,
        "color": 0.5789282825318146,
        "weight": 0.20393702658005772,
        "variations": {
          "heart": 0.5646987023143536
        }
      },
      {
        "a": -0.729048948767077,
        "b": -0.7371290765884686,
        "c": -0.7514206615029382,
        "d": 0.5334758180198087,
        "e": 1.1217143028101106,
        "f": -0.6532187576472132,
        "color": 0.6695985876617137,
        "weight": 0.16386865730739436,
        "variations": {
          "polar": 0.4092366598455349,
          "heart": 0.6829993635081303
        }
      },
      {
        "a": -0.7488856291873747,
        "b": 0.84047341381864,
        "c": -0.9935571312061879,
        "d": -0.9648790259642146,
        "e": 1.2658825241323046,
        "f": -1.0570496497056738,
        "color": 0.5979866308540628,
        "weight": 0.1670113399396364,
        "variations": {
          "spherical": 0.22523440870521672,
          "sinusoidal": 0.5962046050277783,
          "polar": 0.787915974389125
        }
      },
      {
        "a": 0.165954355431863,
        "b": -0.19253351260427642,
        "c": 0.46523092313008085,
        "d": -0.022450376248218662,
        "e": -0.516485553985596,
        "f": -0.353958307825498,
        "color": 0.7372619290653686,
        "weight": 0.30865692687377766,
        "variations": {
          "spherical": 0.4617452942382516,
          "linear": 0.9291480586237105,
          "heart": 0.9227818686758317
        }
      }
    ],
    "num_points": 2609542,
    "gamma": 2.3463247963256006,
    "brightness": 1.2,
    "hue_rotation": 163.02072598896956
  }
}