{
  "seed": "85ac3519-842d-4abe-9ef3-a34f88fd6f5b",
  "params": {
    "transforms": [
      {
        "a": 0.6426977984241966,
        "b": 0.3632306509044725,
        "c": 0.057950314321758345,
        "d": -0.6839649259899987,
        "e": -1.087471236980987,
        "f": 0.5356761749738812,
        "color": 0.5985213532035776,
        "weight": 0.507365954896913,
        "variations": {
          "swirl": 0.9741445474111733,
          "spherical": 0.8952609483482424
        }
      },
      {
        "a": -0.6949206132865338,
        "b": -0.9671024997741193,
        "c": -0.30855020687075085,
        "d": 0.6005936368581257,
        "e": 1.010238506970166,
        "f": -0.1021272369677475,
        "color": 0.31564953417974984,
        "weight": 0.2751850582234151,
        "variations": {
          "heart": 0.4073527552495948,
          "sinusoidal": 0.6291591278392543
        }
      },
      {
        "a": 0.4828968702495091,
        "b": 0.28900351026453364,
        "c": 0.20096934712832293,
        "d": -0.3183696769020916,
        "e": 1.150942929844216,
        "f": -0.6056992965444434,
        "color": 0.8782804674526823,
        "weight": 0.5183482684751055,
        "variations": {
          "linear": 0.920013875214728
        }
      }
    ],
    "num_points": 2010714,
    "gamma": 2.11829981411534,
    "brightness": 1.2,
    "hue_rotation": 172.2416499792682
  }
}