{
  "seed": "a55f86ed-cd2f-401f-9b09-eb1a58499e5d",
  "params": {
    "transforms": [
      {
        "a": 0.012808991037187134,
        "b": 0.5808877580723693,
        "c": -0.8768334763424399,
        "d": -0.6211194166120864,
        "e": -0.017276761362223336,
        "f": -0.666053249693326,
        "color": 0.43062677084383205,
        "weight": 0.8923022614527099,
        "variations": {
          "polar": 0.8928681357857533,
          "heart": 0.3464791040777785
        }
      },
      {
        "a": -0.2826993604838901,
        "b": 0.9952247965692704,
        "c": -0.3879155969943471,
        "d": 0.492403473216279,
        "e": 1.2825146419691844,
        "f": 0.8789286424726823,
        "color": 0.2956583161647752,
        "weight": 0.7579063671452524,
        "variations": {
          "heart": 0.9697381282158262,
          "spherical": 0.5877765392473904,
          "linear": 0.4421234255943014
        }
      },
      {
        "a": 0.7294170224154004,
        "b": 0.7260362237461344,
        "c": -0.15011409791603136,
        "d": -0.620857589105761,
        "e": -0.25297596143219625,
        "f": 0.1137785045902242,
        "color": 0.4726557145626539,
        "weight": 0.8894831593780353,
        "variations": {
          "swirl": 0.9530535941380809,
          "sinusoidal": 0.049206300700278205,
          "polar": 0.006278975520263463
        }
      }
    ],
    "num_points": 2534848,
    "gamma": 2.1826974941326878,
    "brightness": 1.2,
    "hue_rotation": 234.95760212738924
  }
}