{
  "seed": "da935d1f-bebf-47e1-8230-0d6ff07d3211",
  "params": {
    "transforms": [
      {
        "a": -0.37500593531757453,
        "b": -0.35677704931299026,
        "c": -0.7520273713787771,
        "d": -0.4892881755868017,
        "e": 0.38965410108306386,
        "f": 0.692632035360675,
        "color": 0.9334967889322121,
        "weight": 0.4878568498738036,
        "variations": {
          "swirl": 0.14339452443223089,
          "heart": 0.14251547024332156
        }
      },
      {
        "a": -0.15202906240424596,
        "b": 0.4955764591950118,
        "c": -0.19398641164236108,
        "d": -0.01674409934975074,
        "e": 0.8996990997530352,
        "f": 0.9619022904587764,
        "color": 0.827165637099875,
        "weight": 0.17000569353269418,
        "variations": {
          "heart": 0.852756367565164,
          "swirl": 0.1702667088058759
        }
      },
      {
        "a": 0.4443330685437963,
        "b": -0.6775857334778905,
        "c": -0.185747492776567,
        "d": -0.9580664810650859,
        "e": -0.9202358419660953,
        "f": -0.9924507169490514,
        "color": 0.2664439396126813,
        "weight": 0.9244119122874518,
        "variations": {
          "spherical": 0.7581511102688676
        }
      }
    ],
    "num_points": 1412017,
    "gamma": 2.23127255772678,
    "brightness": 1.2,
    "hue_rotation": 22.880035881608457
  }
}