{
  "seed": "446cc0e6-152a-4fd6-a4a9-1326feb84a42",
  "params": {
    "transforms": [
      {
        "a": 0.22034648502308674,
        "b": -0.3961354898026568,
        "c": -0.4622420568703378,
        "d": -0.31738051028710323,
        "e": -0.4825364672158594,
        "f": 0.2526635960537331,
        "color": 0.5324337926962751,
        "weight": 0.8966359202551738,
        "variations": {
          "linear": 0.936727127381,
          "swirl": 0.7830295604631666,
          "spherical": 0.250880294779835
        }
      },
      {
        "a": -0.17156475312225017,
        "b": -0.5965401254068252,
        "c": -0.10290132535649232,
        "d": 0.7900873355474844,
        "e": -0.020196925118214804,
        "f": -0.8185908081406771,
        "color": 0.6307900375855818,
        "weight": 0.6085232253370947,
        "variations": {
          "swirl": 0.8736932243818082,
          "heart": 0.22454126042788092,
          "linear": 0.8533553004850538
        }
      },
      {
        "a": -0.00031225435910520183,
        "b": -0.4606492721708819,
        "c": 0.43719123686553507,
        "d": 0.6275566081607298,
        "e": 0.0768028634095217,
        "f": 1.0996996959165442,
        "color": 0.07294641570619609,
        "weight": 0.9303788245719296,
        "variations": {
          "polar": 0.6183437272623935,
          "heart": 0.20567450103054485,
          "sinusoidal": 0.21898730421482104
        }
      }
    ],
    "num_points": 2781927,
    "gamma": 2.0810847327356434,
    "brightness": 1.2,
    "hue_rotation": 149.82690719293151
  }
}