{
  "seed": "0157fdb8-52e1-4664-be20-600ae9a66792",
  "params": {
    "transforms": [
      {
        "a": 0.3855678686788957,
        "b": 0.5428688393016206,
        "c": -0.32318634489378795,
        "d": 0.06505596648489842,
        "e": -0.9491753159790908,
        "f": -1.1646403677908626,
        "color": 0.08468986906527498,
        "weight": 0.5503182390723257,
        "variations": {
          "spherical": 0.69596363118299
        }
      },
      {
        "a": -0.7519711988091526,
        "b": 0.9551796718897909,
        "c": -0.39509822826764274,
        "d": -0.9501875288766366,
        "e": -0.5745090992182635,
        "f": 0.36753457906072384,
        "color": 0.4270278166696001,
        "weight": 0.2865842208397794,
        "variations": {
          "spherical": 0.6611181929683727,
          "polar": 0.8257330612583806,
          "sinusoidal": 0.933648468116389
        }
      },
      {
        "a": 0.8897645992561583,
        "b": 0.8911462380438895,
        "c": -0.6933908862353604,
        "d": 0.6152493416627798,
        "e": 1.4576430495745853,
        "f": 1.043566631734603,
        "color": 0.12776313059599687,
        "weight": 0.5646081529040219,
        "variations": {
          "polar": 0.031644410563575254
        }
      }
    ],
    "num_points": 2347434,
    "gamma": 2.307365397687074,
    "brightness": 1.2,
    "hue_rotation": 328.28339701736246
  }
}