{
  "seed": "2a4bb163-84a5-41e6-8f6f-bea78eddef13-608",
  "parameters": {
    "num_transforms": 3,
    "transforms": [
      {
        "a": 0.4705339973877485,
        "b": 1.0189841299469382,
        "c": 0.8784529172131763,
        "d": 1.2779841312708102,
        "e": -0.10206039465692696,
        "f": -0.7983564794674862,
        "color": 0.8267770298347595,
        "variations": {
          "linear": 0.0,
          "hyperbolic": 0.07410906718556987,
          "heart": 0.9868907270768856
        },
        "weight": 1.7400162454484047
      },
      {
        "a": -0.042227251060501736,
        "b": -0.5712859337208845,
        "c": -0.43866336438754683,
        "d": 0.5285904186388115,
        "e": -0.18144229587945127,
        "f": -0.7331491961781771,
        "color": 0.47445015168112525,
        "variations": {
          "polar": 0.16076278947663813,
          "hyperbolic": 0.0,
          "spherical": 0.0
        },
        "weight": 1.1324915091127503
      },
      {
        "a": 0.46129908330166924,
        "b": -0.7422323834518949,
        "c": 0.5138108471697111,
        "d": -1.3104952733772688,
        "e": -0.900515411218617,
        "f": -1.477570616807109,
        "color": 0.8869356528016001,
        "variations": {
          "swirl": 0.5160656052951422,
          "polar": 0.23801693618729636,
          "disc": 0.0
        },
        "weight": 1.930360106168358
      }
    ],
    "num_points": 1186835,
    "gamma": 2.8627197753666866,
    "brightness": 1.3875488898032544,
    "contrast": 1.5516697560825907,
    "hue_rotation": 20.547735542172884
  }
}