{
  "seed": "5f2cd351-fd49-4226-bb54-0d4cd42ac361",
  "params": {
    "transforms": [
      {
        "a": 0.7864163846096461,
        "b": 0.23885185687470378,
        "c": 0.666962847443425,
        "d": 0.9297137239612896,
        "e": 1.3838323636990184,
        "f": -0.26213425727611606,
        "color": 0.25237775869701773,
        "weight": 0.2077048023762455,
        "variations": {
          "spherical": 0.875471724280737
        }
      },
      {
        "a": 0.07899100029864625,
        "b": -0.7442716385952715,
        "c": 0.6127322579010035,
        "d": -0.606205578151988,
        "e": 0.40929557753884005,
        "f": -0.08707077769364036,
        "color": 0.4316703471309995,
        "weight": 0.34442029226988263,
        "variations": {
          "swirl": 0.697871155470409,
          "spherical": 0.7845952020416891,
          "sinusoidal": 0.1301400667271222
        }
      }
    ],
    "num_points": 2873434,
    "gamma": 1.8175921062859308,
    "brightness": 1.2,
    "hue_rotation": 52.36304309295452
  }
}