{
  "seed": "df5f4cee-5f6e-4476-aa56-1e4bc9e9613f-184",
  "parameters": {
    "num_transforms": 3,
    "transforms": [
      {
        "a": -0.8226319070480713,
        "b": 0.30022906758656065,
        "c": -0.48604427791462657,
        "d": -0.0464069720184086,
        "e": -0.16234034527472518,
        "f": 0.5081931426642212,
        "color": 0.09599886573902139,
        "variations": {
          "sinusoidal": 0.3047470739269912,
          "spiral": 0.9901712018836235
        },
        "weight": 1.825109688860841
      },
      {
        "a": -1.2949243659564178,
        "b": -1.3500253227441865,
        "c": 1.2451614994481979,
        "d": -1.256994318010058,
        "e": 1.2815691645852834,
        "f": 0.9389738297868644,
        "color": 0.03666345281970396,
        "variations": {
          "handkerchief": 0.4198850270914396,
          "polar": 0.0,
          "sinusoidal": 0.9380263606444551,
          "swirl": 0.24025520201959905
        },
        "weight": 1.1077487704893771
      },
      {
        "a": 0.03966192965413473,
        "b": 0.9004381094568785,
        "c": -0.32997448382530425,
        "d": -0.35902436262359694,
        "e": -0.278250930721601,
        "f": -1.3426273600271912,
        "color": 0.8743832061096938,
        "variations": {
          "linear": 0.0,
          "spherical": 0.30704066836871013,
          "handkerchief": 0.3659020982325579
        },
        "weight": 1.3361032698002877
      }
    ],
    "num_points": 1282259,
    "gamma": 2.9362294606118304,
    "brightness": 1.7870861868240673,
    "contrast": 1.241510804725558,
    "hue_rotation": 123.97252656671249
  }
}