{
  "seed": "5d55b6b9-9ed4-4a07-a318-b8ebd2f80471",
  "params": {
    "transforms": [
      {
        "a": -0.7523135074663294,
        "b": 0.06990039777097579,
        "c": -0.791045754565227,
        "d": -0.9840274790064507,
        "e": 0.4996506693924303,
        "f": 1.2610924068955742,
        "color": 0.5609060708229607,
        "weight": 0.6376878456548495,
        "variations": {
          "swirl": 0.5189046366220001
        }
      },
      {
        "a": 0.3382701307155105,
        "b": -0.35782475743742803,
        "c": -0.3993580333661573,
        "d": 0.7299881612997807,
        "e": -1.291820350735049,
        "f": 0.3110566462973632,
        "color": 0.5742110876004705,
        "weight": 0.458257797991257,
        "variations": {
          "linear": 0.1942633359184608
        }
      }
    ],
    "num_points": 2404163,
    "gamma": 2.0983890773844287,
    "brightness": 1.2,
    "hue_rotation": 176.2632244549867
  }
}