{
  "seed": "703215c7-5036-44bf-a67e-5095a41e6898",
  "params": {
    "transforms": [
      {
        "a": -0.578303157738997,
        "b": -0.12195931796978265,
        "c": 0.6969787746457348,
        "d": -0.25539351561817414,
        "e": 1.2877954971729086,
        "f": -0.9613960844131586,
        "color": 0.5888191993695944,
        "weight": 0.9987174255168735,
        "variations": {
          "linear": 0.24915114001324168
        }
      },
      {
        "a": -0.201413945527541,
        "b": -0.0011684081263372281,
        "c": 0.31224193955495894,
        "d": 0.4400283214978351,
        "e": 1.0672208453832428,
        "f": 1.4731618407967533,
        "color": 0.771772071764192,
        "weight": 0.940742598126921,
        "variations": {
          "polar": 0.9117007304849493
        }
      },
      {
        "a": 0.7773119396961234,
        "b": -0.1858567788987351,
        "c": -0.13985601128978686,
        "d": -0.547732914030832,
        "e": 0.4095471587836823,
        "f": 0.6243460799959184,
        "color": 0.6907281866469094,
        "weight": 0.8711753433796635,
        "variations": {
          "sinusoidal": 0.9910126306300603
        }
      }
    ],
    "num_points": 2767489,
    "gamma": 2.1063181444955754,
    "brightness": 1.2,
    "hue_rotation": 237.13793963100818
  }
}