{
  "seed": "b604ef2a-389b-49ba-b8d4-c07a00c77743",
  "params": {
    "transforms": [
      {
        "a": -0.9631465580458687,
        "b": 0.6970008838143236,
        "c": -0.5031601964991297,
        "d": -0.32333132630566386,
        "e": -1.3400497368669164,
        "f": -1.1536317807900298,
        "color": 0.20345990386835422,
        "weight": 0.23231273914071274,
        "variations": {
          "polar": 0.9780629426106913
        }
      },
      {
        "a": -0.5525782711903457,
        "b": -0.3878019083296871,
        "c": 0.955792520338502,
        "d": 0.05619842586134638,
        "e": 1.326228704225389,
        "f": 0.7265991937337635,
        "color": 0.6535945633581283,
        "weight": 0.800854857306226,
        "variations": {
          "linear": 0.007790486191748491,
          "sinusoidal": 0.8874270787207459,
          "spherical": 0.546920139041474
        }
      },
      {
        "a": -0.5840831210719057,
        "b": -0.6625868745988992,
        "c": -0.6418561816553188,
        "d": 0.04061632117984404,
        "e": 0.2525520829313592,
        "f": 0.02375385250669071,
        "color": 0.7918576030106066,
        "weight": 0.9342779135530994,
        "variations": {
          "heart": 0.1143479225422781,
          "linear": 0.7677532815126951,
          "spherical": 0.9328345362967893
        }
      },
      {
        "a": -0.20494569447792776,
        "b": 0.8863053157685694,
        "c": -0.9196605499617327,
        "d": -0.6101302115075771,
        "e": -0.20896456903923522,
        "f": -1.108797117851789,
        "color": 0.9777992687513872,
        "weight": 0.2258296732024187,
        "variations": {
          "spherical": 0.33656020198615,
          "swirl": 0.8749357609120381
        }
      }
    ],
    "num_points": 1337473,
    "gamma": 1.9774531457159101,
    "brightness": 1.2,
    "hue_rotation": 210.93774651513831
  }
}