{
  "seed": "de702740-a28b-4196-9f89-c5e8f4956e99",
  "params": {
    "transforms": [
      {
        "a": -0.35892175644497537,
        "b": 0.8436806926768468,
        "c": -0.7454780055847097,
        "d": -0.33106901971076685,
        "e": -0.19777263864982242,
        "f": 0.012142730445214855,
        "color": 0.40726410888806297,
        "weight": 0.9144784248558759,
        "variations": {
          "sinusoidal": 0.5873646982067847,
          "heart": 0.49051086372254193
        }
      },
      {
        "a": 0.2820715542930816,
        "b": -0.2126697116948526,
        "c": -0.7904172347908254,
        "d": -0.270182665396943,
        "e": -0.8795943670080731,
        "f": -0.19219479088057634,
        "color": 0.7467513271027658,
        "weight": 0.3679378657846083,
        "variations": {
          "sinusoidal": 0.6115203118299728,
          "swirl": 0.9648612518131986
        }
      }
    ],
    "num_points": 1107210,
    "gamma": 1.9859750040059938,
    "brightness": 1.2,
    "hue_rotation": 125.47530615488931
  }
}