{
  "seed": "a1785813-c963-453d-8778-4f8406f9d39b",
  "params": {
    "transforms": [
      {
        "a": -0.3409063880607164,
        "b": 0.1353834558714122,
        "c": 0.08417878905645915,
        "d": -0.45173783782491084,
        "e": -0.9055199409200624,
        "f": -0.6274513897893405,
        "color": 0.9645273386305746,
        "weight": 0.4647218379320285,
        "variations": {
          "heart": 0.10998842425559774,
          "polar": 0.8103963181410099
        }
      },
      {
        "a": 0.47768323072090313,
        "b": -0.4664313442053567,
        "c": 0.33510685353200675,
        "d": 0.40717608473528766,
        "e": -0.7770091450967199,
        "f": 0.6428708623977006,
        "color": 0.5791061829801503,
        "weight": 0.8305469848072792,
        "variations": {
          "heart": 0.0713150121454249,
          "sinusoidal": 0.10802065358921653,
          "polar": 0.16635745844052818
        }
      },
      {
        "a": 0.9079634943126029,
        "b": -0.10836850869944636,
        "c": 0.4354012035939476,
        "d": 0.8399784927230574,
        "e": -0.35549994919214845,
        "f": 0.9487573779961038,
        "color": 0.042098940118142636,
        "weight": 0.9199296712793805,
        "variations": {
          "swirl": 0.880640513920121
        }
      }
    ],
    "num_points": 1076081,
    "gamma": 2.1853938689292804,
    "brightness": 1.2,
    "hue_rotation": 7.557848226373607
  }
}