{
  "seed": "5faac584-1b57-4f3b-9ccf-8875e809884e",
  "params": {
    "transforms": [
      {
        "a": 0.8714453511246825,
        "b": 0.0898004686330569,
        "c": -0.14093352254162705,
        "d": -0.3121594267790384,
        "e": -0.17864494423488808,
        "f": 0.6097557500911024,
        "color": 0.9709157092512954,
        "weight": 0.27201367617394834,
        "variations": {
          "sinusoidal": 0.8859776820196018,
          "polar": 0.3775367341287402,
          "linear": 0.41943961077236647
        }
      },
      {
        "a": -0.10794362465705398,
        "b": 0.03376521626915441,
        "c": 0.4818892627714233,
        "d": -0.10276935950042976,
        "e": -1.138017190567108,
        "f": -0.015319759701582614,
        "color": 0.41142845068218226,
        "weight": 0.5939124290568116,
        "variations": {
          "spherical": 0.7738097876553977,
          "linear": 0.7652784397967765,
          "swirl": 0.8755877967806338
        }
      }
    ],
    "num_points": 1879862,
    "gamma": 2.428592136462972,
    "brightness": 1.2,
    "hue_rotation": 166.10205790787492
  }
}