{
  "seed": "a74e7482-2a1b-42e2-b99e-a54c92b8f124",
  "params": {
    "transforms": [
      {
        "a": 0.6583077600225267,
        "b": -0.42836393339695356,
        "c": 0.477246379598234,
        "d": 0.5508224831241526,
        "e": 0.005924046075040046,
        "f": -0.46287584627611733,
        "color": 0.935203687269341,
        "weight": 0.7148448027437979,
        "variations": {
          "linear": 0.4744866306339395,
          "heart": 0.0002581700406202314,
          "swirl": 0.284473885251723
        }
      },
      {
        "a": 0.2786055438337536,
        "b": 0.9920381200632991,
        "c": 0.324302818965861,
        "d": -0.7344922840647043,
        "e": -0.44248357208821654,
        "f": -0.13611055757588786,
        "color": 0.8403995835408488,
        "weight": 0.1279569164743455,
        "variations": {
          "swirl": 0.08755945648406627,
          "spherical": 0.2541033407520391
        }
      },
      {
        "a": -0.2896718092538042,
        "b": -0.7541007848416292,
        "c": -0.2066002326686438,
        "d": 0.8315524430793111,
        "e": 0.04656737743265471,
        "f": 0.8104906571778145,
        "color": 0.8648883816554478,
        "weight": 0.7890488159368853,
        "variations": {
          "swirl": 0.02505480983766828,
          "sinusoidal": 0.5562459025576271
        }
      },
      {
        "a": -0.1699529820446708,
        "b": 0.9605513804806871,
        "c": -0.9301001950010688,
        "d": 0.7777368007529799,
        "e": 0.0851696781756126,
        "f": -0.5007979930896076,
        "color": 0.8875258262413576,
        "weight": 0.9078560322299936,
        "variations": {
          "spherical": 0.8087142442317237,
          "linear": 0.5187231203725157,
          "heart": 0.24213083350823927
        }
      }
    ],
    "num_points": 1722273,
    "gamma": 2.445881173059323,
    "brightness": 1.2,
    "hue_rotation": 194.59977308381093
  }
}