{
  "seed": "0a5c68c1-5c65-4cbe-9d34-e846cc922033",
  "params": {
    "transforms": [
      {
        "a": 0.8293213565862638,
        "b": -0.8554634997704824,
        "c": 0.5798325711928944,
        "d": -0.9541023866665368,
        "e": -1.0061049625714866,
        "f": -0.7656976405213994,
        "color": 0.6788730823927522,
        "weight": 0.3561654172016171,
        "variations": {
          "polar": 0.7651598367885454,
          "linear": 0.830280803218123,
          "sinusoidal": 0.14881703658227052
        }
      },
      {
        "a": -0.6121050607028304,
        "b": -0.37743809754986346,
        "c": 0.26749506775397625,
        "d": -0.3872007164164113,
        "e": 0.7447877775468665,
        "f": -1.0180408176458124,
        "color": 0.409511086888782,
        "weight": 0.683493009257759,
        "variations": {
          "sinusoidal": 0.7360779901370661,
          "spherical": 0.35791414269169264
        }
      },
      {
        "a": 0.8135291817804973,
        "b": -0.4108458981343901,
        "c": 0.388513225144242,
        "d": -0.641553460750292,
        "e": 0.13360922617840076,
        "f": 0.5545329599334514,
        "color": 0.8437566449983284,
        "weight": 0.8295795759189118,
        "variations": {
          "linear": 0.24802153815320582
        }
      },
      {
        "a": 0.8708396033277557,
        "b": 0.2888170167454991,
        "c": 0.6730177486353393,
        "d": 0.12306096301175806,
        "e": 0.267868045044517,
        "f": -0.23832326733868214,
        "color": 0.6492495124791537,
        "weight": 0.5820792882495051,
        "variations": {
          "sinusoidal": 0.8506152517015623
        }
      }
    ],
    "num_points": 1156832,
    "gamma": 2.403026137395055,
    "brightness": 1.2,
    "hue_rotation": 42.4335666645118
  }
}