{
  "seed": "38620b0f-9776-4638-abcc-addaf3f187f4",
  "params": {
    "transforms": [
      {
        "a": -0.7025504484984593,
        "b": 0.8265593480252769,
        "c": -0.5330283470977917,
        "d": -0.8469604139806195,
        "e": -0.4539050498632564,
        "f": 1.0175281855345353,
        "color": 0.8468922168930513,
        "weight": 0.4486680249834054,
        "variations": {
          "linear": 0.9396743125038973,
          "heart": 0.9995325912094419
        }
      },
      {
        "a": -0.0652789209433533,
        "b": 0.8673390965719909,
        "c": -0.9815956298968449,
        "d": 0.15525617694112093,
        "e": 0.45073838755442086,
        "f": -1.201726123867842,
        "color": 0.9860153229860988,
        "weight": 0.812680357691205,
        "variations": {
          "heart": 0.18420309557868952
        }
      }
    ],
    "num_points": 2577782,
    "gamma": 1.9297056051215795,
    "brightness": 1.2,
    "hue_rotation": 282.67776144727657
  }
}