{
  "seed": "ee2325b5-e4c8-4e22-b994-150008841395",
  "params": {
    "transforms": [
      {
        "a": -0.9385754036478153,
        "b": -0.059752395279989434,
        "c": 0.8679680500368083,
        "d": -0.4503552697790252,
        "e": -0.24885610606709152,
        "f": 1.3772418511874727,
        "color": 0.38970724321435024,
        "weight": 0.8650449819815291,
        "variations": {
          "polar": 0.6587622871940506,
          "heart": 0.13935407283496426
        }
      },
      {
        "a": -0.9092978792659503,
        "b": 0.2717421676974576,
        "c": -0.5459359103492079,
        "d": -0.9007008772588365,
        "e": -0.9502407270546377,
        "f": 0.6937358522826194,
        "color": 0.7836800451655843,
        "weight": 0.35264358494852477,
        "variations": {
          "heart": 0.8137507999562923,
          "linear": 0.13119900727279388
        }
      }
    ],
    "num_points": 1034819,
    "gamma": 2.0226204585688956,
    "brightness": 1.2,
    "hue_rotation": 136.34179928453747
  }
}