{
  "seed": "1260c5f9-58cd-4069-815a-b376aae1b553",
  "params": {
    "transforms": [
      {
        "a": -0.753705046411802,
        "b": -0.657760200857169,
        "c": -0.42057493596407247,
        "d": -0.6299440190333359,
        "e": 0.4116133594334741,
        "f": 0.09532335303062278,
        "color": 0.4589936562513395,
        "weight": 0.17279304889071456,
        "variations": {
          "polar": 0.07249201513754766,
          "swirl": 0.7454883595688878,
          "linear": 0.7194748006123417
        }
      },
      {
        "a": 0.5779114630330406,
        "b": -0.26760437248196745,
        "c": 0.35764178583677997,
        "d": 0.29373877368228785,
        "e": -0.4329274856672636,
        "f": 0.5098597230775237,
        "color": 0.8199240887695265,
        "weight": 0.5586777981290025,
        "variations": {
          "sinusoidal": 0.5694438160959806
        }
      },
      {
        "a": -0.3388269962755259,
        "b": 0.8982438587356774,
        "c": -0.056566692798543095,
        "d": -0.9502959896854304,
        "e": -1.2401284614776111,
        "f": 1.1895504233738596,
        "color": 0.9165748845274487,
        "weight": 0.1656764723789238,
        "variations": {
          "polar": 0.8776470190469344
        }
      },
      {
        "a": 0.5893487585120372,
        "b": -0.36525373767060487,
        "c": -0.36175066117700183,
        "d": 0.5544026247493068,
        "e": 1.4580095865544784,
        "f": -0.23276454898869803,
        "color": 0.5357185108753814,
        "weight": 0.4121035189770147,
        "variations": {
          "spherical": 0.9272775758879497,
          "sinusoidal": 0.8628665320429688
        }
      }
    ],
    "num_points": 2186281,
    "gamma": 1.957963253482316,
    "brightness": 1.2,
    "hue_rotation": 276.21809323927795
  }
}