{
  "seed": "2970e582-f87c-4902-bf7f-9e31bff1f5dc",
  "params": {
    "transforms": [
      {
        "a": 0.3187201487992928,
        "b": 0.03753574731455456,
        "c": 0.49484185795739366,
        "d": -0.8075136195666794,
        "e": 0.4418145205889805,
        "f": 0.25673979491654597,
        "color": 0.48779396792754803,
        "weight": 0.5603099382362636,
        "variations": {
          "heart": 0.9042726674392306
        }
      },
      {
        "a": 0.8981688761794302,
        "b": -0.6399537333582115,
        "c": -0.8641721183849997,
        "d": 0.6816211361846998,
        "e": 0.4158972534263352,
        "f": -1.2646923944421211,
        "color": 0.9740689034133843,
        "weight": 0.5939254959294513,
        "variations": {
          "sinusoidal": 0.1402665805079597
        }
      }
    ],
    "num_points": 2927658,
    "gamma": 1.8325531770966965,
    "brightness": 1.2,
    "hue_rotation": 246.75771979209338
  }
}