{
  "seed": "a000abbe-a9d9-4c73-aa5b-d1cb4c8abcb6",
  "params": {
    "transforms": [
      {
        "a": 0.7606396066719237,
        "b": -0.9749525715447644,
        "c": 0.7098277470130911,
        "d": -0.4826221797346979,
        "e": -1.1849649497918295,
        "f": 0.25590648293144413,
        "color": 0.5641080542144281,
        "weight": 0.632032433324898,
        "variations": {
          "sinusoidal": 0.20712812818682724,
          "swirl": 0.538659631246437,
          "polar": 0.26067119710436926
        }
      },
      {
        "a": 0.528329572277737,
        "b": 0.4904243671076234,
        "c": 0.0523478197920384,
        "d": 0.6938477147325948,
        "e": -0.701391204605024,
        "f": 1.3032281960768306,
        "color": 0.36686774928332533,
        "weight": 0.49974808448761554,
        "variations": {
          "linear": 0.862704661104027,
          "polar": 0.8599250478415298,
          "spherical": 0.8487967220586635
        }
      }
    ],
    "num_points": 2153327,
    "gamma": 1.9226850145730103,
    "brightness": 1.2,
    "hue_rotation": 331.02106336848516
  }
}