{
  "seed": "2f63ab65-849d-4394-85b9-a0078eb09362",
  "params": {
    "transforms": [
      {
        "a": 0.9082029022381248,
        "b": -0.1341125439690991,
        "c": -0.9640672690056411,
        "d": -0.7221220908881734,
        "e": 0.2776933042157985,
        "f": -1.0568145246040572,
        "color": 0.6579848694705677,
        "weight": 0.8273445210483422,
        "variations": {
          "spherical": 0.9088962189192411,
          "linear": 0.375337346175447,
          "polar": 0.9658223044185195
        }
      },
      {
        "a": -0.04844484543791383,
        "b": -0.27347558334945465,
        "c": 0.12043631166073943,
        "d": 0.3164533154472098,
        "e": -0.6343860286088631,
        "f": -0.26701905242087154,
        "color": 0.4746826787653382,
        "weight": 0.8670898565262096,
        "variations": {
          "spherical": 0.14377314597623714
        }
      },
      {
        "a": -0.520329152262248,
        "b": -0.5703330806539764,
        "c": 0.19517665173019472,
        "d": -0.7007534597987437,
        "e": 0.011622722578393585,
        "f": 0.1904882130581811,
        "color": 0.29911430125329685,
        "weight": 0.7487666043380766,
        "variations": {
          "swirl": 0.39404943001169157,
          "polar": 0.8267464509189745,
          "sinusoidal": 0.3322805348804211
        }
      }
    ],
    "num_points": 2303777,
    "gamma": 1.8621884060253067,
    "brightness": 1.2,
    "hue_rotation": 41.08718591119606
  }
}