{
  "seed": "fb866ecb-29e1-4708-8971-bff94b8d1b31",
  "params": {
    "transforms": [
      {
        "a": -0.043921612819699085,
        "b": -0.3485436530553707,
        "c": -0.693357240818403,
        "d": -0.23766053867234915,
        "e": -1.3066825707452778,
        "f": 1.0752449202917025,
        "color": 0.605900216059713,
        "weight": 0.6158260173829749,
        "variations": {
          "linear": 0.7867871715331096,
          "polar": 0.033174185298493364
        }
      },
      {
        "a": -0.827388853310413,
        "b": 0.14876782564275204,
        "c": 0.39831969980494164,
        "d": -0.6442065030459518,
        "e": 1.4897899557286642,
        "f": 0.9555313395233886,
        "color": 0.2739864386570122,
        "weight": 0.12085178818575837,
        "variations": {
          "swirl": 0.2000502290236893,
          "polar": 0.4018398956984789
        }
      },
      {
        "a": -0.5954220813831277,
        "b": 0.5726007804581328,
        "c": 0.09581458289571265,
        "d": -0.42682462821536515,
        "e": 1.163187262861233,
        "f": -1.0575528420401163,
        "color": 0.849356748347963,
        "weight": 0.5908614550701393,
        "variations": {
          "linear": 0.6653561112207566,
          "sinusoidal": 0.5597270208168909
        }
      }
    ],
    "num_points": 2563632,
    "gamma": 1.9439670050550855,
    "brightness": 1.2,
    "hue_rotation": 10.115997908195794
  }
}