{
  "seed": "a33e2625-f55e-41f4-8584-57f1473ab26e",
  "params": {
    "transforms": [
      {
        "a": 0.4058905692497985,
        "b": 0.2048779492809245,
        "c": 0.1784748434362895,
        "d": 0.28275218587844075,
        "e": 1.0734772248102509,
        "f": 0.3547247395440929,
        "color": 0.69788928360822,
        "weight": 0.13354341895612082,
        "variations": {
          "linear": 0.41283667876387853
        }
      },
      {
        "a": -0.8330448759753184,
        "b": -0.07579858546747786,
        "c": -0.6988026623686832,
        "d": -0.9629639037836675,
        "e": 0.15756068711113214,
        "f": -1.0853378096371176,
        "color": 0.9325314719946319,
        "weight": 0.7608418437053036,
        "variations": {
          "sinusoidal": 0.21618067707131738,
          "heart": 0.4807725592855794,
          "spherical": 0.5916294775082743
        }
      },
      {
        "a": 0.19490934910194135,
        "b": -0.825716350016676,
        "c": 0.6552740789436529,
        "d": 0.34338462486081833,
        "e": -0.6390798252940231,
        "f": 0.5890011183052186,
        "color": 0.4301574202271954,
        "weight": 0.533310434429876,
        "variations": {
          "heart": 0.5973043051601242,
          "spherical": 0.8330957374845878
        }
      },
      {
        "a": -0.42276193796550765,
        "b": 0.027995961297902605,
        "c": -0.8760269737951667,
        "d": 0.3370441393675625,
        "e": 1.0575709865163865,
        "f": -0.8061773817342488,
        "color": 0.9064096205596864,
        "weight": 0.17180603505314918,
        "variations": {
          "spherical": 0.515301228171531
        }
      }
    ],
    "num_points": 2984922,
    "gamma": 1.8282582872752637,
    "brightness": 1.2,
    "hue_rotation": 205.33965878059652
  }
}