{
  "seed": "01e481b5-50c6-4d6a-a688-907f43b6c767",
  "params": {
    "transforms": [
      {
        "a": 0.3081690460143527,
        "b": 0.18157853877616859,
        "c": -0.5086512803603322,
        "d": -0.16721381557349213,
        "e": -1.4903678812408123,
        "f": -1.0896462656861172,
        "color": 0.8704148769988412,
        "weight": 0.8077186073073584,
        "variations": {
          "spherical": 0.8242030658026508,
          "sinusoidal": 0.9869172124146866
        }
      },
      {
        "a": -0.9287564710304468,
        "b": 0.5530170173930928,
        "c": 0.5696877979075154,
        "d": -0.17744994255359536,
        "e": 0.2738601434506662,
        "f": -1.1985394919295231,
        "color": 0.9298798822962587,
        "weight": 0.44199456749744537,
        "variations": {
          "heart": 0.5210556358453111,
          "swirl": 0.9772409222624205,
          "spherical": 0.9953903041027562
        }
      }
    ],
    "num_points": 1555543,
    "gamma": 2.450660471379175,
    "brightness": 1.2,
    "hue_rotation": 245.60908670858478
  }
}