{
  "seed": "4299d0e8-d082-49cf-9bc8-bfab1537f4ad",
  "params": {
    "transforms": [
      {
        "a": -0.7824026820127705,
        "b": -0.2652595279940968,
        "c": 0.04908431754720066,
        "d": -0.6703094868366357,
        "e": 0.4485303984515825,
        "f": -1.2245233379034028,
        "color": 0.5079320470863016,
        "weight": 0.8090334807265371,
        "variations": {
          "polar": 0.055934630057211,
          "spherical": 0.12894417693767735
        }
      },
      {
        "a": -0.7998134564439139,
        "b": 0.1522047841628762,
        "c": -0.24659965281505647,
        "d": -0.9642975067098822,
        "e": -0.4965748975571902,
        "f": -0.8679352857764161,
        "color": 0.19083280343469544,
        "weight": 0.17072241018716303,
        "variations": {
          "sinusoidal": 0.9034132180003124
        }
      },
      {
        "a": -0.30557924241971945,
        "b": -0.34030310214744586,
        "c": 0.9981636770996996,
        "d": 0.4309852459662147,
        "e": -0.540128782189774,
        "f": 1.2137403506428313,
        "color": 0.02540410723379405,
        "weight": 0.6548895168920623,
        "variations": {
          "swirl": 0.5534368429902575
        }
      }
    ],
    "num_points": 2818186,
    "gamma": 2.213190083055406,
    "brightness": 1.2,
    "hue_rotation": 200.46222635267532
  }
}