{
  "seed": "4623b876-a509-4f61-b0dd-7216ae8215e9",
  "params": {
    "transforms": [
      {
        "a": 0.7976820198162036,
        "b": -0.44451111443596214,
        "c": -0.5388135191504897,
        "d": -0.5773126788108269,
        "e": 1.257338543069534,
        "f": 1.4628480774826178,
        "color": 0.7629469156377858,
        "weight": 0.7994475252407744,
        "variations": {
          "swirl": 0.9921900834447895,
          "sinusoidal": 0.2966013029425463
        }
      },
      {
        "a": 0.7671253532761291,
        "b": 0.9590222918944138,
        "c": -0.9621279733465871,
        "d": -0.34888799201681864,
        "e": -0.05218867555903284,
        "f": 0.5909457664995132,
        "color": 0.7141049054297532,
        "weight": 0.5317964857270804,
        "variations": {
          "swirl": 0.7186194848935193
        }
      }
    ],
    "num_points": 1365640,
    "gamma": 2.2170475342601583,
    "brightness": 1.2,
    "hue_rotation": 103.93157339705493
  }
}