{
  "seed": "c33be3b0-d43d-4824-b748-4f8d5c9e2f1e",
  "params": {
    "transforms": [
      {
        "a": 0.5617066645816791,
        "b": 0.2339578039400363,
        "c": 0.9195400008583596,
        "d": 0.6811465423614309,
        "e": -1.3939506196658118,
        "f": -0.03983897309590034,
        "color": 0.5721962371855646,
        "weight": 0.36527322343806323,
        "variations": {
          "polar": 0.3116599268503705
        }
      },
      {
        "a": -0.010644294844079916,
        "b": -0.34337574401363335,
        "c": -0.43401706911697,
        "d": -0.5060189764987266,
        "e": 0.11241847646290282,
        "f": 0.7694522204856655,
        "color": 0.9263699764510093,
        "weight": 0.14666659889916453,
        "variations": {
          "swirl": 0.33294269553888856,
          "linear": 0.11977779172448155,
          "spherical": 0.6404925613144471
        }
      },
      {
        "a": 0.7781225124390365,
        "b": 0.9962670448029891,
        "c": 0.973734720121038,
        "d": 0.45926334010958647,
        "e": -0.3311691740484102,
        "f": 0.6963811632175743,
        "color": 0.08691705458930432,
        "weight": 0.5514166516740566,
        "variations": {
          "linear": 0.9809036254914618
        }
      },
      {
        "a": 0.659848837149901,
        "b": -0.9090885081527991,
        "c": -0.32538926919893174,
        "d": -0.9647204742779101,
        "e": 1.0789875220441174,
        "f": -0.15876801712099242,
        "color": 0.17716116377417057,
        "weight": 0.6276597090191188,
        "variations": {
          "heart": 0.5956282842404859,
          "sinusoidal": 0.8707627430408923
        }
      }
    ],
    "num_points": 1253073,
    "gamma": 2.4568365449274143,
    "brightness": 1.2,
    "hue_rotation": 203.00729178943547
  }
}