{
  "seed": "fc5d55c5-0d0c-4563-b8ec-60f7acb1c233",
  "params": {
    "transforms": [
      {
        "a": 0.08518294974233287,
        "b": -0.5961207192219813,
        "c": 0.6915504278113382,
        "d": 0.5126108591171434,
        "e": 1.477357107984968,
        "f": -1.023451353412134,
        "color": 0.8818649093304428,
        "weight": 0.5662687771344215,
        "variations": {
          "polar": 0.1930875936044808,
          "linear": 0.6973466005257201,
          "heart": 0.8657636955240026
        }
      },
      {
        "a": 0.7885433088202387,
        "b": -0.14836336252161497,
        "c": 0.10955572420976667,
        "d": -0.45140944553115503,
        "e": 0.9244120658716715,
        "f": 0.843447486024913,
        "color": 0.5360027385870275,
        "weight": 0.4170503712410931,
        "variations": {
          "spherical": 0.1524033843517577,
          "swirl": 0.08475879828506983
        }
      },
      {
        "a": -0.386102745118561,
        "b": -0.6207744660179131,
        "c": 0.29450726386252235,
        "d": 0.5805577709922831,
        "e": 0.7455996115071848,
        "f": -1.028838794231599,
        "color": 0.9881382770739893,
        "weight": 0.23440079653976145,
        "variations": {
          "swirl": 0.627421413141552
        }
      },
      {
        "a": -0.7800984746285284,
        "b": -0.5496772309687892,
        "c": 0.4598856185979372,
        "d": 0.6566738046452147,
        "e": 1.478061376325901,
        "f": -1.45796452361533,
        "color": 0.756856492104523,
        "weight": 0.32553502094685727,
        "variations": {
          "swirl": 0.8260534700251005
        }
      }
    ],
    "num_points": 1002303,
    "gamma": 2.0955649580291658,
    "brightness": 1.2,
    "hue_rotation": 70.15028353550021
  }
}