{
  "seed": "d99b6546-7581-4a01-8607-1a05b912b2f0",
  "params": {
    "transforms": [
      {
        "a": -0.9017116164173904,
        "b": 0.015371656840910575,
        "c": -0.6471743560647012,
        "d": 0.42812815984134334,
        "e": 0.6138169498433426,
        "f": 0.47843088025254565,
        "color": 0.7955165232459149,
        "weight": 0.5250082072521616,
        "variations": {
          "polar": 0.2434507920589699
        }
      },
      {
        "a": 0.5332217752661748,
        "b": -0.5094259367754213,
        "c": -0.5608996008924312,
        "d": 0.6341973134956098,
        "e": 0.5121714081751136,
        "f": -0.9643771219650359,
        "color": 0.9291438346239641,
        "weight": 0.24641241123782184,
        "variations": {
          "spherical": 0.16073492665823286
        }
      },
      {
        "a": -0.5914746825522386,
        "b": 0.8613221253412695,
        "c": 0.160841811864451,
        "d": -0.1872941140522013,
        "e": 0.622783033062773,
        "f": 0.304430211002654,
        "color": 0.9121917195082756,
        "weight": 0.2672661866850554,
        "variations": {
          "linear": 0.6800059971697672
        }
      },
      {
        "a": 0.36143244182122514,
        "b": 0.4919170250391047,
        "c": -0.9695348659902645,
        "d": -0.5933221023238779,
        "e": 0.062169918476139285,
        "f": 1.4163197417280902,
        "color": 0.04684790343270728,
        "weight": 0.8912368004981496,
        "variations": {
          "heart": 0.6954563605958509,
          "linear": 0.6204400947741467,
          "sinusoidal": 0.4975082772376338
        }
      }
    ],
    "num_points": 1611355,
    "gamma": 1.8911671268916637,
    "brightness": 1.2,
    "hue_rotation": 296.353160309147
  }
}