{
  "seed": "f5a33f4a-7ed7-4c47-978e-fe4fe4e583d6",
  "params": {
    "transforms": [
      {
        "a": 0.22033870839785408,
        "b": -0.5311613701485465,
        "c": 0.40394590649998485,
        "d": 0.005120641358954625,
        "e": -1.488339064816635,
        "f": -1.0091079871335689,
        "color": 0.9754171248988407,
        "weight": 0.5337326099066373,
        "variations": {
          "linear": 0.6458267663356418,
          "spherical": 0.7766664565219409,
          "polar": 0.7765771367143912
        }
      },
      {
        "a": -0.20501779928052977,
        "b": -0.36629689533045795,
        "c": -0.27103125150318963,
        "d": 0.3986585465081707,
        "e": 0.7764158790483178,
        "f": -0.5199807813499133,
        "color": 0.45671675673719103,
        "weight": 0.2683203963137381,
        "variations": {
          "spherical": 0.9836835022743384,
          "sinusoidal": 0.44411375442090073
        }
      },
      {
        "a": 0.9025346318112022,
        "b": 0.6075858760525403,
        "c": 0.029721547359709666,
        "d": 0.3740378750879423,
        "e": 0.8019073806449999,
        "f": 0.536281882750202,
        "color": 0.06907823510952726,
        "weight": 0.8711677540848296,
        "variations": {
          "heart": 0.4517095850493468
        }
      }
    ],
    "num_points": 1597170,
    "gamma": 2.264335142583872,
    "brightness": 1.2,
    "hue_rotation": 36.895161189329784
  }
}