{
  "seed": "6d99d8df-77d7-462a-9b6f-8c163d98e8e9",
  "params": {
    "transforms": [
      {
        "a": -0.02485089175384214,
        "b": 0.12921993152029643,
        "c": 0.5121942039776821,
        "d": -0.06702477591587486,
        "e": 1.3085208314392398,
        "f": 1.0114962039144126,
        "color": 0.6679875345671249,
        "weight": 0.10937742932205449,
        "variations": {
          "heart": 0.9293892457131839,
          "swirl": 0.38632781567490493,
          "spherical": 0.9822972603602135
        }
      },
      {
        "a": -0.3693584947358759,
        "b": 0.7164265877057496,
        "c": -0.41107359334532667,
        "d": 0.5540561226844758,
        "e": -0.47023524490216095,
        "f": 1.376563894136797,
        "color": 0.7467948782545059,
        "weight": 0.7600681818237144,
        "variations": {
          "heart": 0.5332572092876071,
          "swirl": 0.8355402770971309
        }
      }
    ],
    "num_points": 1348615,
    "gamma": 2.2582320219589644,
    "brightness": 1.2,
    "hue_rotation": 161.07181782702145
  }
}