{
  "seed": "5037caab-f80f-4f5e-b6aa-94fe0cdb0271",
  "params": {
    "transforms": [
      {
        "a": -0.10768531952690719,
        "b": -0.4622301802863298,
        "c": 0.04242018451911056,
        "d": 0.5464333834448416,
        "e": -0.7607158214632807,
        "f": -0.3998782656764823,
        "color": 0.7087344263183292,
        "weight": 0.40106651171379404,
        "variations": {
          "swirl": 0.4128442091073027,
          "polar": 0.423948763401388,
          "sinusoidal": 0.49505379717294684
        }
      },
      {
        "a": 0.3068731584325497,
        "b": -0.7448564826730506,
        "c": -0.32026459769769433,
        "d": 0.6753959794842148,
        "e": -1.2645927218848094,
        "f": 0.8365516564094673,
        "color": 0.5915192151601385,
        "weight": 0.2325743062343596,
        "variations": {
          "heart": 0.5878136707103576,
          "linear": 0.4347379280015683
        }
      },
      {
        "a": -0.763767990866723,
        "b": 0.32898645657203285,
        "c": 0.8274653164807739,
        "d": -0.8582827864431319,
        "e": 0.8896069657437016,
        "f": -0.48578810496516045,
        "color": 0.8443933279087616,
        "weight": 0.8020605151669566,
        "variations": {
          "polar": 0.9215635959861536,
          "swirl": 0.45700732666883737,
          "sinusoidal": 0.7433910870783174
        }
      },
      {
        "a": -0.07662935656047698,
        "b": 0.49460217183905386,
        "c": -0.03628765247327759,
        "d": -0.3132157797803976,
        "e": -0.4686799345404158,
        "f": 0.04171956307698044,
        "color": 0.3550352727435375,
        "weight": 0.25115314476470874,
        "variations": {
          "polar": 0.3581366624196163
        }
      }
    ],
    "num_points": 2438134,
    "gamma": 2.4696571124503413,
    "brightness": 1.2,
    "hue_rotation": 95.0614432051564
  }
}