{
  "seed": "49522e1b-cd81-4707-b8e1-b531a851072f",
  "params": {
    "transforms": [
      {
        "a": 0.848852885159292,
        "b": -0.4203762677141756,
        "c": 0.1442030954975213,
        "d": 0.3069639681907994,
        "e": -0.5692475177607917,
        "f": -0.03619700290163319,
        "color": 0.00071623803609,
        "weight": 0.9346506668475814,
        "variations": {
          "linear": 0.6859711725687715,
          "heart": 0.8693576225248526,
          "spherical": 0.2588991279193863
        }
      },
      {
        "a": -0.46163499818300524,
        "b": -0.9465550921545585,
        "c": -0.9712032830057644,
        "d": 0.27878147313358426,
        "e": 1.2718534774334715,
        "f": 1.2661791737843306,
        "color": 0.3002494106989335,
        "weight": 0.5484249281158606,
        "variations": {
          "spherical": 0.20829566767037566,
          "polar": 0.354287656739645
        }
      },
      {
        "a": -0.8150147412379205,
        "b": 0.48363090627134775,
        "c": 0.9440262729535784,
        "d": 0.042459413559683634,
        "e": 1.3746284834967915,
        "f": -1.2856275533417882,
        "color": 0.6234522755118665,
        "weight": 0.2878486057349747,
        "variations": {
          "polar": 0.8270373456572405,
          "linear": 0.5464721326729504,
          "sinusoidal": 0.7008678239363515
        }
      },
      {
        "a": 0.6247473254269234,
        "b": -0.8441764225493047,
        "c": -0.6362206849419014,
        "d": 0.7295125896354224,
        "e": 0.3444569162335409,
        "f": -1.4940416518126725,
        "color": 0.644129031757568,
        "weight": 0.5738375163683873,
        "variations": {
          "swirl": 0.7051677261777701,
          "spherical": 0.8062732043365054,
          "polar": 0.8385410881330797
        }
      }
    ],
    "num_points": 1265593,
    "gamma": 1.941502756534482,
    "brightness": 1.2,
    "hue_rotation": 16.845737349034234
  }
}