{
  "seed": "edb204da-1a14-4d5d-a76c-5db64184822c",
  "params": {
    "transforms": [
      {
        "a": -0.2478630644934363,
        "b": 0.8879253869126986,
        "c": -0.354152584360067,
        "d": 0.4615790528903587,
        "e": 0.8556573075490506,
        "f": 0.9490639813365926,
        "color": 0.626198756709904,
        "weight": 0.6424256795374733,
        "variations": {
          "swirl": 0.2086424837201133,
          "linear": 0.4863748336897512,
          "sinusoidal": 0.06767190333042294
        }
      },
      {
        "a": -0.3280161983865264,
        "b": -0.39317709964340697,
        "c": 0.03382347485399295,
        "d": 0.8072719537481932,
        "e": -0.4857088344714344,
        "f": -0.089940849827161,
        "color": 0.7422992150939618,
        "weight": 0.6668574071171423,
        "variations": {
          "polar": 0.4091142361943222,
          "spherical": 0.5973740222936409,
          "sinusoidal": 0.13391644499318867
        }
      },
      {
        "a": 0.26294840233777883,
        "b": -0.9015412734712724,
        "c": -0.5218378827768493,
        "d": 0.274684910656666,
        "e": -1.0123893947669274,
        "f": 0.5127022495830662,
        "color": 0.8777983686790238,
        "weight": 0.11608608598314937,
        "variations": {
          "swirl": 0.7029871635863939,
          "heart": 0.3073890828840752
        }
      }
    ],
    "num_points": 1957799,
    "gamma": 2.1854735376975127,
    "brightness": 1.2,
    "hue_rotation": 305.34691406748755
  }
}