{
  "seed": "52da084d-8262-41f7-95fa-c42827a2905f-517",
  "parameters": {
    "num_transforms": 3,
    "transforms": [
      {
        "a": 1.4856231445918309,
        "b": 0.5497939906273985,
        "c": -0.05708481668748311,
        "d": -0.7715435127761142,
        "e": 1.0330639969618818,
        "f": 1.0566429784324662,
        "color": 0.24917595485677635,
        "variations": {
          "disc": 0.0,
          "horseshoe": 0.6290714900059383
        },
        "weight": 0.6377508776448182
      },
      {
        "a": -1.3340609941306236,
        "b": -1.112129063563938,
        "c": 0.2498515436542048,
        "d": 1.1006812247627416,
        "e": -0.4406654940826733,
        "f": 1.3769810866708148,
        "color": 0.2718455975629641,
        "variations": {
          "spherical": 0.09051851288262547,
          "swirl": 0.0
        },
        "weight": 1.7713435424961845
      },
      {
        "a": -0.2929707960850676,
        "b": 0.81254639353606,
        "c": -0.402223860406391,
        "d": -1.0639047347613784,
        "e": -1.1033918371787155,
        "f": -1.27159407367613,
        "color": 0.022981424120820604,
        "variations": {
          "sinusoidal": 0.0,
          "swirl": 0.18507260561108507,
          "spiral": 0.0
        },
        "weight": 1.1520157609324202
      }
    ],
    "num_points": 3473578,
    "gamma": 3.134370611841099,
    "brightness": 1.257177097641005,
    "contrast": 1.0781057317110645,
    "hue_rotation": 121.5118940479665
  }
}