{
  "seed": "6fefd5da-2fb1-4a4e-b80d-403927083c23",
  "params": {
    "transforms": [
      {
        "a": -0.9501184969170873,
        "b": -0.9512680795454964,
        "c": -0.6190533382523005,
        "d": -0.18380021407087832,
        "e": 0.8535560940255342,
        "f": 1.3702475632982214,
        "color": 0.6817127298889774,
        "weight": 0.10099179695047242,
        "variations": {
          "polar": 0.1593032988608567
        }
      },
      {
        "a": -0.7656176545390956,
        "b": -0.2007166848473263,
        "c": -0.9487205318867991,
        "d": 0.2177234116277773,
        "e": -0.5693532907566791,
        "f": 1.2667877099510463,
        "color": 0.8367791118212452,
        "weight": 0.3414914212238592,
        "variations": {
          "spherical": 0.6561015669253669
        }
      },
      {
        "a": 0.07237060910925841,
        "b": -0.030629196235673284,
        "c": 0.48908846173771026,
        "d": -0.2015753071357007,
        "e": -0.7140019891305129,
        "f": -0.6122425039993353,
        "color": 0.4871995914876055,
        "weight": 0.8798261409114863,
        "variations": {
          "spherical": 0.9928203705528508,
          "swirl": 0.6185516120273734,
          "sinusoidal": 0.2826664829132397
        }
      }
    ],
    "num_points": 2532789,
    "gamma": 2.452601114258189,
    "brightness": 1.2,
    "hue_rotation": 117.61255003455318
  }
}