{
  "seed": "d7d918e2-b509-4730-bcd8-40c6fbbda71a",
  "params": {
    "transforms": [
      {
        "a": -0.9715767424090094,
        "b": 0.5113299129914664,
        "c": 0.43047452850062884,
        "d": 0.5598065327668622,
        "e": -0.46422909894416353,
        "f": 0.47972983895976995,
        "color": 0.6565800366164567,
        "weight": 0.34916082524759967,
        "variations": {
          "polar": 0.9507840927804473,
          "linear": 0.15499782892047687,
          "sinusoidal": 0.6006925538612584
        }
      },
      {
        "a": -0.1287571918585675,
        "b": 0.4151241490935804,
        "c": -0.2193946946744605,
        "d": 0.8654322244459836,
        "e": 0.3055245923223575,
        "f": 0.9547694831444451,
        "color": 0.3443488902668628,
        "weight": 0.29360355745978506,
        "variations": {
          "swirl": 0.311076069793748,
          "spherical": 0.6871139502085333,
          "sinusoidal": 0.13027914581584765
        }
      },
      {
        "a": -0.6602486121544278,
        "b": -0.7266963290458541,
        "c": 0.848060610886376,
        "d": 0.10934298348612126,
        "e": -0.500548814084916,
        "f": -0.7837031657120355,
        "color": 0.7046187055745482,
        "weight": 0.6843400224897745,
        "variations": {
          "heart": 0.13666868526928755,
          "polar": 0.804285026318918,
          "linear": 0.6789275421889136
        }
      },
      {
        "a": 0.42381211301958577,
        "b": -0.8790127279334388,
        "c": -0.6334781529120359,
        "d": 0.34741571918376457,
        "e": -0.07043369623165119,
        "f": -0.6843769316289012,
        "color": 0.7294642386458298,
        "weight": 0.6500978352540359,
        "variations": {
          "heart": 0.148004633070422
        }
      }
    ],
    "num_points": 1584268,
    "gamma": 2.2947455723656907,
    "brightness": 1.2,
    "hue_rotation": 66.46261068424256
  }
}