{
  "seed": "1b537fa5-ed61-4b9d-8f20-5a2455b00b87-89",
  "parameters": {
    "num_transforms": 4,
    "transforms": [
      {
        "a": -1.3651748638175536,
        "b": 1.3939123917926608,
        "c": -1.434402640690993,
        "d": 0.25062053788799465,
        "e": -1.485180727148971,
        "f": -0.641384089153534,
        "color": 0.46552293982416204,
        "variations": {
          "disc": 0.7141646074008834,
          "heart": 0.5764827206656105,
          "horseshoe": 0.0
        },
        "weight": 1.5515087501694615
      },
      {
        "a": -0.07735379027113942,
        "b": 0.1720419509171751,
        "c": 0.21391939726479592,
        "d": -0.7603013749024081,
        "e": -0.86719493128044,
        "f": 1.1162656997664566,
        "color": 0.9030309944584348,
        "variations": {
          "sinusoidal": 0.3870326900211579,
          "spiral": 0.7683309472977848
        },
        "weight": 1.7343363822791211
      },
      {
        "a": 0.5933113173554156,
        "b": -0.14799854920473887,
        "c": 1.259097400195785,
        "d": 0.760897618553873,
        "e": -0.84280809579722,
        "f": 0.10001165195352923,
        "color": 0.32789026476491223,
        "variations": {
          "horseshoe": 0.0,
          "spherical": 0.4948376784562103
        },
        "weight": 1.795870346499015
      },
      {
        "a": -0.6849190735117142,
        "b": 0.1955369346307858,
        "c": 0.09690758864577576,
        "d": 1.0646204874341825,
        "e": -1.0188432040584166,
        "f": -0.9245585535735599,
        "color": 0.7879651989569207,
        "variations": {
          "polar": 0.8982120056296798,
          "handkerchief": 0.44456508438276154,
          "linear": 0.7118354550794596
        },
        "weight": 1.257617832708848
      }
    ],
    "num_points": 2639034,
    "gamma": 2.0508939588938184,
    "brightness": 1.8524157619072708,
    "contrast": 1.3537336828420474,
    "hue_rotation": 241.66969579412483
  }
}