{
  "seed": "2f3213d4-71b5-4b62-85a8-bfb2893ebee4",
  "params": {
    "transforms": [
      {
        "a": -0.1813528662034678,
        "b": 0.3880910208412396,
        "c": 0.4960246375420718,
        "d": 0.1634422737550456,
        "e": 0.6985542194015157,
        "f": 1.2457571211208123,
        "color": 0.4977981056791243,
        "weight": 0.1899354039871482,
        "variations": {
          "polar": 0.1548456839905613,
          "linear": 0.6129818205389199
        }
      },
      {
        "a": 0.08423618411461176,
        "b": -0.704270671521829,
        "c": -0.5540796472793261,
        "d": -0.06414520291334336,
        "e": -0.8480184394129178,
        "f": -0.8466169492497541,
        "color": 0.9163857673011335,
        "weight": 0.8669687251676274,
        "variations": {
          "spherical": 0.2277522996032565
        }
      },
      {
        "a": -0.9746702594375805,
        "b": 0.19830655882529458,
        "c": 0.8781721423932247,
        "d": -0.2145762268204281,
        "e": 0.9778052956403593,
        "f": -1.3044372958915607,
        "color": 0.8970220508862069,
        "weight": 0.19830319601766094,
        "variations": {
          "spherical": 0.14958921621285814
        }
      },
      {
        "a": -0.44866010889096186,
        "b": -0.9999468022263669,
        "c": -0.21179745923481175,
        "d": -0.65370853613624,
        "e": 1.1718894654362977,
        "f": -0.036510803352325816,
        "color": 0.07510115371601189,
        "weight": 0.9835922427589237,
        "variations": {
          "linear": 0.549559398909084,
          "heart": 0.0713391422672125,
          "polar": 0.7570222188371836
        }
      }
    ],
    "num_points": 1751175,
    "gamma": 2.209435452627759,
    "brightness": 1.2,
    "hue_rotation": 197.26914314169477
  }
}