{
  "seed": "3f02b19d-6dd8-4e80-b290-e022c1cd37f9",
  "params": {
    "transforms": [
      {
        "a": -0.8913206001696314,
        "b": 0.7952136826621621,
        "c": 0.5435654725901624,
        "d": -0.4789646737825206,
        "e": 0.5699269447185769,
        "f": -0.7101662653822668,
        "color": 0.9352468895336383,
        "weight": 0.4574645535242525,
        "variations": {
          "linear": 0.9258410774824539,
          "spherical": 0.15573189806291188,
          "polar": 0.9115203835985725
        }
      },
      {
        "a": -0.16798849728145382,
        "b": 0.9731816243360178,
        "c": -0.4733262322824343,
        "d": -0.8079388347519609,
        "e": 0.273444898468016,
        "f": 0.8611118595358738,
        "color": 0.7321783502393193,
        "weight": 0.9343987358928424,
        "variations": {
          "polar": 0.4651742422162677
        }
      }
    ],
    "num_points": 2650400,
    "gamma": 2.081381100531373,
    "brightness": 1.2,
    "hue_rotation": 27.994170587966295
  }
}