{
  "seed": "7e785cb8-af61-4736-8094-dba332e2a7e9",
  "params": {
    "transforms": [
      {
        "a": -0.906049759006808,
        "b": 0.8985658466233981,
        "c": -0.18038576520018212,
        "d": -0.22428524582215426,
        "e": 1.3305625618548382,
        "f": 0.16743070722374065,
        "color": 0.189431991921588,
        "weight": 0.11210796853165995,
        "variations": {
          "swirl": 0.5346595054208078,
          "linear": 0.5085072983742134
        }
      },
      {
        "a": 0.7776523521240217,
        "b": 0.30930503612259774,
        "c": 0.6066903713780165,
        "d": -0.8724664151634394,
        "e": 0.7728344878829487,
        "f": 0.7885933856127676,
        "color": 0.8901152524611423,
        "weight": 0.21925634631588198,
        "variations": {
          "swirl": 0.04940887735413069
        }
      },
      {
        "a": 0.8452031853721476,
        "b": -0.7708744787559394,
        "c": -0.5441615008099969,
        "d": -0.17261203147053683,
        "e": -0.9417187833205518,
        "f": 1.135650339678385,
        "color": 0.27450489607105577,
        "weight": 0.19920756718391397,
        "variations": {
          "linear": 0.631913515967996
        }
      },
      {
        "a": 0.421428392797625,
        "b": 0.8236420833017724,
        "c": 0.2888627978372982,
        "d": 0.18618092818199283,
        "e": -1.052082149209494,
        "f": 0.8654069323386158,
        "color": 0.3087090250971577,
        "weight": 0.40794319768624765,
        "variations": {
          "spherical": 0.5471295387912571
        }
      }
    ],
    "num_points": 1384718,
    "gamma": 1.8272000071402215,
    "brightness": 1.2,
    "hue_rotation": 123.87242129348074
  }
}