{
  "seed": "18d99223-4c35-4a63-a77c-72964919fbcf",
  "params": {
    "transforms": [
      {
        "a": -0.6945669779477281,
        "b": 0.6947717455523812,
        "c": -0.9377117386464926,
        "d": -0.38047199240153917,
        "e": 0.768155919146015,
        "f": -0.5458839660241515,
        "color": 0.6586234442734713,
        "weight": 0.4468269586308786,
        "variations": {
          "heart": 0.9449553147012717,
          "swirl": 0.09544989031439843,
          "polar": 0.1796635365021092
        }
      },
      {
        "a": 0.9727346656788105,
        "b": -0.5275135275781946,
        "c": 0.0707012153074491,
        "d": -0.49257972603334577,
        "e": 0.17927657003566466,
        "f": -0.03255389659140562,
        "color": 0.4716897272125362,
        "weight": 0.7578804397752102,
        "variations": {
          "heart": 0.4115935516119751,
          "swirl": 0.9335573538353871,
          "polar": 0.7475186249720975
        }
      },
      {
        "a": 0.6055624500089793,
        "b": 0.6172367175852167,
        "c": 0.15886974529691367,
        "d": -0.08739567531020076,
        "e": -0.3520132713758013,
        "f": -0.4997968347745503,
        "color": 0.10122590994121694,
        "weight": 0.7174068138452588,
        "variations": {
          "heart": 0.5785218451269502,
          "spherical": 0.45728823650384753
        }
      },
      {
        "a": 0.6358748699829115,
        "b": 0.7356941326734758,
        "c": 0.9249795554787441,
        "d": -0.354066195790921,
        "e": 1.378086298420588,
        "f": 0.8933282624401131,
        "color": 0.10796017809056557,
        "weight": 0.6354534597706881,
        "variations": {
          "spherical": 0.2876589088356234
        }
      }
    ],
    "num_points": 1235862,
    "gamma": 2.4825757576216385,
    "brightness": 1.2,
    "hue_rotation": 48.76481679532801
  }
}