{
  "seed": "38c2f056-166a-41c1-9dbb-6f3009bb4da0-80",
  "parameters": {
    "num_transforms": 3,
    "transforms": [
      {
        "a": 1.1026551125979687,
        "b": 0.03556401423460942,
        "c": 0.11587607701558866,
        "d": 1.3789687379906272,
        "e": 1.0772292972977953,
        "f": 0.7928518042327699,
        "color": 0.34106524137080463,
        "variations": {
          "horseshoe": 0.0,
          "sinusoidal": 0.0,
          "hyperbolic": 0.14020749349407824,
          "spherical": 0.0
        },
        "weight": 0.8544171002073928
      },
      {
        "a": 0.4394776547030479,
        "b": -0.6298199436647716,
        "c": -0.31255991699605823,
        "d": -0.06616222893650292,
        "e": 0.5107289398684833,
        "f": -1.1347293948489106,
        "color": 0.48316640081155904,
        "variations": {
          "linear": 0.9744773851759111,
          "heart": 0.7891877480554972
        },
        "weight": 1.293054476931638
      },
      {
        "a": 0.6760161144414383,
        "b": 0.08690416427303171,
        "c": -1.3325585144297656,
        "d": -0.9553777050189537,
        "e": -1.495940548943591,
        "f": -1.4860984594905338,
        "color": 0.3973197578652149,
        "variations": {
          "spiral": 0.5300289335525404,
          "polar": 0.0,
          "linear": 0.9977715560006536
        },
        "weight": 1.1311386701527841
      }
    ],
    "num_points": 3545911,
    "gamma": 1.7044386440197845,
    "brightness": 1.7494761253557645,
    "contrast": 0.9763738823901607,
    "hue_rotation": 31.11250208554956
  }
}