{
  "seed": "65721608-f4b4-41a2-bacb-fb63e8d0ca20",
  "params": {
    "transforms": [
      {
        "a": 0.48380368680247976,
        "b": -0.6688820919007397,
        "c": -0.7358129180573276,
        "d": 0.7574355950756437,
        "e": -0.932226637296647,
        "f": -0.8751361405948577,
        "color": 0.06819127762614063,
        "weight": 0.871993475238659,
        "variations": {
          "polar": 0.42603069143821715,
          "sinusoidal": 0.16723761978523366
        }
      },
      {
        "a": -0.05241477572749842,
        "b": -0.044798787531074025,
        "c": -0.9511727293784502,
        "d": 0.9562810928458219,
        "e": -0.7400040677030079,
        "f": 1.200038888411639,
        "color": 0.44454827331762836,
        "weight": 0.7813397624981906,
        "variations": {
          "linear": 0.6474859279925258,
          "polar": 0.7404187802526868,
          "spherical": 0.35245404539993086
        }
      },
      {
        "a": -0.6996925095353377,
        "b": -0.9548305256400607,
        "c": 0.11497761232430537,
        "d": 0.7029717227089611,
        "e": 1.0471427141402505,
        "f": 0.33877488388629073,
        "color": 0.5578129064782746,
        "weight": 0.5005291684588498,
        "variations": {
          "heart": 0.7061455052144906,
          "sinusoidal": 0.741489014613694,
          "swirl": 0.8395180576795171
        }
      },
      {
        "a": -0.008250857519061627,
        "b": -0.8489721016424945,
        "c": -0.49224328745285284,
        "d": -0.6840466531972464,
        "e": 0.9332460814121193,
        "f": 1.0661886615254965,
        "color": 0.9849631949004289,
        "weight": 0.6767390807433302,
        "variations": {
          "linear": 0.2511243201167188,
          "polar": 0.06386760013959536,
          "sinusoidal": 0.40367438943705214
        }
      }
    ],
    "num_points": 2595496,
    "gamma": 2.401429646623601,
    "brightness": 1.2,
    "hue_rotation": 240.54385531188535
  }
}