{
  "seed": "1cab604c-102c-4280-9a6b-efa0526eae58",
  "params": {
    "transforms": [
      {
        "a": -0.021444716539242625,
        "b": -0.20730332949275998,
        "c": -0.43357009693875104,
        "d": -0.758890247920438,
        "e": -0.5316151076027053,
        "f": 1.3872058721764553,
        "color": 0.7909014643241273,
        "weight": 0.23731909708313087,
        "variations": {
          "heart": 0.7026230323241694,
          "polar": 0.22472457659139844
        }
      },
      {
        "a": -0.7790053303973494,
        "b": 0.5241835270413346,
        "c": 0.9926981194730036,
        "d": 0.46339908830139187,
        "e": -0.6353418961964608,
        "f": -1.4741691594724564,
        "color": 0.532219268343647,
        "weight": 0.3827121158796859,
        "variations": {
          "heart": 0.17267604666808734,
          "linear": 0.03947663376665922,
          "polar": 0.34685166932054534
        }
      },
      {
        "a": -0.9273451011456537,
        "b": -0.28258833661815164,
        "c": -0.327900911812504,
        "d": -0.8787206206028029,
        "e": -1.4083539950674768,
        "f": 0.981087676193301,
        "color": 0.390157456629063,
        "weight": 0.8386721984308984,
        "variations": {
          "spherical": 0.37871002737686266
        }
      }
    ],
    "num_points": 1318966,
    "gamma": 1.994518833748145,
    "brightness": 1.2,
    "hue_rotation": 169.14115841993453
  }
}