{
  "seed": "2d4a72fb-ead2-459c-b1eb-beac75879f83",
  "params": {
    "transforms": [
      {
        "a": 0.9460203120799997,
        "b": 0.5547365005974012,
        "c": 0.79009211551919,
        "d": -0.6243611303523813,
        "e": 0.3394923571901636,
        "f": 0.6556550046687097,
        "color": 0.4761835867574886,
        "weight": 0.2351352690727381,
        "variations": {
          "spherical": 0.6795171096874677,
          "swirl": 0.29550412183323527
        }
      },
      {
        "a": 0.6003544099621774,
        "b": -0.8366984584048505,
        "c": -0.31674210331567987,
        "d": 0.9221223825924065,
        "e": 0.8378547615115237,
        "f": 0.17014933866732296,
        "color": 0.8752001518564544,
        "weight": 0.5202795010825917,
        "variations": {
          "spherical": 0.6669359705274304
        }
      }
    ],
    "num_points": 2006267,
    "gamma": 1.8808819794262004,
    "brightness": 1.2,
    "hue_rotation": 114.90743323298099
  }
}