{
  "seed": "4def6820-0f56-493c-96bb-3304c4962028",
  "params": {
    "transforms": [
      {
        "a": 0.43699184506159594,
        "b": 0.5582115631603579,
        "c": -0.6264604725816936,
        "d": 0.3816687291259424,
        "e": -0.04543043088485699,
        "f": 1.2370736840115,
        "color": 0.037227150505456996,
        "weight": 0.2370913417286582,
        "variations": {
          "linear": 0.1785338395561321
        }
      },
      {
        "a": 0.7897110207657894,
        "b": -0.21537517908494808,
        "c": -0.353417609575857,
        "d": 0.13965265297206364,
        "e": 0.32472846637047503,
        "f": -0.17582209194257503,
        "color": 0.8824617490330919,
        "weight": 0.14617139074376817,
        "variations": {
          "linear": 0.6539739404088827
        }
      },
      {
        "a": -0.38767518236952236,
        "b": -0.530387195443941,
        "c": 0.5903416751573796,
        "d": 0.7718954852622966,
        "e": -1.1964873780380185,
        "f": 0.06703283697125029,
        "color": 0.34400762200924506,
        "weight": 0.8310160741016868,
        "variations": {
          "swirl": 0.9301485869870699,
          "linear": 0.5154776728702953,
          "sinusoidal": 0.6251099868521053
        }
      }
    ],
    "num_points": 2273810,
    "gamma": 2.3374786388190794,
    "brightness": 1.2,
    "hue_rotation": 173.0756061076287
  }
}