{
  "seed": "98119953-6c08-48ac-a936-09806f3922bf",
  "params": {
    "transforms": [
      {
        "a": -0.9043885969048511,
        "b": 0.287634652600526,
        "c": 0.9100639744453998,
        "d": 0.17959039781510522,
        "e": -0.8120596923107212,
        "f": -1.4003483124427798,
        "color": 0.5125743199727104,
        "weight": 0.9130066623135228,
        "variations": {
          "swirl": 0.3792223973358825,
          "polar": 0.8532210492212181,
          "linear": 0.33659978198947293
        }
      },
      {
        "a": -0.6439379996399446,
        "b": 0.25864352695167225,
        "c": -0.17801092867776003,
        "d": -0.7592549196785159,
        "e": 0.28252376393276357,
        "f": -0.2524708387429604,
        "color": 0.7560307984181036,
        "weight": 0.27616602242232074,
        "variations": {
          "polar": 0.18861455091949197
        }
      }
    ],
    "num_points": 1094488,
    "gamma": 2.428593861939522,
    "brightness": 1.2,
    "hue_rotation": 167.67151648895126
  }
}