{
  "seed": "ec0514a1-2913-43ed-8315-48b3c1ca8f76",
  "params": {
    "transforms": [
      {
        "a": 0.3213788691894943,
        "b": -0.49148306168182243,
        "c": 0.70794706754233,
        "d": -0.07853583676743892,
        "e": -1.368425252427016,
        "f": 0.41708613235857994,
        "color": 0.17720802499328292,
        "weight": 0.23465148106763137,
        "variations": {
          "sinusoidal": 0.604980303573389
        }
      },
      {
        "a": -0.7497499542288577,
        "b": -0.9046965613799987,
        "c": 0.5069289484801893,
        "d": 0.5967338279249523,
        "e": -0.6954030564866898,
        "f": 1.419362257630909,
        "color": 0.493525947725145,
        "weight": 0.16598729755882413,
        "variations": {
          "heart": 0.7271234417586155
        }
      },
      {
        "a": 0.37090461929112206,
        "b": -0.8132291016601398,
        "c": 0.315773219862326,
        "d": -0.4786317448753974,
        "e": -0.8779726746435726,
        "f": -0.853415217890924,
        "color": 0.09033396989841003,
        "weight": 0.8888895376859919,
        "variations": {
          "swirl": 0.16988588493838386,
          "heart": 0.4529372063774857
        }
      }
    ],
    "num_points": 1625535,
    "gamma": 2.2234412355641218,
    "brightness": 1.2,
    "hue_rotation": 325.40118198012635
  }
}