{
  "seed": "bdfc6b46-856d-4a4a-8831-b631f9326f74",
  "params": {
    "transforms": [
      {
        "a": -0.6992372124464195,
        "b": 0.40982477114281246,
        "c": 0.5358843884847015,
        "d": -0.9662980731858133,
        "e": 0.3371520696546795,
        "f": 0.7896995826112043,
        "color": 0.21905713551112838,
        "weight": 0.7787206023399238,
        "variations": {
          "linear": 0.4392749038083348,
          "sinusoidal": 0.1389029265727254,
          "swirl": 0.36764607475676925
        }
      },
      {
        "a": 0.6268833966243885,
        "b": -0.9698669533591924,
        "c": 0.7483982218476353,
        "d": -0.6735926423721537,
        "e": 0.6457841365810788,
        "f": 0.37565125680054257,
        "color": 0.8704322931055217,
        "weight": 0.8564704843444996,
        "variations": {
          "polar": 0.7146870910962149,
          "linear": 0.23655510458522622,
          "swirl": 0.981376154404667
        }
      },
      {
        "a": -0.8107102694672819,
        "b": 0.9922739552512008,
        "c": 0.646607335986201,
        "d": 0.9969193775295235,
        "e": -0.9744746799329752,
        "f": 0.13517507916448324,
        "color": 0.09261798229542373,
        "weight": 0.4427841312903107,
        "variations": {
          "sinusoidal": 0.8430968240656025,
          "heart": 0.7976817321030035,
          "spherical": 0.5895979469204387
        }
      }
    ],
    "num_points": 2346049,
    "gamma": 2.228606681792689,
    "brightness": 1.2,
    "hue_rotation": 353.5680660064932
  }
}