{
  "seed": "b0e7586e-c08f-48cb-884b-5dabbea172d9",
  "params": {
    "transforms": [
      {
        "a": 0.59396309705872,
        "b": 0.6048319161557485,
        "c": 0.07914538593569631,
        "d": 0.43202198991652674,
        "e": 0.9428606854253294,
        "f": 1.3957989988724604,
        "color": 0.2366922411857213,
        "weight": 0.7381392727720557,
        "variations": {
          "spherical": 0.951660495082631,
          "swirl": 0.2566844860448625,
          "polar": 0.5026151997448207
        }
      },
      {
        "a": 0.9375553625543347,
        "b": -0.9118977261784855,
        "c": -0.6944170648623291,
        "d": 0.0615144207891436,
        "e": -0.3818071698517269,
        "f": 0.010351500267313352,
        "color": 0.7120465926711653,
        "weight": 0.5308526760290883,
        "variations": {
          "swirl": 0.30709347607153925,
          "heart": 0.38645193423659296,
          "sinusoidal": 0.20630888993178476
        }
      },
      {
        "a": 0.09105928687683584,
        "b": 0.49605427966117777,
        "c": -0.44661469315643876,
        "d": 0.6118141062720508,
        "e": 0.9280093496879549,
        "f": 1.483179293072693,
        "color": 0.4732513289941567,
        "weight": 0.5683630404770192,
        "variations": {
          "spherical": 0.7588566319911298
        }
      }
    ],
    "num_points": 1787898,
    "gamma": 2.233594681820586,
    "brightness": 1.2,
    "hue_rotation": 17.201947374561616
  }
}