{
  "seed": "5f0a4128-4ca1-4ee7-8044-b9a4514784e1",
  "params": {
    "transforms": [
      {
        "a": -0.48638374430435616,
        "b": -0.18137598546007894,
        "c": 0.9191595878682763,
        "d": 0.6087349937469599,
        "e": 0.435962112973852,
        "f": 1.2625036480516814,
        "color": 0.18237348554499933,
        "weight": 0.5808056311673994,
        "variations": {
          "swirl": 0.9339520103387352,
          "linear": 0.3891551119684563,
          "heart": 0.47151451045415793
        }
      },
      {
        "a": 0.6579314638376788,
        "b": 0.8424828876561266,
        "c": 0.12799515111880755,
        "d": -0.3162052742429229,
        "e": -0.3909030345083555,
        "f": 0.5926609362096733,
        "color": 0.07999074942156303,
        "weight": 0.5037418863981477,
        "variations": {
          "spherical": 0.5036262332314696,
          "heart": 0.14352597802641376,
          "swirl": 0.5859947937882236
        }
      }
    ],
    "num_points": 2624624,
    "gamma": 2.418237088398044,
    "brightness": 1.2,
    "hue_rotation": 277.64356115757954
  }
}