{
  "seed": "9b1c8ecd-24dc-4d2f-af11-49fa133dda8e",
  "params": {
    "transforms": [
      {
        "a": 0.48098295846774874,
        "b": 0.8168238838075617,
        "c": 0.4648487141993678,
        "d": -0.17737541070084495,
        "e": 0.29083595067001333,
        "f": -0.6543654764095868,
        "color": 0.792270739478043,
        "weight": 0.9981362884358685,
        "variations": {
          "sinusoidal": 0.5287073340883164,
          "polar": 0.09908295798133815,
          "swirl": 0.6112329972203925
        }
      },
      {
        "a": -0.22689768944451538,
        "b": 0.9609434124949947,
        "c": 0.5595023706842206,
        "d": -0.01667680978579633,
        "e": -0.20665251479825297,
        "f": -0.6024575040126379,
        "color": 0.4558236322014979,
        "weight": 0.752813027325169,
        "variations": {
          "polar": 0.24175197202241394,
          "linear": 0.21597292153327574,
          "swirl": 0.1961535828065729
        }
      },
      {
        "a": 0.49670827167318654,
        "b": 0.6461898571624012,
        "c": 0.8179421795215678,
        "d": -0.050382753561795335,
        "e": -0.030134536425117542,
        "f": -0.5286531263786683,
        "color": 0.5037629059824018,
        "weight": 0.1903344369837125,
        "variations": {
          "heart": 0.04316706625333078,
          "sinusoidal": 0.48811375829899706,
          "swirl": 0.832398819611381
        }
      }
    ],
    "num_points": 1940320,
    "gamma": 1.80377989107604,
    "brightness": 1.2,
    "hue_rotation": 156.63975924955483
  }
}