{
  "seed": "1f314570-6f36-4c5c-8b84-3c46002c6ca1",
  "params": {
    "transforms": [
      {
        "a": -0.7888477919527805,
        "b": -0.42195365981298383,
        "c": -0.17834884537775442,
        "d": 0.16420914334680115,
        "e": -0.4898335961687508,
        "f": 0.23957409486397596,
        "color": 0.9886866264339813,
        "weight": 0.8815447313918714,
        "variations": {
          "linear": 0.7756577282157391
        }
      },
      {
        "a": -0.8122884527976317,
        "b": -0.9389872160924817,
        "c": 0.418122937763463,
        "d": -0.43702270896788376,
        "e": 0.35626004885100393,
        "f": -0.5160529876191132,
        "color": 0.14429701531874162,
        "weight": 0.3656637253632471,
        "variations": {
          "linear": 0.6527927914175093
        }
      },
      {
        "a": -0.26589209033407735,
        "b": -0.26290616171299996,
        "c": -0.7549600516700923,
        "d": -0.5629400387838881,
        "e": 0.9222214753996285,
        "f": 0.0802722531410831,
        "color": 0.6847413167285663,
        "weight": 0.9371589276994579,
        "variations": {
          "sinusoidal": 0.653264561041846,
          "heart": 0.6153093650227746
        }
      }
    ],
    "num_points": 1033338,
    "gamma": 2.000827405590443,
    "brightness": 1.2,
    "hue_rotation": 205.44709272414948
  }
}