{
  "seed": "96cfd178-92e0-448c-a877-acff7871f647",
  "params": {
    "transforms": [
      {
        "a": -0.23127483306223473,
        "b": -0.846023970045882,
        "c": -0.19871847171790957,
        "d": -0.27047944520922096,
        "e": 0.44329084388661855,
        "f": 0.19714929102147272,
        "color": 0.21455926395579095,
        "weight": 0.24420535852669473,
        "variations": {
          "swirl": 0.974504555687978
        }
      },
      {
        "a": 0.7906258882303872,
        "b": -0.9696418701505629,
        "c": 0.9195626265020467,
        "d": 0.5562155971961287,
        "e": -0.45530543119962763,
        "f": -0.11372495251602088,
        "color": 0.10093614381982019,
        "weight": 0.5833928547708038,
        "variations": {
          "sinusoidal": 0.6182092979047294,
          "heart": 0.7155565681090708
        }
      }
    ],
    "num_points": 1285932,
    "gamma": 2.416544504902207,
    "brightness": 1.2,
    "hue_rotation": 218.0312863156098
  }
}