{
  "seed": "b6d5a4d7-456d-4699-9887-592ed1a6f195",
  "params": {
    "transforms": [
      {
        "a": 0.7350542697027937,
        "b": -0.8789751682730182,
        "c": -0.9068738676015695,
        "d": 0.17979892161530442,
        "e": -1.0072930507790496,
        "f": 1.1856074006538235,
        "color": 0.8638721270984879,
        "weight": 0.9695990879869401,
        "variations": {
          "swirl": 0.22259358709696164
        }
      },
      {
        "a": -0.6499223167815269,
        "b": -0.9030946585274984,
        "c": 0.16110321173760256,
        "d": 0.2229982518787732,
        "e": 1.36659810710292,
        "f": 0.2894548267169297,
        "color": 0.5603536644461075,
        "weight": 0.587127949610269,
        "variations": {
          "heart": 0.35903995271761835
        }
      },
      {
        "a": 0.5654598916575944,
        "b": -0.8158122102049277,
        "c": 0.42684608168513116,
        "d": -0.5409701190665794,
        "e": -0.7996618471545249,
        "f": -1.0374391462302617,
        "color": 0.2468187608232595,
        "weight": 0.841592631743172,
        "variations": {
          "heart": 0.6531677913462351,
          "linear": 0.5489564944863208
        }
      }
    ],
    "num_points": 1340133,
    "gamma": 1.8074036942704006,
    "brightness": 1.2,
    "hue_rotation": 1.9569536949702204
  }
}