{
  "seed": "9a40b9c5-0693-4f57-8ca2-23145081cd39-286",
  "parameters": {
    "num_transforms": 2,
    "transforms": [
      {
        "a": -0.4141859553003453,
        "b": -0.5633140621355402,
        "c": 0.41052838485574794,
        "d": -0.8587081823084695,
        "e": 1.1288886269021283,
        "f": -0.10519842742297514,
        "color": 0.005111720657659191,
        "variations": {
          "horseshoe": 0.19504266203116305,
          "polar": 0.8671583461001329
        },
        "weight": 1.3378452750751637
      },
      {
        "a": -1.3711974308653523,
        "b": -0.6880446569097762,
        "c": -1.249434323883635,
        "d": -1.3771674026369733,
        "e": -1.2436712405949142,
        "f": -0.17341586223262095,
        "color": 0.3074580706208725,
        "variations": {
          "horseshoe": 0.3758809376361273,
          "swirl": 0.7916950814491474,
          "sinusoidal": 0.47767000848336594
        },
        "weight": 1.9498330334615719
      }
    ],
    "num_points": 1720487,
    "gamma": 2.441710027025509,
    "brightness": 1.1200399371621572,
    "contrast": 1.8995642015695877,
    "hue_rotation": 141.08555378516147
  }
}