{
  "seed": "ac0baf94-9762-42ee-9626-6de7aa82e4d8",
  "params": {
    "transforms": [
      {
        "a": -0.6405560443934732,
        "b": 0.8113011474850909,
        "c": 0.5332869495333583,
        "d": 0.5448188166509607,
        "e": 0.7056656666789802,
        "f": -0.7242395997503297,
        "color": 0.6998217149774687,
        "weight": 0.4108292113277625,
        "variations": {
          "linear": 0.5452301185894073,
          "polar": 0.05138328354846933,
          "swirl": 0.8953666060888575
        }
      },
      {
        "a": 0.9356107748848386,
        "b": -0.6524793901347303,
        "c": -0.5231237076578448,
        "d": -0.9289424873611167,
        "e": -0.647116710975552,
        "f": -0.3974579599199939,
        "color": 0.26861954157826495,
        "weight": 0.6358575144118073,
        "variations": {
          "sinusoidal": 0.2765015371914451
        }
      }
    ],
    "num_points": 1467409,
    "gamma": 1.8808590364885862,
    "brightness": 1.2,
    "hue_rotation": 243.74197657089098
  }
}