{
  "seed": "681bf9a7-c2d5-4054-a214-99f645904893",
  "params": {
    "transforms": [
      {
        "a": 0.5183149564780776,
        "b": -0.2858736122940868,
        "c": -0.5344840423916699,
        "d": 0.06980132283053031,
        "e": -1.0683476563869458,
        "f": -1.034446695194244,
        "color": 0.6450030497441931,
        "weight": 0.26132737312109744,
        "variations": {
          "spherical": 0.625073739158998,
          "sinusoidal": 0.8254212401529071,
          "linear": 0.8656202070963126
        }
      },
      {
        "a": -0.12517361092002166,
        "b": 0.7852065058063471,
        "c": -0.8062186639822997,
        "d": -0.6864426890779285,
        "e": 0.09404515094248023,
        "f": 0.09382802107613131,
        "color": 0.8263053263743683,
        "weight": 0.6384763664524886,
        "variations": {
          "polar": 0.7592278206711757
        }
      }
    ],
    "num_points": 1012687,
    "gamma": 2.192833243633272,
    "brightness": 1.2,
    "hue_rotation": 144.6732296318705
  }
}