{
  "seed": "b4025905-519c-4a00-9dbe-36a566a8823b",
  "params": {
    "transforms": [
      {
        "a": 0.13276839072483781,
        "b": 0.6491578648610055,
        "c": -0.2517443551825531,
        "d": 0.9645775674353634,
        "e": 0.2028611304409882,
        "f": 0.5621787978100823,
        "color": 0.6032742723493558,
        "weight": 0.1613331876552157,
        "variations": {
          "heart": 0.8729316782364742,
          "spherical": 0.4818520424442456,
          "linear": 0.00865347644274661
        }
      },
      {
        "a": 0.33899443540800567,
        "b": -0.8802035481632235,
        "c": 0.7200864183423332,
        "d": -0.27789652453813507,
        "e": 0.7352628061403226,
        "f": -1.437148721177627,
        "color": 0.34927749520108176,
        "weight": 0.5551290612141333,
        "variations": {
          "swirl": 0.4436719757117096
        }
      },
      {
        "a": 0.9686023348374235,
        "b": -0.445955976116587,
        "c": 0.04645778450161586,
        "d": -0.031963798938800414,
        "e": -0.1240302319006279,
        "f": 0.1122233447863148,
        "color": 0.8551246456842122,
        "weight": 0.5731531049222122,
        "variations": {
          "heart": 0.2339303231175519,
          "swirl": 0.02168355160865898,
          "spherical": 0.11009736062469577
        }
      },
      {
        "a": 0.339195060543491,
        "b": 0.40669332850256357,
        "c": -0.7693019347513852,
        "d": -0.135880762232504,
        "e": 0.29541710538272126,
        "f": -1.0381344347700505,
        "color": 0.34782010282496023,
        "weight": 0.24564591448109438,
        "variations": {
          "swirl": 0.70962119258075,
          "polar": 0.7661440298469884
        }
      }
    ],
    "num_points": 1776716,
    "gamma": 2.328347301519133,
    "brightness": 1.2,
    "hue_rotation": 238.7583577103049
  }
}