{
  "seed": "6862dfab-6ba5-4994-8f49-c7782e289977",
  "params": {
    "transforms": [
      {
        "a": 0.43142406400642574,
        "b": 0.21640204133414298,
        "c": -0.23671754090596386,
        "d": -0.6385392658737414,
        "e": -0.1809123789399345,
        "f": -0.5978727316986419,
        "color": 0.2411637720065074,
        "weight": 0.12709807741756673,
        "variations": {
          "swirl": 0.5912553733307703,
          "heart": 0.7639231417726811,
          "sinusoidal": 0.11449646380285272
        }
      },
      {
        "a": 0.19236377562888296,
        "b": 0.38559971870271625,
        "c": 0.9428391394617104,
        "d": -0.46702578771979253,
        "e": -0.5440305668584234,
        "f": 0.9316717502524163,
        "color": 0.13281077278531772,
        "weight": 0.1745814258781651,
        "variations": {
          "swirl": 0.2812535597982784
        }
      }
    ],
    "num_points": 2215392,
    "gamma": 2.3559275288778143,
    "brightness": 1.2,
    "hue_rotation": 36.31360452391437
  }
}