{
  "seed": "a6dbf033-dbae-4736-ab67-8a062dfa80dd",
  "params": {
    "transforms": [
      {
        "a": -0.08146090753494106,
        "b": 0.34824296254408416,
        "c": 0.6505381744775123,
        "d": 0.6040884895572196,
        "e": -0.7672301658663007,
        "f": -0.5524417675770804,
        "color": 0.2789496549053555,
        "weight": 0.3440775204248769,
        "variations": {
          "polar": 0.8572695772554286,
          "heart": 0.5072307869893096,
          "sinusoidal": 0.8971838724394489
        }
      },
      {
        "a": -0.9324975777611995,
        "b": 0.9954053192517178,
        "c": -0.7784801515160094,
        "d": 0.8358976408423675,
        "e": 1.068622610704737,
        "f": 0.6484318722096805,
        "color": 0.9925476411526338,
        "weight": 0.496550861694531,
        "variations": {
          "heart": 0.23646520381689973,
          "linear": 0.2911999899140183
        }
      },
      {
        "a": 0.8172484438962297,
        "b": -0.7352749103527971,
        "c": -0.06067793522105802,
        "d": -0.674346932776219,
        "e": 0.517442052632922,
        "f": 1.1056727451370665,
        "color": 0.583357366593255,
        "weight": 0.8831540838140008,
        "variations": {
          "spherical": 0.7620031513249821,
          "heart": 0.6256487220555397,
          "swirl": 0.31181676615261655
        }
      },
      {
        "a": -0.7777063027148563,
        "b": -0.7110484836425623,
        "c": 0.5251784646956521,
        "d": -0.4349110970684207,
        "e": -0.26868784629853737,
        "f": -0.4542679435409833,
        "color": 0.42960045196721053,
        "weight": 0.49126126635880407,
        "variations": {
          "heart": 0.937008511631985,
          "sinusoidal": 0.6630402743703927
        }
      }
    ],
    "num_points": 2060011,
    "gamma": 2.414646008480716,
    "brightness": 1.2,
    "hue_rotation": 341.43190216199815
  }
}