{
  "seed": "5720a653-6dc4-4c72-bcb2-a9670570454f",
  "params": {
    "transforms": [
      {
        "a": -0.36690866430761915,
        "b": -0.26722365445597096,
        "c": 0.4631578727402079,
        "d": 0.15128349766817384,
        "e": -1.108769554958933,
        "f": -0.06297188907165152,
        "color": 0.4413235955444116,
        "weight": 0.9157672599943788,
        "variations": {
          "sinusoidal": 0.2580048979979612
        }
      },
      {
        "a": -0.10478392808201287,
        "b": -0.582112148367641,
        "c": 0.23835802499810055,
        "d": -0.07868527114261137,
        "e": -1.1499302751382636,
        "f": -1.2129353585862135,
        "color": 0.7412361692866934,
        "weight": 0.32544958506216204,
        "variations": {
          "sinusoidal": 0.17740475782526932,
          "linear": 0.17255650582330584
        }
      },
      {
        "a": -0.79713440375405,
        "b": 0.06847033857402018,
        "c": -0.8511975067870228,
        "d": 0.40307457090716325,
        "e": -0.03078145244241215,
        "f": -1.059394233170884,
        "color": 0.07694071044185768,
        "weight": 0.5205983150002157,
        "variations": {
          "spherical": 0.9171346135986256,
          "polar": 0.34432048472331844
        }
      },
      {
        "a": 0.06482322131142837,
        "b": 0.4806708783529263,
        "c": 0.671941790005602,
        "d": -0.07995970962580357,
        "e": 0.9205546320704272,
        "f": 1.3859004276180116,
        "color": 0.691961468140514,
        "weight": 0.19012592537636253,
        "variations": {
          "swirl": 0.5382600785675669
        }
      }
    ],
    "num_points": 1833471,
    "gamma": 1.9972722160967757,
    "brightness": 1.2,
    "hue_rotation": 247.6843291681542
  }
}