{
  "seed": "7d203b43-ac0c-47a0-8bd6-b8fefa4168a0",
  "params": {
    "transforms": [
      {
        "a": 0.7246389565650426,
        "b": -0.055277780425305956,
        "c": -0.31035376992541885,
        "d": 0.8966381169929076,
        "e": -0.0031182550377424345,
        "f": -1.2848487571269551,
        "color": 0.8475222266607753,
        "weight": 0.3059133359794726,
        "variations": {
          "linear": 0.220701292472951,
          "sinusoidal": 0.5190840515506736
        }
      },
      {
        "a": 0.3304827373684669,
        "b": -0.6517776501639025,
        "c": 0.14015951524454962,
        "d": -0.7781481587438899,
        "e": -0.909498947452808,
        "f": 1.3510363538128525,
        "color": 0.4466451640500897,
        "weight": 0.4522581331451051,
        "variations": {
          "heart": 0.9034204557515227,
          "spherical": 0.15622781734074387,
          "swirl": 0.33274962882463566
        }
      },
      {
        "a": 0.7895398202924462,
        "b": -0.3675319376281412,
        "c": 0.8464017815159461,
        "d": 0.44956153595795856,
        "e": -1.4623731270178615,
        "f": -1.2147918093579089,
        "color": 0.632534236710245,
        "weight": 0.6757747212111482,
        "variations": {
          "polar": 0.4128126661538427,
          "spherical": 0.8647262269585956
        }
      }
    ],
    "num_points": 2754432,
    "gamma": 2.4926033640862943,
    "brightness": 1.2,
    "hue_rotation": 17.269331501310546
  }
}