{
  "seed": "5ae9579f-4350-4000-957a-f8dd8446d4cf",
  "params": {
    "transforms": [
      {
        "a": 0.03807123938355228,
        "b": 0.8422092392720382,
        "c": -0.2747292006810964,
        "d": 0.0427049967516826,
        "e": 1.2213225367204537,
        "f": -1.4618275301057775,
        "color": 0.2559065721296985,
        "weight": 0.2640670929755193,
        "variations": {
          "heart": 0.5947587546748376
        }
      },
      {
        "a": 0.8638374654259784,
        "b": -0.5082657228921941,
        "c": 0.25092339851529255,
        "d": -0.8949523868422891,
        "e": 0.08134144339928984,
        "f": -1.0029622318532014,
        "color": 0.7062979190967086,
        "weight": 0.6629454259570523,
        "variations": {
          "swirl": 0.9370363071780353
        }
      },
      {
        "a": 0.21402218405244477,
        "b": -0.5982444498168908,
        "c": -0.8695830832795604,
        "d": 0.3873947695592481,
        "e": 0.2801434422366822,
        "f": 1.0523640007632116,
        "color": 0.4490858691403009,
        "weight": 0.6168700968176632,
        "variations": {
          "heart": 0.35407372873178866,
          "linear": 0.9824103817509722
        }
      }
    ],
    "num_points": 2168456,
    "gamma": 2.3722976398921056,
    "brightness": 1.2,
    "hue_rotation": 15.019303221673361
  }
}