{
  "seed": "c7b39415-173f-4021-a96b-5fe4b9f81f6c",
  "params": {
    "transforms": [
      {
        "a": -0.5382718957691566,
        "b": -0.4867175297366795,
        "c": 0.590240894339163,
        "d": 0.8126487747866631,
        "e": -0.7893688828034872,
        "f": 0.7395574658271542,
        "color": 0.5600379129888516,
        "weight": 0.4582679095199781,
        "variations": {
          "spherical": 0.9734470286157934,
          "sinusoidal": 0.836114167234426
        }
      },
      {
        "a": -0.27867711789804805,
        "b": -0.77162123230023,
        "c": -0.3924088479490251,
        "d": -0.12324011402556789,
        "e": 1.3178825284876914,
        "f": -1.1564693877797865,
        "color": 0.5119234997211038,
        "weight": 0.2898106471990929,
        "variations": {
          "heart": 0.5443231716808044,
          "polar": 0.214594269853297,
          "sinusoidal": 0.8212494789347142
        }
      }
    ],
    "num_points": 2398533,
    "gamma": 2.325566254671373,
    "brightness": 1.2,
    "hue_rotation": 181.36925673948764
  }
}