{
  "seed": "e105d2fc-19dc-49d4-b308-81901d020866",
  "params": {
    "transforms": [
      {
        "a": -0.5530952593922047,
        "b": 0.2852763056710692,
        "c": 0.2763281643418041,
        "d": -0.26299519466977017,
        "e": 1.4339521047093187,
        "f": -0.06700700902208068,
        "color": 0.807097690626575,
        "weight": 0.11372459244474854,
        "variations": {
          "swirl": 0.6670044365920982
        }
      },
      {
        "a": -0.9132843902537897,
        "b": -0.8319662839960138,
        "c": -0.30457771233956077,
        "d": -0.9871382591193036,
        "e": 0.8867981855123723,
        "f": -0.436686154651341,
        "color": 0.9675948138959807,
        "weight": 0.47249671251570824,
        "variations": {
          "heart": 0.28355543223511237,
          "sinusoidal": 0.6828996437302914,
          "polar": 0.7681507270104905
        }
      }
    ],
    "num_points": 1150878,
    "gamma": 2.427343375182642,
    "brightness": 1.2,
    "hue_rotation": 289.32128471523026
  }
}