{
  "seed": "dd0506b8-b2c6-49cc-99eb-df9a9b8e8068",
  "params": {
    "transforms": [
      {
        "a": -0.594244336839632,
        "b": -0.4061116976628225,
        "c": -0.5058278803308578,
        "d": 0.4015671527271547,
        "e": 1.4700637994750299,
        "f": 1.1434034804893654,
        "color": 0.30690731491983403,
        "weight": 0.9804266097940062,
        "variations": {
          "linear": 0.6326224911153464,
          "heart": 0.21221413568704206,
          "polar": 0.1955328753354203
        }
      },
      {
        "a": 0.14225776309854732,
        "b": 0.49450469987260104,
        "c": -0.778888980673242,
        "d": -0.5793557533858282,
        "e": 0.5894147211820928,
        "f": -1.0196371088380576,
        "color": 0.09657941368461442,
        "weight": 0.6989092426363088,
        "variations": {
          "polar": 0.9512452902205517,
          "swirl": 0.6297873523610829,
          "sinusoidal": 0.20129809838258583
        }
      },
      {
        "a": -0.47732747346425053,
        "b": -0.7791228236546619,
        "c": 0.39122277147183593,
        "d": 0.7341030818083707,
        "e": 1.3825773827203225,
        "f": -0.8992112818104481,
        "color": 0.0855287650779939,
        "weight": 0.11856133947222293,
        "variations": {
          "sinusoidal": 0.5202288645364603
        }
      },
      {
        "a": -0.9434089388831042,
        "b": -0.48874442355708214,
        "c": 0.8452426025935467,
        "d": -0.3896032783148209,
        "e": -0.9378048782025036,
        "f": -0.06305261777705162,
        "color": 0.7982146744149149,
        "weight": 0.2683095773410266,
        "variations": {
          "polar": 0.24962635765574115,
          "linear": 0.8774296462214997,
          "swirl": 0.6902826389703303
        }
      }
    ],
    "num_points": 2389163,
    "gamma": 2.3738553979824126,
    "brightness": 1.2,
    "hue_rotation": 359.658293655142
  }
}