{
  "seed": "2bb84eb7-87a0-4036-99e0-b11a779468ea",
  "params": {
    "transforms": [
      {
        "a": 0.5487882276332543,
        "b": -0.4260671411884571,
        "c": -0.41311405870211027,
        "d": 0.4671430286549405,
        "e": 0.4911322962241491,
        "f": -0.7627055937474075,
        "color": 0.32098326991084214,
        "weight": 0.6234006102712474,
        "variations": {
          "spherical": 0.16170762148999251
        }
      },
      {
        "a": -0.44154727504701663,
        "b": -0.35641392104128466,
        "c": 0.0005414111912773745,
        "d": 0.1892392993761134,
        "e": -1.198543618170825,
        "f": 1.367315678444065,
        "color": 0.15829510067190855,
        "weight": 0.15434359283252738,
        "variations": {
          "polar": 0.6782014297296195,
          "swirl": 0.4496580944302998,
          "spherical": 0.2466146995509384
        }
      },
      {
        "a": 0.02403857670788212,
        "b": -0.7133336301733524,
        "c": -0.38603801247675484,
        "d": -0.04135230998017225,
        "e": 1.3443548978233268,
        "f": -1.3058329069811196,
        "color": 0.9680460109788261,
        "weight": 0.48475397007188425,
        "variations": {
          "heart": 0.06135371538774115,
          "swirl": 0.46206749739633257,
          "sinusoidal": 0.5285818669532899
        }
      }
    ],
    "num_points": 1260759,
    "gamma": 2.065798644204987,
    "brightness": 1.2,
    "hue_rotation": 174.8590155192654
  }
}