{
  "seed": "471a27dd-9604-45ee-8aff-84dbff959800",
  "params": {
    "transforms": [
      {
        "a": -0.09008019965207303,
        "b": 0.6660274163569861,
        "c": 0.6053843505310801,
        "d": -0.024037904843273283,
        "e": 1.3726754179164513,
        "f": -0.08251811048711533,
        "color": 0.8461573687246899,
        "weight": 0.4380247767825616,
        "variations": {
          "swirl": 0.06973628292517564
        }
      },
      {
        "a": 0.4448813389432411,
        "b": 0.8029886733755078,
        "c": -0.8001002633020378,
        "d": 0.42925368976622225,
        "e": 1.080254249005069,
        "f": 1.215858804771499,
        "color": 0.6681493279900511,
        "weight": 0.3094152929727545,
        "variations": {
          "polar": 0.1431623195681111
        }
      },
      {
        "a": -0.34119475399595234,
        "b": 0.6925799100206378,
        "c": 0.40904481999852504,
        "d": 0.8058462591563957,
        "e": 1.2005057893281736,
        "f": -1.1129381353305545,
        "color": 0.5088060420519402,
        "weight": 0.9870061594399892,
        "variations": {
          "swirl": 0.3578822224567071
        }
      },
      {
        "a": -0.22983765817047574,
        "b": -0.4607103505456134,
        "c": -0.9199169799208546,
        "d": 0.6537989379486555,
        "e": 0.19284172448134473,
        "f": 0.6074898602010443,
        "color": 0.4460722939690146,
        "weight": 0.9631448968752394,
        "variations": {
          "polar": 0.7859724858072178
        }
      }
    ],
    "num_points": 2261222,
    "gamma": 2.191935940442756,
    "brightness": 1.2,
    "hue_rotation": 76.02100348711095
  }
}