{
  "seed": "5f3a9571-4bd8-4318-9d6a-1e2fa0eab6f6",
  "params": {
    "transforms": [
      {
        "a": 0.7203592291615877,
        "b": 0.15359890717085567,
        "c": -0.1702405529496407,
        "d": -0.44394824645353936,
        "e": -0.3386970716980753,
        "f": -1.3693852161953972,
        "color": 0.8226235832434349,
        "weight": 0.14487811285738858,
        "variations": {
          "spherical": 0.5689729389638741,
          "sinusoidal": 0.29033949400274195
        }
      },
      {
        "a": 0.1345352619117819,
        "b": -0.25979108628095604,
        "c": 0.09363825152335825,
        "d": 0.45635966141116957,
        "e": 0.5428167165855085,
        "f": 0.3928838139060775,
        "color": 0.2304710934976728,
        "weight": 0.6811817453672927,
        "variations": {
          "heart": 0.49692804098659027,
          "polar": 0.7725694837266706,
          "linear": 0.4469837441165413
        }
      },
      {
        "a": 0.8042476134386152,
        "b": -0.7851778453394824,
        "c": -0.014086718584789049,
        "d": 0.08314463613737666,
        "e": 0.35988600327958364,
        "f": -0.7247889192715566,
        "color": 0.9539033383693438,
        "weight": 0.12381269651004946,
        "variations": {
          "heart": 0.18238450244752524,
          "swirl": 0.11232656780402583
        }
      }
    ],
    "num_points": 2564150,
    "gamma": 2.157877598490604,
    "brightness": 1.2,
    "hue_rotation": 115.87489965172732
  }
}