{
  "seed": "d5b7f999-28ce-4047-ba1d-35e7ebebcc29-511",
  "parameters": {
    "num_transforms": 2,
    "transforms": [
      {
        "a": -0.035576546528067965,
        "b": -0.31390560292235814,
        "c": -0.6461588700158306,
        "d": -0.9922807955671926,
        "e": -0.6133599647290147,
        "f": 0.3503247844742643,
        "color": 0.30246241787259376,
        "variations": {
          "horseshoe": 0.0,
          "polar": 0.9516882642935802,
          "spiral": 0.3803770572531927
        },
        "weight": 1.1815103947248575
      },
      {
        "a": -1.2981210541914405,
        "b": 0.14141215227557735,
        "c": -0.5489052436478115,
        "d": 0.05599612682621791,
        "e": -0.5617055871211954,
        "f": -1.3004469514487669,
        "color": 0.6017023983887434,
        "variations": {
          "spiral": 0.0,
          "polar": 0.6816622972735377
        },
        "weight": 0.8358275354136551
      }
    ],
    "num_points": 3000421,
    "gamma": 1.676851607895767,
    "brightness": 1.0505232266975901,
    "contrast": 1.9297918859706855,
    "hue_rotation": 196.33514287064557
  }
}