{
  "seed": "494190a8-26c7-4f09-bb57-4b5268e12ac6-176",
  "parameters": {
    "num_transforms": 3,
    "transforms": [
      {
        "a": -0.24186334650290675,
        "b": 0.005121596420178287,
        "c": -1.3008709936123104,
        "d": -0.9350288492124009,
        "e": -0.3166916405164395,
        "f": -0.4131263800892715,
        "color": 0.3547966096597406,
        "variations": {
          "disc": 0.5880651325065193,
          "linear": 0.23223157179297704,
          "hyperbolic": 0.09066387221857208
        },
        "weight": 1.4392591144840496
      },
      {
        "a": -1.0266444659231713,
        "b": -1.1619426078590958,
        "c": -1.2646523335247628,
        "d": -0.29461309152789106,
        "e": 1.4399171854650112,
        "f": -1.3696390610302318,
        "color": 0.5981237989132343,
        "variations": {
          "polar": 0.8789900653328844,
          "linear": 0.0,
          "swirl": 0.31133611210462386
        },
        "weight": 0.6563645224526571
      },
      {
        "a": 0.937539480583478,
        "b": -0.07094486433488179,
        "c": 0.39932199679987157,
        "d": 1.2713183131509673,
        "e": 0.7848095699940538,
        "f": -0.6228261074433069,
        "color": 0.8511680397547357,
        "variations": {
          "polar": 0.0,
          "disc": 0.3404004494152044
        },
        "weight": 1.579404542043862
      }
    ],
    "num_points": 1044634,
    "gamma": 2.1102948457470188,
    "brightness": 0.9307990581746528,
    "contrast": 1.4951950411084953,
    "hue_rotation": 225.67028440894526
  }
}