{
  "seed": "deb6eae8-97f2-46ac-952a-fbfa1818aa15",
  "params": {
    "transforms": [
      {
        "a": 0.2533829725477914,
        "b": -0.6100039758732969,
        "c": -0.2769937945792953,
        "d": -0.36998315447805186,
        "e": 0.9512757079964969,
        "f": -0.5429449720384594,
        "color": 0.006894200206939982,
        "weight": 0.4633288515394943,
        "variations": {
          "polar": 0.028463348123551557,
          "linear": 0.41726920153421665
        }
      },
      {
        "a": -0.18376842419057726,
        "b": -0.6971263896504827,
        "c": -0.46899860227482737,
        "d": 0.7025724016359929,
        "e": -0.6102467613857446,
        "f": -0.8613849812964576,
        "color": 0.4073004213246987,
        "weight": 0.3582977972803111,
        "variations": {
          "polar": 0.23712026288092547,
          "spherical": 0.7277425427650442,
          "sinusoidal": 0.850175579665373
        }
      }
    ],
    "num_points": 1695130,
    "gamma": 2.167455410657398,
    "brightness": 1.2,
    "hue_rotation": 29.243075563287995
  }
}