{
  "seed": "6b1ea6be-d782-4d4e-8668-5718e7e0250f",
  "params": {
    "transforms": [
      {
        "a": -0.7954569861559664,
        "b": 0.36133260176767434,
        "c": 0.677415467797291,
        "d": -0.9330801094159218,
        "e": 0.6415746252403287,
        "f": -1.1011833052120465,
        "color": 0.4574130369417422,
        "weight": 0.9995551727669253,
        "variations": {
          "swirl": 0.3110221619907845,
          "polar": 0.9982756408258271
        }
      },
      {
        "a": -0.026272374224955763,
        "b": 0.8482244580735372,
        "c": 0.1402902322737527,
        "d": -0.5280653351291797,
        "e": 0.19447812859769975,
        "f": 1.4077789558238507,
        "color": 0.4390241401691002,
        "weight": 0.391379430053047,
        "variations": {
          "heart": 0.5804614577830879
        }
      }
    ],
    "num_points": 1148401,
    "gamma": 2.433284385923685,
    "brightness": 1.2,
    "hue_rotation": 289.0529666352346
  }
}