{
  "seed": "75f7777c-2cc8-449b-b34c-649f2e9a98f5",
  "params": {
    "transforms": [
      {
        "a": -0.836958095470868,
        "b": -0.6743957036242432,
        "c": 0.5699334871598452,
        "d": -0.2604079656974141,
        "e": 0.5019982108034053,
        "f": 0.5129133328594078,
        "color": 0.7700992959312614,
        "weight": 0.24051822168387066,
        "variations": {
          "sinusoidal": 0.8064100329202812
        }
      },
      {
        "a": -0.5029273388764421,
        "b": -0.8326148274756453,
        "c": -0.3412758192273653,
        "d": -0.5228446452692765,
        "e": 0.3896919835767272,
        "f": 0.6612581618380746,
        "color": 0.8048788556700867,
        "weight": 0.31439054803671374,
        "variations": {
          "linear": 0.910538216280702
        }
      }
    ],
    "num_points": 1027565,
    "gamma": 2.2768744801215104,
    "brightness": 1.2,
    "hue_rotation": 324.06766542027344
  }
}