{
  "seed": "938153aa-fcdb-4dff-802c-91555f1cc970",
  "params": {
    "transforms": [
      {
        "a": 0.22278014047638428,
        "b": 0.809233749699142,
        "c": -0.03638890551891638,
        "d": -0.9578877735238858,
        "e": -0.5932325668186288,
        "f": 0.5138396011035393,
        "color": 0.14015325375233634,
        "weight": 0.3550516508309256,
        "variations": {
          "sinusoidal": 0.3607792724410144,
          "heart": 0.11941811637914213
        }
      },
      {
        "a": 0.1679290329513139,
        "b": -0.9478540622694205,
        "c": 0.8653677948906189,
        "d": 0.4463003862746895,
        "e": -1.2445344604798718,
        "f": 0.004917595232210914,
        "color": 0.8508345875399463,
        "weight": 0.7712059090516863,
        "variations": {
          "sinusoidal": 0.5970190749338393
        }
      },
      {
        "a": -0.5055324694179484,
        "b": -0.8159203981005649,
        "c": 0.9456823693649696,
        "d": -0.7791148491341073,
        "e": 0.15582513921006624,
        "f": 0.4751021957499324,
        "color": 0.6658611961364862,
        "weight": 0.6772062229040691,
        "variations": {
          "polar": 0.7958683904977513
        }
      }
    ],
    "num_points": 1611613,
    "gamma": 1.9721651122974477,
    "brightness": 1.2,
    "hue_rotation": 320.20611764335183
  }
}