{
  "seed": "77547ef0-ff41-4a46-882e-bb95c140ff3b",
  "params": {
    "transforms": [
      {
        "a": -0.6725954708148909,
        "b": -0.5889438377320637,
        "c": -0.531431710436209,
        "d": -0.7438706696745603,
        "e": -0.6763577486165472,
        "f": 0.7998804656855278,
        "color": 0.9518939437370838,
        "weight": 0.5435427412880206,
        "variations": {
          "heart": 0.5926098191410195,
          "linear": 0.8347954796029793
        }
      },
      {
        "a": -0.4033031402677447,
        "b": -0.6940109984394607,
        "c": 0.9345545714783556,
        "d": 0.8815306949865276,
        "e": 1.3570161183310248,
        "f": 1.391887821299595,
        "color": 0.39953261457668043,
        "weight": 0.9627081344707241,
        "variations": {
          "sinusoidal": 0.6234495402058455
        }
      },
      {
        "a": 0.6362955476990757,
        "b": -0.09777224084517933,
        "c": 0.08648315922843053,
        "d": 0.3373904652392734,
        "e": 0.9088108223713265,
        "f": 0.1906861872457759,
        "color": 0.26330424832452426,
        "weight": 0.349638771776422,
        "variations": {
          "linear": 0.3502147710460708,
          "spherical": 0.03719410408331969,
          "heart": 0.11300703868381623
        }
      }
    ],
    "num_points": 2132353,
    "gamma": 1.9908179203260459,
    "brightness": 1.2,
    "hue_rotation": 54.91115671556634
  }
}