{
  "seed": "ec043446-e44d-43b3-9396-6225c6755a8e",
  "params": {
    "transforms": [
      {
        "a": 0.37600789946381075,
        "b": 0.7023150677416867,
        "c": -0.6752039879661487,
        "d": 0.9682457443614643,
        "e": 0.19261785466952075,
        "f": -0.5468010535186371,
        "color": 0.5289608174017046,
        "weight": 0.3427878430007306,
        "variations": {
          "heart": 0.507869204316494,
          "swirl": 0.789518518118535
        }
      },
      {
        "a": 0.09319353549205278,
        "b": 0.9775384281647497,
        "c": -0.37662041180966144,
        "d": -0.3904927463940271,
        "e": 0.8127964940228907,
        "f": 1.2869895096157578,
        "color": 0.7903635132509846,
        "weight": 0.16800415004797212,
        "variations": {
          "spherical": 0.7903472361174466,
          "polar": 0.16508811219516684,
          "sinusoidal": 0.7053799438500088
        }
      },
      {
        "a": 0.9219440346647121,
        "b": -0.2691417772094975,
        "c": -0.161040598938067,
        "d": 0.7986159245113882,
        "e": -0.6045016090568431,
        "f": -1.1790106583061017,
        "color": 0.8041445460004826,
        "weight": 0.9782614504341738,
        "variations": {
          "swirl": 0.15051951516278073
        }
      },
      {
        "a": -0.6030910866658481,
        "b": 0.7100058909206028,
        "c": -0.18040866908959963,
        "d": 0.9196099272880309,
        "e": 0.30804773232361504,
        "f": -1.4039024983751474,
        "color": 0.7232590012004149,
        "weight": 0.813018928690663,
        "variations": {
          "spherical": 0.2631003551613651
        }
      }
    ],
    "num_points": 2706710,
    "gamma": 2.1772704757331063,
    "brightness": 1.2,
    "hue_rotation": 98.34291412013908
  }
}