{
  "seed": "20982a4a-6101-41ee-b898-f86782478c42-591",
  "parameters": {
    "num_transforms": 4,
    "transforms": [
      {
        "a": 0.0774976211116658,
        "b": 0.0682193649063716,
        "c": -0.6532173334605216,
        "d": -0.46815886142827723,
        "e": -0.8760953149138144,
        "f": 0.3378175390406124,
        "color": 0.9058439655568621,
        "variations": {
          "sinusoidal": 0.4233879473935709,
          "heart": 0.23790245769262897,
          "swirl": 0.0
        },
        "weight": 1.0685530939904648
      },
      {
        "a": -1.3339539415066823,
        "b": -0.029831245674074136,
        "c": -1.0637026707887702,
        "d": -1.4655882708259647,
        "e": -0.9331043715441781,
        "f": -0.7923513472585993,
        "color": 0.8334074851183224,
        "variations": {
          "polar": 0.8914717365599634,
          "spherical": 0.44816487648998504,
          "swirl": 0.6511208651477035
        },
        "weight": 1.1882611732834336
      },
      {
        "a": 0.8497287759654424,
        "b": 0.7337872506886858,
        "c": 1.3809350460488656,
        "d": 1.1701631222901376,
        "e": -0.8632178186631352,
        "f": 0.6213440735233582,
        "color": 0.231163373869973,
        "variations": {
          "sinusoidal": 0.14741310657966977,
          "heart": 0.8980203764539811,
          "spiral": 0.0,
          "linear": 0.09301589935853583
        },
        "weight": 1.7696747843625018
      },
      {
        "a": 1.154290564416125,
        "b": -1.3619583912358735,
        "c": 0.8508562614955917,
        "d": 1.1967728666531179,
        "e": -0.06221961277102839,
        "f": 0.10980135041242578,
        "color": 0.9795707710188812,
        "variations": {
          "hyperbolic": 0.5289243585183006,
          "sinusoidal": 0.2760535781636094,
          "swirl": 0.39641554494628084,
          "disc": 0.046850901271019874
        },
        "weight": 1.59803258949176
      }
    ],
    "num_points": 1815082,
    "gamma": 1.673403786117021,
    "brightness": 1.6947086612328246,
    "contrast": 1.2661080604705077,
    "hue_rotation": 157.39930715944877
  }
}