{
  "seed": "bff0e245-38ce-409b-9053-7ad0a1ca27a5",
  "params": {
    "transforms": [
      {
        "a": -0.8257474562396507,
        "b": 0.293516933606208,
        "c": 0.4638159615243451,
        "d": 0.02001697811932157,
        "e": -0.6933196506371121,
        "f": -0.86417871669664,
        "color": 0.8182294698196176,
        "weight": 0.29699260414493495,
        "variations": {
          "spherical": 0.32192788573096076,
          "linear": 0.4049463897741229
        }
      },
      {
        "a": 0.7448686783894101,
        "b": 0.7345817239391494,
        "c": 0.5810692351757223,
        "d": 0.6671808177360112,
        "e": -1.1540055569480403,
        "f": 1.1670561096404732,
        "color": 0.09976579886131876,
        "weight": 0.7441332937280227,
        "variations": {
          "heart": 0.5914467840282528,
          "linear": 0.00475030067142157
        }
      }
    ],
    "num_points": 1810854,
    "gamma": 1.9452093286671102,
    "brightness": 1.2,
    "hue_rotation": 208.12237298272512
  }
}