{
  "seed": "8512d319-06d1-4873-a3c6-e8ea15a92d3c",
  "params": {
    "transforms": [
      {
        "a": -0.5261670792081885,
        "b": 0.584541822159933,
        "c": 0.7279819485380896,
        "d": 0.24691648109946107,
        "e": -0.8052578960023419,
        "f": 0.4824734918081166,
        "color": 0.8814789526285344,
        "weight": 0.5298631892780606,
        "variations": {
          "polar": 0.8516259428499134,
          "spherical": 0.3798909863106765,
          "heart": 0.7926353893247549
        }
      },
      {
        "a": 0.14105838529453552,
        "b": -0.1453145761115422,
        "c": -0.849018781306389,
        "d": 0.6896969150782237,
        "e": -0.8902189626228958,
        "f": 0.46705233448036454,
        "color": 0.6449996487182761,
        "weight": 0.40741237932172514,
        "variations": {
          "swirl": 0.5423336062924716
        }
      },
      {
        "a": 0.403575429707953,
        "b": 0.9585685945600599,
        "c": -0.12604061017253,
        "d": -0.22187528285260916,
        "e": -0.843251650896782,
        "f": 0.8501412485475166,
        "color": 0.9953421527914037,
        "weight": 0.35196010851404946,
        "variations": {
          "heart": 0.866518113629941,
          "spherical": 0.40900686925221963
        }
      }
    ],
    "num_points": 1823193,
    "gamma": 2.231276638845287,
    "brightness": 1.2,
    "hue_rotation": 247.09818033230215
  }
}