{
  "seed": "0d1ac679-d90d-477c-b7bf-9646f1ab4119",
  "params": {
    "transforms": [
      {
        "a": -0.8057394930564157,
        "b": 0.30588484129684046,
        "c": -0.8198146748465602,
        "d": 0.6215966735922742,
        "e": 0.31836819899197577,
        "f": -0.19689184485947164,
        "color": 0.10182113990676123,
        "weight": 0.12150849066724435,
        "variations": {
          "polar": 0.10255381543208641,
          "heart": 0.060047000926000904
        }
      },
      {
        "a": -0.342974969468532,
        "b": -0.9145893994115628,
        "c": 0.6084418844190906,
        "d": 0.44731658122610396,
        "e": -0.4229492083609725,
        "f": 1.0766148476526833,
        "color": 0.48733093415867934,
        "weight": 0.9968813700230547,
        "variations": {
          "swirl": 0.852905531280136
        }
      },
      {
        "a": 0.2343240464427523,
        "b": 0.9433895900388953,
        "c": 0.5423487982840851,
        "d": 0.8242153028195482,
        "e": 0.8638039869853049,
        "f": 1.199590918282703,
        "color": 0.8196496696683321,
        "weight": 0.9023363481815907,
        "variations": {
          "linear": 0.7615343648292423,
          "spherical": 0.20440805248923066
        }
      }
    ],
    "num_points": 1557370,
    "gamma": 2.418689225880628,
    "brightness": 1.2,
    "hue_rotation": 159.44514204502298
  }
}