{
  "seed": "407615e5-e377-4034-96ff-05cc2c29926e",
  "params": {
    "transforms": [
      {
        "a": 0.7965264468109445,
        "b": -0.6070162983180225,
        "c": -0.581878856025597,
        "d": -0.9322800844649193,
        "e": 1.4410966618495875,
        "f": -1.3140560401453318,
        "color": 0.8054215701526732,
        "weight": 0.2979096261715336,
        "variations": {
          "swirl": 0.8565967634221291,
          "sinusoidal": 0.7719333372559878
        }
      },
      {
        "a": 0.723389445552256,
        "b": 0.044039304486338304,
        "c": -0.4635470985858545,
        "d": 0.4392007553069366,
        "e": 1.1232366328679584,
        "f": -1.1983690008654828,
        "color": 0.05988847701291711,
        "weight": 0.33434914576865393,
        "variations": {
          "spherical": 0.37662181006090534,
          "swirl": 0.9802522502284046
        }
      },
      {
        "a": 0.48942809492316575,
        "b": -0.8471971930722044,
        "c": -0.579152637190282,
        "d": -0.37469430750650434,
        "e": -0.3779454445824735,
        "f": -0.7470281120768171,
        "color": 0.137616786831101,
        "weight": 0.9933096032461611,
        "variations": {
          "heart": 0.10982122531405925,
          "polar": 0.6149009162939676
        }
      }
    ],
    "num_points": 1379453,
    "gamma": 2.459526580494971,
    "brightness": 1.2,
    "hue_rotation": 279.7946221729247
  }
}