{
  "seed": "bc8bffe6-9672-40fa-a287-88ac1519aad5",
  "params": {
    "transforms": [
      {
        "a": 0.12249168544455968,
        "b": 0.6808001857895738,
        "c": -0.14797108826835625,
        "d": 0.9735061092229389,
        "e": -0.27452240819298535,
        "f": -1.4772003422042441,
        "color": 0.8206771237963656,
        "weight": 0.7613935786266574,
        "variations": {
          "spherical": 0.47174583904515466,
          "linear": 0.3775144490068345,
          "heart": 0.6086100267283091
        }
      },
      {
        "a": -0.5580703831885758,
        "b": -0.9348094941345806,
        "c": -0.4798045008058063,
        "d": 0.43280718434701737,
        "e": -1.2648808227262065,
        "f": 0.9924337987486154,
        "color": 0.16332280092050422,
        "weight": 0.512890498818251,
        "variations": {
          "spherical": 0.8232216650132439,
          "swirl": 0.14858264757017847
        }
      },
      {
        "a": -0.6705043989204336,
        "b": 0.8010162843554383,
        "c": -0.5636977358021107,
        "d": -0.8847347286563096,
        "e": 1.0979185270051386,
        "f": -0.2542823160311718,
        "color": 0.671949641559949,
        "weight": 0.5731943736610995,
        "variations": {
          "heart": 0.8429609949973172,
          "sinusoidal": 0.5619251057225734
        }
      },
      {
        "a": 0.601154778397055,
        "b": -0.20625057912994427,
        "c": -0.22591909317657333,
        "d": 0.1488278957357292,
        "e": 0.04879931527270509,
        "f": 1.442421634115469,
        "color": 0.4813847796962921,
        "weight": 0.7166441079619451,
        "variations": {
          "heart": 0.9690439843334531,
          "swirl": 0.5862671371395001
        }
      }
    ],
    "num_points": 1279580,
    "gamma": 2.134174790593529,
    "brightness": 1.2,
    "hue_rotation": 140.16529956291183
  }
}