{
  "seed": "281a15a4-5798-49fd-a26f-54ba148d6f1f",
  "params": {
    "transforms": [
      {
        "a": 0.93218225671254,
        "b": 0.21948845734622546,
        "c": -0.5394703832854628,
        "d": -0.5006540809116449,
        "e": -0.31346695008040837,
        "f": 1.3397445841819238,
        "color": 0.5311339303291487,
        "weight": 0.8971712993095639,
        "variations": {
          "sinusoidal": 0.4297040579045771
        }
      },
      {
        "a": -0.4168753716489224,
        "b": 0.13627662410107333,
        "c": -0.10670947298861466,
        "d": -0.7433830070674008,
        "e": -0.34787258609860094,
        "f": -0.5806985325108958,
        "color": 0.24313348577984262,
        "weight": 0.17961454455555334,
        "variations": {
          "sinusoidal": 0.2997448350942796
        }
      }
    ],
    "num_points": 1912551,
    "gamma": 1.8404250182481685,
    "brightness": 1.2,
    "hue_rotation": 178.1713961987741
  }
}