{
  "seed": "c5888e77-6929-4fcd-92da-f5b41560019d",
  "params": {
    "transforms": [
      {
        "a": -0.43497674779416995,
        "b": 0.8446237637023828,
        "c": -0.44137370093274475,
        "d": 0.8019841846511411,
        "e": 0.8789296372832363,
        "f": 0.15167525610477828,
        "color": 0.1767940686503603,
        "weight": 0.6773279465712179,
        "variations": {
          "sinusoidal": 0.5914975247832318,
          "swirl": 0.9730292533144849
        }
      },
      {
        "a": -0.9369013955478653,
        "b": -0.6838207141555515,
        "c": -0.08594324457737823,
        "d": -0.051916882108701046,
        "e": -0.5990117207938641,
        "f": -0.5465881049063224,
        "color": 0.7654276509533765,
        "weight": 0.3951061015738798,
        "variations": {
          "linear": 0.6176117922725552
        }
      },
      {
        "a": -0.6209275002870058,
        "b": -0.47638638950373813,
        "c": -0.22078039704953478,
        "d": 0.6426211028003816,
        "e": 1.1200756431028553,
        "f": 0.8077129934831175,
        "color": 0.09709428365961648,
        "weight": 0.5304511322269773,
        "variations": {
          "heart": 0.9313397508142065,
          "linear": 0.26596798506667196,
          "swirl": 0.5949530274863113
        }
      }
    ],
    "num_points": 1942965,
    "gamma": 2.311934911598798,
    "brightness": 1.2,
    "hue_rotation": 349.07294527529643
  }
}