{
  "seed": "7036cd98-f5bf-455f-8db1-199f29b8246a",
  "params": {
    "transforms": [
      {
        "a": 0.5883589495923447,
        "b": 0.4730607286678359,
        "c": 0.0974677331676741,
        "d": -0.655423785190338,
        "e": 0.9548111969125754,
        "f": 0.9292051998321176,
        "color": 0.46937606374221474,
        "weight": 0.4088441129032687,
        "variations": {
          "heart": 0.3403219859584772
        }
      },
      {
        "a": 0.19223670715105157,
        "b": -0.09085724925319227,
        "c": -0.2688050242577642,
        "d": -0.5672611250639541,
        "e": -0.1704911512213274,
        "f": 1.1067573086000575,
        "color": 0.7827501625980833,
        "weight": 0.5414594872326615,
        "variations": {
          "spherical": 0.9529077071338388,
          "swirl": 0.7088006698540045
        }
      },
      {
        "a": 0.223823616527292,
        "b": -0.4802907592625594,
        "c": -0.3639600009963224,
        "d": 0.3276602887425677,
        "e": -0.947377028268381,
        "f": 0.04912592200315524,
        "color": 0.34720856162965485,
        "weight": 0.7738486099216063,
        "variations": {
          "sinusoidal": 0.7520666653580114,
          "spherical": 0.31455975903850475,
          "swirl": 0.2924511384756474
        }
      },
      {
        "a": -0.5540469196492834,
        "b": 0.9811001142069213,
        "c": 0.5075218453027783,
        "d": 0.5054883430746677,
        "e": -0.5088069752303672,
        "f": -0.37243534601484907,
        "color": 0.3118804037768157,
        "weight": 0.467702810394347,
        "variations": {
          "swirl": 0.9390177890268281
        }
      }
    ],
    "num_points": 1137928,
    "gamma": 2.162809415759154,
    "brightness": 1.2,
    "hue_rotation": 282.64074686932264
  }
}