{
  "seed": "3aea0613-0bfc-4c38-9455-ca94acac1024",
  "params": {
    "transforms": [
      {
        "a": 0.06263300654491832,
        "b": -0.28259035828368284,
        "c": -0.38664033340256676,
        "d": -0.9510529431189394,
        "e": -0.9269023664658035,
        "f": 0.15831013833659013,
        "color": 0.5206684036472928,
        "weight": 0.6875716810240775,
        "variations": {
          "sinusoidal": 0.46263053059188486,
          "swirl": 0.8467119844674487,
          "spherical": 0.86580922594199
        }
      },
      {
        "a": 0.598105299754446,
        "b": 0.5051690618162183,
        "c": 0.8920002227704711,
        "d": 0.6662202204191254,
        "e": -0.25221967164370174,
        "f": 1.4900905841057233,
        "color": 0.5122529868537353,
        "weight": 0.5226870371252459,
        "variations": {
          "sinusoidal": 0.9074335696770317
        }
      },
      {
        "a": 0.4559638374275401,
        "b": 0.6760335628936922,
        "c": -0.43098750219583004,
        "d": 0.12321853101483371,
        "e": -1.3461484969861242,
        "f": -1.4598452655156944,
        "color": 0.18384674245332433,
        "weight": 0.4560148709427798,
        "variations": {
          "swirl": 0.10871991546515036,
          "spherical": 0.403763065560128,
          "polar": 0.838254001331407
        }
      },
      {
        "a": 0.1688180630073206,
        "b": 0.9309270474111766,
        "c": 0.20569275032627443,
        "d": 0.062325189437574924,
        "e": 0.5359102644864624,
        "f": -1.4836114758896803,
        "color": 0.31900331757435774,
        "weight": 0.3809470513050004,
        "variations": {
          "polar": 0.6461402026872405
        }
      }
    ],
    "num_points": 1306676,
    "gamma": 2.177391266044601,
    "brightness": 1.2,
    "hue_rotation": 281.6575654784034
  }
}