{
  "seed": "66c121cb-50fc-4f19-8948-2318ca165ca8",
  "params": {
    "transforms": [
      {
        "a": 0.4839703063217633,
        "b": 0.9595254999983931,
        "c": -0.9755080002876166,
        "d": -0.7733321170452434,
        "e": -0.9144743353845474,
        "f": 0.8394528976738069,
        "color": 0.031652839724285675,
        "weight": 0.3978366925006508,
        "variations": {
          "sinusoidal": 0.4365414418739918,
          "swirl": 0.4376783142692269,
          "spherical": 0.4195380211387919
        }
      },
      {
        "a": -0.9543250126883487,
        "b": 0.25339876383937066,
        "c": -0.15688083198931935,
        "d": 0.509451062748763,
        "e": 0.027263610093251067,
        "f": 1.1098406144590292,
        "color": 0.6063739155767072,
        "weight": 0.1983191215263604,
        "variations": {
          "linear": 0.4005978198116755,
          "heart": 0.5585625678676172
        }
      }
    ],
    "num_points": 1007835,
    "gamma": 2.447146092133263,
    "brightness": 1.2,
    "hue_rotation": 89.95700762675102
  }
}