{
  "seed": "3983c253-ced4-48a7-9527-d246e4b3b6c6",
  "params": {
    "transforms": [
      {
        "a": -0.8079789039686749,
        "b": 0.9205770218970124,
        "c": -0.03984698235810735,
        "d": -0.1472537967599512,
        "e": 0.17457139607364924,
        "f": -0.3477278232010581,
        "color": 0.3944508846027406,
        "weight": 0.8565371248833785,
        "variations": {
          "sinusoidal": 0.9585501564885168,
          "spherical": 0.21683995273259815
        }
      },
      {
        "a": -0.08256907793289492,
        "b": -0.0761573200674388,
        "c": 0.18210678690728122,
        "d": -0.9161898124641044,
        "e": 1.4632127208856254,
        "f": -0.0378943999300656,
        "color": 0.18321944350681785,
        "weight": 0.21121508481555046,
        "variations": {
          "spherical": 0.25032635113052903,
          "polar": 0.745625821873724
        }
      },
      {
        "a": -0.8655612050450932,
        "b": -0.6068713600478224,
        "c": -0.42370059123899373,
        "d": -0.1486974562754737,
        "e": -1.2851864682332699,
        "f": 0.06122539318787856,
        "color": 0.7826257098584394,
        "weight": 0.12032670167295122,
        "variations": {
          "sinusoidal": 0.548308000784999
        }
      },
      {
        "a": 0.5750790129465393,
        "b": 0.6093307501184417,
        "c": -0.9971917644284252,
        "d": 0.9959876249323094,
        "e": 0.732449139380337,
        "f": -0.05158308580284143,
        "color": 0.6531938882111262,
        "weight": 0.8890955940899455,
        "variations": {
          "swirl": 0.9707106666430282
        }
      }
    ],
    "num_points": 2369227,
    "gamma": 2.0182792216610865,
    "brightness": 1.2,
    "hue_rotation": 330.2022461195108
  }
}