{
  "seed": "5f38dddf-7107-4546-b92a-faf5800666ee",
  "params": {
    "transforms": [
      {
        "a": 0.25375354784834103,
        "b": -0.31195489615900307,
        "c": 0.21843311273612254,
        "d": -0.7595054948738478,
        "e": -0.612688734270338,
        "f": -0.1615389036922832,
        "color": 0.44273280899021017,
        "weight": 0.7623762978970187,
        "variations": {
          "polar": 0.27002552492874565
        }
      },
      {
        "a": 0.3122068715916193,
        "b": 0.528113028344708,
        "c": -0.16413464556834367,
        "d": 0.6060755365803308,
        "e": 0.9318431347888652,
        "f": 0.7625354386875198,
        "color": 0.888708993924553,
        "weight": 0.6947491894831763,
        "variations": {
          "linear": 0.9031628345572549,
          "polar": 0.005623381954783291,
          "swirl": 0.8000575547924612
        }
      }
    ],
    "num_points": 2468202,
    "gamma": 1.928627275402876,
    "brightness": 1.2,
    "hue_rotation": 305.19662688859785
  }
}