{
  "seed": "9c2149aa-aa3e-4d86-a00e-708171a7b224",
  "params": {
    "transforms": [
      {
        "a": 0.5086115020467379,
        "b": 0.955041568953694,
        "c": 0.11348445222813375,
        "d": 0.9491152140273029,
        "e": 0.8508816334507374,
        "f": -0.8611832097925983,
        "color": 0.6535882208438539,
        "weight": 0.3197336001661294,
        "variations": {
          "sinusoidal": 0.004656956638124821,
          "polar": 0.38997826532435076
        }
      },
      {
        "a": 0.17132733539476308,
        "b": 0.24409289990811467,
        "c": -0.2832624375280943,
        "d": 0.1398741823908798,
        "e": 0.2178082731781712,
        "f": -0.3728389364740885,
        "color": 0.5001133556442331,
        "weight": 0.5486958037135321,
        "variations": {
          "linear": 0.812666618993567
        }
      }
    ],
    "num_points": 2555292,
    "gamma": 2.4293593051922877,
    "brightness": 1.2,
    "hue_rotation": 137.91407352449806
  }
}