{
  "seed": "1c17b07a-7242-49a0-a8fb-5593a26895d6-325",
  "parameters": {
    "num_transforms": 2,
    "transforms": [
      {
        "a": -0.058850934138305444,
        "b": -0.5000408795423191,
        "c": 0.6123337203526065,
        "d": 0.5726681069364288,
        "e": -0.5146120850045404,
        "f": -0.3301137067769182,
        "color": 0.4998474451868814,
        "variations": {
          "heart": 0.33426948079880237,
          "horseshoe": 0.0,
          "spherical": 0.9250362191409703
        },
        "weight": 1.7202395260505137
      },
      {
        "a": 0.235690664870285,
        "b": 0.9511399984398174,
        "c": 0.9409125583361475,
        "d": -0.816726640677893,
        "e": -0.1924690471423678,
        "f": 0.25267130366204293,
        "color": 0.7175705878215696,
        "variations": {
          "swirl": 0.9809800933541607,
          "spherical": 0.8993968772908936
        },
        "weight": 1.1083896022711017
      }
    ],
    "num_points": 2242109,
    "gamma": 3.4462525063268052,
    "brightness": 1.5328860963012236,
    "contrast": 1.6923778791450261,
    "hue_rotation": 359.2793833967325
  }
}