{
  "seed": "84d24b92-ca84-4192-8886-64e5292db017",
  "params": {
    "transforms": [
      {
        "a": -0.11894728607481109,
        "b": -0.9883292127656924,
        "c": -0.22974737513127352,
        "d": 0.9069320397234153,
        "e": 1.3021348101692478,
        "f": -0.16028504992145676,
        "color": 0.14850554918792358,
        "weight": 0.7399796510531953,
        "variations": {
          "linear": 0.5670300021608159,
          "spherical": 0.8761410382380167,
          "sinusoidal": 0.2334455543316234
        }
      },
      {
        "a": -0.23627926134785926,
        "b": -0.2320515187970278,
        "c": -0.8499191381020854,
        "d": -0.943092432324526,
        "e": -0.6937945713910079,
        "f": 0.6728742701055213,
        "color": 0.19277078747007215,
        "weight": 0.3213837900770386,
        "variations": {
          "spherical": 0.66167338445398,
          "sinusoidal": 0.5528956782467834
        }
      },
      {
        "a": 0.8646707175333832,
        "b": 0.8789310654351441,
        "c": 0.7301550956655587,
        "d": 0.7696131613468664,
        "e": -0.5798493136411397,
        "f": -1.427751632606995,
        "color": 0.7578620105416783,
        "weight": 0.28433974679017604,
        "variations": {
          "heart": 0.5867344227161341,
          "polar": 0.7007887643265281
        }
      },
      {
        "a": -0.5838713388021555,
        "b": -0.01922098418508833,
        "c": 0.19573039011930593,
        "d": 0.34839038758096685,
        "e": -0.27164665596629334,
        "f": 0.1411100867882138,
        "color": 0.3280900231928183,
        "weight": 0.47089875953592275,
        "variations": {
          "polar": 0.7359441771885895
        }
      }
    ],
    "num_points": 1491083,
    "gamma": 2.2638027065431827,
    "brightness": 1.2,
    "hue_rotation": 220.09466885496138
  }
}