{
  "seed": "eac4eb39-7f6b-4622-906c-1098927b994f",
  "params": {
    "transforms": [
      {
        "a": -0.9068685851948042,
        "b": -0.7850586895757137,
        "c": -0.9602847116461997,
        "d": 0.7997511279506138,
        "e": 1.4677331754959466,
        "f": 0.293758318353901,
        "color": 0.05587102398203514,
        "weight": 0.6951007438171728,
        "variations": {
          "sinusoidal": 0.8454581885275017,
          "linear": 0.46985272663577193,
          "polar": 0.7414145821355852
        }
      },
      {
        "a": -0.5119879811246717,
        "b": -0.10504926611092813,
        "c": 0.9236747251465038,
        "d": 0.476468444430866,
        "e": 1.3417718083674095,
        "f": -1.2508724206895088,
        "color": 0.6775297866817575,
        "weight": 0.610883199835229,
        "variations": {
          "heart": 0.01443035641400403,
          "linear": 0.44945700477611417,
          "spherical": 0.3634662933721019
        }
      },
      {
        "a": -0.5793138527541044,
        "b": -0.5651993816439893,
        "c": 0.8751519928307239,
        "d": 0.08888504963059529,
        "e": -0.9407421220545753,
        "f": -0.9483881544104126,
        "color": 0.017920974849107152,
        "weight": 0.49090843643388316,
        "variations": {
          "sinusoidal": 0.8263150418464797,
          "heart": 0.9880415207652791,
          "linear": 0.7561260855642216
        }
      }
    ],
    "num_points": 2594921,
    "gamma": 1.9920598754914483,
    "brightness": 1.2,
    "hue_rotation": 329.5779602690923
  }
}