{
  "seed": "783ee8b1-6402-4cd7-8570-eb384a26b947",
  "params": {
    "transforms": [
      {
        "a": 0.8015456066076185,
        "b": 0.6392724683147561,
        "c": 0.4561422246875193,
        "d": -0.5698918077464579,
        "e": 0.7974100160543851,
        "f": 0.1711280230231922,
        "color": 0.8755722981901761,
        "weight": 0.29928923019215237,
        "variations": {
          "polar": 0.5044525914862868,
          "spherical": 0.758922463241515
        }
      },
      {
        "a": 0.32905779370763577,
        "b": -0.24268436783319158,
        "c": 0.930545478783745,
        "d": -0.8371947957339134,
        "e": -0.9959937431940006,
        "f": 0.6025144663890547,
        "color": 0.09457140144146048,
        "weight": 0.5451436094313789,
        "variations": {
          "spherical": 0.33882743938484416,
          "heart": 0.29505807878374,
          "swirl": 0.6191068093772655
        }
      },
      {
        "a": -0.03428248824363589,
        "b": 0.21635137683800654,
        "c": -0.936987528053898,
        "d": 0.8957070064825245,
        "e": 0.5084826072742192,
        "f": -1.0287756342944765,
        "color": 0.8621329716116487,
        "weight": 0.23946831926111886,
        "variations": {
          "spherical": 0.606230926291046,
          "heart": 0.3002497407564131
        }
      },
      {
        "a": 0.22245432037907786,
        "b": -0.10420230572729294,
        "c": -0.8324523227945693,
        "d": -0.9618999580009313,
        "e": 1.1412005252088422,
        "f": 0.8085489670271322,
        "color": 0.3743593785016879,
        "weight": 0.8506119522635082,
        "variations": {
          "spherical": 0.5341898039702575,
          "swirl": 0.013735584716168092
        }
      }
    ],
    "num_points": 2843704,
    "gamma": 2.294561180435119,
    "brightness": 1.2,
    "hue_rotation": 294.26242735478326
  }
}