{
  "seed": "76aed7bb-d6f6-44d7-916c-809c4396be88",
  "params": {
    "transforms": [
      {
        "a": -0.9781813403745465,
        "b": 0.12243412532382392,
        "c": -0.5651118248970883,
        "d": -0.34396492600774775,
        "e": -0.4853064874646975,
        "f": -1.3186780812442334,
        "color": 0.9465555116386246,
        "weight": 0.9899093929136755,
        "variations": {
          "heart": 0.09101760389825198,
          "linear": 0.8049365484676785,
          "sinusoidal": 0.8943872620381838
        }
      },
      {
        "a": -0.47132271248263224,
        "b": -0.13933725195411184,
        "c": 0.5216321476207615,
        "d": 0.0704693532285241,
        "e": -0.29695534618756936,
        "f": -0.7622689561883846,
        "color": 0.0018707698200978173,
        "weight": 0.8285654497935895,
        "variations": {
          "heart": 0.3794855892399569,
          "spherical": 0.6982772395535443
        }
      },
      {
        "a": 0.5414749313210758,
        "b": 0.7890275577971759,
        "c": -0.6164445181307079,
        "d": -0.5277051255154015,
        "e": -1.0242985368272337,
        "f": 1.267723927028956,
        "color": 0.14459054729609988,
        "weight": 0.6058035018826303,
        "variations": {
          "polar": 0.38128842747515534,
          "sinusoidal": 0.6528087381143303,
          "heart": 0.48741922056889964
        }
      },
      {
        "a": 0.7599373734734138,
        "b": 0.5786525896781984,
        "c": 0.1609979278194955,
        "d": 0.6741104403489033,
        "e": -0.611198061946884,
        "f": 0.9253789124332656,
        "color": 0.8361607470268173,
        "weight": 0.282625007794586,
        "variations": {
          "linear": 0.882764576138891,
          "heart": 0.1476945999819118,
          "sinusoidal": 0.7139204647081347
        }
      }
    ],
    "num_points": 2677857,
    "gamma": 2.4383317204714796,
    "brightness": 1.2,
    "hue_rotation": 209.12471599659185
  }
}