{
  "seed": "8e3dc01f-c79d-4ac9-9d26-8e111c2a00ea",
  "params": {
    "transforms": [
      {
        "a": -0.201299389006659,
        "b": 0.9494858722030777,
        "c": 0.8816064182105696,
        "d": -0.027282117165053466,
        "e": 0.3628176429497778,
        "f": 0.6127122272858272,
        "color": 0.3837470966754042,
        "weight": 0.710857664092208,
        "variations": {
          "linear": 0.17632871005170336,
          "sinusoidal": 0.6340035378910024
        }
      },
      {
        "a": 0.8688750122488664,
        "b": -0.12500326167796394,
        "c": -0.912461968435609,
        "d": 0.5819415768209895,
        "e": 1.487865731597707,
        "f": 0.6527215514725642,
        "color": 0.270002806037815,
        "weight": 0.14348660743132377,
        "variations": {
          "sinusoidal": 0.7589140805234263,
          "polar": 0.749173922904602,
          "linear": 0.7333153829338545
        }
      }
    ],
    "num_points": 1215250,
    "gamma": 2.3474419409769003,
    "brightness": 1.2,
    "hue_rotation": 47.22393339262145
  }
}