{
  "seed": "bd9b8347-fb76-4a3b-a7f1-44607fb35b06",
  "params": {
    "transforms": [
      {
        "a": -0.46014915169601833,
        "b": -0.9388315993786709,
        "c": -0.9304069285568783,
        "d": -0.7589734882880477,
        "e": -0.3950724325736774,
        "f": -1.07046621310674,
        "color": 0.4764464134838161,
        "weight": 0.2732234816634672,
        "variations": {
          "heart": 0.5966077128068276,
          "sinusoidal": 0.3386919237552649,
          "polar": 0.6665044330382236
        }
      },
      {
        "a": -0.8227878996164848,
        "b": 0.8304054616884249,
        "c": -0.9946635981429899,
        "d": -0.947496356573921,
        "e": -0.5611690685836123,
        "f": -1.3303071935261641,
        "color": 0.3709530469643828,
        "weight": 0.22794057138196439,
        "variations": {
          "sinusoidal": 0.9179455414294432,
          "polar": 0.6579524393563806,
          "linear": 0.8049248715824979
        }
      },
      {
        "a": -0.396845886615387,
        "b": -0.9288987589300122,
        "c": -0.5326091275569194,
        "d": -0.8746473441054938,
        "e": 0.6643249035140872,
        "f": -0.3970192072007701,
        "color": 0.8397589286415964,
        "weight": 0.7168825697721869,
        "variations": {
          "polar": 0.4313052748991034,
          "spherical": 0.685182193656693,
          "swirl": 0.9574044049710112
        }
      },
      {
        "a": -0.8367978975297137,
        "b": -0.38964358576403435,
        "c": -0.44089554765470007,
        "d": 0.8548216235007027,
        "e": -0.34665082434561256,
        "f": 1.0406507780176786,
        "color": 0.5320820464031061,
        "weight": 0.6234166420163141,
        "variations": {
          "polar": 0.173720528203671,
          "heart": 0.8851200343211287,
          "sinusoidal": 0.5914550149315426
        }
      }
    ],
    "num_points": 2914293,
    "gamma": 2.311206073226956,
    "brightness": 1.2,
    "hue_rotation": 245.9638625500153
  }
}