{
  "seed": "6a642178-b0f4-49c8-86d7-2c4a163ca599-119",
  "parameters": {
    "num_transforms": 3,
    "transforms": [
      {
        "a": 0.18437386462645344,
        "b": 0.7668077881873154,
        "c": 0.8763682709213008,
        "d": -1.2235785617860753,
        "e": -1.409275127733919,
        "f": 1.4110941258579568,
        "color": 0.2120579915794114,
        "variations": {
          "disc": 0.0,
          "horseshoe": 0.7218848785897669
        },
        "weight": 1.3731172068370827
      },
      {
        "a": 0.36410077298052457,
        "b": -1.3540754700640933,
        "c": 0.17275427739544336,
        "d": 0.22930248261320685,
        "e": -1.1115540649636886,
        "f": -1.2976704553518421,
        "color": 0.39472486599559964,
        "variations": {
          "spiral": 0.0,
          "spherical": 0.024598081482283263,
          "linear": 0.19473611454174655,
          "hyperbolic": 0.3253961872868566
        },
        "weight": 1.0949796739743374
      },
      {
        "a": -0.347821809578321,
        "b": 0.8329475914779119,
        "c": 1.4699772286421027,
        "d": -0.43470137644801965,
        "e": 0.8960154979500325,
        "f": 1.1287882485011367,
        "color": 0.88308923532977,
        "variations": {
          "hyperbolic": 0.762074375546719,
          "heart": 0.0,
          "linear": 0.3230171603257066,
          "horseshoe": 0.858854508658548
        },
        "weight": 1.3736778178019622
      }
    ],
    "num_points": 1307108,
    "gamma": 3.5152679992988323,
    "brightness": 0.7293611456592323,
    "contrast": 1.0262670028426117,
    "hue_rotation": 85.0952594838662
  }
}