{
  "seed": "ffed93f4-2f3a-4959-8a84-8ddf72d150f4",
  "params": {
    "transforms": [
      {
        "a": 0.9483308785923965,
        "b": 0.2971807767332486,
        "c": -0.8764900851008979,
        "d": 0.06965786686765885,
        "e": 1.3131694241252214,
        "f": 0.6982833931991084,
        "color": 0.6754228690759111,
        "weight": 0.5561367786626327,
        "variations": {
          "sinusoidal": 0.5843008838056974,
          "heart": 0.6192529079775138
        }
      },
      {
        "a": 0.03263264773320684,
        "b": 0.5962711352403383,
        "c": -0.16141868482254074,
        "d": -0.4679877557346457,
        "e": 1.0082057975476415,
        "f": -0.34088832722516926,
        "color": 0.3240984869842697,
        "weight": 0.33570903311227207,
        "variations": {
          "heart": 0.7390885608727854,
          "linear": 0.07112210416747022
        }
      },
      {
        "a": -0.12567986339339154,
        "b": 0.19570952535132746,
        "c": -0.05914515086082717,
        "d": 0.09353285109365506,
        "e": 1.3030996360997,
        "f": 1.1121200430917089,
        "color": 0.6609616914079144,
        "weight": 0.4733025597633036,
        "variations": {
          "spherical": 0.11715888646727501,
          "heart": 0.21121478148551187
        }
      }
    ],
    "num_points": 2054527,
    "gamma": 2.4025105023305002,
    "brightness": 1.2,
    "hue_rotation": 6.7444430342729245
  }
}