{
  "seed": "6224d6b4-ba89-470d-af35-44b2fd42dd67",
  "params": {
    "transforms": [
      {
        "a": -0.5603899737791049,
        "b": -0.41121143386167325,
        "c": 0.5002935671569493,
        "d": 0.522648117127458,
        "e": -0.5356413434718477,
        "f": 0.5160210057271364,
        "color": 0.9948492098061885,
        "weight": 0.22390069766641868,
        "variations": {
          "linear": 0.42969323488532396,
          "swirl": 0.11836331263687638
        }
      },
      {
        "a": 0.8706446790989397,
        "b": 0.4690869092280381,
        "c": 0.9730101809284191,
        "d": 0.5473635473371399,
        "e": 1.1606970878204308,
        "f": -0.2651220298162853,
        "color": 0.7384579018744001,
        "weight": 0.43262309859517556,
        "variations": {
          "linear": 0.8933507742075908,
          "swirl": 0.7882221619747534
        }
      }
    ],
    "num_points": 1364898,
    "gamma": 2.4254755681792983,
    "brightness": 1.2,
    "hue_rotation": 238.60181795577807
  }
}