{
  "seed": "14d5cc35-ade9-4339-a1c0-a1f14b6ee1c4",
  "params": {
    "transforms": [
      {
        "a": 0.4322329218232088,
        "b": -0.9712504580440944,
        "c": 0.12998754413631897,
        "d": 0.2880519930823522,
        "e": 1.194061780073382,
        "f": 0.4224084831051309,
        "color": 0.6514916153593706,
        "weight": 0.7557401997633727,
        "variations": {
          "linear": 0.40614344665428315,
          "spherical": 0.3854063457529603
        }
      },
      {
        "a": -0.2603935986823347,
        "b": 0.5573896113161692,
        "c": -0.010502873624682163,
        "d": -0.979820837054044,
        "e": 0.7245053914659856,
        "f": 0.15156730032300714,
        "color": 0.6164692595489379,
        "weight": 0.7610205415854013,
        "variations": {
          "spherical": 0.6388262735436159,
          "heart": 0.7451920823300997
        }
      },
      {
        "a": 0.03004791135655771,
        "b": -0.9377816106366832,
        "c": -0.8893058199002188,
        "d": -0.704908364641194,
        "e": 0.28675567622552744,
        "f": 0.4845774840719792,
        "color": 0.9898792491260944,
        "weight": 0.9440217793156016,
        "variations": {
          "swirl": 0.9434316733865595,
          "polar": 0.04270099467277111
        }
      },
      {
        "a": 0.4311868224642559,
        "b": 0.5614316816510965,
        "c": 0.6949920125709841,
        "d": 0.10852327993130384,
        "e": -0.7690398064425321,
        "f": 0.8814115497789272,
        "color": 0.5275500808598192,
        "weight": 0.3517883629648434,
        "variations": {
          "polar": 0.8220454640102839,
          "spherical": 0.05678412139087763
        }
      }
    ],
    "num_points": 1696644,
    "gamma": 2.495054270417393,
    "brightness": 1.2,
    "hue_rotation": 70.29167220621935
  }
}