{
  "seed": "8fe51073-a16e-4858-9814-194124ee259e",
  "params": {
    "transforms": [
      {
        "a": -0.35749239651785536,
        "b": -0.4498955145539276,
        "c": -0.9084361093214808,
        "d": -0.32508028516047016,
        "e": 0.07173921291877416,
        "f": 1.021913753566051,
        "color": 0.4879547004978739,
        "weight": 0.5140109704208538,
        "variations": {
          "sinusoidal": 0.02186311738685942,
          "linear": 0.8083992360341753,
          "spherical": 0.5497790365490505
        }
      },
      {
        "a": 0.7155597782840515,
        "b": -0.9042060546338797,
        "c": -0.9318553018806408,
        "d": -0.7640321353125363,
        "e": 1.2679267548733142,
        "f": 1.3400946575334136,
        "color": 0.6445926081141429,
        "weight": 0.3895143822937386,
        "variations": {
          "linear": 0.7475304975625765,
          "sinusoidal": 0.16331507646130805
        }
      },
      {
        "a": 0.07468408395567794,
        "b": 0.02538969017897097,
        "c": 0.9703040192600592,
        "d": -0.6299450048160322,
        "e": 0.8107273327445981,
        "f": 0.43805079609024844,
        "color": 0.05730383871204625,
        "weight": 0.9246379079775588,
        "variations": {
          "linear": 0.09932954230724833,
          "polar": 0.32565459861004153,
          "swirl": 0.040932754579897535
        }
      }
    ],
    "num_points": 2551152,
    "gamma": 2.418386181706503,
    "brightness": 1.2,
    "hue_rotation": 269.99692570782275
  }
}