{
  "seed": "bf27c886-5e65-422b-a7c1-166e6e4fdad8",
  "params": {
    "transforms": [
      {
        "a": -0.8233606638572841,
        "b": -0.4849357867905615,
        "c": 0.7059944869422874,
        "d": -0.3746891355170261,
        "e": -1.2003993130296224,
        "f": 1.3657209744749457,
        "color": 0.1358611552768576,
        "weight": 0.36175143053050707,
        "variations": {
          "swirl": 0.7702609909614794
        }
      },
      {
        "a": -0.5991168001462197,
        "b": -0.7569664616767464,
        "c": 0.6607277342412521,
        "d": -0.33965199832881643,
        "e": -0.782143514850904,
        "f": -0.22768194128180141,
        "color": 0.932519532578294,
        "weight": 0.8395093747347375,
        "variations": {
          "spherical": 0.34753562926540715,
          "polar": 0.36907489997099296
        }
      }
    ],
    "num_points": 2207059,
    "gamma": 2.048896703501663,
    "brightness": 1.2,
    "hue_rotation": 137.6881681934439
  }
}