{
  "seed": "3015df59-c5e8-4dae-9bf3-965d8811f40a",
  "params": {
    "transforms": [
      {
        "a": 0.7409541663193873,
        "b": -0.58861633074902,
        "c": -0.1809333401155837,
        "d": -0.3555133626333624,
        "e": -0.961954509451332,
        "f": 1.179069409068581,
        "color": 0.7010417735350629,
        "weight": 0.8402881167553496,
        "variations": {
          "heart": 0.5482256739848972,
          "sinusoidal": 0.9192828567229486,
          "swirl": 0.8832498975489523
        }
      },
      {
        "a": -0.5389962126890515,
        "b": -0.1486641548289307,
        "c": -0.9533726151736499,
        "d": -0.2505460712427723,
        "e": -0.2733566311929434,
        "f": 0.918166494460154,
        "color": 0.7282231476484209,
        "weight": 0.4556699404983028,
        "variations": {
          "linear": 0.44189853327465856
        }
      }
    ],
    "num_points": 1560634,
    "gamma": 2.0634065316276895,
    "brightness": 1.2,
    "hue_rotation": 305.1123753677288
  }
}