{
  "seed": "ab5ae8b6-4536-4b9c-9c5c-5079de785219",
  "params": {
    "transforms": [
      {
        "a": -0.9889793537039708,
        "b": 0.31965966610992824,
        "c": 0.3898442864401359,
        "d": -0.46838092606969983,
        "e": -1.1511145455949432,
        "f": -0.4116960805315062,
        "color": 0.7603273929394515,
        "weight": 0.5526525712912137,
        "variations": {
          "spherical": 0.1747399974231887,
          "sinusoidal": 0.947538636109349
        }
      },
      {
        "a": 0.053304179095960524,
        "b": -0.9212499962450191,
        "c": 0.8860356428741178,
        "d": -0.6999296894393012,
        "e": -0.4090430517618371,
        "f": -0.7810925329927491,
        "color": 0.45605120178052694,
        "weight": 0.1491686454741371,
        "variations": {
          "swirl": 0.500864860427965,
          "spherical": 0.631233319250237,
          "sinusoidal": 0.2942411222434925
        }
      },
      {
        "a": -0.7243362149066845,
        "b": -0.7057049050992321,
        "c": -0.776795870967852,
        "d": 0.5523490739321577,
        "e": -0.9527614089628871,
        "f": 1.436575039499255,
        "color": 0.927575979531731,
        "weight": 0.7508302862061086,
        "variations": {
          "heart": 0.28583718535633895,
          "sinusoidal": 0.6691262470956235,
          "spherical": 0.8954419491288098
        }
      }
    ],
    "num_points": 2900084,
    "gamma": 2.4757834495469644,
    "brightness": 1.2,
    "hue_rotation": 187.9546139217344
  }
}