{
  "seed": "60ea50c1-447c-468c-9b84-5a4d92bb124a",
  "params": {
    "transforms": [
      {
        "a": 0.9260766253154351,
        "b": -0.6096173065386803,
        "c": -0.7962667692586747,
        "d": 0.3011773756291565,
        "e": -0.0039849758117735945,
        "f": -1.2334865310768113,
        "color": 0.37783165885296044,
        "weight": 0.8700226914410938,
        "variations": {
          "swirl": 0.5815666283030412,
          "heart": 0.10413097330229437
        }
      },
      {
        "a": -0.42431802506805427,
        "b": -0.7338776863959575,
        "c": 0.11051937435906378,
        "d": -0.030461860990029566,
        "e": -0.5245212446023192,
        "f": -0.2563680265079542,
        "color": 0.6545533210720909,
        "weight": 0.2460758157844737,
        "variations": {
          "heart": 0.1930325825885575
        }
      }
    ],
    "num_points": 1513054,
    "gamma": 2.4364366251112486,
    "brightness": 1.2,
    "hue_rotation": 208.66296096074421
  }
}