{
  "seed": "a142f2f4-1fbd-4462-bb6e-3045735b774e",
  "params": {
    "transforms": [
      {
        "a": 0.822962647054517,
        "b": -0.8432125225466607,
        "c": -0.4850945679294918,
        "d": 0.807455934313156,
        "e": -1.49598393742456,
        "f": 0.06852445038591304,
        "color": 0.28970623340410184,
        "weight": 0.6106934921975671,
        "variations": {
          "swirl": 0.6105789474263437,
          "sinusoidal": 0.6555900322447027,
          "polar": 0.7615638307877444
        }
      },
      {
        "a": -0.608754079976521,
        "b": 0.05865340847695166,
        "c": 0.025636042519544766,
        "d": -0.34999742500379316,
        "e": 0.6911788433177106,
        "f": 0.9868991608760025,
        "color": 0.010856030139696715,
        "weight": 0.3975866112258627,
        "variations": {
          "heart": 0.51126971317578
        }
      },
      {
        "a": 0.41346762013034466,
        "b": 0.15163178706200853,
        "c": 0.7361686206683631,
        "d": 0.3921369661612579,
        "e": 0.5113554347304339,
        "f": -0.07342206168722543,
        "color": 0.5030035379761355,
        "weight": 0.22182868673447537,
        "variations": {
          "swirl": 0.8015471327577782,
          "sinusoidal": 0.7245462995099113
        }
      },
      {
        "a": 0.6334327678383993,
        "b": 0.7190732195496392,
        "c": 0.95114526016243,
        "d": -0.218354011903096,
        "e": -0.8437835196886238,
        "f": 1.157781912843503,
        "color": 0.236345955984116,
        "weight": 0.8100448189258357,
        "variations": {
          "linear": 0.48648997201273236,
          "spherical": 0.9155457065639957
        }
      }
    ],
    "num_points": 1981100,
    "gamma": 2.3687850118230305,
    "brightness": 1.2,
    "hue_rotation": 335.12872265900614
  }
}