{
  "seed": "50b1f29e-7c5f-4e62-a3f7-d6322ff55de0",
  "params": {
    "transforms": [
      {
        "a": -0.43383002924740977,
        "b": -0.3258953370461348,
        "c": 0.7826555199508405,
        "d": 0.12120634697107335,
        "e": -0.3848702255483065,
        "f": 0.9468662837208912,
        "color": 0.32554985180397067,
        "weight": 0.7700639535853867,
        "variations": {
          "sinusoidal": 0.7568496505914813,
          "swirl": 0.07477687138575217,
          "linear": 0.3821055723791682
        }
      },
      {
        "a": -0.08994034504557402,
        "b": -0.4725059109591645,
        "c": -0.8658989618284656,
        "d": 0.9178874702487356,
        "e": 1.3252857249551115,
        "f": 1.0899683207514812,
        "color": 0.8744978478112532,
        "weight": 0.5703672965021732,
        "variations": {
          "linear": 0.967567538265477,
          "swirl": 0.27785997093752546,
          "sinusoidal": 0.23542250549278632
        }
      },
      {
        "a": -0.08730198028346758,
        "b": -0.35417067949887326,
        "c": -0.11716292406360895,
        "d": -0.8526348173157576,
        "e": -0.8483452176573846,
        "f": 1.2482784726529519,
        "color": 0.10208451559334941,
        "weight": 0.6725103455927328,
        "variations": {
          "heart": 0.399190354019036,
          "linear": 0.7444779005482598,
          "sinusoidal": 0.530174167283125
        }
      }
    ],
    "num_points": 1659763,
    "gamma": 2.4409503675075097,
    "brightness": 1.2,
    "hue_rotation": 293.1290989395291
  }
}