{
  "seed": "36cc06de-0af4-4730-af33-74f5c47284bc",
  "params": {
    "transforms": [
      {
        "a": 0.9838904448901322,
        "b": -0.03548718392893635,
        "c": -0.32697443503457757,
        "d": 0.33653489607666365,
        "e": -0.9355344363065905,
        "f": 0.034906869775018334,
        "color": 0.6685460454483554,
        "weight": 0.9727889702462711,
        "variations": {
          "swirl": 0.5440853324542285,
          "polar": 0.5112065380204256
        }
      },
      {
        "a": -0.6394261321412158,
        "b": 0.48861821705178965,
        "c": -0.479759390324795,
        "d": -0.5956934027403171,
        "e": 0.2571679223430601,
        "f": 1.3671059241354482,
        "color": 0.7027588996469344,
        "weight": 0.5906140388478118,
        "variations": {
          "polar": 0.5685633136695466,
          "spherical": 0.7756153888325067,
          "sinusoidal": 0.8025228447994363
        }
      },
      {
        "a": 0.4156948181709452,
        "b": 0.40174439173140986,
        "c": -0.969911450086187,
        "d": -0.49402995837105457,
        "e": -1.3609128565798334,
        "f": -0.8798142969424863,
        "color": 0.6937955122130288,
        "weight": 0.7726778030420993,
        "variations": {
          "heart": 0.14858531098079086,
          "spherical": 0.22192540109546122,
          "sinusoidal": 0.19025799956976064
        }
      },
      {
        "a": 0.8031799478402306,
        "b": -0.019723914064344816,
        "c": -0.04440696957518009,
        "d": 0.6506279377018347,
        "e": -0.5517377226214997,
        "f": 0.4210724302589828,
        "color": 0.23866054668866032,
        "weight": 0.20457481346426928,
        "variations": {
          "heart": 0.14231390896003537
        }
      }
    ],
    "num_points": 2558570,
    "gamma": 2.1889502258419236,
    "brightness": 1.2,
    "hue_rotation": 137.4671934593379
  }
}