{
  "seed": "9be298d8-ff49-4f5f-85ed-c9f0882a466c",
  "params": {
    "transforms": [
      {
        "a": -0.8655567457779165,
        "b": -0.8986642300241356,
        "c": -0.6957618892085906,
        "d": 0.6890112538898467,
        "e": 0.4898652314135927,
        "f": -1.3719470204550333,
        "color": 0.2275384164763874,
        "weight": 0.3561328663430179,
        "variations": {
          "swirl": 0.4068915583136905,
          "polar": 0.30986526992603436,
          "spherical": 0.4971680518715197
        }
      },
      {
        "a": -0.007251107950919877,
        "b": 0.38647341431054083,
        "c": -0.350061673290071,
        "d": -0.7430709619319829,
        "e": -1.4178299865364217,
        "f": -0.7511804594291488,
        "color": 0.06931413288244981,
        "weight": 0.7894485023988554,
        "variations": {
          "heart": 0.32791036104117555,
          "spherical": 0.21583032455611817
        }
      },
      {
        "a": -0.12415787045778193,
        "b": 0.26366741497377877,
        "c": 0.39268843583501933,
        "d": -0.6793105278587981,
        "e": -0.500854465714524,
        "f": -0.3974042441195713,
        "color": 0.08829176120956361,
        "weight": 0.39998819099140204,
        "variations": {
          "linear": 0.35690193906949896
        }
      },
      {
        "a": -0.6081268522853662,
        "b": 0.45232896050574034,
        "c": -0.6020081943017814,
        "d": 0.6811809025287854,
        "e": -1.0874529051379747,
        "f": -0.9383761367931277,
        "color": 0.5598358301897942,
        "weight": 0.37970122199688816,
        "variations": {
          "swirl": 0.6208247136118373
        }
      }
    ],
    "num_points": 2542669,
    "gamma": 1.8162247564269323,
    "brightness": 1.2,
    "hue_rotation": 224.04510815807308
  }
}