{
  "seed": "97d4b69f-cc86-4525-a679-0ccc942183c9",
  "params": {
    "transforms": [
      {
        "a": 0.1383412205771497,
        "b": 0.2758652771871841,
        "c": -0.7738901162767238,
        "d": -0.5971276388762747,
        "e": 0.595845372526536,
        "f": -0.8867405709705987,
        "color": 0.3277652333194778,
        "weight": 0.8384214109448408,
        "variations": {
          "sinusoidal": 0.3840934608972746
        }
      },
      {
        "a": 0.35872909447043333,
        "b": 0.3046592206307317,
        "c": -0.9478291059906048,
        "d": -0.43532216762222586,
        "e": 0.3891840201994232,
        "f": 0.8143077304448427,
        "color": 0.714145892420319,
        "weight": 0.21196853301215163,
        "variations": {
          "polar": 0.24966236274727138
        }
      },
      {
        "a": -0.10928804411446946,
        "b": -0.2967549131706866,
        "c": 0.17651367845371224,
        "d": -0.2280854438887996,
        "e": 0.5518559010044917,
        "f": -0.8191663367816185,
        "color": 0.23289000690423267,
        "weight": 0.20303234051241248,
        "variations": {
          "sinusoidal": 0.9246817347395886
        }
      },
      {
        "a": -0.46608487616915406,
        "b": 0.5845940622867007,
        "c": 0.5098070394038889,
        "d": -0.709239564424015,
        "e": 1.2928725855963767,
        "f": 0.871264547510493,
        "color": 0.9011827050435355,
        "weight": 0.597419707717458,
        "variations": {
          "linear": 0.7092997740084177,
          "spherical": 0.20697443797440318,
          "swirl": 0.5907833702815175
        }
      }
    ],
    "num_points": 2500557,
    "gamma": 2.005516266363522,
    "brightness": 1.2,
    "hue_rotation": 324.5515967096716
  }
}