{
  "seed": "d1d8c92a-9eec-400e-b8f4-10a506245270",
  "params": {
    "transforms": [
      {
        "a": -0.9843080149623982,
        "b": 0.9091285275541594,
        "c": -0.17038939657568108,
        "d": 0.6904447673321372,
        "e": 0.4736499019821232,
        "f": -0.9118946665249186,
        "color": 0.2725696467288208,
        "weight": 0.7137116075636148,
        "variations": {
          "linear": 0.8815497488089881,
          "sinusoidal": 0.618762300042433
        }
      },
      {
        "a": -0.0948750212539784,
        "b": -0.5445935046107562,
        "c": 0.33030346055011983,
        "d": 0.9317358266347024,
        "e": -0.27724291211259544,
        "f": 0.13706341754096552,
        "color": 0.010988869975697146,
        "weight": 0.22949285036364522,
        "variations": {
          "linear": 0.6928513677377759,
          "spherical": 0.9877003325216365,
          "polar": 0.26385347418825245
        }
      },
      {
        "a": 0.3745057889596364,
        "b": -0.4436653699460431,
        "c": 0.39486529276292437,
        "d": 0.4634047339325451,
        "e": -0.06888546665390827,
        "f": -0.5480825606577743,
        "color": 0.903380797643627,
        "weight": 0.31586521423933667,
        "variations": {
          "linear": 0.10848116269227537
        }
      },
      {
        "a": 0.9103442989458335,
        "b": 0.3661035801136119,
        "c": -0.3271612629262699,
        "d": 0.3552943254822418,
        "e": 0.8126408940534788,
        "f": 0.26790335485809247,
        "color": 0.759182374154103,
        "weight": 0.5348361368007429,
        "variations": {
          "linear": 0.4078475047462262
        }
      }
    ],
    "num_points": 2277134,
    "gamma": 1.9839623723259343,
    "brightness": 1.2,
    "hue_rotation": 267.91382566727606
  }
}