{
  "seed": "392f9671-bfe0-49ec-9e53-8c8783df8586",
  "params": {
    "transforms": [
      {
        "a": -0.51374751853636,
        "b": -0.41746248828038346,
        "c": 0.22200185122924365,
        "d": -0.1781926167853629,
        "e": -0.38706646330730243,
        "f": 1.1837035707961534,
        "color": 0.686182890513909,
        "weight": 0.8911756792844766,
        "variations": {
          "linear": 0.31632380471747934,
          "swirl": 0.8014238653051222,
          "spherical": 0.9363616899731426
        }
      },
      {
        "a": -0.283873980296514,
        "b": -0.39673384837037484,
        "c": -0.15269997169298177,
        "d": -0.09640018752731994,
        "e": -0.06352851750258726,
        "f": 0.042996387432579386,
        "color": 0.6169969236729947,
        "weight": 0.49715145976261255,
        "variations": {
          "sinusoidal": 0.6791964209153095
        }
      }
    ],
    "num_points": 2386692,
    "gamma": 2.150303857894901,
    "brightness": 1.2,
    "hue_rotation": 79.0571770088796
  }
}