{
  "seed": "cad2ca54-0869-4dd1-821c-e7736880e465",
  "params": {
    "transforms": [
      {
        "a": 0.22737004869325328,
        "b": 0.9056041199208378,
        "c": -0.3433672561150034,
        "d": -0.48789688028084477,
        "e": -1.0238108877965746,
        "f": 1.2701164246319756,
        "color": 0.6559953116378896,
        "weight": 0.6298732145546395,
        "variations": {
          "sinusoidal": 0.5494534403430342,
          "heart": 0.5407013001353737
        }
      },
      {
        "a": -0.6509287704277706,
        "b": 0.5076420199541516,
        "c": -0.01632291882729242,
        "d": -0.16060545370781587,
        "e": -0.5477076538118749,
        "f": -0.2800386568566746,
        "color": 0.17066749018873684,
        "weight": 0.4262849991010812,
        "variations": {
          "sinusoidal": 0.1914214304257854,
          "swirl": 0.9596653309189509
        }
      },
      {
        "a": -0.4254278322108267,
        "b": -0.22293454985067673,
        "c": 0.021431867171951557,
        "d": -0.09485306323284393,
        "e": 0.9370133977029669,
        "f": -0.6273275832492932,
        "color": 0.5161985754680404,
        "weight": 0.5179985136539982,
        "variations": {
          "linear": 0.9901005740895346,
          "sinusoidal": 0.403084478412575,
          "spherical": 0.097615605852867
        }
      },
      {
        "a": -0.561320589421763,
        "b": 0.6349413502158392,
        "c": 0.24432734126158007,
        "d": 0.17326266592665807,
        "e": 0.7725613730006486,
        "f": 0.6747864962306633,
        "color": 0.7291860193062097,
        "weight": 0.4771057857541743,
        "variations": {
          "spherical": 0.10661031715163549
        }
      }
    ],
    "num_points": 1650536,
    "gamma": 2.353690620412117,
    "brightness": 1.2,
    "hue_rotation": 222.75753027356248
  }
}