{
  "seed": "9ef5995b-32f6-4fa0-9cdd-b82254d9dc26",
  "params": {
    "transforms": [
      {
        "a": 0.7820029382512941,
        "b": -0.0035318905997341332,
        "c": -0.8214310148590482,
        "d": 0.7987293928488686,
        "e": 1.0712978170191914,
        "f": -0.4329146935318535,
        "color": 0.2281508165740912,
        "weight": 0.45480270178823523,
        "variations": {
          "polar": 0.25534693308773204,
          "sinusoidal": 0.28108461448925637
        }
      },
      {
        "a": -0.7419276161432815,
        "b": 0.8656329291390374,
        "c": 0.40893251608687997,
        "d": 0.5131726447576097,
        "e": 1.4186843346200608,
        "f": -0.8827055704714858,
        "color": 0.8839446551484764,
        "weight": 0.15047239043350946,
        "variations": {
          "sinusoidal": 0.44983304368738897
        }
      },
      {
        "a": -0.48098628489743334,
        "b": 0.45488426870562715,
        "c": -0.03311419820874861,
        "d": 0.8624114924443871,
        "e": 1.3265099885220146,
        "f": -0.10761132624243608,
        "color": 0.19961012196429861,
        "weight": 0.7506303482950683,
        "variations": {
          "polar": 0.7972120069484513,
          "spherical": 0.33137957262059414
        }
      }
    ],
    "num_points": 1866654,
    "gamma": 2.4815664047676225,
    "brightness": 1.2,
    "hue_rotation": 305.7112212268569
  }
}