{
  "seed": "b9622d8c-599a-4f69-b834-b4bf1b7bf243",
  "params": {
    "transforms": [
      {
        "a": -0.3841188621079601,
        "b": -0.6161439790730825,
        "c": 0.9461427383688268,
        "d": -0.5179067682149641,
        "e": 1.3259115709810256,
        "f": -1.2879373133564656,
        "color": 0.027906136271443893,
        "weight": 0.15599100911114316,
        "variations": {
          "linear": 0.960451709308257,
          "heart": 0.43099407466615236
        }
      },
      {
        "a": -0.07018528857908457,
        "b": -0.2251467662535651,
        "c": -0.5849312809042952,
        "d": -0.0934251987164032,
        "e": 0.6405775788373567,
        "f": -0.3074093017571964,
        "color": 0.38599416394612274,
        "weight": 0.7557006248247934,
        "variations": {
          "linear": 0.09421306711728317
        }
      }
    ],
    "num_points": 2758333,
    "gamma": 2.2572227453420695,
    "brightness": 1.2,
    "hue_rotation": 130.59232647675992
  }
}