{
  "seed": "2b883f50-d66a-4429-ac47-2da6c3d18254",
  "params": {
    "transforms": [
      {
        "a": 0.5945106259993755,
        "b": 0.009043403159746388,
        "c": -0.8046226747473357,
        "d": -0.24694363574341738,
        "e": -0.5192313961694357,
        "f": 0.7849416940291745,
        "color": 0.5843536421781557,
        "weight": 0.7837995568208295,
        "variations": {
          "polar": 0.46696154955331426
        }
      },
      {
        "a": 0.6175897481339521,
        "b": 0.2532177730757157,
        "c": -0.1897797575476805,
        "d": -0.10545871611720248,
        "e": -0.20563761088180232,
        "f": 0.6741845323658677,
        "color": 0.1686929215152284,
        "weight": 0.49977693419359237,
        "variations": {
          "sinusoidal": 0.3772095427086629,
          "heart": 0.7647967526522667,
          "polar": 0.24934943925738218
        }
      },
      {
        "a": 0.29000434044219037,
        "b": -0.48774672274428466,
        "c": -0.6875203089617892,
        "d": -0.7503413955651914,
        "e": 0.9606256122091024,
        "f": -1.1019935280227984,
        "color": 0.5727021162609193,
        "weight": 0.7063910265300053,
        "variations": {
          "linear": 0.3583242944469349
        }
      }
    ],
    "num_points": 2727599,
    "gamma": 2.1685219767583703,
    "brightness": 1.2,
    "hue_rotation": 251.03994647490836
  }
}