{
  "seed": "ed92aa53-0eac-4c39-bcd1-556b67bb088c",
  "params": {
    "transforms": [
      {
        "a": -0.4437904930346048,
        "b": -0.41138049248913,
        "c": 0.6243242170366312,
        "d": -0.13714667067992936,
        "e": 0.6786350302531017,
        "f": -0.7074514708568707,
        "color": 0.03279483762952706,
        "weight": 0.9462752564166362,
        "variations": {
          "spherical": 0.6906196220645153,
          "swirl": 0.5085114038287508,
          "polar": 0.9316482609963023
        }
      },
      {
        "a": -0.958433893407509,
        "b": 0.9206819849264969,
        "c": -0.19528581586923766,
        "d": -0.6287869658654142,
        "e": -0.7363529784628495,
        "f": -0.33617615514299604,
        "color": 0.2969800898295514,
        "weight": 0.358078838651153,
        "variations": {
          "polar": 0.6880228334821348
        }
      },
      {
        "a": -0.3382470205077741,
        "b": -0.9990071319525682,
        "c": -0.22464376120408636,
        "d": 0.57903063102357,
        "e": -0.4398943165633462,
        "f": -0.0534820609884612,
        "color": 0.4066158011393334,
        "weight": 0.23948051852073865,
        "variations": {
          "heart": 0.9813937889954447,
          "polar": 0.9685418546281134
        }
      },
      {
        "a": 0.20930796708930566,
        "b": -0.7139119730148225,
        "c": -0.665117799849209,
        "d": 0.07051764616578593,
        "e": 0.9638942540783244,
        "f": -0.9234374403945086,
        "color": 0.22733072242119234,
        "weight": 0.4621839109446543,
        "variations": {
          "polar": 0.3409040696805251,
          "linear": 0.6944779793230885
        }
      }
    ],
    "num_points": 2413333,
    "gamma": 2.2426779025159185,
    "brightness": 1.2,
    "hue_rotation": 228.448542290658
  }
}