{
  "seed": "59a9ff5a-ff44-4316-a40d-7224859f02cd",
  "params": {
    "transforms": [
      {
        "a": -0.7549439960844904,
        "b": 0.8652468801262143,
        "c": -0.05407156814437175,
        "d": 0.2737591102773347,
        "e": -0.5880882383096732,
        "f": 0.7246423908579631,
        "color": 0.5088384032679352,
        "weight": 0.8889776385949788,
        "variations": {
          "polar": 0.5898897598453262,
          "spherical": 0.7423701556222426,
          "sinusoidal": 0.35716898755818116
        }
      },
      {
        "a": -0.6990598635207439,
        "b": 0.8128291772894669,
        "c": -0.21375658621424742,
        "d": -0.4851614635860415,
        "e": -0.6724808193108915,
        "f": 1.2118935200303884,
        "color": 0.34654602493472086,
        "weight": 0.42706976565026533,
        "variations": {
          "heart": 0.3455108614286142,
          "linear": 0.42267835963470146
        }
      }
    ],
    "num_points": 1859516,
    "gamma": 2.496284482375318,
    "brightness": 1.2,
    "hue_rotation": 220.95275805150914
  }
}