{
  "seed": "6b405692-0174-462c-9a84-97dfc756d2b3",
  "params": {
    "transforms": [
      {
        "a": 0.20031432955270945,
        "b": -0.0461979577034799,
        "c": -0.23957680933883996,
        "d": -0.36472952449911045,
        "e": 0.5315316779890051,
        "f": -0.0011992049357982815,
        "color": 0.23667647408492276,
        "weight": 0.8378295502406615,
        "variations": {
          "linear": 0.00046610438800120946,
          "heart": 0.8505875942693993,
          "swirl": 0.7878143016961452
        }
      },
      {
        "a": 0.7334496394704058,
        "b": 0.8587465063247868,
        "c": 0.6725773133151469,
        "d": 0.98332082195389,
        "e": 0.09162788505811181,
        "f": 0.20297534545189921,
        "color": 0.6402601379148174,
        "weight": 0.6983605725322799,
        "variations": {
          "spherical": 0.8164874787020151,
          "sinusoidal": 0.8982676813041798,
          "heart": 0.5267370378776888
        }
      }
    ],
    "num_points": 2023681,
    "gamma": 2.3089375378793067,
    "brightness": 1.2,
    "hue_rotation": 97.95258380813401
  }
}