{
  "seed": "38efe001-cb77-4ee7-8e7d-5ec1fb9be4f9",
  "params": {
    "transforms": [
      {
        "a": -0.9806968709354507,
        "b": 0.5439498271567582,
        "c": -0.8771296750792668,
        "d": -0.4247324520507689,
        "e": 0.3164520348303277,
        "f": -0.25062368869565343,
        "color": 0.09508893637465232,
        "weight": 0.8275457156290088,
        "variations": {
          "spherical": 0.2987610076308481,
          "swirl": 0.6706288149388206,
          "sinusoidal": 0.48868442077119156
        }
      },
      {
        "a": 0.1606452885685694,
        "b": 0.8437569206688331,
        "c": 0.29182162397577116,
        "d": -0.3076096857462567,
        "e": -0.22177397357964468,
        "f": 1.1040630859169371,
        "color": 0.4931717060044325,
        "weight": 0.62566515095448,
        "variations": {
          "linear": 0.03742253386403305
        }
      },
      {
        "a": -0.19236615377887012,
        "b": 0.9690956296095516,
        "c": -0.9428223996827496,
        "d": -0.8948465878823657,
        "e": 0.6821396157072797,
        "f": -0.10055398132820415,
        "color": 0.978970181947094,
        "weight": 0.7891655221267807,
        "variations": {
          "heart": 0.15173987163735958
        }
      }
    ],
    "num_points": 1734626,
    "gamma": 1.8641492807966114,
    "brightness": 1.2,
    "hue_rotation": 338.9026429197145
  }
}