{
  "seed": "2cbea7e0-22fa-4970-89f9-0e6692817b7f",
  "params": {
    "transforms": [
      {
        "a": 0.5248526948427477,
        "b": -0.9135975204968037,
        "c": 0.20886019595360383,
        "d": 0.7424852748138024,
        "e": 0.10154271133310844,
        "f": 0.8418680479220133,
        "color": 0.008232194920299918,
        "weight": 0.6388799828245215,
        "variations": {
          "sinusoidal": 0.12448053647031554,
          "linear": 0.1444965076846687,
          "heart": 0.5543013000265079
        }
      },
      {
        "a": -0.13595304517886353,
        "b": 0.39793259163662054,
        "c": -0.10973190517516485,
        "d": 0.6148752734006526,
        "e": -1.4010042118636856,
        "f": -0.7549007144416503,
        "color": 0.49024014206431676,
        "weight": 0.28683369678583803,
        "variations": {
          "heart": 0.7955500283073069,
          "swirl": 0.9116201713599653,
          "linear": 0.5821617975881659
        }
      }
    ],
    "num_points": 2650778,
    "gamma": 2.1212564092352992,
    "brightness": 1.2,
    "hue_rotation": 193.71922889504762
  }
}