{
  "seed": "96aefafd-18ff-49f4-b519-a3473fcced03",
  "params": {
    "transforms": [
      {
        "a": -0.570772060892891,
        "b": 0.0469458563843872,
        "c": -0.1462698762018675,
        "d": -0.604252289630115,
        "e": 0.982230790489782,
        "f": -0.6507463941910439,
        "color": 0.7518425029512307,
        "weight": 0.9998180542313514,
        "variations": {
          "spherical": 0.10028004795499024,
          "linear": 0.6753045638823625
        }
      },
      {
        "a": 0.10490503600160372,
        "b": 0.1292685545965464,
        "c": 0.7031965922056174,
        "d": -0.8024274022125335,
        "e": 0.837335197621432,
        "f": 0.27303618429475307,
        "color": 0.5180420618730994,
        "weight": 0.3403195296812651,
        "variations": {
          "swirl": 0.637246494129558,
          "linear": 0.34742637398547194,
          "sinusoidal": 0.07029642673075898
        }
      },
      {
        "a": 0.7721781134078256,
        "b": 0.34536892056225166,
        "c": -0.7756506321891659,
        "d": -0.705325259570478,
        "e": -0.08398584332046788,
        "f": -1.4727372281134483,
        "color": 0.4883064172428775,
        "weight": 0.964912957429586,
        "variations": {
          "polar": 0.5934209418499311,
          "heart": 0.3969829350047055
        }
      },
      {
        "a": -0.07635874150305555,
        "b": -0.9541691701024622,
        "c": -0.7416243443507238,
        "d": -0.008082801753686253,
        "e": -0.9058986437665546,
        "f": -1.1338015333485392,
        "color": 0.23084253765293805,
        "weight": 0.9463896099716919,
        "variations": {
          "swirl": 0.6787577461352818,
          "sinusoidal": 0.9390093599138127
        }
      }
    ],
    "num_points": 1494427,
    "gamma": 2.3850652695723684,
    "brightness": 1.2,
    "hue_rotation": 354.8692332497233
  }
}