{
  "seed": "c3395dd1-8b24-4536-b999-2889a15f6aaf",
  "params": {
    "transforms": [
      {
        "a": -0.5684709697134369,
        "b": -0.34937039491869193,
        "c": 0.5795329995490031,
        "d": 0.6104754142236468,
        "e": -0.23150414880880987,
        "f": 0.06110044919714008,
        "color": 0.20858454220385902,
        "weight": 0.6377655965026725,
        "variations": {
          "sinusoidal": 0.24528850178341655,
          "swirl": 0.6529691466503468
        }
      },
      {
        "a": 0.5664274896260528,
        "b": -0.33259526385098725,
        "c": 0.5987799760579215,
        "d": 0.8128775596511189,
        "e": 0.5128741999841853,
        "f": -1.4093931097173416,
        "color": 0.851107405192179,
        "weight": 0.5625922907815817,
        "variations": {
          "spherical": 0.5109783580269203,
          "sinusoidal": 0.32505656070176225
        }
      }
    ],
    "num_points": 2570755,
    "gamma": 2.4515801520409486,
    "brightness": 1.2,
    "hue_rotation": 39.04483429781846
  }
}