{
  "seed": "4d9fa974-9192-41c5-8e11-147fe23078e7",
  "params": {
    "transforms": [
      {
        "a": 0.8505633893286044,
        "b": 0.5588547527227619,
        "c": -0.19305420701994458,
        "d": -0.5273127784169338,
        "e": 0.9783774309098563,
        "f": -1.0476422228139728,
        "color": 0.3683963924224499,
        "weight": 0.7418351776257653,
        "variations": {
          "sinusoidal": 0.6911957426409482,
          "heart": 0.8225390718043474,
          "swirl": 0.01601068581830767
        }
      },
      {
        "a": -0.38351454760174875,
        "b": -0.6233635388342833,
        "c": -0.06669848521223631,
        "d": 0.9603063848313682,
        "e": 0.568604629259656,
        "f": -0.6527134119350503,
        "color": 0.22735882791762796,
        "weight": 0.7620211700778601,
        "variations": {
          "heart": 0.19682706049844645
        }
      },
      {
        "a": -0.5278615820538224,
        "b": -0.39844951329121225,
        "c": 0.6250888678891822,
        "d": -0.21770556604223867,
        "e": 1.1978330111373277,
        "f": -1.0586067175009632,
        "color": 0.5072341985109722,
        "weight": 0.16640452540918305,
        "variations": {
          "swirl": 0.9424682002819058,
          "polar": 0.5922799806515054
        }
      },
      {
        "a": 0.542848912039188,
        "b": 0.23896310812136434,
        "c": 0.07203393638141531,
        "d": 0.2742051453128349,
        "e": -1.231226166646414,
        "f": 1.0818979747073163,
        "color": 0.9906697170581258,
        "weight": 0.5320586545281657,
        "variations": {
          "swirl": 0.921942653282791,
          "linear": 0.2449542460469717,
          "spherical": 0.43915773604423447
        }
      }
    ],
    "num_points": 2672203,
    "gamma": 2.058490884329077,
    "brightness": 1.2,
    "hue_rotation": 181.97623165891505
  }
}