{
  "seed": "3c2980eb-122b-42d0-a125-c83fe2703d54",
  "params": {
    "transforms": [
      {
        "a": -0.9190766126658614,
        "b": 0.04411312469186979,
        "c": 0.6363168396412708,
        "d": 0.15195766604947614,
        "e": -0.46945434829302135,
        "f": -0.2811848864847666,
        "color": 0.35770537005676817,
        "weight": 0.5123634860039263,
        "variations": {
          "heart": 0.8763300798278835,
          "swirl": 0.47303301533142417
        }
      },
      {
        "a": -0.3920458573652106,
        "b": -0.5821724417573448,
        "c": 0.03992444992704258,
        "d": 0.7160708511693235,
        "e": -0.37553121150633273,
        "f": 1.0193813505372509,
        "color": 0.5552390617809083,
        "weight": 0.16134492409361745,
        "variations": {
          "swirl": 0.1349350495293138
        }
      },
      {
        "a": 0.9797216928915793,
        "b": -0.5940322065796146,
        "c": 0.8595117923401998,
        "d": 0.6501289549238751,
        "e": -0.3845840210023468,
        "f": -0.22382177827889893,
        "color": 0.8638266909618219,
        "weight": 0.7295318582538415,
        "variations": {
          "polar": 0.04899288606174934,
          "linear": 0.804745464223163
        }
      },
      {
        "a": 0.05566467350622917,
        "b": 0.18403279599233047,
        "c": 0.5950652684178535,
        "d": -0.831085268892855,
        "e": -1.2428182601447442,
        "f": -0.3659047240637161,
        "color": 0.796780828953584,
        "weight": 0.3570999596504766,
        "variations": {
          "spherical": 0.026567153900411422,
          "polar": 0.6619935319215299
        }
      }
    ],
    "num_points": 1955968,
    "gamma": 2.2463934605187483,
    "brightness": 1.2,
    "hue_rotation": 229.097872493196
  }
}