{
  "seed": "6243b4d3-8ada-4a0a-8a7a-c3478fb7c5d7",
  "params": {
    "transforms": [
      {
        "a": 0.7126471833478489,
        "b": -0.8248080212863806,
        "c": 0.9869515465769574,
        "d": 0.7781985105574514,
        "e": -0.016900212764858535,
        "f": -1.4644366252229815,
        "color": 0.8758282542131525,
        "weight": 0.6509106446780619,
        "variations": {
          "spherical": 0.9036668917569134
        }
      },
      {
        "a": -0.11944113312988436,
        "b": 0.8271535652004327,
        "c": 0.006892148421405286,
        "d": 0.6252510242824265,
        "e": -0.926819904109164,
        "f": -0.8422062515845719,
        "color": 0.8738579656859388,
        "weight": 0.2445507039070324,
        "variations": {
          "polar": 0.38387236187502627,
          "heart": 0.47098768951779657,
          "spherical": 0.0988225350097931
        }
      }
    ],
    "num_points": 1037743,
    "gamma": 2.095360733908607,
    "brightness": 1.2,
    "hue_rotation": 163.17918171079523
  }
}