{
  "seed": "ce42eacb-c437-4796-8cd9-1beb57e795c0",
  "params": {
    "transforms": [
      {
        "a": -0.48846561891825213,
        "b": 0.09654025581581682,
        "c": 0.07541674359520667,
        "d": 0.5485336831302918,
        "e": 1.1115463644531047,
        "f": 0.1458111928619572,
        "color": 0.6763933148998361,
        "weight": 0.12267945450738822,
        "variations": {
          "spherical": 0.10655953536201812,
          "polar": 0.7367792664663534
        }
      },
      {
        "a": -0.33963364514312144,
        "b": 0.29858068324156695,
        "c": -0.5575887319119865,
        "d": -0.04080110034360218,
        "e": 0.9970793241390554,
        "f": -1.2992883083524331,
        "color": 0.7464367432840392,
        "weight": 0.7545566926000659,
        "variations": {
          "swirl": 0.39174774938061707,
          "spherical": 0.6326630679513252
        }
      }
    ],
    "num_points": 1757071,
    "gamma": 1.8140374514472426,
    "brightness": 1.2,
    "hue_rotation": 85.27732833575958
  }
}