{
  "seed": "f824889c-83d5-4d8a-abf9-a47611315403",
  "params": {
    "transforms": [
      {
        "a": 0.44954440701246257,
        "b": 0.30493618776952713,
        "c": 0.7588720098002537,
        "d": -0.11191067205767302,
        "e": -0.2114792702343773,
        "f": -0.70971865758843,
        "color": 0.4024256508648292,
        "weight": 0.5357718019861742,
        "variations": {
          "polar": 0.4023106694777442
        }
      },
      {
        "a": 0.955089590274504,
        "b": 0.049958569727232005,
        "c": 0.9121241116041994,
        "d": 0.07812055752865765,
        "e": -1.3978226714624982,
        "f": -0.446736560693338,
        "color": 0.5028926078700975,
        "weight": 0.9833226234239069,
        "variations": {
          "swirl": 0.7412534271292586
        }
      },
      {
        "a": -0.76869445087165,
        "b": 0.3605633696767072,
        "c": -0.8840732531211728,
        "d": -0.3075988060506427,
        "e": 0.6512003764690295,
        "f": -0.09075113057036255,
        "color": 0.7911579808849221,
        "weight": 0.768631699996145,
        "variations": {
          "spherical": 0.2915183678769152,
          "swirl": 0.48296761850392067
        }
      }
    ],
    "num_points": 1254608,
    "gamma": 2.2251378778635575,
    "brightness": 1.2,
    "hue_rotation": 153.09865440147087
  }
}