{
  "seed": "f3b4c09c-b762-4f8a-8af1-b1b6983c26d5",
  "params": {
    "transforms": [
      {
        "a": -0.9441935397975996,
        "b": 0.6783488484293798,
        "c": 0.3817836026182684,
        "d": -0.3760513105552703,
        "e": 0.6469366560090357,
        "f": 1.0478177904066546,
        "color": 0.040741952471765375,
        "weight": 0.5464541280108921,
        "variations": {
          "linear": 0.5882701179681036,
          "spherical": 0.5788561904784932,
          "swirl": 0.900669903535377
        }
      },
      {
        "a": -0.38131548043396624,
        "b": 0.5075040457062205,
        "c": 0.09802520192969477,
        "d": -0.32361653670778145,
        "e": -0.4011091927874695,
        "f": -0.6976692838343654,
        "color": 0.9108358843067758,
        "weight": 0.8908993265056414,
        "variations": {
          "linear": 0.7277591451893644,
          "heart": 0.34571752391045363
        }
      },
      {
        "a": 0.5412163556755654,
        "b": -0.7610288377496279,
        "c": -0.5657261954541861,
        "d": 0.14671993122761662,
        "e": 0.7988747234823239,
        "f": 1.2214094791668098,
        "color": 0.8003006380994514,
        "weight": 0.4570740694554246,
        "variations": {
          "swirl": 0.9331155035174233,
          "polar": 0.4353833486986014,
          "spherical": 0.689955396135811
        }
      }
    ],
    "num_points": 2339364,
    "gamma": 2.2024490796494756,
    "brightness": 1.2,
    "hue_rotation": 271.88322130282785
  }
}