{
  "seed": "6a1a974e-be2c-4cd9-ab56-524d625556bf",
  "params": {
    "transforms": [
      {
        "a": -0.02477536161919347,
        "b": 0.9686620469392417,
        "c": -0.5218127042495591,
        "d": 0.06652802091045551,
        "e": 0.10813632677158824,
        "f": 0.15996118572711682,
        "color": 0.18337031880692556,
        "weight": 0.5883171782618085,
        "variations": {
          "linear": 0.057810682060126184,
          "polar": 0.027098884393869094
        }
      },
      {
        "a": 0.0980109501795079,
        "b": -0.5108511033318024,
        "c": -0.035339624609739495,
        "d": 0.9864277549045766,
        "e": -0.9650276089679871,
        "f": -0.4439723454488973,
        "color": 0.45455047606981125,
        "weight": 0.8993432541996403,
        "variations": {
          "spherical": 0.03616677089803033,
          "heart": 0.5007067852055807
        }
      },
      {
        "a": 0.9914152211811103,
        "b": 0.5003337706632933,
        "c": -0.5826598610892932,
        "d": -0.4599629807512353,
        "e": -0.025175367839891827,
        "f": -1.1949154669698572,
        "color": 0.20415507927216414,
        "weight": 0.7587502379677974,
        "variations": {
          "heart": 0.1810355110476013,
          "linear": 0.18455642865573496
        }
      },
      {
        "a": -0.8619051850824453,
        "b": -0.2506652904883364,
        "c": -0.43227053530534465,
        "d": 0.691479721242795,
        "e": -0.38143042603245103,
        "f": -0.7227683618885886,
        "color": 0.031023761098754377,
        "weight": 0.7260882577210684,
        "variations": {
          "sinusoidal": 0.1665646279961026
        }
      }
    ],
    "num_points": 2927564,
    "gamma": 2.316510968416715,
    "brightness": 1.2,
    "hue_rotation": 73.71656844513532
  }
}