{
  "seed": "dd1f21cc-e3fb-406a-a3f5-2137e878ceaf",
  "params": {
    "transforms": [
      {
        "a": 0.5512125141606177,
        "b": -0.5930885871630729,
        "c": -0.11284199500970682,
        "d": 0.7894475134979242,
        "e": -1.1969522441166154,
        "f": -0.21465951143363116,
        "color": 0.13721421902676711,
        "weight": 0.9291883322817961,
        "variations": {
          "linear": 0.9382800232347461,
          "sinusoidal": 0.6801273502527512,
          "heart": 0.9284325881070987
        }
      },
      {
        "a": -0.09170244021058327,
        "b": -0.5301754203465339,
        "c": 0.33613560700833767,
        "d": -0.012799434116360642,
        "e": 0.15910043605072532,
        "f": -0.7755879534647825,
        "color": 0.22490197656431632,
        "weight": 0.3445639608636535,
        "variations": {
          "swirl": 0.6563215181639417,
          "polar": 0.7039127397631506,
          "linear": 0.7709881420923671
        }
      },
      {
        "a": -0.5799413882715423,
        "b": 0.4506144868551665,
        "c": 0.9964659332765564,
        "d": -0.9038585108999726,
        "e": 1.3821169852657582,
        "f": -1.2888313564593983,
        "color": 0.44274457185206084,
        "weight": 0.2013954318090703,
        "variations": {
          "spherical": 0.4678061579197623,
          "sinusoidal": 0.41888757828220036
        }
      }
    ],
    "num_points": 2234016,
    "gamma": 1.8634461213798328,
    "brightness": 1.2,
    "hue_rotation": 9.393001287487142
  }
}