{
  "seed": "17dcf07c-a14e-474d-b3ec-8c1dd53d54b1",
  "params": {
    "transforms": [
      {
        "a": -0.42105501429877523,
        "b": 0.9701475976997893,
        "c": -0.9918427040288311,
        "d": -0.6578540575253422,
        "e": -0.7036867556534323,
        "f": 0.07372708985067389,
        "color": 0.533290173296887,
        "weight": 0.15885773768996522,
        "variations": {
          "sinusoidal": 0.9574453644437015
        }
      },
      {
        "a": 0.22358098181096975,
        "b": 0.9714905683620116,
        "c": 0.1928706776494329,
        "d": -0.5860604880849378,
        "e": -0.9969194304519705,
        "f": 0.9995571477321366,
        "color": 0.29378788007522605,
        "weight": 0.38885104531286796,
        "variations": {
          "swirl": 0.09243578261006502,
          "spherical": 0.5303896207660649,
          "linear": 0.6521414539176682
        }
      },
      {
        "a": -0.9979103270774765,
        "b": 0.621513630971547,
        "c": 0.2957675108395341,
        "d": 0.6685668806487577,
        "e": 1.0032778410133316,
        "f": -1.206804991713414,
        "color": 0.10122963574203447,
        "weight": 0.8802420502534203,
        "variations": {
          "swirl": 0.41037493048508267,
          "linear": 0.41497472453776285
        }
      },
      {
        "a": -0.6355016063896648,
        "b": -0.16191869701781259,
        "c": -0.2873538605334862,
        "d": -0.3460447558002244,
        "e": -0.5217890167985881,
        "f": 0.7172655885622792,
        "color": 0.9133245912702034,
        "weight": 0.2694334188455141,
        "variations": {
          "sinusoidal": 0.11982292782850856,
          "polar": 0.4207242648264068,
          "swirl": 0.03417883828957524
        }
      }
    ],
    "num_points": 2712132,
    "gamma": 1.9032101207250824,
    "brightness": 1.2,
    "hue_rotation": 252.7083429078429
  }
}