{
  "seed": "4d1e60c2-d1e3-4fc5-8d56-eb8c90914879",
  "params": {
    "transforms": [
      {
        "a": -0.7595415756532398,
        "b": 0.41655358588797853,
        "c": -0.33861292816057253,
        "d": 0.8681562226232773,
        "e": 0.0855447715676747,
        "f": -0.7950492363145681,
        "color": 0.045762877420288506,
        "weight": 0.555110147918307,
        "variations": {
          "spherical": 0.5414740029599713
        }
      },
      {
        "a": -0.18557841117547302,
        "b": -0.780900819196185,
        "c": -0.062482586022148956,
        "d": 0.5197501258331645,
        "e": 1.4634314316232517,
        "f": -0.6123358194468341,
        "color": 0.5204502673181403,
        "weight": 0.402476317899636,
        "variations": {
          "polar": 0.7993627031763822,
          "swirl": 0.2739536120087882
        }
      },
      {
        "a": 0.2371423253232845,
        "b": 0.24998936862297683,
        "c": 0.5159500636494243,
        "d": -0.5699163171248709,
        "e": 1.4842782991432686,
        "f": 0.6860986660065715,
        "color": 0.21176972954155893,
        "weight": 0.24885776026274864,
        "variations": {
          "swirl": 0.7707681920223862
        }
      }
    ],
    "num_points": 1425219,
    "gamma": 2.2863148760245093,
    "brightness": 1.2,
    "hue_rotation": 72.22576745251132
  }
}