{
  "seed": "59f79453-43c5-4864-af16-5dfbe1043b3a",
  "params": {
    "transforms": [
      {
        "a": 0.9781520207182548,
        "b": 0.8985650155541238,
        "c": 0.42097649590716424,
        "d": -0.9209644072898626,
        "e": 0.05382617044269011,
        "f": 1.4274149668533784,
        "color": 0.9775638618420001,
        "weight": 0.17850876296023904,
        "variations": {
          "swirl": 0.8486087665108606
        }
      },
      {
        "a": -0.2130822606681193,
        "b": -0.09969100604034287,
        "c": -0.8533210433493268,
        "d": 0.2873051070867816,
        "e": -0.6740176133008432,
        "f": 1.294957270888045,
        "color": 0.8065856038831314,
        "weight": 0.6679139833991266,
        "variations": {
          "swirl": 0.6718235471160349,
          "sinusoidal": 0.7144318875775294,
          "spherical": 0.7192053753852097
        }
      }
    ],
    "num_points": 2960354,
    "gamma": 1.9017830107289717,
    "brightness": 1.2,
    "hue_rotation": 116.09006861428179
  }
}