{
  "seed": "9a15e257-39b4-431c-bc6b-2a1790c2525d",
  "params": {
    "transforms": [
      {
        "a": -0.13490754518925918,
        "b": 0.04434890274540049,
        "c": 0.9288035857910311,
        "d": 0.9180199046566446,
        "e": -1.3109688039838312,
        "f": 1.27474081933148,
        "color": 0.938721048406759,
        "weight": 0.911217461867416,
        "variations": {
          "linear": 0.07871046953234895
        }
      },
      {
        "a": -0.8604364891978105,
        "b": 0.10075268473140997,
        "c": -0.5819393467735208,
        "d": -0.5993694079439622,
        "e": -1.10629271152707,
        "f": 0.34803793822315665,
        "color": 0.880311896094466,
        "weight": 0.9361735127893197,
        "variations": {
          "linear": 0.17484283091332498
        }
      }
    ],
    "num_points": 2548094,
    "gamma": 2.0946386016895793,
    "brightness": 1.2,
    "hue_rotation": 359.03790352101794
  }
}