{
  "seed": "5e106e17-a3a8-4a02-9194-7d49c86cc42b",
  "params": {
    "transforms": [
      {
        "a": -0.21498751250655967,
        "b": 0.99310306204709,
        "c": 0.9532553505349939,
        "d": -0.7611141684326246,
        "e": -0.9668898158327892,
        "f": -0.32638414323840825,
        "color": 0.31373964444456304,
        "weight": 0.16299855875430408,
        "variations": {
          "spherical": 0.9092954408586221
        }
      },
      {
        "a": -0.4959976351774178,
        "b": 0.4126898206712608,
        "c": 0.6622118621353907,
        "d": 0.5815058211624788,
        "e": -0.10610102717380698,
        "f": 0.2458897848607542,
        "color": 0.2595172964565824,
        "weight": 0.48055132318612237,
        "variations": {
          "linear": 0.8896930039334334,
          "heart": 0.12336362014384727,
          "polar": 0.306613592097159
        }
      },
      {
        "a": 0.8351513206182473,
        "b": 0.4135842280941906,
        "c": -0.05226058028400882,
        "d": -0.6084966662132099,
        "e": 0.8160114247815606,
        "f": 1.090969831450649,
        "color": 0.5291809767749757,
        "weight": 0.3383493662926582,
        "variations": {
          "linear": 0.4916673865091765,
          "heart": 0.4029954476810008,
          "swirl": 0.5444471842384051
        }
      }
    ],
    "num_points": 1499686,
    "gamma": 1.9974129507879819,
    "brightness": 1.2,
    "hue_rotation": 228.84008574578354
  }
}