{
  "seed": "cc33bced-9679-4928-a85c-dec0e959f030",
  "params": {
    "transforms": [
      {
        "a": -0.037910761385819614,
        "b": 0.8674992912791846,
        "c": -0.9579780162377987,
        "d": 0.5922239584918865,
        "e": -1.0509875569433438,
        "f": 0.748843679748973,
        "color": 0.22352115260153183,
        "weight": 0.2162194489435471,
        "variations": {
          "linear": 0.24534523304905664,
          "heart": 0.8320549018959362,
          "polar": 0.975396829450126
        }
      },
      {
        "a": 0.7432731223004816,
        "b": -0.1234921958196682,
        "c": 0.7202369689393779,
        "d": 0.9923997336004271,
        "e": -1.1391298273556147,
        "f": -0.5043896105089899,
        "color": 0.7590346956656652,
        "weight": 0.5019612220206158,
        "variations": {
          "linear": 0.8842374141420687,
          "polar": 0.689528442338402
        }
      },
      {
        "a": 0.4374555059574552,
        "b": 0.8573742087465919,
        "c": -0.5733604747641992,
        "d": -0.009410359595997342,
        "e": -1.1747208277501233,
        "f": 1.2691437791324454,
        "color": 0.2981328525902134,
        "weight": 0.4401327490192014,
        "variations": {
          "swirl": 0.9645128788958325,
          "heart": 0.8449635113131784
        }
      },
      {
        "a": -0.44149249223269904,
        "b": 0.6001922406128672,
        "c": 0.2261920670913642,
        "d": -0.6718575105235338,
        "e": 0.6818695888183415,
        "f": -0.4448554653589174,
        "color": 0.9841567629027455,
        "weight": 0.7262365557665861,
        "variations": {
          "heart": 0.12289438457374124
        }
      }
    ],
    "num_points": 1578978,
    "gamma": 1.922686397492713,
    "brightness": 1.2,
    "hue_rotation": 263.6552026383198
  }
}