{
  "seed": "7dbdde8a-0fb1-4ec0-885f-17cbb19e0294",
  "params": {
    "transforms": [
      {
        "a": 0.39260552795960657,
        "b": -0.20836638494037696,
        "c": 0.009038159735149875,
        "d": 0.5332936886492916,
        "e": -0.39463295065198745,
        "f": 0.24868611635874927,
        "color": 0.21957491056661615,
        "weight": 0.9971617394221268,
        "variations": {
          "polar": 0.3643471109477425,
          "heart": 0.7068706624707791
        }
      },
      {
        "a": 0.8895804380138352,
        "b": 0.30221464472538506,
        "c": -0.843970803993698,
        "d": 0.8383089907183723,
        "e": -0.589807529082675,
        "f": 0.442409053092927,
        "color": 0.8006545987670278,
        "weight": 0.6314343781704871,
        "variations": {
          "sinusoidal": 0.9196289893726385
        }
      },
      {
        "a": 0.6290637894695517,
        "b": 0.7469752619410479,
        "c": -0.28621732632986774,
        "d": -0.8811606380217243,
        "e": 0.3336351599578291,
        "f": -0.8208022108383463,
        "color": 0.42848275998858665,
        "weight": 0.31498234137756154,
        "variations": {
          "swirl": 0.35539452110114456,
          "sinusoidal": 0.07022545811711733
        }
      },
      {
        "a": 0.3737775226425373,
        "b": -0.7432264893627276,
        "c": 0.4590404711256555,
        "d": 0.35725821405273006,
        "e": 0.5268345005069026,
        "f": 0.45799583627345397,
        "color": 0.23739475798409482,
        "weight": 0.5874609858285409,
        "variations": {
          "heart": 0.0038858511868458123
        }
      }
    ],
    "num_points": 2481250,
    "gamma": 2.197678278333405,
    "brightness": 1.2,
    "hue_rotation": 226.28421101392752
  }
}