{
  "seed": "32655e8c-1705-4efc-8c32-ca12c7192e63",
  "params": {
    "transforms": [
      {
        "a": -0.9853210474985554,
        "b": 0.07929713632125401,
        "c": -0.5371996089533935,
        "d": -0.2739027479506764,
        "e": 1.1686901608934548,
        "f": 1.316610234522388,
        "color": 0.15485476134720344,
        "weight": 0.7028516048812558,
        "variations": {
          "heart": 0.7121753528119279
        }
      },
      {
        "a": -0.11598792165405869,
        "b": 0.43505594333788045,
        "c": -0.34970338275357693,
        "d": 0.04005990073142307,
        "e": -0.39512453025749883,
        "f": 0.33474310587919587,
        "color": 0.23503095630235038,
        "weight": 0.48658305677431535,
        "variations": {
          "swirl": 0.5508756081942339,
          "heart": 0.32692428282009034
        }
      },
      {
        "a": 0.21182218983263912,
        "b": 0.1072017852101379,
        "c": -0.8702171810322807,
        "d": -0.4264672559378042,
        "e": -0.039379375020425655,
        "f": 0.8556672313804086,
        "color": 0.43977887023903117,
        "weight": 0.5635415454558984,
        "variations": {
          "spherical": 0.9103631382900725
        }
      }
    ],
    "num_points": 2068242,
    "gamma": 2.2723923875472734,
    "brightness": 1.2,
    "hue_rotation": 213.17268010734853
  }
}