{
  "seed": "e5f98934-c71d-4635-94c6-d3c48a1e43b8",
  "params": {
    "transforms": [
      {
        "a": 0.05148130422176145,
        "b": 0.5038420610722647,
        "c": -0.5380992914052232,
        "d": 0.9064773308438867,
        "e": -0.9456516797996312,
        "f": 1.35628250186436,
        "color": 0.9943515776745467,
        "weight": 0.10455440256330775,
        "variations": {
          "spherical": 0.23411351597323193,
          "sinusoidal": 0.9080623150830021
        }
      },
      {
        "a": 0.20323202835057796,
        "b": -0.6733313510055867,
        "c": 0.6684514131654922,
        "d": 0.8520321587820734,
        "e": 0.9389341825543243,
        "f": -1.0686951740137056,
        "color": 0.5190831610854213,
        "weight": 0.9324248477757043,
        "variations": {
          "polar": 0.3065820501998343
        }
      },
      {
        "a": -0.5023811814545243,
        "b": -0.2417569440423284,
        "c": -0.3563330049128288,
        "d": 0.32902563632189463,
        "e": 0.18750681172390182,
        "f": 1.169642178926297,
        "color": 0.5793999356053698,
        "weight": 0.6897273057382038,
        "variations": {
          "spherical": 0.36007391349549267
        }
      },
      {
        "a": 0.581743791559344,
        "b": -0.5812192276091894,
        "c": -0.1748204653722687,
        "d": 0.9672682123717531,
        "e": -1.1536101272837094,
        "f": 0.6659380281212859,
        "color": 0.7695080960581984,
        "weight": 0.3310324984513913,
        "variations": {
          "heart": 0.17270691331711985
        }
      }
    ],
    "num_points": 1645248,
    "gamma": 1.8813403956742054,
    "brightness": 1.2,
    "hue_rotation": 277.14645296517716
  }
}