{
  "seed": "91509931-4859-42a5-b8d9-54eef631ea77",
  "params": {
    "transforms": [
      {
        "a": 0.5203395790017173,
        "b": -0.3585256603894651,
        "c": 0.058000733801002236,
        "d": 0.18957951507616833,
        "e": -1.16195162118052,
        "f": 0.7641934462268827,
        "color": 0.5632775221116118,
        "weight": 0.47654021966359494,
        "variations": {
          "spherical": 0.8955590218484022,
          "heart": 0.15278490746627127
        }
      },
      {
        "a": 0.41053573933479837,
        "b": -0.5114125069392634,
        "c": 0.07653647410596376,
        "d": -0.3869344727853854,
        "e": -0.7607175902339739,
        "f": -0.880488072397866,
        "color": 0.026993509279922834,
        "weight": 0.3040301486140582,
        "variations": {
          "swirl": 0.9691897884600559,
          "linear": 0.47390131008909653,
          "sinusoidal": 0.057088173930146424
        }
      }
    ],
    "num_points": 2764631,
    "gamma": 2.0467899510963994,
    "brightness": 1.2,
    "hue_rotation": 23.519613421253315
  }
}