{
  "seed": "823f1129-c874-4d42-abe3-edc60502da09-484",
  "parameters": {
    "num_transforms": 2,
    "transforms": [
      {
        "a": -0.8476438020117832,
        "b": -1.1135315534686239,
        "c": -1.4838460612234952,
        "d": 0.33328015446191506,
        "e": -1.2309656748536004,
        "f": 1.1703144404058419,
        "color": 0.4241659604198609,
        "variations": {
          "hyperbolic": 0.7555542529336773,
          "sinusoidal": 0.5269269980114423,
          "handkerchief": 0.5171465792777172,
          "horseshoe": 0.2203085006351686
        },
        "weight": 0.7175523228460392
      },
      {
        "a": 1.1533920781153801,
        "b": 1.4106821558663762,
        "c": -0.9053609803566601,
        "d": -0.24756799242858474,
        "e": -0.32397614593718926,
        "f": 0.20421525736336088,
        "color": 0.05466456995232316,
        "variations": {
          "linear": 0.0,
          "spherical": 0.8778166671989146,
          "spiral": 0.30669796567092555,
          "disc": 0.9099160140173433
        },
        "weight": 1.4926334403577075
      }
    ],
    "num_points": 1988151,
    "gamma": 2.702640715590671,
    "brightness": 1.91317915590652,
    "contrast": 0.7218465329853787,
    "hue_rotation": 174.01618653448386
  }
}