{
  "seed": "4b454079-d7b3-4b88-bc37-945021cefe93",
  "params": {
    "transforms": [
      {
        "a": -0.5750113511977575,
        "b": -0.6759846026274414,
        "c": 0.7123533015220072,
        "d": -0.3987114707860431,
        "e": 0.27552365653715905,
        "f": 1.0751297763611576,
        "color": 0.8648625803129212,
        "weight": 0.951344739581345,
        "variations": {
          "polar": 0.7165718265295733
        }
      },
      {
        "a": -0.8859218057321097,
        "b": 0.05571277291767007,
        "c": -0.8742272681611958,
        "d": -0.5405868790633592,
        "e": 0.8710887996062926,
        "f": 1.2017474560850094,
        "color": 0.6705866029117338,
        "weight": 0.30484844084817825,
        "variations": {
          "heart": 0.23109091997457532
        }
      },
      {
        "a": 0.8085115267793141,
        "b": 0.7324701676849918,
        "c": -0.45731562755798416,
        "d": -0.029732982663472907,
        "e": 1.2061450845515909,
        "f": 0.48336665581500626,
        "color": 0.7403203166114267,
        "weight": 0.20886179112190162,
        "variations": {
          "polar": 0.08703228798397378,
          "spherical": 0.9170307443817058
        }
      },
      {
        "a": -0.6370142750482324,
        "b": -0.2782935503366615,
        "c": 0.09446196172779442,
        "d": 0.7589280390761495,
        "e": -0.9114347958219816,
        "f": -1.1196411703965206,
        "color": 0.8914248710163895,
        "weight": 0.6854594217937733,
        "variations": {
          "spherical": 0.3850443282632221,
          "heart": 0.5371509034258622,
          "sinusoidal": 0.9738483542878001
        }
      }
    ],
    "num_points": 1258668,
    "gamma": 1.9843679868146613,
    "brightness": 1.2,
    "hue_rotation": 71.49047859576298
  }
}