{
  "seed": "a89b6028-c41f-4227-89df-d25652775ea9",
  "params": {
    "transforms": [
      {
        "a": 0.05660437228651438,
        "b": -0.2938577144863257,
        "c": -0.47960593029524934,
        "d": 0.3714472024466744,
        "e": -0.7529342286472975,
        "f": 0.22753394708794628,
        "color": 0.0494653750845625,
        "weight": 0.12191019511184653,
        "variations": {
          "polar": 0.7800335194441802,
          "sinusoidal": 0.6503399160293575,
          "linear": 0.020828200374400252
        }
      },
      {
        "a": -0.7697451875543357,
        "b": -0.33034414246763166,
        "c": 0.49431287082683184,
        "d": 0.947910234767104,
        "e": -0.9795728677949417,
        "f": -0.7163509944017846,
        "color": 0.393158755466652,
        "weight": 0.7779570738347708,
        "variations": {
          "swirl": 0.14094462325745127,
          "polar": 0.3081527908756573
        }
      },
      {
        "a": 0.918829744525594,
        "b": 0.7537308592186238,
        "c": -0.3522018863352274,
        "d": 0.5817859230949731,
        "e": -0.9498690238413798,
        "f": 0.8770259316800235,
        "color": 0.5182060544456505,
        "weight": 0.2101786735342065,
        "variations": {
          "polar": 0.2708630102584525,
          "spherical": 0.4911366537125397
        }
      },
      {
        "a": 0.4467169987404205,
        "b": -0.22702032279705198,
        "c": -0.336608909315373,
        "d": 0.9740963828818774,
        "e": 1.0754442270435698,
        "f": -1.1402461055351034,
        "color": 0.9457494169424013,
        "weight": 0.4439209075364864,
        "variations": {
          "polar": 0.08304437757326566
        }
      }
    ],
    "num_points": 1426118,
    "gamma": 2.179634565662563,
    "brightness": 1.2,
    "hue_rotation": 118.25793987949078
  }
}