{
  "seed": "53663a83-ec1f-4aee-b924-714725fb5c07",
  "params": {
    "transforms": [
      {
        "a": 0.15263320754796994,
        "b": -0.5579273414344299,
        "c": -0.5504290172120689,
        "d": -0.683461021508716,
        "e": 0.45545404851971094,
        "f": 1.265174829978882,
        "color": 0.948350809263843,
        "weight": 0.3241250369305408,
        "variations": {
          "sinusoidal": 0.49555673218063057
        }
      },
      {
        "a": 0.12306717113437937,
        "b": -0.564997499696775,
        "c": 0.3398815651143241,
        "d": 0.6628283744869297,
        "e": 1.2641100534251746,
        "f": 1.3523704508722365,
        "color": 0.062144440154062175,
        "weight": 0.4473935744626999,
        "variations": {
          "linear": 0.5142136609913396,
          "heart": 0.7572805021452882,
          "polar": 0.046948615571567154
        }
      },
      {
        "a": -0.18744975779208062,
        "b": 0.39957620903789204,
        "c": -0.6528846147288034,
        "d": -0.6350201785036231,
        "e": 0.3541305963026802,
        "f": 1.062373510662514,
        "color": 0.5073055192600117,
        "weight": 0.3149778650622266,
        "variations": {
          "spherical": 0.3068867289986027,
          "sinusoidal": 0.22939951398958236
        }
      },
      {
        "a": -0.14576094425654307,
        "b": -0.6498067671060519,
        "c": 0.7696042627105162,
        "d": 0.4794269190918754,
        "e": 0.6398150591869212,
        "f": -1.3670607782007342,
        "color": 0.29003718161138414,
        "weight": 0.3662743178483694,
        "variations": {
          "linear": 0.42967641176239957,
          "polar": 0.2900689414210059,
          "swirl": 0.03775738287017394
        }
      }
    ],
    "num_points": 2909450,
    "gamma": 2.210102041685136,
    "brightness": 1.2,
    "hue_rotation": 239.52335818427014
  }
}