{
  "seed": "6a0e614c-e4c9-4a1a-8610-a2503edca80f",
  "params": {
    "transforms": [
      {
        "a": 0.3498331410547011,
        "b": -0.5229376070609497,
        "c": 0.5176296741194695,
        "d": 0.9128471719114322,
        "e": 1.3095584781784781,
        "f": 0.9546337443252049,
        "color": 0.49417924504766897,
        "weight": 0.619622763865454,
        "variations": {
          "linear": 0.3638376689795806,
          "swirl": 0.6271404189529298,
          "polar": 0.5041882471820208
        }
      },
      {
        "a": -0.0461665791461332,
        "b": -0.6474058099333884,
        "c": -0.41894905577365504,
        "d": 0.2331788905485499,
        "e": 0.18046215907372032,
        "f": -0.735723685466916,
        "color": 0.18997290966224556,
        "weight": 0.6324401317757137,
        "variations": {
          "swirl": 0.28220685083565566,
          "polar": 0.5061183473868026,
          "heart": 0.5241519813073047
        }
      },
      {
        "a": 0.5404688646876668,
        "b": -0.9134080375249305,
        "c": -0.6540587502891062,
        "d": -0.8093028188870635,
        "e": 0.9487520396937246,
        "f": -0.306547188567301,
        "color": 0.47466782674849506,
        "weight": 0.29885629478328,
        "variations": {
          "polar": 0.7844456676333816
        }
      },
      {
        "a": 0.8165805615263224,
        "b": -0.04950142789122536,
        "c": -0.13751293252036456,
        "d": -0.5434139232953867,
        "e": -0.38330289254670924,
        "f": -1.4013534899128413,
        "color": 0.19221501984332767,
        "weight": 0.5344637146086492,
        "variations": {
          "polar": 0.17784154025077403,
          "swirl": 0.2697817792682866
        }
      }
    ],
    "num_points": 2772297,
    "gamma": 1.9147419328719626,
    "brightness": 1.2,
    "hue_rotation": 102.14989832841903
  }
}