{
  "seed": "c8e80e5f-8930-47e5-b8cf-79f87b4d15ad",
  "params": {
    "transforms": [
      {
        "a": 0.3965905982081941,
        "b": -0.039982493532812136,
        "c": -0.3751211626374431,
        "d": 0.9285860055875799,
        "e": -0.14439707848865968,
        "f": 1.0606995774079753,
        "color": 0.8811328880336217,
        "weight": 0.46455579030840666,
        "variations": {
          "linear": 0.5577649337067785,
          "polar": 0.4432356571294279
        }
      },
      {
        "a": 0.0070339743296530255,
        "b": 0.9291017777430117,
        "c": 0.4428065795872502,
        "d": 0.49913412428789883,
        "e": -0.9670917458784941,
        "f": -1.2093653485305307,
        "color": 0.1437613932171875,
        "weight": 0.1963832962413044,
        "variations": {
          "heart": 0.8431457989953813,
          "sinusoidal": 0.26680629045209026
        }
      },
      {
        "a": -0.6221463708580692,
        "b": -0.49476294858089465,
        "c": -0.9053055054047627,
        "d": 0.472459299304431,
        "e": 0.7643676794981848,
        "f": -0.13463253048283597,
        "color": 0.277358588377265,
        "weight": 0.6641319925683393,
        "variations": {
          "heart": 0.18322809478990532,
          "sinusoidal": 0.48558325826965343
        }
      }
    ],
    "num_points": 1879369,
    "gamma": 2.0125304241826623,
    "brightness": 1.2,
    "hue_rotation": 206.4881582679335
  }
}