{
  "seed": "82f220c9-2464-4316-967c-49a14f34cb85",
  "params": {
    "transforms": [
      {
        "a": 0.880758620582675,
        "b": -0.7878187894211268,
        "c": -0.40368713388404354,
        "d": 0.2349122656331084,
        "e": -0.44866954343998966,
        "f": 0.0015559871715775664,
        "color": 0.027462310835364323,
        "weight": 0.19935844043568296,
        "variations": {
          "spherical": 0.7565784798762217,
          "linear": 0.7353612480063614,
          "sinusoidal": 0.8091029440203533
        }
      },
      {
        "a": -0.9866751639616931,
        "b": -0.032871173413365096,
        "c": 0.8104233591251297,
        "d": 0.9346029583622042,
        "e": 1.4456532932117643,
        "f": -1.3491883671508735,
        "color": 0.00610993012260308,
        "weight": 0.9904598597883694,
        "variations": {
          "linear": 0.5439764755818842
        }
      },
      {
        "a": 0.44696046756293506,
        "b": -0.44043927422543105,
        "c": 0.12596697026511694,
        "d": -0.7212223802963094,
        "e": 0.2393762483037789,
        "f": -0.6735953341662417,
        "color": 0.6634844112748464,
        "weight": 0.142047050923496,
        "variations": {
          "linear": 0.7747427998349194,
          "polar": 0.11719086866548323
        }
      }
    ],
    "num_points": 1012612,
    "gamma": 2.3391261441214906,
    "brightness": 1.2,
    "hue_rotation": 288.7010767009962
  }
}