{
  "seed": "21a2926d-2c6a-4cbc-98bf-0ee024834cf6",
  "params": {
    "transforms": [
      {
        "a": 0.7008547589148117,
        "b": -0.08125237523781581,
        "c": -0.7406779830554158,
        "d": -0.2802027688587134,
        "e": 1.471328747986588,
        "f": 0.6651301434221755,
        "color": 0.09071060521419727,
        "weight": 0.5479936799114126,
        "variations": {
          "spherical": 0.9190988295773209,
          "heart": 0.1972306839929895
        }
      },
      {
        "a": 0.15302411015716788,
        "b": -0.5712406713498484,
        "c": 0.8932684388416012,
        "d": 0.967936846398453,
        "e": -0.4722083904988543,
        "f": -0.737415016259836,
        "color": 0.36306167504781217,
        "weight": 0.8851526536631896,
        "variations": {
          "sinusoidal": 0.5945314504773216
        }
      }
    ],
    "num_points": 1882898,
    "gamma": 2.1459538785460532,
    "brightness": 1.2,
    "hue_rotation": 352.9125935708512
  }
}