{
  "seed": "45f29968-989d-43af-86d2-df439fc49de8",
  "params": {
    "transforms": [
      {
        "a": 0.7520847579437946,
        "b": 0.5481563524215598,
        "c": -0.760096226564722,
        "d": 0.755048177083951,
        "e": -1.2848859169707807,
        "f": -1.351727074034364,
        "color": 0.9856462895759565,
        "weight": 0.9592923277859582,
        "variations": {
          "heart": 0.11666697532487769,
          "swirl": 0.6452132737899817,
          "sinusoidal": 0.25844655837637776
        }
      },
      {
        "a": 0.36584821907156506,
        "b": -0.4859091704027576,
        "c": 0.5222387181673942,
        "d": -0.1638680468604059,
        "e": 1.394579627737571,
        "f": -0.9936961645695649,
        "color": 0.2872491034183753,
        "weight": 0.4088760599500463,
        "variations": {
          "heart": 0.3254841999681183,
          "polar": 0.03243635708180348
        }
      }
    ],
    "num_points": 1029575,
    "gamma": 2.332454374473515,
    "brightness": 1.2,
    "hue_rotation": 246.5566956637622
  }
}