{
  "seed": "3d3a5cc9-f033-4d6a-93b6-f916ae38070f",
  "params": {
    "transforms": [
      {
        "a": 0.7347534521074672,
        "b": 0.46158916853634113,
        "c": -0.9099752853614334,
        "d": 0.9461262695298234,
        "e": -0.013176488390274521,
        "f": 0.4993673276802828,
        "color": 0.42947669985994963,
        "weight": 0.21013775206395613,
        "variations": {
          "heart": 0.2644458601094958,
          "sinusoidal": 0.4715522573441021
        }
      },
      {
        "a": 0.7519694998961226,
        "b": 0.8812364682636746,
        "c": 0.09940183572262451,
        "d": 0.4482215900580564,
        "e": 0.9133335513988108,
        "f": -0.003053428439454331,
        "color": 0.5572483006548284,
        "weight": 0.6357343922878386,
        "variations": {
          "linear": 0.41217602789588503,
          "polar": 0.14066032460598998
        }
      }
    ],
    "num_points": 2883128,
    "gamma": 1.9406731623677975,
    "brightness": 1.2,
    "hue_rotation": 124.4517198975476
  }
}