{
  "seed": "b50097ae-75a8-4e8f-8fb6-927457909382",
  "params": {
    "transforms": [
      {
        "a": 0.8792059102508298,
        "b": -0.9517722859270485,
        "c": 0.6972899301829762,
        "d": -0.7545123694185971,
        "e": -0.7451940361273831,
        "f": -0.2562084757773402,
        "color": 0.34348230958532544,
        "weight": 0.9021969114732813,
        "variations": {
          "linear": 0.41620351739558403
        }
      },
      {
        "a": -0.9388319896226012,
        "b": 0.25271765246300104,
        "c": 0.8661919519877452,
        "d": -0.675778985941154,
        "e": -0.31847579042167884,
        "f": -1.1724039804429363,
        "color": 0.6384121992123807,
        "weight": 0.38416177302294874,
        "variations": {
          "linear": 0.7961188350127356
        }
      },
      {
        "a": -0.5016038687840545,
        "b": 0.7362541835449634,
        "c": 0.5985481925696925,
        "d": -0.2610354028459383,
        "e": -1.379513429563274,
        "f": 1.0572184217906155,
        "color": 0.9817794427273002,
        "weight": 0.9682719869613369,
        "variations": {
          "spherical": 0.9938827691899103,
          "swirl": 0.23195019264566785,
          "heart": 0.8503886293557632
        }
      }
    ],
    "num_points": 2753829,
    "gamma": 1.9959236988351077,
    "brightness": 1.2,
    "hue_rotation": 267.4803868402952
  }
}