{
  "seed": "35359aa8-881e-47de-aa15-b77a1836b35a",
  "params": {
    "transforms": [
      {
        "a": -0.3736661768594851,
        "b": -0.30581716069150544,
        "c": 0.5215457888891157,
        "d": 0.6300800523759844,
        "e": -1.185496599502098,
        "f": 0.46039858546503165,
        "color": 0.6099210180901246,
        "weight": 0.26566223819342505,
        "variations": {
          "swirl": 0.7645410352969918,
          "heart": 0.7278460112131399
        }
      },
      {
        "a": -0.46094786979321234,
        "b": -0.7711762881434563,
        "c": 0.6751514362275735,
        "d": 0.11858563595815474,
        "e": 1.097743061966168,
        "f": 1.1261458590159719,
        "color": 0.7563919532656376,
        "weight": 0.12901948447184391,
        "variations": {
          "swirl": 0.9965509744442621
        }
      },
      {
        "a": -0.2648916418930507,
        "b": -0.6493006656679856,
        "c": 0.7215375268702269,
        "d": 0.1780088010500116,
        "e": -0.910450560225075,
        "f": -1.210123481770388,
        "color": 0.8682758793060312,
        "weight": 0.7200950603348605,
        "variations": {
          "heart": 0.5165943742388823,
          "polar": 0.3206204030831947
        }
      }
    ],
    "num_points": 2800908,
    "gamma": 2.301452634893861,
    "brightness": 1.2,
    "hue_rotation": 226.4766444423972
  }
}