{
  "seed": "9906f0fe-9686-40d4-b7b8-3193aad74098",
  "params": {
    "transforms": [
      {
        "a": -0.2864484606854616,
        "b": 0.3138001656866001,
        "c": -0.009224827130725366,
        "d": 0.5085447253638644,
        "e": 1.3363821449394861,
        "f": -0.31845714613415943,
        "color": 0.416906989587147,
        "weight": 0.5550334738269395,
        "variations": {
          "sinusoidal": 0.07658937114311493,
          "linear": 0.3909988268853477
        }
      },
      {
        "a": 0.38001161685675156,
        "b": -0.4048705541279747,
        "c": 0.5165423951416483,
        "d": 0.18286358868958064,
        "e": -0.5539408363187035,
        "f": -0.840040448310649,
        "color": 0.6519552324108714,
        "weight": 0.12899750429975848,
        "variations": {
          "linear": 0.6802055597999427,
          "spherical": 0.3535998913418372
        }
      }
    ],
    "num_points": 2134844,
    "gamma": 2.104455508721055,
    "brightness": 1.2,
    "hue_rotation": 285.78214721621345
  }
}