{
  "seed": "ff6bfe0d-d859-4657-a673-7b8f9c891f01",
  "params": {
    "transforms": [
      {
        "a": 0.14033371410920004,
        "b": -0.42886354140253125,
        "c": 0.7867945745494089,
        "d": 0.6812950604538124,
        "e": -1.2022786074356606,
        "f": 1.4635220053858617,
        "color": 0.8501156202755076,
        "weight": 0.45382787743875164,
        "variations": {
          "sinusoidal": 0.8065464229976559,
          "linear": 0.21657978990149074,
          "heart": 0.05042859731467264
        }
      },
      {
        "a": -0.6796037287192214,
        "b": -0.8590850585210581,
        "c": -0.8424774606101406,
        "d": 0.14077073251173156,
        "e": 0.7775274204744509,
        "f": -1.0664007062219514,
        "color": 0.9622776642569113,
        "weight": 0.9745101903470581,
        "variations": {
          "linear": 0.008318684593875858
        }
      },
      {
        "a": -0.9252767795018031,
        "b": -0.571374983904585,
        "c": 0.0395894574574267,
        "d": 0.6780407736459315,
        "e": 0.5671952763938748,
        "f": 0.5243766328172481,
        "color": 0.40032144553154636,
        "weight": 0.1168521191780909,
        "variations": {
          "linear": 0.3688436642504985,
          "heart": 0.8936258991060108
        }
      },
      {
        "a": 0.7499921475484563,
        "b": 0.5532310666217479,
        "c": 0.33674417880734975,
        "d": 0.20348054764068668,
        "e": -1.455984757529401,
        "f": 0.5606482821054697,
        "color": 0.6728195295300832,
        "weight": 0.7048139450641681,
        "variations": {
          "sinusoidal": 0.7519849349162447,
          "spherical": 0.28230883605314605
        }
      }
    ],
    "num_points": 2868295,
    "gamma": 2.2349504274346934,
    "brightness": 1.2,
    "hue_rotation": 234.90331465872185
  }
}