{
  "seed": "d48eb905-58c3-46f1-9c7d-bc62b2295ae3",
  "params": {
    "transforms": [
      {
        "a": -0.07205979473608082,
        "b": 0.5125828409354729,
        "c": -0.7154991766464789,
        "d": -0.7446762077174063,
        "e": 0.12342208003787158,
        "f": 0.3907181486639526,
        "color": 0.02050093002072717,
        "weight": 0.11890775357703084,
        "variations": {
          "heart": 0.5215862103703441,
          "sinusoidal": 0.659525993600846
        }
      },
      {
        "a": -0.4567692250306121,
        "b": 0.633485326349136,
        "c": -0.4783022190191246,
        "d": -0.40656953883521396,
        "e": 0.4622295143204065,
        "f": 1.3318617984245686,
        "color": 0.9351399664999454,
        "weight": 0.15529916178645842,
        "variations": {
          "swirl": 0.9924762153847976,
          "linear": 0.5174588535879353,
          "polar": 0.7532717456249002
        }
      },
      {
        "a": -0.33715249019016746,
        "b": 0.5206534836682595,
        "c": -0.25120798876070327,
        "d": 0.8500023102562262,
        "e": 0.8391022370562666,
        "f": 1.4298871432113227,
        "color": 0.6423703058396966,
        "weight": 0.5864456493154312,
        "variations": {
          "swirl": 0.06147527622257376
        }
      }
    ],
    "num_points": 2369518,
    "gamma": 2.465167942099982,
    "brightness": 1.2,
    "hue_rotation": 46.38940772645035
  }
}