{
  "seed": "78574c29-a9ea-43e6-b47c-1ee20c0588a0",
  "params": {
    "transforms": [
      {
        "a": -0.635994302562686,
        "b": -0.21705178011561954,
        "c": 0.6719502225445517,
        "d": -0.19011080880440545,
        "e": -1.4025579087969606,
        "f": 0.7714269395574509,
        "color": 0.8943012991475328,
        "weight": 0.7087917607694426,
        "variations": {
          "swirl": 0.6033828923946524,
          "sinusoidal": 0.8787143855261178
        }
      },
      {
        "a": -0.8591900946168427,
        "b": 0.44220453204095667,
        "c": 0.08683636023860042,
        "d": 0.8966415018673355,
        "e": -1.4656176696554444,
        "f": -1.1950352025412936,
        "color": 0.8058925540374827,
        "weight": 0.6374864182352574,
        "variations": {
          "spherical": 0.8965251465752938,
          "swirl": 0.7355356193953,
          "sinusoidal": 0.9143780985444597
        }
      },
      {
        "a": -0.403373121917582,
        "b": -0.8453328917786749,
        "c": 0.8082528870073424,
        "d": -0.7438464025149321,
        "e": 0.07751343121792265,
        "f": -0.352054252578192,
        "color": 0.7395868146975667,
        "weight": 0.7919837177014332,
        "variations": {
          "polar": 0.4599886516466094
        }
      },
      {
        "a": -0.18581315609245652,
        "b": 0.507769438244347,
        "c": -0.5053635283714528,
        "d": -0.565748213014319,
        "e": -0.42015614888138075,
        "f": 1.4779880417909692,
        "color": 0.9855358269085404,
        "weight": 0.23535313511635764,
        "variations": {
          "sinusoidal": 0.7236603748507242,
          "polar": 0.19498838522341233
        }
      }
    ],
    "num_points": 1903384,
    "gamma": 1.9247986333798577,
    "brightness": 1.2,
    "hue_rotation": 336.6701726719478
  }
}