{
  "seed": "799f4a1b-794f-4de8-aaa8-656ab2984cbc",
  "params": {
    "transforms": [
      {
        "a": -0.5492630962353415,
        "b": 0.267395514934921,
        "c": -0.31011687440708546,
        "d": -0.8606631630049713,
        "e": 0.2415156625810746,
        "f": -1.4008786345957078,
        "color": 0.696462257760056,
        "weight": 0.834936143189436,
        "variations": {
          "sinusoidal": 0.9681361844860983,
          "spherical": 0.841219065116934
        }
      },
      {
        "a": 0.9989898515813922,
        "b": -0.8630106808144611,
        "c": 0.2013023598058472,
        "d": 0.861765451096838,
        "e": -0.1420902367762582,
        "f": -1.4791179622740822,
        "color": 0.5171101979470415,
        "weight": 0.9956824663657842,
        "variations": {
          "swirl": 0.8609625099397409,
          "heart": 0.18697079480399204
        }
      },
      {
        "a": -0.2146385915486495,
        "b": 0.1444741748597318,
        "c": -0.9595387737939685,
        "d": 0.2596073271374406,
        "e": -0.05215299098225312,
        "f": -0.2656607546372376,
        "color": 0.08132430715492012,
        "weight": 0.8920320216663112,
        "variations": {
          "sinusoidal": 0.478434713670862
        }
      },
      {
        "a": -0.6330011061788063,
        "b": 0.2505314118384918,
        "c": 0.7751682067681827,
        "d": -0.8977345934932943,
        "e": -0.37037460994012994,
        "f": 0.0004265948130104391,
        "color": 0.5688822419156155,
        "weight": 0.7323392819420511,
        "variations": {
          "linear": 0.9196784349344044,
          "sinusoidal": 0.08262872429836221
        }
      }
    ],
    "num_points": 1409795,
    "gamma": 2.0856652925895762,
    "brightness": 1.2,
    "hue_rotation": 129.70807885051096
  }
}