{
  "seed": "d2fa640c-d75b-4442-923a-67bdbe0a385b",
  "params": {
    "transforms": [
      {
        "a": -0.19095421148672953,
        "b": 0.43905887710118385,
        "c": 0.569483833609493,
        "d": -0.18779204840436647,
        "e": -0.8136773163437386,
        "f": -0.4558935284511212,
        "color": 0.8157120653599561,
        "weight": 0.8040750576016503,
        "variations": {
          "linear": 0.7888367372251209,
          "polar": 0.7100011432690633,
          "spherical": 0.7271376260566128
        }
      },
      {
        "a": 0.22559252587899836,
        "b": -0.7806294458673186,
        "c": -0.05464235415289287,
        "d": -0.12758625637155818,
        "e": 0.4337491819950605,
        "f": 0.07381597299437237,
        "color": 0.3219969169524871,
        "weight": 0.33984629422233953,
        "variations": {
          "linear": 0.8523002343248054,
          "sinusoidal": 0.3367257587833401
        }
      }
    ],
    "num_points": 2633034,
    "gamma": 1.8293426916796736,
    "brightness": 1.2,
    "hue_rotation": 212.62007479214208
  }
}