{
  "seed": "7ea5e10d-643c-4c6d-a080-e2ffec7dd356",
  "params": {
    "transforms": [
      {
        "a": 0.5277941577745087,
        "b": -0.8047364397114887,
        "c": 0.7658875528216629,
        "d": -0.9229732909723825,
        "e": 0.29195496822342615,
        "f": 1.2811594778996263,
        "color": 0.6631474043905324,
        "weight": 0.26349653907167375,
        "variations": {
          "heart": 0.4286907542649031,
          "spherical": 0.7013570302587513,
          "sinusoidal": 0.06923522330872955
        }
      },
      {
        "a": -0.6066284482275297,
        "b": -0.6800604783090762,
        "c": -0.38210875418880996,
        "d": 0.598050523460353,
        "e": -1.0940441637816751,
        "f": -1.2168213365406488,
        "color": 0.9399724174164905,
        "weight": 0.2740429901812896,
        "variations": {
          "linear": 0.39043116824374147,
          "sinusoidal": 0.036087566951827243,
          "polar": 0.22341919484581707
        }
      },
      {
        "a": -0.032523557738060926,
        "b": -0.3797151618060617,
        "c": -0.22072722865913952,
        "d": 0.010318845323076031,
        "e": 0.622000042355646,
        "f": 0.2762882773477662,
        "color": 0.45445055571766524,
        "weight": 0.3807944106199703,
        "variations": {
          "polar": 0.6928740038657694,
          "spherical": 0.8245492690126547
        }
      }
    ],
    "num_points": 2464410,
    "gamma": 2.49703147682195,
    "brightness": 1.2,
    "hue_rotation": 290.4104538499879
  }
}