{
  "seed": "f78a7d28-004f-4182-baaf-a8dd155579ae",
  "params": {
    "transforms": [
      {
        "a": -0.2580728470219651,
        "b": 0.8290432627995401,
        "c": 0.9042932519017648,
        "d": 0.5498335044925515,
        "e": -1.410840742571184,
        "f": 0.9720462736279725,
        "color": 0.8042834591020628,
        "weight": 0.940333822263038,
        "variations": {
          "polar": 0.383346430207099,
          "sinusoidal": 0.37094059148358494
        }
      },
      {
        "a": 0.3604577268768687,
        "b": -0.6457132420445442,
        "c": 0.958565420524325,
        "d": 0.45523596145114587,
        "e": -1.0773301716636996,
        "f": -0.7278518650161976,
        "color": 0.1396213633902017,
        "weight": 0.23949277262538604,
        "variations": {
          "sinusoidal": 0.7651176893276971,
          "linear": 0.4550123997981307
        }
      }
    ],
    "num_points": 1379539,
    "gamma": 2.3798221112723987,
    "brightness": 1.2,
    "hue_rotation": 240.8720174491483
  }
}