{
  "seed": "29f9e18a-3367-4ace-b86a-0e8bd2381ef7",
  "params": {
    "transforms": [
      {
        "a": -0.2294971811494928,
        "b": 0.08006341504507408,
        "c": 0.10003854497012088,
        "d": 0.20575310274434844,
        "e": -1.4879494026357092,
        "f": -0.728653796682999,
        "color": 0.34715961721262656,
        "weight": 0.4461832986594664,
        "variations": {
          "swirl": 0.02331271150972336,
          "linear": 0.9983520293031959
        }
      },
      {
        "a": 0.02635325910448194,
        "b": 0.2251781207153134,
        "c": 0.07444749500569037,
        "d": 0.5548356709358351,
        "e": -1.3735125260492558,
        "f": -0.41558020056632117,
        "color": 0.19302064693220478,
        "weight": 0.5302359215418065,
        "variations": {
          "heart": 0.9821441713466204,
          "polar": 0.6153242782721389,
          "sinusoidal": 0.8672953111388845
        }
      },
      {
        "a": -0.8233360496380748,
        "b": -0.7859729435721263,
        "c": 0.8126795156080386,
        "d": 0.9917584926615912,
        "e": -1.1904354760585205,
        "f": -1.2644268965000052,
        "color": 0.5272496273745846,
        "weight": 0.7390922300557352,
        "variations": {
          "sinusoidal": 0.29287098378580967,
          "heart": 0.5240335565165021
        }
      },
      {
        "a": -0.6569924595476051,
        "b": 0.7711255507336126,
        "c": -0.9423895305905787,
        "d": -0.0146620728138811,
        "e": 0.7094621705013688,
        "f": -0.555979413026171,
        "color": 0.9358525487459729,
        "weight": 0.7559438841580655,
        "variations": {
          "polar": 0.9834709336533818,
          "sinusoidal": 0.9995634820148824
        }
      }
    ],
    "num_points": 2145393,
    "gamma": 2.1912821911105653,
    "brightness": 1.2,
    "hue_rotation": 307.2818032801559
  }
}