{
  "seed": "347d84a6-59c7-41a7-afca-a7067513a956",
  "params": {
    "transforms": [
      {
        "a": -0.9838088295959948,
        "b": -0.7050803438802646,
        "c": -0.33585376518275334,
        "d": -0.8329567834441536,
        "e": 1.3517813404041883,
        "f": 0.6298303299177381,
        "color": 0.15133280651586012,
        "weight": 0.6240775190191526,
        "variations": {
          "sinusoidal": 0.5139891991022765
        }
      },
      {
        "a": 0.5132427966977473,
        "b": -0.2672923825148976,
        "c": 0.8938082237653364,
        "d": -0.405850696001701,
        "e": 1.432990572994954,
        "f": -0.9543151366916529,
        "color": 0.9576188764221054,
        "weight": 0.3162244407038122,
        "variations": {
          "polar": 0.1713373013638848,
          "sinusoidal": 0.5559246133767792,
          "linear": 0.38473883823010757
        }
      },
      {
        "a": 0.6907080891770798,
        "b": 0.2835303551731785,
        "c": 2.553168318031318e-05,
        "d": 0.255878244404951,
        "e": -0.4557886662657573,
        "f": 1.0656723213891155,
        "color": 0.42007519247301806,
        "weight": 0.2933519335113194,
        "variations": {
          "spherical": 0.34114641537023427
        }
      },
      {
        "a": -0.8913607027599058,
        "b": -0.5139814004016678,
        "c": 0.870908491043447,
        "d": 0.05702490458929721,
        "e": -0.8396709439798429,
        "f": 0.6640298721273132,
        "color": 0.666309744893282,
        "weight": 0.8240019808757588,
        "variations": {
          "swirl": 0.2745008875836493
        }
      }
    ],
    "num_points": 2217921,
    "gamma": 2.1901733629116156,
    "brightness": 1.2,
    "hue_rotation": 58.68182887817076
  }
}