{
  "seed": "2bc67080-05e5-4f31-ab2b-be3c38347d62",
  "params": {
    "transforms": [
      {
        "a": -0.46254309818539197,
        "b": -0.6824262920105246,
        "c": 0.40567443389959634,
        "d": -0.3539391692501026,
        "e": 0.3277969360959401,
        "f": -0.5662531591236729,
        "color": 0.5636318227172672,
        "weight": 0.9552737818043293,
        "variations": {
          "swirl": 0.7728453092493959,
          "heart": 0.4260266904494857
        }
      },
      {
        "a": 0.24275558264981512,
        "b": -0.8534820629336164,
        "c": -0.18062076233150237,
        "d": -0.302616073920569,
        "e": -0.6970471710687519,
        "f": 1.3126960729132509,
        "color": 0.46812398284323986,
        "weight": 0.8429688517058448,
        "variations": {
          "sinusoidal": 0.7327199019203533
        }
      },
      {
        "a": 0.7449064030297659,
        "b": -0.34044488196605305,
        "c": -0.7736545764060396,
        "d": 0.7340916517262677,
        "e": 1.3474995537523835,
        "f": 1.364940203965297,
        "color": 0.7474970541555858,
        "weight": 0.4331529357074282,
        "variations": {
          "swirl": 0.19651142041444492,
          "heart": 0.5722221825874444
        }
      }
    ],
    "num_points": 1172194,
    "gamma": 2.4317914578475572,
    "brightness": 1.2,
    "hue_rotation": 328.37916450606434
  }
}