{
  "seed": "60d20843-07e6-41d1-81ea-0248711985c2",
  "params": {
    "transforms": [
      {
        "a": -0.45489929069749535,
        "b": -0.708643358518551,
        "c": -0.24577363901647664,
        "d": 0.14910402161036695,
        "e": -1.215252949189317,
        "f": 0.7988252783199763,
        "color": 0.1156907489661565,
        "weight": 0.10256760658615804,
        "variations": {
          "sinusoidal": 0.03213803268513027,
          "linear": 0.12253564270326889,
          "swirl": 0.6802780075338967
        }
      },
      {
        "a": -0.5720390680720608,
        "b": 0.05142401579077038,
        "c": 0.2284483079684454,
        "d": -0.6760868551134025,
        "e": -0.24010971083603616,
        "f": 0.6150431207204283,
        "color": 0.2383234399915044,
        "weight": 0.10082143031036223,
        "variations": {
          "polar": 0.6203594848542083
        }
      },
      {
        "a": 0.18397291818467987,
        "b": -0.2988205290718955,
        "c": -0.4992216065899171,
        "d": -0.6509689761653881,
        "e": 1.4250921541765962,
        "f": -0.7124636504676977,
        "color": 0.7010304053799852,
        "weight": 0.587207926523869,
        "variations": {
          "spherical": 0.31606939170699666
        }
      }
    ],
    "num_points": 1119900,
    "gamma": 2.0821324040583997,
    "brightness": 1.2,
    "hue_rotation": 46.267083097268255
  }
}