{
  "seed": "44c7b3fa-a2fa-4632-90fa-dd547b25c18f",
  "params": {
    "transforms": [
      {
        "a": 0.7202533846425538,
        "b": 0.1751676433903806,
        "c": -0.60294592461771,
        "d": 0.7743055345871792,
        "e": -0.7650183406899348,
        "f": -1.4033613894910983,
        "color": 0.1916682628052776,
        "weight": 0.47853611676179963,
        "variations": {
          "polar": 0.4853057723007358
        }
      },
      {
        "a": 0.027525389686263946,
        "b": -0.15757172843121126,
        "c": 0.9867172816253897,
        "d": -0.7950828222409971,
        "e": 0.055977715494462954,
        "f": -0.5702358032924759,
        "color": 0.9639192683631677,
        "weight": 0.4151481144864354,
        "variations": {
          "polar": 0.985935134822247,
          "heart": 0.7295264549046354
        }
      }
    ],
    "num_points": 2807823,
    "gamma": 2.3705212087988263,
    "brightness": 1.2,
    "hue_rotation": 120.05810039447617
  }
}