{
  "seed": "b3cb406f-b386-47d7-b0cc-caddb8141ce3",
  "params": {
    "transforms": [
      {
        "a": -0.7973345537879641,
        "b": 0.2623657065602698,
        "c": -0.16217919140862658,
        "d": -0.11880964808962591,
        "e": -0.846639571032224,
        "f": -0.19831859455083323,
        "color": 0.7646187908896622,
        "weight": 0.9799164861332353,
        "variations": {
          "swirl": 0.1512635784583709,
          "linear": 0.5775260253375507
        }
      },
      {
        "a": 0.2932183959302215,
        "b": 0.2521674354427681,
        "c": -0.3512586647135332,
        "d": -0.8815727680898664,
        "e": -1.2046073546536769,
        "f": 1.4110358149088302,
        "color": 0.43912002073259715,
        "weight": 0.6870902357646643,
        "variations": {
          "heart": 0.47333312685617157,
          "swirl": 0.02244014647988557
        }
      },
      {
        "a": -0.4115540832850402,
        "b": 0.07645173744935474,
        "c": -0.4014023816791161,
        "d": 0.34421346615508863,
        "e": -0.19502970813627485,
        "f": -0.8941489718680729,
        "color": 0.7184588709635487,
        "weight": 0.708309264458837,
        "variations": {
          "heart": 0.9689252038289209
        }
      }
    ],
    "num_points": 1102172,
    "gamma": 2.1811318422235026,
    "brightness": 1.2,
    "hue_rotation": 259.01043128881935
  }
}