{
  "seed": "f6fb604c-1a86-4fd2-873e-0f459bce585f",
  "params": {
    "transforms": [
      {
        "a": -0.11598262518308,
        "b": 0.664554183917307,
        "c": 0.7498968914569277,
        "d": 0.058887959466400464,
        "e": -0.3793904970497137,
        "f": -0.21709770672999928,
        "color": 0.8953946069231482,
        "weight": 0.7329718075712187,
        "variations": {
          "spherical": 0.18028656611987826,
          "linear": 0.7567624503092285
        }
      },
      {
        "a": 0.404558155238937,
        "b": 0.5477313912234949,
        "c": -0.422011408847365,
        "d": -0.05826939555869459,
        "e": 1.2004126758777875,
        "f": -0.4341106789562392,
        "color": 0.3856802998999055,
        "weight": 0.3222217539805673,
        "variations": {
          "linear": 0.5871960252036204
        }
      }
    ],
    "num_points": 2052981,
    "gamma": 1.977037701970178,
    "brightness": 1.2,
    "hue_rotation": 12.64679377166583
  }
}