{
  "seed": "8e0e2cdf-833d-4020-b4ef-a1c1c1640a28",
  "params": {
    "transforms": [
      {
        "a": -0.015112240859601833,
        "b": -0.17402590754806613,
        "c": -0.795991881634506,
        "d": 0.2722770740808529,
        "e": -1.1725292595751082,
        "f": -0.7693891642752684,
        "color": 0.44646802486255,
        "weight": 0.437456232948887,
        "variations": {
          "polar": 0.9951836209419626,
          "linear": 0.9083401583785636
        }
      },
      {
        "a": 0.7515661158193023,
        "b": 0.4820170421293202,
        "c": 0.6999854432468406,
        "d": -0.18794950323810156,
        "e": -0.573544808769456,
        "f": -0.3426494678064613,
        "color": 0.13460081225171372,
        "weight": 0.16888239455580126,
        "variations": {
          "sinusoidal": 0.31895497308006815,
          "heart": 0.7773272280078705,
          "linear": 0.04988074215936411
        }
      },
      {
        "a": 0.2035531547694649,
        "b": 0.17647340745050744,
        "c": -0.9629087664158531,
        "d": 0.08943005694922768,
        "e": 1.281193124487256,
        "f": 0.6821469272495215,
        "color": 0.9216338725360722,
        "weight": 0.952365335889066,
        "variations": {
          "swirl": 0.7840727878548165
        }
      }
    ],
    "num_points": 2826009,
    "gamma": 1.8605395176961996,
    "brightness": 1.2,
    "hue_rotation": 172.78426141048246
  }
}