{
  "seed": "c1320635-1a47-4ef7-9487-b8ec626b928a",
  "params": {
    "transforms": [
      {
        "a": 0.2591952235989532,
        "b": -0.3770224073383781,
        "c": -0.8129624270191402,
        "d": -0.8291726336869949,
        "e": -0.0808266382582774,
        "f": 0.7681285224867191,
        "color": 0.9676372443657909,
        "weight": 0.6623104336747145,
        "variations": {
          "spherical": 0.843845547748306,
          "polar": 0.4822763080656056,
          "linear": 0.8562105716864509
        }
      },
      {
        "a": 0.6967766353399192,
        "b": 0.6575170077815711,
        "c": -0.4890526429109685,
        "d": -0.5135090899755501,
        "e": -0.4850152940825425,
        "f": -0.7848427988063518,
        "color": 0.9205585164261086,
        "weight": 0.8612658530312509,
        "variations": {
          "spherical": 0.38039969514123684
        }
      },
      {
        "a": -0.030234037173932693,
        "b": 0.45018560610600455,
        "c": 0.34693101617036914,
        "d": -0.4387083434959864,
        "e": -0.22550120922618255,
        "f": 0.795913936162389,
        "color": 0.046186747363181846,
        "weight": 0.7250378810919601,
        "variations": {
          "sinusoidal": 0.6641882922274349
        }
      },
      {
        "a": -0.7280516986880321,
        "b": -0.30850050605220236,
        "c": 0.8244895146485882,
        "d": 0.09732035098983549,
        "e": 1.1545861003094684,
        "f": 0.9410587904009122,
        "color": 0.5104353622685346,
        "weight": 0.5694471081294208,
        "variations": {
          "spherical": 0.6489489402728525,
          "polar": 0.6338700014215459,
          "linear": 0.4607981149307816
        }
      }
    ],
    "num_points": 1193435,
    "gamma": 1.8641069948006463,
    "brightness": 1.2,
    "hue_rotation": 73.07324647778036
  }
}