{
  "seed": "65d23353-36c9-4cfc-90e9-46d2b20c7389",
  "params": {
    "transforms": [
      {
        "a": 0.6576068097136689,
        "b": 0.4381796421835451,
        "c": 0.5544997265410276,
        "d": 0.0067409336104902184,
        "e": -0.4665641924239463,
        "f": 1.4151690884162247,
        "color": 0.8765720353866912,
        "weight": 0.12574167473792772,
        "variations": {
          "polar": 0.6529038814630616
        }
      },
      {
        "a": 0.07714923968819942,
        "b": 0.3829571014537201,
        "c": -0.918090848192723,
        "d": 0.7140487820669463,
        "e": 1.0765333281865606,
        "f": -1.224575553915413,
        "color": 0.06408017420352874,
        "weight": 0.665309462538718,
        "variations": {
          "spherical": 0.26878885193370083,
          "swirl": 0.3944274115367251
        }
      }
    ],
    "num_points": 1738975,
    "gamma": 2.085947833866257,
    "brightness": 1.2,
    "hue_rotation": 191.34522889701827
  }
}