{
  "seed": "40aaf9ea-b3c6-4c96-9c55-831abf62091e",
  "params": {
    "transforms": [
      {
        "a": 0.00936556106222719,
        "b": 0.4233389142788915,
        "c": 0.061880054564479314,
        "d": -0.9588383766647783,
        "e": 0.9036526371471294,
        "f": -1.0922033578139314,
        "color": 0.12733819910997113,
        "weight": 0.8809683116941067,
        "variations": {
          "polar": 0.4542640839848666,
          "linear": 0.5046757515616342,
          "swirl": 0.22542611523284906
        }
      },
      {
        "a": -0.17444922772778804,
        "b": 0.7831187378629976,
        "c": -0.7635599661409311,
        "d": 0.4411489376819391,
        "e": -0.7173659472962308,
        "f": -1.4314677941300156,
        "color": 0.2668199281251874,
        "weight": 0.6908469395195846,
        "variations": {
          "heart": 0.2636569316288171,
          "spherical": 0.7801195090381873,
          "linear": 0.24491295792720547
        }
      },
      {
        "a": 0.720379173222377,
        "b": 0.6039394008593768,
        "c": 0.4313410735333001,
        "d": 0.2546692184723578,
        "e": -0.842029873662352,
        "f": 0.515482982339392,
        "color": 0.11798964199621198,
        "weight": 0.39677857256766835,
        "variations": {
          "polar": 0.4138667898759991
        }
      }
    ],
    "num_points": 1590982,
    "gamma": 2.0341963757304873,
    "brightness": 1.2,
    "hue_rotation": 231.2756074576033
  }
}