{
  "seed": "2f797fd4-b5cf-4943-b1f5-55cc53a95e11",
  "params": {
    "transforms": [
      {
        "a": 0.9466848359114117,
        "b": -0.8384747636304377,
        "c": -0.09267891981784682,
        "d": -0.08071551182134784,
        "e": 0.46611648243375026,
        "f": -1.2935912342320353,
        "color": 0.10047141306353136,
        "weight": 0.8775952506854336,
        "variations": {
          "heart": 0.7928043759111848
        }
      },
      {
        "a": -0.14671043142290108,
        "b": 0.9543706215843377,
        "c": 0.7578065410460018,
        "d": 0.23958858028416752,
        "e": -0.1053975907651159,
        "f": -1.161213373424591,
        "color": 0.8147197450607407,
        "weight": 0.8119622560697246,
        "variations": {
          "linear": 0.2142831634169936
        }
      },
      {
        "a": 0.7729983937055995,
        "b": -0.3986313701205839,
        "c": 0.8278067756764049,
        "d": 0.5387769432522498,
        "e": 0.3034505043940394,
        "f": 0.8691220499747301,
        "color": 0.010342556011093351,
        "weight": 0.7916612984101689,
        "variations": {
          "linear": 0.02720332244387913,
          "swirl": 0.7384874905484783,
          "spherical": 0.02231109083196936
        }
      },
      {
        "a": 0.620778855361926,
        "b": 0.2233468114622632,
        "c": -0.058275122269504154,
        "d": 0.9769478082956078,
        "e": 0.353482903094251,
        "f": -1.407424743868092,
        "color": 0.013737118921099634,
        "weight": 0.6005720071691165,
        "variations": {
          "swirl": 0.10754536664820014,
          "polar": 0.07702473286425005,
          "spherical": 0.8329517676234367
        }
      }
    ],
    "num_points": 2205193,
    "gamma": 2.276731002797378,
    "brightness": 1.2,
    "hue_rotation": 65.94836474404528
  }
}