{
  "seed": "c373d5f1-980a-441e-894b-4e8ac5d1ca58",
  "params": {
    "transforms": [
      {
        "a": 0.5235199197901736,
        "b": 0.13569131719657213,
        "c": 0.5419791071284781,
        "d": 0.6234857799585181,
        "e": -0.6747368764714414,
        "f": -1.477076427937431,
        "color": 0.12855078533433761,
        "weight": 0.1999517277061279,
        "variations": {
          "spherical": 0.8220037843469402
        }
      },
      {
        "a": -0.2670186575015714,
        "b": -0.2529484263697126,
        "c": 0.7011729565670728,
        "d": 0.7361656658015807,
        "e": 1.1344788221907804,
        "f": 0.08737055445091335,
        "color": 0.3113185212757986,
        "weight": 0.49663292442737084,
        "variations": {
          "swirl": 0.18536383048711558
        }
      }
    ],
    "num_points": 1028350,
    "gamma": 2.3306803848165707,
    "brightness": 1.2,
    "hue_rotation": 161.19396255436354
  }
}