{
  "seed": "e3cd6e0b-020a-476b-a5ef-f979eeaaa301",
  "params": {
    "transforms": [
      {
        "a": 0.007424624606116703,
        "b": -0.3661990592436286,
        "c": 0.8988407607437761,
        "d": 0.7698598353368837,
        "e": 1.0968055469636182,
        "f": -0.3032231346865011,
        "color": 0.19046034129046852,
        "weight": 0.6448541109184368,
        "variations": {
          "sinusoidal": 0.47018305466363375,
          "spherical": 0.8431179674315071
        }
      },
      {
        "a": 0.8691057944367624,
        "b": 0.8580940518975189,
        "c": -0.2368662195491864,
        "d": 0.5909839058023469,
        "e": 1.1917302774357479,
        "f": 0.7709772100658374,
        "color": 0.7187291112163442,
        "weight": 0.39693055222105655,
        "variations": {
          "swirl": 0.7178979752369758,
          "spherical": 0.5618454083786752
        }
      }
    ],
    "num_points": 1923435,
    "gamma": 1.9156414037256713,
    "brightness": 1.2,
    "hue_rotation": 285.10913614579226
  }
}