{
  "seed": "294706c8-be53-4421-9af1-f082374a4e21",
  "params": {
    "transforms": [
      {
        "a": 0.2814416155225421,
        "b": -0.9438994810322197,
        "c": 0.010624784720540514,
        "d": 0.5774090383364416,
        "e": 0.45833784984785186,
        "f": -0.5966404308556806,
        "color": 0.49680363158118135,
        "weight": 0.7355262393838005,
        "variations": {
          "swirl": 0.2660070512041087
        }
      },
      {
        "a": -0.5819676939436937,
        "b": -0.8369002348931267,
        "c": -0.8989044004839837,
        "d": 0.41308183831871625,
        "e": 0.7876411461183022,
        "f": 0.6228032426204297,
        "color": 0.708109344898239,
        "weight": 0.8733188006847293,
        "variations": {
          "swirl": 0.43087380468773884,
          "sinusoidal": 0.8218514501687436
        }
      }
    ],
    "num_points": 1310785,
    "gamma": 2.4790549525315635,
    "brightness": 1.2,
    "hue_rotation": 348.1788829374175
  }
}