{
  "seed": "ff07a9f0-1a59-42eb-a241-92f4fa327f32",
  "params": {
    "transforms": [
      {
        "a": 0.1452320195663499,
        "b": -0.33551057551305985,
        "c": 0.9946630570135704,
        "d": -0.6434530664463078,
        "e": -0.4235488028343881,
        "f": 0.4325447322485667,
        "color": 0.7352290806148863,
        "weight": 0.37362955731067804,
        "variations": {
          "sinusoidal": 0.777843593158516,
          "spherical": 0.5981758535302144,
          "heart": 0.34350582553129294
        }
      },
      {
        "a": -0.2897916147923081,
        "b": 0.012586297201506724,
        "c": -0.08362195383495075,
        "d": 0.9307352275061123,
        "e": -1.1123058321620491,
        "f": -0.2738853213709036,
        "color": 0.6784615585093134,
        "weight": 0.5765039416823485,
        "variations": {
          "spherical": 0.41468087627852,
          "polar": 0.9748660011026702,
          "heart": 0.8750936697085788
        }
      },
      {
        "a": -0.25651675244147376,
        "b": -0.3890196444767515,
        "c": 0.6990289225302744,
        "d": 0.024151783904138524,
        "e": -0.47680283229093634,
        "f": -0.5628799975940254,
        "color": 0.0054652303263991175,
        "weight": 0.6430812342432709,
        "variations": {
          "sinusoidal": 0.24493509761882137,
          "swirl": 0.9780289237343325,
          "polar": 0.9212377118434291
        }
      }
    ],
    "num_points": 2944845,
    "gamma": 2.3561511611821517,
    "brightness": 1.2,
    "hue_rotation": 88.87954845182549
  }
}