{
  "seed": "5afa2c48-2afd-4475-927f-712755b71b64",
  "params": {
    "transforms": [
      {
        "a": -0.3618509090880524,
        "b": 0.40062957938952404,
        "c": -0.34156520242337685,
        "d": -0.044112424930067506,
        "e": -1.3699341979645268,
        "f": 1.453148852820251,
        "color": 0.2920206203060086,
        "weight": 0.5846771532820515,
        "variations": {
          "swirl": 0.9382835502220163,
          "sinusoidal": 0.27957604578168416,
          "heart": 0.3205685259061317
        }
      },
      {
        "a": -0.7922940992058014,
        "b": -0.39174036251091127,
        "c": -0.6108360591363822,
        "d": -0.024640717277049973,
        "e": 0.5498535638682824,
        "f": 1.4486856295047295,
        "color": 0.04736726326853158,
        "weight": 0.4270209537994907,
        "variations": {
          "spherical": 0.8054317668259643
        }
      },
      {
        "a": -0.7709793974787962,
        "b": 0.972438209999289,
        "c": 0.7215113864515135,
        "d": 0.6019360945193368,
        "e": -0.0001491502672057443,
        "f": -0.44016642656379434,
        "color": 0.8504281321000414,
        "weight": 0.6202140947833165,
        "variations": {
          "spherical": 0.3871893973653159,
          "heart": 0.4509571645625833
        }
      },
      {
        "a": -0.13128391124787542,
        "b": -0.2722477848347542,
        "c": -0.6370082294485828,
        "d": 0.8996894891783052,
        "e": -0.75395761275538,
        "f": -0.9297788646158607,
        "color": 0.11076646068591,
        "weight": 0.8627657184894401,
        "variations": {
          "heart": 0.670245280136356,
          "sinusoidal": 0.9577787881320627,
          "swirl": 0.5257918412703406
        }
      }
    ],
    "num_points": 2266744,
    "gamma": 2.4910404556083208,
    "brightness": 1.2,
    "hue_rotation": 106.67740502832514
  }
}