{
  "seed": "468214db-e9a4-4dc0-b3bf-8568602394fe",
  "params": {
    "transforms": [
      {
        "a": -0.03233930517617445,
        "b": -0.791126873897301,
        "c": -0.5737444889444065,
        "d": 0.8857436438409936,
        "e": -0.95261921915481,
        "f": -0.4292776409558354,
        "color": 0.5838441866992664,
        "weight": 0.1138938916617942,
        "variations": {
          "spherical": 0.21813686258617548,
          "swirl": 0.5756010847398574,
          "sinusoidal": 0.8458118981051748
        }
      },
      {
        "a": -0.10915712047959758,
        "b": 0.7630101197032131,
        "c": 0.009077902583852993,
        "d": -0.6450148340662867,
        "e": -1.2157658225021022,
        "f": 0.9817105891004716,
        "color": 0.6422390564376207,
        "weight": 0.4967267495603719,
        "variations": {
          "polar": 0.5476507283594508,
          "linear": 0.7882177194457125,
          "swirl": 0.9793559842614926
        }
      }
    ],
    "num_points": 1322278,
    "gamma": 1.9638823891316635,
    "brightness": 1.2,
    "hue_rotation": 338.4098667703449
  }
}