{
  "seed": "1e795515-fb39-4cb5-aaf1-835d91bd9cb2",
  "params": {
    "transforms": [
      {
        "a": -0.9939941666691474,
        "b": 0.09561309459009126,
        "c": -0.35699327356787114,
        "d": -0.5309282824143999,
        "e": 1.1408636815300706,
        "f": 1.0044668603989768,
        "color": 0.49958680646057085,
        "weight": 0.2698172782666745,
        "variations": {
          "spherical": 0.5255221432852214,
          "heart": 0.38037897249751873
        }
      },
      {
        "a": 0.9412792236596144,
        "b": 0.007501512983909775,
        "c": -0.6099770391722283,
        "d": -0.4348283369250654,
        "e": 0.6755893551306258,
        "f": 0.3192838675859875,
        "color": 0.9432348896121454,
        "weight": 0.16356740538749004,
        "variations": {
          "sinusoidal": 0.9264911611200353
        }
      }
    ],
    "num_points": 2540507,
    "gamma": 2.367327029821361,
    "brightness": 1.2,
    "hue_rotation": 107.23292909413244
  }
}