{
  "seed": "4a600dd1-c0b0-4cd2-9c75-ee52128c56b4",
  "params": {
    "transforms": [
      {
        "a": 0.8107420788395279,
        "b": -0.2551048014848072,
        "c": -0.5501329072191046,
        "d": -0.8450411306601535,
        "e": -1.0037724162860853,
        "f": -0.776530495240418,
        "color": 0.3620569040784125,
        "weight": 0.4051509697954875,
        "variations": {
          "swirl": 0.9683915788697095
        }
      },
      {
        "a": -0.5591457642444828,
        "b": 0.19581921723372986,
        "c": 0.2650950543937409,
        "d": 0.17081498654953964,
        "e": 0.7575039694824861,
        "f": -1.1466817892095738,
        "color": 0.9320972176078526,
        "weight": 0.2785643249224407,
        "variations": {
          "polar": 0.7779031318517163,
          "spherical": 0.014194789422124265,
          "sinusoidal": 0.7620295654885668
        }
      },
      {
        "a": 0.0147237152562254,
        "b": 0.4742466217149479,
        "c": 0.6012975466456159,
        "d": 0.5183138054854894,
        "e": 0.6759869504637126,
        "f": -0.07674029953291717,
        "color": 0.42203025851873954,
        "weight": 0.9554150278018303,
        "variations": {
          "sinusoidal": 0.5717350742938865
        }
      }
    ],
    "num_points": 1676981,
    "gamma": 2.178567155433498,
    "brightness": 1.2,
    "hue_rotation": 198.35785701032503
  }
}