{
  "seed": "62e218f2-e3b6-4aeb-bbf0-77769b8eab19",
  "params": {
    "transforms": [
      {
        "a": 0.797985709089239,
        "b": 0.9893428313757646,
        "c": -0.8320621465233271,
        "d": 0.7164250561492633,
        "e": 0.3636198396067487,
        "f": 1.2676450470891103,
        "color": 0.2798400053042762,
        "weight": 0.1395426499043415,
        "variations": {
          "linear": 0.5869182139316218,
          "sinusoidal": 0.017415269300075753,
          "spherical": 0.18901424387180454
        }
      },
      {
        "a": -0.7701589143635494,
        "b": 0.31590721896535134,
        "c": -0.03471493930255587,
        "d": 0.20819962265583847,
        "e": 0.7940050312527056,
        "f": -0.4047642857016318,
        "color": 0.8613456526329798,
        "weight": 0.9814154259312616,
        "variations": {
          "spherical": 0.4153645677143992,
          "linear": 0.5941732403108594
        }
      },
      {
        "a": 0.2673434861932842,
        "b": -0.5483770345716208,
        "c": -0.2988286549397554,
        "d": 0.45436406071542157,
        "e": -0.4950920734478108,
        "f": -1.184082562671755,
        "color": 0.9866998589271262,
        "weight": 0.8805697880740128,
        "variations": {
          "heart": 0.19855419823534803
        }
      }
    ],
    "num_points": 2511680,
    "gamma": 2.2630953858167167,
    "brightness": 1.2,
    "hue_rotation": 168.09062848072486
  }
}