{
  "seed": "caa94c1c-d5f8-427a-8f04-75ff553ef678",
  "params": {
    "transforms": [
      {
        "a": -0.17047949092677728,
        "b": 0.8176221795854128,
        "c": 0.4902086525917766,
        "d": -0.647298326507245,
        "e": -0.8906106018499741,
        "f": -1.4398928470326575,
        "color": 0.2400313671919706,
        "weight": 0.24889093881562943,
        "variations": {
          "heart": 0.20042413253016544
        }
      },
      {
        "a": -0.6547314997727871,
        "b": 0.9102611270732539,
        "c": 0.10461068072079138,
        "d": -0.5859677254816111,
        "e": -0.20586290284497277,
        "f": -0.9284530042911152,
        "color": 0.1927584291653247,
        "weight": 0.6208088403539325,
        "variations": {
          "sinusoidal": 0.549132027028205,
          "swirl": 0.48505679475295915,
          "heart": 0.7803658633713005
        }
      }
    ],
    "num_points": 2126446,
    "gamma": 1.8694046981285133,
    "brightness": 1.2,
    "hue_rotation": 350.01875598451136
  }
}