{
  "seed": "73fcc344-695b-49b5-b47c-433ea278d251",
  "params": {
    "transforms": [
      {
        "a": -0.799192619648724,
        "b": 0.7401108196901509,
        "c": -0.17958231445866635,
        "d": 0.7780796288913598,
        "e": 0.44426078754621035,
        "f": 0.6666221887849821,
        "color": 0.013687942512170648,
        "weight": 0.37151468711463775,
        "variations": {
          "polar": 0.5656027974530358,
          "spherical": 0.49754952100846883,
          "heart": 0.5612811130485359
        }
      },
      {
        "a": -0.5872211498230031,
        "b": 0.06573223455905342,
        "c": 0.06394237921063262,
        "d": -0.3514222354757661,
        "e": -0.6239408887238354,
        "f": -0.5452795646510605,
        "color": 0.5686950549136959,
        "weight": 0.40534914551709966,
        "variations": {
          "heart": 0.5060860013767816,
          "sinusoidal": 0.9288439074441484
        }
      }
    ],
    "num_points": 1312976,
    "gamma": 1.8665116459522764,
    "brightness": 1.2,
    "hue_rotation": 293.92981571970313
  }
}