{
  "seed": "c45c2de0-d4f9-4325-a5ff-36f54c0cfe2e",
  "params": {
    "transforms": [
      {
        "a": 0.9048204335549286,
        "b": 0.9419997268220932,
        "c": 0.6055494366538892,
        "d": 0.01179774083849261,
        "e": 0.35794936560278945,
        "f": -1.041096333945005,
        "color": 0.9963815487866444,
        "weight": 0.6916408772258397,
        "variations": {
          "polar": 0.026033579255514305,
          "heart": 0.42665587378564596,
          "spherical": 0.15228676942130692
        }
      },
      {
        "a": -0.3030949912317771,
        "b": -0.13128706081501074,
        "c": 0.01410222963254304,
        "d": 0.04462776601498808,
        "e": 1.2958086249577705,
        "f": 0.8597461966982474,
        "color": 0.7432214554438971,
        "weight": 0.5158010090192453,
        "variations": {
          "swirl": 0.9874808552923213,
          "linear": 0.012309844337793363
        }
      },
      {
        "a": -0.2561436489883353,
        "b": 0.10297943584539282,
        "c": 0.565256338575777,
        "d": -0.9903834410813552,
        "e": 1.042672950907149,
        "f": 1.1338562735418671,
        "color": 0.5507260123899447,
        "weight": 0.4662494722643534,
        "variations": {
          "spherical": 0.2476521597654685
        }
      }
    ],
    "num_points": 2632114,
    "gamma": 2.1722404410308207,
    "brightness": 1.2,
    "hue_rotation": 304.1694477262222
  }
}