{
  "seed": "8e7e6c55-1db0-4859-8cdc-4e5ede70a927",
  "params": {
    "transforms": [
      {
        "a": 0.3619123867905001,
        "b": -0.9570253868895069,
        "c": -0.7256802654888139,
        "d": 0.3365700500795863,
        "e": 0.5529975386350601,
        "f": 1.1341232198480125,
        "color": 0.06163023055878414,
        "weight": 0.6904683639909115,
        "variations": {
          "polar": 0.677663081489194,
          "sinusoidal": 0.0001373275788003614
        }
      },
      {
        "a": 0.9071013342477177,
        "b": 0.13697179140035498,
        "c": -0.6476600718363912,
        "d": 0.15677887091814902,
        "e": -0.5906531510174962,
        "f": -1.2345941383340002,
        "color": 0.21566223685477037,
        "weight": 0.17942285491676263,
        "variations": {
          "spherical": 0.5136740681654812,
          "sinusoidal": 0.6351842173261559,
          "heart": 0.4931840076176427
        }
      },
      {
        "a": 0.03960985897405034,
        "b": 0.8700025085924354,
        "c": 0.3614738499601253,
        "d": 0.4054916201606893,
        "e": 0.5224763918433739,
        "f": -0.393477302816011,
        "color": 0.9234651949097941,
        "weight": 0.7686996398706867,
        "variations": {
          "linear": 0.20029307915498562
        }
      },
      {
        "a": -0.790035694603868,
        "b": -0.28562700595010204,
        "c": -0.41702117238683467,
        "d": 0.2170440180656723,
        "e": -0.6922055760465695,
        "f": 1.4450381838145532,
        "color": 0.8308715819675809,
        "weight": 0.5440230474351536,
        "variations": {
          "linear": 0.5609099919595419,
          "polar": 0.7225146571823748
        }
      }
    ],
    "num_points": 2705186,
    "gamma": 2.496670518477247,
    "brightness": 1.2,
    "hue_rotation": 219.7971410616914
  }
}