{
  "seed": "7910c7c1-fcac-454b-be39-0459345a5031",
  "params": {
    "transforms": [
      {
        "a": -0.7473104203371128,
        "b": -0.3461135588299906,
        "c": -0.7680495995959689,
        "d": 0.117966859966814,
        "e": -0.883530652036392,
        "f": -0.6377666042783843,
        "color": 0.5372406021199841,
        "weight": 0.7327024572624435,
        "variations": {
          "linear": 0.5349199444584589
        }
      },
      {
        "a": 0.23750176859699557,
        "b": 0.8219120685588008,
        "c": -0.4816105321752111,
        "d": -0.09138373986715376,
        "e": 1.2963365150659878,
        "f": 0.09710553833306279,
        "color": 0.40529684722597037,
        "weight": 0.28681841123211427,
        "variations": {
          "heart": 0.1427685811611854
        }
      },
      {
        "a": -0.9392568828417969,
        "b": 0.5880927051388076,
        "c": 0.7038273086361437,
        "d": -0.3912358690430109,
        "e": 0.2827589414476712,
        "f": -1.2973510262909094,
        "color": 0.8276162629843711,
        "weight": 0.2919524932132408,
        "variations": {
          "polar": 0.9109210311961935,
          "swirl": 0.2737229340180948,
          "sinusoidal": 0.9271672972050532
        }
      }
    ],
    "num_points": 2872736,
    "gamma": 2.327790305274206,
    "brightness": 1.2,
    "hue_rotation": 329.77501303536553
  }
}