{
  "seed": "0ee2ca28-0a7f-4119-a1ea-20e1670b76c2",
  "params": {
    "transforms": [
      {
        "a": -0.8930429155004702,
        "b": 0.7190100134305288,
        "c": -0.5741598661284681,
        "d": 0.5988229068165982,
        "e": -0.5982432732944182,
        "f": -1.0223652350530186,
        "color": 0.4855755283644151,
        "weight": 0.9699367651832674,
        "variations": {
          "linear": 0.05111309656262797,
          "heart": 0.6028343408944934,
          "polar": 0.8806840166427624
        }
      },
      {
        "a": -0.7612263179170349,
        "b": -0.871999875764353,
        "c": -0.1622096282188612,
        "d": 0.4185668972665637,
        "e": 0.5248646990166104,
        "f": 0.4651246467609478,
        "color": 0.24299258170231974,
        "weight": 0.7166100726322355,
        "variations": {
          "polar": 0.5035142430264683,
          "spherical": 0.3102084535591868,
          "heart": 0.32062241867561947
        }
      },
      {
        "a": 0.44996377007123445,
        "b": 0.7782675312556759,
        "c": -0.9442147080219014,
        "d": 0.8952507673998815,
        "e": -1.3228956507990022,
        "f": -1.0559611523972163,
        "color": 0.34475268994339725,
        "weight": 0.7629925517056558,
        "variations": {
          "polar": 0.2590873240063438
        }
      },
      {
        "a": -0.2888072200166609,
        "b": -0.6130286906109048,
        "c": 0.9043039686339318,
        "d": 0.020114046734280855,
        "e": -0.5695278146770741,
        "f": -0.7619962220726973,
        "color": 0.36956135730141115,
        "weight": 0.3872184151862018,
        "variations": {
          "sinusoidal": 0.6144266462484247
        }
      }
    ],
    "num_points": 1030663,
    "gamma": 2.1050438472137962,
    "brightness": 1.2,
    "hue_rotation": 181.3146525999405
  }
}