{
  "seed": "911a37ed-b40a-4e20-8d78-fc81f222a532",
  "params": {
    "transforms": [
      {
        "a": 0.005023056489671607,
        "b": 0.9759012951821486,
        "c": 0.743547277364992,
        "d": 0.5637482434256416,
        "e": -1.2863252883128857,
        "f": -1.1417846169626302,
        "color": 0.44206278958531875,
        "weight": 0.11221207792000222,
        "variations": {
          "polar": 0.7553794664985061,
          "sinusoidal": 0.9488138344706533
        }
      },
      {
        "a": 0.6005762223387059,
        "b": 0.3281644552243941,
        "c": -0.4082800356988392,
        "d": -0.5374049072593228,
        "e": -1.254965017526443,
        "f": 1.385765960867043,
        "color": 0.36297059912614826,
        "weight": 0.5642431867606951,
        "variations": {
          "linear": 0.6627026205087404
        }
      },
      {
        "a": -0.9778256053991514,
        "b": -0.6988878689567504,
        "c": -0.8966753736653128,
        "d": 0.6857135861789201,
        "e": 0.7044404850753341,
        "f": -1.2001486073483516,
        "color": 0.029637806469509198,
        "weight": 0.8064254489692982,
        "variations": {
          "swirl": 0.5492154604537894
        }
      },
      {
        "a": 0.7744489534583503,
        "b": -0.7323941020633606,
        "c": 0.6773855922671304,
        "d": 0.10273374045916306,
        "e": -0.3355838117107586,
        "f": 0.5492237153514878,
        "color": 0.325368430410652,
        "weight": 0.20991810342709855,
        "variations": {
          "heart": 0.6371560796583845
        }
      }
    ],
    "num_points": 2484659,
    "gamma": 1.8398420768207522,
    "brightness": 1.2,
    "hue_rotation": 322.37356641376846
  }
}