{
  "seed": "0da76dfc-b974-4e07-8f94-8c4182de60aa",
  "params": {
    "transforms": [
      {
        "a": -0.1665178830895795,
        "b": 0.1315715975810836,
        "c": 0.8590451561665096,
        "d": 0.4006279968560331,
        "e": -0.3873878925978147,
        "f": -0.8137909019392678,
        "color": 0.008579050070897432,
        "weight": 0.37232943738480395,
        "variations": {
          "sinusoidal": 0.915490977289118,
          "swirl": 0.6371649647709071,
          "spherical": 0.5947600408834434
        }
      },
      {
        "a": 0.2523705377511496,
        "b": 0.07434017447281915,
        "c": 0.2492192452706936,
        "d": 0.1356694710110775,
        "e": -0.16308885515161098,
        "f": 1.369640282179125,
        "color": 0.713503111243562,
        "weight": 0.42964425707823783,
        "variations": {
          "polar": 0.12843643739360067,
          "swirl": 0.593668242473175,
          "spherical": 0.47778767052757865
        }
      },
      {
        "a": -0.7478956874001468,
        "b": 0.4803391120439606,
        "c": 0.5600911573516294,
        "d": 0.9062552206954608,
        "e": 1.490413302314196,
        "f": -1.1694971607622517,
        "color": 0.8018061812985064,
        "weight": 0.8643343696534945,
        "variations": {
          "polar": 0.06088770410652655,
          "heart": 0.9299150874559674,
          "linear": 0.3617774924777112
        }
      },
      {
        "a": -0.7199555858591553,
        "b": 0.6138249596576748,
        "c": 0.3591005580527027,
        "d": 0.1732188080605208,
        "e": -1.4190610357882583,
        "f": 1.022021421371106,
        "color": 0.6124555372966957,
        "weight": 0.8826946943491109,
        "variations": {
          "polar": 0.41573778697394004
        }
      }
    ],
    "num_points": 1931449,
    "gamma": 2.1066053120930617,
    "brightness": 1.2,
    "hue_rotation": 289.6478450747913
  }
}