{
  "seed": "d6cf536e-3cee-4b17-b0ca-e4df100c50d5",
  "params": {
    "transforms": [
      {
        "a": 0.22350267811021496,
        "b": 0.6772594875937712,
        "c": -0.3122025756586604,
        "d": 0.2868650499213221,
        "e": -0.37028271897178744,
        "f": -1.0261350255682302,
        "color": 0.6448902582873806,
        "weight": 0.16673961597977197,
        "variations": {
          "heart": 0.0874048213152877
        }
      },
      {
        "a": 0.9102500551032262,
        "b": -0.2183907700589962,
        "c": -0.24376923741145884,
        "d": 0.07135206924398774,
        "e": 1.0793453648433835,
        "f": -0.3868205083616776,
        "color": 0.6497125119117027,
        "weight": 0.722417753023004,
        "variations": {
          "heart": 0.9765936334751976,
          "spherical": 0.4635420794516556,
          "linear": 0.848358133985028
        }
      },
      {
        "a": -0.40307177290276774,
        "b": 0.8200103551524873,
        "c": 0.9885754275854541,
        "d": -0.4710068806131249,
        "e": -1.0173433471303786,
        "f": -0.4428940250485378,
        "color": 0.29249659416040275,
        "weight": 0.7332357543082076,
        "variations": {
          "swirl": 0.9588757943036746,
          "heart": 0.5067051393421527,
          "sinusoidal": 0.34236265169965474
        }
      },
      {
        "a": 0.1581220251452311,
        "b": 0.1923086624067154,
        "c": -0.8656924370172292,
        "d": 0.35145698866269015,
        "e": -0.4779115277174246,
        "f": -0.9683747809097435,
        "color": 0.22415016382897834,
        "weight": 0.44140032804679097,
        "variations": {
          "spherical": 0.26579056600218587,
          "sinusoidal": 0.08077278678180655,
          "linear": 0.6921270676599328
        }
      }
    ],
    "num_points": 1435750,
    "gamma": 2.4872553844331753,
    "brightness": 1.2,
    "hue_rotation": 100.86302780519961
  }
}