{
  "seed": "abc24951-78c1-4d66-952a-44e68c6df938",
  "params": {
    "transforms": [
      {
        "a": 0.7419490588982851,
        "b": -0.8356619119067108,
        "c": -0.8778290983549619,
        "d": -0.12152683204130788,
        "e": -0.36888372906800826,
        "f": -0.49454647892229886,
        "color": 0.4656342331186566,
        "weight": 0.3194487005153918,
        "variations": {
          "swirl": 0.639780228513122
        }
      },
      {
        "a": -0.38287058796571927,
        "b": 0.1671738418166715,
        "c": 0.3645390996946214,
        "d": 0.5133125799449951,
        "e": -0.5605095811387756,
        "f": 0.2742807805934979,
        "color": 0.5141756164126183,
        "weight": 0.5369177301745042,
        "variations": {
          "swirl": 0.6698736728857757,
          "heart": 0.49014048798838084,
          "spherical": 0.9943839642733994
        }
      },
      {
        "a": 0.9962715732818934,
        "b": 0.410259683054246,
        "c": 0.5863844921011714,
        "d": -0.9613927393112676,
        "e": 0.7323796430810776,
        "f": 0.5465785993471575,
        "color": 0.8747987096570269,
        "weight": 0.22687908869041878,
        "variations": {
          "linear": 0.1534663547252353,
          "sinusoidal": 0.5990142748094169
        }
      }
    ],
    "num_points": 1073568,
    "gamma": 2.286893523555162,
    "brightness": 1.2,
    "hue_rotation": 173.07659865575872
  }
}