{
  "seed": "50b7ce21-85cd-4be9-a1ad-fb0eae495834",
  "params": {
    "transforms": [
      {
        "a": -0.3726916402932643,
        "b": -0.45883515994808777,
        "c": -0.3310763578981919,
        "d": 0.9160389945748024,
        "e": -0.3445839462618929,
        "f": 1.3635327056938134,
        "color": 0.7426648245912967,
        "weight": 0.19171996988462917,
        "variations": {
          "spherical": 0.9355888976062582,
          "polar": 0.07483943052688535
        }
      },
      {
        "a": -0.49023460657076257,
        "b": -0.07019206051788163,
        "c": -0.8436171393764837,
        "d": 0.36160403077205094,
        "e": -0.8389070152481439,
        "f": -1.1444021061379996,
        "color": 0.34837665082392644,
        "weight": 0.12720710815074923,
        "variations": {
          "polar": 0.5567924907253495,
          "linear": 0.008944804723473254
        }
      },
      {
        "a": -0.7763506021135198,
        "b": -0.5386396505863615,
        "c": 0.4934467319919964,
        "d": -0.32883222065328077,
        "e": 0.44076130667582003,
        "f": 0.06590022118602623,
        "color": 0.8188207159901979,
        "weight": 0.6972836544348622,
        "variations": {
          "sinusoidal": 0.16580448771528666,
          "spherical": 0.6071606211425151
        }
      }
    ],
    "num_points": 2255787,
    "gamma": 1.8538142808751554,
    "brightness": 1.2,
    "hue_rotation": 175.9128248363437
  }
}