{
  "seed": "113be646-3d48-41c4-af8a-5bb145fed643",
  "params": {
    "transforms": [
      {
        "a": 0.6110910137194403,
        "b": 0.4980495864413361,
        "c": -0.7361615352020274,
        "d": 0.45177939296650194,
        "e": -0.39153818854739986,
        "f": -1.3778201497263642,
        "color": 0.6911014251023266,
        "weight": 0.5730063772006382,
        "variations": {
          "sinusoidal": 0.23112961825793144,
          "polar": 0.7976448876527753,
          "swirl": 0.9400556196841169
        }
      },
      {
        "a": 0.5935987231149056,
        "b": -0.008807354941841483,
        "c": -0.23917228206034036,
        "d": 0.060027014491112585,
        "e": -1.197292328387231,
        "f": -0.042847401465489376,
        "color": 0.7671654193899791,
        "weight": 0.6803074366043197,
        "variations": {
          "polar": 0.047107869029036076,
          "linear": 0.7301541567577656
        }
      },
      {
        "a": 0.1212416560783669,
        "b": 0.10345419052149207,
        "c": -0.9147807039235512,
        "d": -0.6931596073535826,
        "e": -0.7584287002442542,
        "f": 0.4413178218699392,
        "color": 0.9271711971014397,
        "weight": 0.1614429879328203,
        "variations": {
          "swirl": 0.447481741136156
        }
      }
    ],
    "num_points": 1957883,
    "gamma": 2.3065260330763504,
    "brightness": 1.2,
    "hue_rotation": 310.6558295893042
  }
}