{
  "seed": "a5b84b92-9f65-4c1e-b1cf-bfe3899c4e94",
  "params": {
    "transforms": [
      {
        "a": -0.3209055613423426,
        "b": -0.7616342737622486,
        "c": 0.06256187818815695,
        "d": -0.3947649221960843,
        "e": 0.4928069539790003,
        "f": -0.07036600878360066,
        "color": 0.4422309995458894,
        "weight": 0.7022776511267389,
        "variations": {
          "heart": 0.5879112074645136,
          "polar": 0.8215991502076304,
          "linear": 0.948688125573191
        }
      },
      {
        "a": 0.4175118360135348,
        "b": -0.40772953758592556,
        "c": 0.5111958922271653,
        "d": 0.14714084027703977,
        "e": 1.0130265530811426,
        "f": 0.7939078606939098,
        "color": 0.5409927408768469,
        "weight": 0.46130881327956585,
        "variations": {
          "swirl": 0.862562663438657
        }
      },
      {
        "a": 0.6449948871078197,
        "b": -0.9630646858510685,
        "c": 0.603024754988287,
        "d": 0.5945977624638721,
        "e": -1.093554259463053,
        "f": -0.4464578128934913,
        "color": 0.37659860968670666,
        "weight": 0.4571033733433367,
        "variations": {
          "spherical": 0.22416687220098874,
          "polar": 0.9681848329857149,
          "heart": 0.3673712327574986
        }
      }
    ],
    "num_points": 1823994,
    "gamma": 2.457339371883875,
    "brightness": 1.2,
    "hue_rotation": 248.64860567127522
  }
}