{
  "seed": "08121953-bf76-43ce-8cbf-dff94cd77f60",
  "params": {
    "transforms": [
      {
        "a": -0.8289699715064465,
        "b": 0.5658644772889405,
        "c": 0.9579579086526502,
        "d": -0.676548280109968,
        "e": 1.3776757542617721,
        "f": -1.4736324020300389,
        "color": 0.006897697919141632,
        "weight": 0.5746942489848688,
        "variations": {
          "spherical": 0.26582485580469095,
          "sinusoidal": 0.7390445893542703
        }
      },
      {
        "a": -0.6457016706648844,
        "b": -0.7989662735053742,
        "c": 0.2573351255563947,
        "d": -0.31912494904525923,
        "e": 0.0194146711746086,
        "f": -0.30016619471758865,
        "color": 0.5013353367797895,
        "weight": 0.9517038553857731,
        "variations": {
          "linear": 0.26768799841231794,
          "spherical": 0.5411947628503293
        }
      },
      {
        "a": -0.8500854826161175,
        "b": 0.544369676619501,
        "c": 0.3098005004351847,
        "d": -0.7166215918116692,
        "e": 0.7618252692111254,
        "f": 0.19009649772479387,
        "color": 0.5334602152774093,
        "weight": 0.1344699144278961,
        "variations": {
          "polar": 0.8959810342541923,
          "sinusoidal": 0.4267492514313499,
          "heart": 0.29931394004326717
        }
      },
      {
        "a": 0.6118363981042558,
        "b": 0.6675491601750947,
        "c": 0.1915550313131491,
        "d": -0.05089090953099151,
        "e": -1.3969655892867618,
        "f": 1.351096374979254,
        "color": 0.21296560809217424,
        "weight": 0.28608622299560105,
        "variations": {
          "swirl": 0.7674766314308225,
          "polar": 0.40111155207973914,
          "spherical": 0.9940586945043961
        }
      }
    ],
    "num_points": 2549946,
    "gamma": 2.1977629369492084,
    "brightness": 1.2,
    "hue_rotation": 153.50438071475477
  }
}