{
  "seed": "5aa98f87-6138-49ca-bd30-7b5ab7a2fec9",
  "params": {
    "transforms": [
      {
        "a": -0.24947720061989287,
        "b": -0.2037538403964494,
        "c": 0.9339647943737455,
        "d": -0.17091491277477444,
        "e": -0.5190654509995732,
        "f": 0.9782690169428476,
        "color": 0.45188446407955596,
        "weight": 0.8825315612576179,
        "variations": {
          "heart": 0.2682862316261595,
          "swirl": 0.22171634625826953
        }
      },
      {
        "a": -0.7023718722434698,
        "b": -0.9266952738171841,
        "c": -0.9711932887914179,
        "d": 0.2218607035438167,
        "e": 0.1244640591811339,
        "f": -0.8776728454917683,
        "color": 0.6643596400234671,
        "weight": 0.24321087930060428,
        "variations": {
          "polar": 0.32829421563546124,
          "linear": 0.3866899584456095
        }
      },
      {
        "a": 0.5066761460848117,
        "b": 0.14091482497791064,
        "c": -0.2212698537147484,
        "d": 0.6071633003102355,
        "e": 0.07813896467847625,
        "f": 0.03604211756800213,
        "color": 0.688543791649062,
        "weight": 0.794778698450245,
        "variations": {
          "swirl": 0.3981308313286547,
          "linear": 0.37231880490070235
        }
      }
    ],
    "num_points": 1734946,
    "gamma": 2.1734898476646274,
    "brightness": 1.2,
    "hue_rotation": 237.08861108211428
  }
}