{
  "seed": "eea08ea5-a978-4b38-9a9a-025a023a9180",
  "params": {
    "transforms": [
      {
        "a": -0.1465166417914623,
        "b": 0.3581388941835606,
        "c": 0.17039756501083136,
        "d": 0.11770520125433737,
        "e": -0.3113024880600248,
        "f": 0.3796407472922032,
        "color": 0.0718104913590748,
        "weight": 0.2818742973782234,
        "variations": {
          "heart": 0.4758013107049499,
          "spherical": 0.556333330562149,
          "polar": 0.2790754937913251
        }
      },
      {
        "a": -0.5232056087399117,
        "b": 0.8115286481590531,
        "c": 0.15629412302732915,
        "d": -0.8319457209820416,
        "e": -0.529632512770729,
        "f": -0.837794677324895,
        "color": 0.29345549949891714,
        "weight": 0.5730561715981201,
        "variations": {
          "swirl": 0.949986121523114,
          "polar": 0.8352824805427237,
          "linear": 0.7409213663134518
        }
      },
      {
        "a": -0.7694311298469996,
        "b": -0.4017105458650274,
        "c": -0.662761117695718,
        "d": -0.8443401730005684,
        "e": -0.9364020919590614,
        "f": -1.4284344350019595,
        "color": 0.3409912660558947,
        "weight": 0.21890908074730198,
        "variations": {
          "sinusoidal": 0.26197365210652135,
          "linear": 0.08080312692418667,
          "spherical": 0.05572758245980303
        }
      },
      {
        "a": -0.994865864334245,
        "b": -0.17450826832764466,
        "c": -0.8530335170168619,
        "d": -0.6092774889369406,
        "e": 0.38921482999651924,
        "f": 1.305743449087044,
        "color": 0.9139437763449039,
        "weight": 0.3854796477459902,
        "variations": {
          "heart": 0.766257658172582
        }
      }
    ],
    "num_points": 1645812,
    "gamma": 2.3139632311822487,
    "brightness": 1.2,
    "hue_rotation": 341.0174081470643
  }
}