{
  "seed": "2b1a48cb-0b02-43c5-bb74-e3c162f6d345",
  "params": {
    "transforms": [
      {
        "a": 0.25781297585031804,
        "b": -0.4929175712710421,
        "c": 0.03802761454592862,
        "d": -0.4118502544661733,
        "e": 0.7285166151888105,
        "f": -0.4979391843615453,
        "color": 0.628810975454706,
        "weight": 0.5477055171072769,
        "variations": {
          "spherical": 0.4848249812800576,
          "heart": 0.8094329204687573,
          "sinusoidal": 0.36516481050411254
        }
      },
      {
        "a": -0.6452481028811163,
        "b": 0.4132186961253763,
        "c": 0.8501617436490823,
        "d": 0.3339654533721301,
        "e": -0.9581243534698018,
        "f": -1.1118094166441679,
        "color": 0.08010680419618543,
        "weight": 0.6202401638132857,
        "variations": {
          "heart": 0.7889389356730688,
          "sinusoidal": 0.11076688057637585,
          "spherical": 0.2472802291688765
        }
      },
      {
        "a": -0.8013654159847281,
        "b": -0.06847038399547123,
        "c": -0.7229744907884221,
        "d": 0.40221630048260315,
        "e": -1.2224862107851284,
        "f": -0.7211336221544168,
        "color": 0.3643292674700801,
        "weight": 0.25207371158212166,
        "variations": {
          "polar": 0.1820657143966773,
          "linear": 0.18284782736287886,
          "sinusoidal": 0.6473465318458019
        }
      }
    ],
    "num_points": 2004662,
    "gamma": 1.807307570230643,
    "brightness": 1.2,
    "hue_rotation": 165.83624680633534
  }
}